dir_index	sub_index	name	offset	lba	size	sectors	type	signature	entropy	zero_sectors	jpsxdec_tims	text_lines	text_lines_only_here	notes
2		\_DATA	0x0	1046	18432	9	iso-directory-placeholder	iso-directory-placeholder	-0.00	9	0	0	0	
3		\_DATA\BO00.BIN	0x4800	1055	50772	25	pack	pack[4]{TIM pack[8]{unknownx8} unknownx2}	5.14	0	1	0	0	
4		\_DATA\BO01.BIN	0x11000	1080	2980	2	pack	pack[4]{TIM pack[3]{unknownx3} unknownx2}	4.65	0	1	0	0	
5		\_DATA\BO12.BIN	0x12000	1082	46668	23	pack	pack[4]{TIM pack[8]{unknownx8} unknownx2}	5.52	0	1	0	0	
6		\_DATA\BOKU_XA.XCH	0x1d800	1105	580	1	unknown	unknown	3.90	0	0	0	0	
7		\_DATA\BOX.BIN	0x1e000	1106	30708	15	pack	pack[4]{TIM pack[1]{unknown} unknownx2}	2.67	0	1	0	0	
8		\_DATA\BUMPER.OVL	0x25800	1121	2000	1	code overlay	code	5.43	0	0	0	0	
9		\_DATA\DAMMY2.BIN	0x26000	1122	576	1	TIM	TIM	5.02	0	1	1	0	
10		\_DATA\DAMMY3.BIN	0x26800	1123	576	1	TIM	TIM	5.02	0	1	1	0	
11		\_DATA\DEMO_00.KEY	0x27000	1124	7476	4	unknown	unknown	0.81	0	0	0	0	
12		\_DATA\DEMO_01.KEY	0x29000	1128	7476	4	unknown	unknown	0.89	0	0	0	0	
13		\_DATA\DEMO_02.KEY	0x2b000	1132	7476	4	unknown	unknown	0.82	0	0	0	0	
14		\_DATA\DEMO_03.KEY	0x2d000	1136	7476	4	unknown	unknown	0.93	0	0	0	0	
15		\_DATA\DEMO_04.KEY	0x2f000	1140	7476	4	unknown	unknown	0.47	1	0	0	0	zero sector in /:unknown
16		\_DATA\DOPA1.BIN	0x31000	1144	77964	39	pack	pack[2]{TIM unknown}	6.80	0	1	0	0	
17		\_DATA\DOPA2.BIN	0x44800	1183	78536	39	pack	pack[2]{TIM unknown}	7.07	0	1	0	0	
18		\_DATA\DOPA3.BIN	0x58000	1222	78596	39	pack	pack[2]{TIM unknown}	6.78	0	1	0	0	
19		\_DATA\DOPA4.BIN	0x6b800	1261	79252	39	pack	pack[2]{TIM unknown}	6.58	0	1	0	0	
20		\_DATA\DOPA5.BIN	0x7f000	1300	78644	39	pack	pack[2]{TIM unknown}	6.15	0	1	0	0	
21		\_DATA\DOPA6.BIN	0x92800	1339	79560	39	pack	pack[2]{TIM unknown}	6.51	0	1	0	0	
22		\_DATA\DOPN1.BIN	0xa6000	1378	77976	39	pack	pack[2]{TIM unknown}	6.56	0	1	0	0	
23		\_DATA\DOPN2.BIN	0xb9800	1417	67052	33	pack	pack[2]{TIM unknown}	6.81	0	1	0	0	
24		\_DATA\DOPN3.BIN	0xca000	1450	78584	39	pack	pack[2]{TIM unknown}	6.37	0	1	0	0	
25		\_DATA\DOPN4.BIN	0xdd800	1489	79132	39	pack	pack[2]{TIM unknown}	5.15	0	1	0	0	
26		\_DATA\DOPN5.BIN	0xf1000	1528	79156	39	pack	pack[2]{TIM unknown}	5.73	0	1	0	0	
27		\_DATA\DOPN6.BIN	0x104800	1567	78500	39	pack	pack[2]{TIM unknown}	5.51	0	1	0	0	
28		\_DATA\ENDOTI.OVL	0x118000	1606	1832	1	code overlay	code	5.41	0	0	0	0	
29	0	\_DATA\EV.BIN\EV0006.BIN	0x118800	1607	456	1	event script (offset table)	offtab[7]	4.46	0	0	2	0	
29	1	\_DATA\EV.BIN\EV0010.BIN	0x119000	1608	764	1	event script (offset table)	offtab[7]	4.31	0	0	2	0	
29	2	\_DATA\EV.BIN\EV0104.BIN	0x119800	1609	1260	1	event script (offset table)	offtab[15]	4.51	0	0	6	5	
29	3	\_DATA\EV.BIN\EV0112.BIN	0x11a000	1610	928	1	event script (offset table)	offtab[15]	4.40	0	0	5	5	
29	4	\_DATA\EV.BIN\EV0113.BIN	0x11a800	1611	1280	1	event script (offset table)	offtab[19]	4.53	0	0	8	8	
29	5	\_DATA\EV.BIN\EV0122.BIN	0x11b000	1612	436	1	event script (offset table)	offtab[5]	4.22	0	0	1	0	
29	6	\_DATA\EV.BIN\EV0140.BIN	0x11b800	1613	1156	1	event script (offset table)	offtab[27]	4.44	0	0	11	9	
29	7	\_DATA\EV.BIN\EV0141.BIN	0x11c000	1614	448	1	event script (offset table)	offtab[11]	4.25	0	0	4	3	
29	8	\_DATA\EV.BIN\EV0202.BIN	0x11c800	1615	1640	1	event script (offset table)	offtab[21]	4.65	0	0	7	5	
29	9	\_DATA\EV.BIN\EV0204.BIN	0x11d000	1616	1192	1	event script (offset table)	offtab[13]	4.61	0	0	5	3	
29	10	\_DATA\EV.BIN\EV0210.BIN	0x11d800	1617	1624	1	event script (offset table)	offtab[19]	4.62	0	0	8	8	
29	11	\_DATA\EV.BIN\EV0212.BIN	0x11e000	1618	564	1	event script (offset table)	offtab[7]	4.42	0	0	2	2	
29	12	\_DATA\EV.BIN\EV0213.BIN	0x11e800	1619	1104	1	event script (offset table)	offtab[19]	4.57	0	0	8	8	
29	13	\_DATA\EV.BIN\EV0220.BIN	0x11f000	1620	1600	1	event script (offset table)	offtab[23]	4.65	0	0	10	0	
29	14	\_DATA\EV.BIN\EV0240.BIN	0x11f800	1621	652	1	event script (offset table)	offtab[17]	4.16	0	0	5	4	
29	15	\_DATA\EV.BIN\EV0241.BIN	0x120000	1622	580	1	event script (offset table)	offtab[11]	4.33	0	0	4	4	
29	16	\_DATA\EV.BIN\EV0302.BIN	0x120800	1623	1524	1	event script (offset table)	offtab[19]	4.62	0	0	7	4	
29	17	\_DATA\EV.BIN\EV0304.BIN	0x121000	1624	668	1	event script (offset table)	offtab[7]	4.22	0	0	2	0	
29	18	\_DATA\EV.BIN\EV0312.BIN	0x121800	1625	528	1	event script (offset table)	offtab[7]	4.41	0	0	2	2	
29	19	\_DATA\EV.BIN\EV0313.BIN	0x122000	1626	488	1	event script (offset table)	offtab[11]	4.21	0	0	3	3	
29	20	\_DATA\EV.BIN\EV0332.BIN	0x122800	1627	1216	1	event script (offset table)	offtab[19]	4.64	0	0	8	0	
29	21	\_DATA\EV.BIN\EV0341.BIN	0x123000	1628	808	1	event script (offset table)	offtab[19]	4.37	0	0	8	5	
29	22	\_DATA\EV.BIN\EV0402.BIN	0x123800	1629	1936	1	event script (offset table)	offtab[31]	4.71	0	0	14	12	
29	23	\_DATA\EV.BIN\EV0404.BIN	0x124000	1630	1428	1	event script (offset table)	offtab[21]	4.55	0	0	7	3	
29	24	\_DATA\EV.BIN\EV0410.BIN	0x124800	1631	352	1	event script (offset table)	offtab[7]	4.15	0	0	2	2	
29	25	\_DATA\EV.BIN\EV0412.BIN	0x125000	1632	836	1	event script (offset table)	offtab[7]	4.51	0	0	2	0	
29	26	\_DATA\EV.BIN\EV0433.BIN	0x125800	1633	468	1	event script (offset table)	offtab[7]	4.31	0	0	2	0	
29	27	\_DATA\EV.BIN\EV0441.BIN	0x126000	1634	596	1	event script (offset table)	offtab[9]	4.36	0	0	3	3	
29	28	\_DATA\EV.BIN\EV0446.BIN	0x126800	1635	236	1	event script (offset table)	offtab[5]	3.98	0	0	1	0	
29	29	\_DATA\EV.BIN\EV0502.BIN	0x127000	1636	1684	1	event script (offset table)	offtab[19]	4.77	0	0	8	5	
29	30	\_DATA\EV.BIN\EV0504.BIN	0x127800	1637	1248	1	event script (offset table)	offtab[17]	4.65	0	0	6	4	
29	31	\_DATA\EV.BIN\EV0510.BIN	0x128000	1638	908	1	event script (offset table)	offtab[15]	4.46	0	0	6	6	
29	32	\_DATA\EV.BIN\EV0512.BIN	0x128800	1639	572	1	event script (offset table)	offtab[9]	4.34	0	0	3	3	
29	33	\_DATA\EV.BIN\EV0520.BIN	0x129000	1640	1652	1	event script (offset table)	offtab[27]	4.52	0	0	12	0	
29	34	\_DATA\EV.BIN\EV0540.BIN	0x129800	1641	824	1	event script (offset table)	offtab[11]	4.55	0	0	4	4	
29	35	\_DATA\EV.BIN\EV0541.BIN	0x12a000	1642	952	1	event script (offset table)	offtab[19]	4.59	0	0	8	8	
29	36	\_DATA\EV.BIN\EV0604.BIN	0x12a800	1643	1908	1	event script (offset table)	offtab[21]	4.73	0	0	9	7	
29	37	\_DATA\EV.BIN\EV0612.BIN	0x12b000	1644	692	1	event script (offset table)	offtab[9]	4.37	0	0	3	3	
29	38	\_DATA\EV.BIN\EV0620.BIN	0x12b800	1645	1924	1	event script (offset table)	offtab[33]	4.64	0	0	15	0	
29	39	\_DATA\EV.BIN\EV0640.BIN	0x12c000	1646	864	1	event script (offset table)	offtab[23]	4.46	0	0	10	7	
29	40	\_DATA\EV.BIN\EV0641.BIN	0x12c800	1647	516	1	event script (offset table)	offtab[11]	4.35	0	0	4	4	
29	41	\_DATA\EV.BIN\EV0650.BIN	0x12d000	1648	2116	2	event script (offset table)	offtab[41]	4.74	0	0	17	16	
29	42	\_DATA\EV.BIN\EV0651.BIN	0x12e000	1650	1320	1	event script (offset table)	offtab[25]	4.58	0	0	11	11	
29	43	\_DATA\EV.BIN\EV0652.BIN	0x12e800	1651	1372	1	event script (offset table)	offtab[25]	4.64	0	0	11	8	
29	44	\_DATA\EV.BIN\EV0653.BIN	0x12f000	1652	664	1	event script (offset table)	offtab[11]	4.31	0	0	4	4	
29	45	\_DATA\EV.BIN\EV0701.BIN	0x12f800	1653	1536	1	event script (offset table)	offtab[21]	4.70	0	0	9	0	
29	46	\_DATA\EV.BIN\EV0704.BIN	0x130000	1654	1028	1	event script (offset table)	offtab[11]	4.43	0	0	4	0	
29	47	\_DATA\EV.BIN\EV0705.BIN	0x130800	1655	1404	1	event script (offset table)	offtab[15]	4.62	0	0	6	4	
29	48	\_DATA\EV.BIN\EV0712.BIN	0x131000	1656	840	1	event script (offset table)	offtab[15]	4.42	0	0	5	5	
29	49	\_DATA\EV.BIN\EV0720.BIN	0x131800	1657	960	1	event script (offset table)	offtab[15]	4.60	0	0	6	0	
29	50	\_DATA\EV.BIN\EV0740.BIN	0x132000	1658	656	1	event script (offset table)	offtab[11]	4.41	0	0	4	4	
29	51	\_DATA\EV.BIN\EV0741.BIN	0x132800	1659	412	1	event script (offset table)	offtab[9]	4.32	0	0	3	3	
29	52	\_DATA\EV.BIN\EV0750.BIN	0x133000	1660	408	1	event script (offset table)	offtab[7]	4.18	0	0	2	2	
29	53	\_DATA\EV.BIN\EV0751.BIN	0x133800	1661	1328	1	event script (offset table)	offtab[9]	4.63	0	0	3	0	
29	54	\_DATA\EV.BIN\EV0752.BIN	0x134000	1662	1636	1	event script (offset table)	offtab[11]	4.69	0	0	4	0	
29	55	\_DATA\EV.BIN\EV0753.BIN	0x134800	1663	1872	1	event script (offset table)	offtab[13]	4.71	0	0	5	1	
29	56	\_DATA\EV.BIN\EV0761.BIN	0x135000	1664	636	1	event script (offset table)	offtab[9]	4.39	0	0	3	0	
29	57	\_DATA\EV.BIN\EV0762.BIN	0x135800	1665	808	1	event script (offset table)	offtab[11]	4.47	0	0	4	0	
29	58	\_DATA\EV.BIN\EV0763.BIN	0x136000	1666	972	1	event script (offset table)	offtab[13]	4.65	0	0	5	1	
29	59	\_DATA\EV.BIN\EV0771.BIN	0x136800	1667	812	1	event script (offset table)	offtab[9]	4.60	0	0	3	0	
29	60	\_DATA\EV.BIN\EV0772.BIN	0x137000	1668	1052	1	event script (offset table)	offtab[11]	4.70	0	0	4	0	
29	61	\_DATA\EV.BIN\EV0773.BIN	0x137800	1669	1280	1	event script (offset table)	offtab[13]	4.74	0	0	5	1	
29	62	\_DATA\EV.BIN\EV0811.BIN	0x138000	1670	348	1	event script (offset table)	offtab[7]	4.10	0	0	2	1	
29	63	\_DATA\EV.BIN\EV0812.BIN	0x138800	1671	412	1	event script (offset table)	offtab[7]	4.21	0	0	2	2	
29	64	\_DATA\EV.BIN\EV0832.BIN	0x139000	1672	2208	2	event script (offset table)	offtab[23]	4.78	0	0	10	0	
29	65	\_DATA\EV.BIN\EV0841.BIN	0x13a000	1674	304	1	event script (offset table)	offtab[7]	4.06	0	0	2	2	
29	66	\_DATA\EV.BIN\EV0851.BIN	0x13a800	1675	412	1	event script (offset table)	offtab[9]	4.09	0	0	3	2	
29	67	\_DATA\EV.BIN\EV0852.BIN	0x13b000	1676	308	1	event script (offset table)	offtab[5]	4.01	0	0	1	1	
29	68	\_DATA\EV.BIN\EV0853.BIN	0x13b800	1677	296	1	event script (offset table)	offtab[5]	4.08	0	0	1	0	
29	69	\_DATA\EV.BIN\EV0904.BIN	0x13c000	1678	2240	2	event script (offset table)	offtab[27]	4.74	0	0	12	9	
29	70	\_DATA\EV.BIN\EV0910.BIN	0x13d000	1680	256	1	event script (offset table)	offtab[5]	3.87	0	0	1	0	
29	71	\_DATA\EV.BIN\EV0912.BIN	0x13d800	1681	420	1	event script (offset table)	offtab[7]	4.24	0	0	2	2	
29	72	\_DATA\EV.BIN\EV0920.BIN	0x13e000	1682	700	1	event script (offset table)	offtab[9]	4.50	0	0	3	0	
29	73	\_DATA\EV.BIN\EV0941.BIN	0x13e800	1683	496	1	event script (offset table)	offtab[9]	4.33	0	0	3	3	
29	74	\_DATA\EV.BIN\EV0950.BIN	0x13f000	1684	480	1	event script (offset table)	offtab[7]	4.25	0	0	2	2	
29	75	\_DATA\EV.BIN\EV1006.BIN	0x13f800	1685	532	1	event script (offset table)	offtab[11]	3.71	0	0	2	0	
29	76	\_DATA\EV.BIN\EV1010.BIN	0x140000	1686	592	1	event script (offset table)	offtab[9]	4.34	0	0	3	3	
29	77	\_DATA\EV.BIN\EV1012.BIN	0x140800	1687	620	1	event script (offset table)	offtab[11]	4.28	0	0	4	4	
29	78	\_DATA\EV.BIN\EV1013.BIN	0x141000	1688	644	1	event script (offset table)	offtab[15]	4.26	0	0	6	6	
29	79	\_DATA\EV.BIN\EV1040.BIN	0x141800	1689	480	1	event script (offset table)	offtab[9]	4.45	0	0	3	3	
29	80	\_DATA\EV.BIN\EV1041.BIN	0x142000	1690	668	1	event script (offset table)	offtab[13]	4.41	0	0	5	5	
29	81	\_DATA\EV.BIN\EV1050.BIN	0x142800	1691	812	1	event script (offset table)	offtab[9]	4.22	0	0	3	0	
29	82	\_DATA\EV.BIN\EV1051.BIN	0x143000	1692	336	1	event script (offset table)	offtab[5]	4.07	0	0	1	1	
29	83	\_DATA\EV.BIN\EV1052.BIN	0x143800	1693	720	1	event script (offset table)	offtab[15]	4.26	0	0	6	6	
29	84	\_DATA\EV.BIN\EV1053.BIN	0x144000	1694	320	1	event script (offset table)	offtab[5]	4.16	0	0	1	1	
29	85	\_DATA\EV.BIN\EV1102.BIN	0x144800	1695	1076	1	event script (offset table)	offtab[13]	4.56	0	0	5	3	
29	86	\_DATA\EV.BIN\EV1104.BIN	0x145000	1696	1012	1	event script (offset table)	offtab[19]	4.56	0	0	8	5	
29	87	\_DATA\EV.BIN\EV1105.BIN	0x145800	1697	468	1	event script (offset table)	offtab[7]	4.38	0	0	2	0	
29	88	\_DATA\EV.BIN\EV1112.BIN	0x146000	1698	668	1	event script (offset table)	offtab[9]	4.36	0	0	3	3	
29	89	\_DATA\EV.BIN\EV1120.BIN	0x146800	1699	512	1	event script (offset table)	offtab[11]	4.24	0	0	4	0	
29	90	\_DATA\EV.BIN\EV1140.BIN	0x147000	1700	612	1	event script (offset table)	offtab[11]	4.37	0	0	4	4	
29	91	\_DATA\EV.BIN\EV1141.BIN	0x147800	1701	344	1	event script (offset table)	offtab[7]	4.19	0	0	2	2	
29	92	\_DATA\EV.BIN\EV1150.BIN	0x148000	1702	460	1	event script (offset table)	offtab[7]	4.39	0	0	2	2	
29	93	\_DATA\EV.BIN\EV1202.BIN	0x148800	1703	660	1	event script (offset table)	offtab[9]	4.61	0	0	3	0	
29	94	\_DATA\EV.BIN\EV1210.BIN	0x149000	1704	368	1	event script (offset table)	offtab[9]	4.04	0	0	3	2	
29	95	\_DATA\EV.BIN\EV1212.BIN	0x149800	1705	1044	1	event script (offset table)	offtab[13]	4.52	0	0	5	4	
29	96	\_DATA\EV.BIN\EV1214.BIN	0x14a000	1706	360	1	event script (offset table)	offtab[7]	4.12	0	0	2	2	
29	97	\_DATA\EV.BIN\EV1232.BIN	0x14a800	1707	360	1	event script (offset table)	offtab[7]	4.20	0	0	2	0	
29	98	\_DATA\EV.BIN\EV1241.BIN	0x14b000	1708	516	1	event script (offset table)	offtab[9]	4.33	0	0	3	3	
29	99	\_DATA\EV.BIN\EV1251.BIN	0x14b800	1709	312	1	event script (offset table)	offtab[7]	3.92	0	0	2	2	
29	100	\_DATA\EV.BIN\EV1252.BIN	0x14c000	1710	376	1	event script (offset table)	offtab[7]	4.14	0	0	2	1	
29	101	\_DATA\EV.BIN\EV1253.BIN	0x14c800	1711	260	1	event script (offset table)	offtab[5]	4.04	0	0	1	1	
29	102	\_DATA\EV.BIN\EV1302.BIN	0x14d000	1712	1384	1	event script (offset table)	offtab[15]	4.65	0	0	5	2	
29	103	\_DATA\EV.BIN\EV1304.BIN	0x14d800	1713	2232	2	event script (offset table)	offtab[31]	4.73	0	0	14	12	
29	104	\_DATA\EV.BIN\EV1312.BIN	0x14e800	1715	716	1	event script (offset table)	offtab[11]	4.48	0	0	3	3	
29	105	\_DATA\EV.BIN\EV1341.BIN	0x14f000	1716	356	1	event script (offset table)	offtab[7]	4.21	0	0	2	2	
29	106	\_DATA\EV.BIN\EV1402.BIN	0x14f800	1717	1712	1	event script (offset table)	offtab[19]	4.68	0	0	8	6	
29	107	\_DATA\EV.BIN\EV1412.BIN	0x150000	1718	296	1	event script (offset table)	offtab[7]	4.01	0	0	2	2	
29	108	\_DATA\EV.BIN\EV1420.BIN	0x150800	1719	1780	1	event script (offset table)	offtab[15]	4.73	0	0	6	0	
29	109	\_DATA\EV.BIN\EV1441.BIN	0x151000	1720	1228	1	event script (offset table)	offtab[21]	4.58	0	0	9	9	
29	110	\_DATA\EV.BIN\EV1451.BIN	0x151800	1721	664	1	event script (offset table)	offtab[7]	4.54	0	0	2	2	
29	111	\_DATA\EV.BIN\EV1452.BIN	0x152000	1722	464	1	event script (offset table)	offtab[11]	4.24	0	0	3	3	
29	112	\_DATA\EV.BIN\EV1453.BIN	0x152800	1723	500	1	event script (offset table)	offtab[9]	4.27	0	0	3	3	
29	113	\_DATA\EV.BIN\EV1502.BIN	0x153000	1724	1092	1	event script (offset table)	offtab[19]	4.65	0	0	6	0	
29	114	\_DATA\EV.BIN\EV1504.BIN	0x153800	1725	3228	2	event script (offset table)	offtab[37]	4.84	0	0	17	13	
29	115	\_DATA\EV.BIN\EV1513.BIN	0x154800	1727	296	1	event script (offset table)	offtab[7]	4.04	0	0	2	2	
29	116	\_DATA\EV.BIN\EV1522.BIN	0x155000	1728	252	1	event script (offset table)	offtab[5]	3.95	0	0	1	1	
29	117	\_DATA\EV.BIN\EV1541.BIN	0x155800	1729	464	1	event script (offset table)	offtab[11]	4.38	0	0	4	3	
29	118	\_DATA\EV.BIN\EV1602.BIN	0x156000	1730	1152	1	event script (offset table)	offtab[13]	4.51	0	0	5	2	
29	119	\_DATA\EV.BIN\EV1604.BIN	0x156800	1731	1036	1	event script (offset table)	offtab[11]	4.41	0	0	4	0	
29	120	\_DATA\EV.BIN\EV1610.BIN	0x157000	1732	548	1	event script (offset table)	offtab[11]	4.21	0	0	3	3	
29	121	\_DATA\EV.BIN\EV1612.BIN	0x157800	1733	908	1	event script (offset table)	offtab[17]	4.51	0	0	6	6	
29	122	\_DATA\EV.BIN\EV1632.BIN	0x158000	1734	2304	2	event script (offset table)	offtab[35]	4.86	0	0	16	15	
29	123	\_DATA\EV.BIN\EV1641.BIN	0x159000	1736	320	1	event script (offset table)	offtab[7]	4.20	0	0	2	2	
29	124	\_DATA\EV.BIN\EV1650.BIN	0x159800	1737	1300	1	event script (offset table)	offtab[13]	4.68	0	0	5	5	
29	125	\_DATA\EV.BIN\EV1651.BIN	0x15a000	1738	240	1	event script (offset table)	offtab[5]	3.77	0	0	1	1	
29	126	\_DATA\EV.BIN\EV1652.BIN	0x15a800	1739	304	1	event script (offset table)	offtab[5]	4.10	0	0	1	1	
29	127	\_DATA\EV.BIN\EV1653.BIN	0x15b000	1740	336	1	event script (offset table)	offtab[5]	4.13	0	0	1	1	
29	128	\_DATA\EV.BIN\EV1701.BIN	0x15b800	1741	1888	1	event script (offset table)	offtab[27]	4.84	0	0	12	8	
29	129	\_DATA\EV.BIN\EV1710.BIN	0x15c000	1742	676	1	event script (offset table)	offtab[13]	4.44	0	0	5	5	
29	130	\_DATA\EV.BIN\EV1712.BIN	0x15c800	1743	324	1	event script (offset table)	offtab[7]	4.12	0	0	2	2	
29	131	\_DATA\EV.BIN\EV1740.BIN	0x15d000	1744	436	1	event script (offset table)	offtab[9]	4.30	0	0	3	2	
29	132	\_DATA\EV.BIN\EV1750.BIN	0x15d800	1745	808	1	event script (offset table)	offtab[5]	4.50	0	0	1	1	
29	133	\_DATA\EV.BIN\EV1751.BIN	0x15e000	1746	368	1	event script (offset table)	offtab[5]	4.08	0	0	1	1	
29	134	\_DATA\EV.BIN\EV1754.BIN	0x15e800	1747	2176	2	event script (offset table)	offtab[27]	4.75	0	0	12	0	
29	135	\_DATA\EV.BIN\EV1802.BIN	0x15f800	1749	1120	1	event script (offset table)	offtab[17]	4.48	0	0	7	5	
29	136	\_DATA\EV.BIN\EV1804.BIN	0x160000	1750	652	1	event script (offset table)	offtab[7]	4.24	0	0	2	0	
29	137	\_DATA\EV.BIN\EV1812.BIN	0x160800	1751	472	1	event script (offset table)	offtab[7]	4.32	0	0	2	2	
29	138	\_DATA\EV.BIN\EV1820.BIN	0x161000	1752	1340	1	event script (offset table)	offtab[27]	4.58	0	0	12	0	
29	139	\_DATA\EV.BIN\EV1840.BIN	0x161800	1753	508	1	event script (offset table)	offtab[11]	4.32	0	0	4	4	
29	140	\_DATA\EV.BIN\EV1841.BIN	0x162000	1754	400	1	event script (offset table)	offtab[9]	4.26	0	0	3	3	
29	141	\_DATA\EV.BIN\EV1850.BIN	0x162800	1755	484	1	event script (offset table)	offtab[7]	4.32	0	0	2	2	
29	142	\_DATA\EV.BIN\EV1902.BIN	0x163000	1756	584	1	event script (offset table)	offtab[7]	4.18	0	0	2	0	
29	143	\_DATA\EV.BIN\EV1904.BIN	0x163800	1757	2264	2	event script (offset table)	offtab[27]	4.75	0	0	12	10	
29	144	\_DATA\EV.BIN\EV1910.BIN	0x164800	1759	460	1	event script (offset table)	offtab[11]	4.20	0	0	4	4	
29	145	\_DATA\EV.BIN\EV1912.BIN	0x165000	1760	604	1	event script (offset table)	offtab[15]	4.35	0	0	6	6	
29	146	\_DATA\EV.BIN\EV1941.BIN	0x165800	1761	428	1	event script (offset table)	offtab[9]	4.33	0	0	3	3	
29	147	\_DATA\EV.BIN\EV1951.BIN	0x166000	1762	344	1	event script (offset table)	offtab[5]	4.14	0	0	1	1	
29	148	\_DATA\EV.BIN\EV1952.BIN	0x166800	1763	308	1	event script (offset table)	offtab[5]	4.09	0	0	1	1	
29	149	\_DATA\EV.BIN\EV1953.BIN	0x167000	1764	252	1	event script (offset table)	offtab[5]	3.96	0	0	1	1	
29	150	\_DATA\EV.BIN\EV1960.BIN	0x167800	1765	1648	1	event script (offset table)	offtab[27]	4.69	0	0	12	0	
29	151	\_DATA\EV.BIN\EV1962.BIN	0x168000	1766	944	1	event script (offset table)	offtab[17]	4.57	0	0	7	0	
29	152	\_DATA\EV.BIN\EV2002.BIN	0x168800	1767	404	1	event script (offset table)	offtab[5]	4.19	0	0	1	1	
29	153	\_DATA\EV.BIN\EV2004.BIN	0x169000	1768	2384	2	event script (offset table)	offtab[33]	4.74	0	0	15	13	
29	154	\_DATA\EV.BIN\EV2010.BIN	0x16a000	1770	356	1	event script (offset table)	offtab[7]	4.06	0	0	2	1	
29	155	\_DATA\EV.BIN\EV2012.BIN	0x16a800	1771	1168	1	event script (offset table)	offtab[19]	4.65	0	0	8	6	
29	156	\_DATA\EV.BIN\EV2040.BIN	0x16b000	1772	676	1	event script (offset table)	offtab[13]	4.39	0	0	4	4	
29	157	\_DATA\EV.BIN\EV2041.BIN	0x16b800	1773	440	1	event script (offset table)	offtab[9]	4.23	0	0	3	3	
29	158	\_DATA\EV.BIN\EV2050.BIN	0x16c000	1774	556	1	event script (offset table)	offtab[7]	4.41	0	0	2	2	
29	159	\_DATA\EV.BIN\EV2060.BIN	0x16c800	1775	916	1	event script (offset table)	offtab[17]	4.47	0	0	7	5	
29	160	\_DATA\EV.BIN\EV2101.BIN	0x16d000	1776	1148	1	event script (offset table)	offtab[21]	4.57	0	0	9	7	
29	161	\_DATA\EV.BIN\EV2104.BIN	0x16d800	1777	1008	1	event script (offset table)	offtab[19]	4.53	0	0	7	4	
29	162	\_DATA\EV.BIN\EV2112.BIN	0x16e000	1778	304	1	event script (offset table)	offtab[7]	4.01	0	0	2	1	
29	163	\_DATA\EV.BIN\EV2113.BIN	0x16e800	1779	424	1	event script (offset table)	offtab[11]	4.20	0	0	4	4	
29	164	\_DATA\EV.BIN\EV2122.BIN	0x16f000	1780	484	1	event script (offset table)	offtab[11]	4.18	0	0	4	4	
29	165	\_DATA\EV.BIN\EV2140.BIN	0x16f800	1781	660	1	event script (offset table)	offtab[13]	4.39	0	0	5	5	
29	166	\_DATA\EV.BIN\EV2141.BIN	0x170000	1782	404	1	event script (offset table)	offtab[9]	4.21	0	0	3	3	
29	167	\_DATA\EV.BIN\EV2160.BIN	0x170800	1783	348	1	event script (offset table)	offtab[7]	4.14	0	0	2	0	
29	168	\_DATA\EV.BIN\EV2202.BIN	0x171000	1784	1400	1	event script (offset table)	offtab[19]	4.59	0	0	6	4	
29	169	\_DATA\EV.BIN\EV2204.BIN	0x171800	1785	1980	1	event script (offset table)	offtab[27]	4.76	0	0	11	0	
29	170	\_DATA\EV.BIN\EV2210.BIN	0x172000	1786	1164	1	event script (offset table)	offtab[17]	4.63	0	0	6	5	
29	171	\_DATA\EV.BIN\EV2212.BIN	0x172800	1787	468	1	event script (offset table)	offtab[9]	4.43	0	0	3	0	
29	172	\_DATA\EV.BIN\EV2220.BIN	0x173000	1788	320	1	event script (offset table)	offtab[7]	4.04	0	0	2	2	
29	173	\_DATA\EV.BIN\EV2241.BIN	0x173800	1789	396	1	event script (offset table)	offtab[7]	4.19	0	0	2	2	
29	174	\_DATA\EV.BIN\EV2251.BIN	0x174000	1790	292	1	event script (offset table)	offtab[5]	4.10	0	0	1	1	
29	175	\_DATA\EV.BIN\EV2252.BIN	0x174800	1791	464	1	event script (offset table)	offtab[11]	4.20	0	0	4	3	
29	176	\_DATA\EV.BIN\EV2253.BIN	0x175000	1792	352	1	event script (offset table)	offtab[5]	4.31	0	0	1	1	
29	177	\_DATA\EV.BIN\EV2260.BIN	0x175800	1793	388	1	event script (offset table)	offtab[7]	4.30	0	0	2	1	
29	178	\_DATA\EV.BIN\EV2302.BIN	0x176000	1794	944	1	event script (offset table)	offtab[11]	4.43	0	0	4	2	
29	179	\_DATA\EV.BIN\EV2304.BIN	0x176800	1795	1036	1	event script (offset table)	offtab[11]	4.42	0	0	4	0	
29	180	\_DATA\EV.BIN\EV2312.BIN	0x177000	1796	424	1	event script (offset table)	offtab[11]	4.07	0	0	4	4	
29	181	\_DATA\EV.BIN\EV2341.BIN	0x177800	1797	504	1	event script (offset table)	offtab[11]	4.33	0	0	4	4	
29	182	\_DATA\EV.BIN\EV2360.BIN	0x178000	1798	920	1	event script (offset table)	offtab[19]	4.45	0	0	8	8	
29	183	\_DATA\EV.BIN\EV2401.BIN	0x178800	1799	2104	2	event script (offset table)	offtab[41]	4.67	0	0	17	0	
29	184	\_DATA\EV.BIN\EV2412.BIN	0x179800	1801	596	1	event script (offset table)	offtab[11]	4.35	0	0	4	4	
29	185	\_DATA\EV.BIN\EV2432.BIN	0x17a000	1802	2644	2	event script (offset table)	offtab[51]	4.75	0	0	21	8	
29	186	\_DATA\EV.BIN\EV2441.BIN	0x17b000	1804	596	1	event script (offset table)	offtab[11]	4.42	0	0	4	3	
29	187	\_DATA\EV.BIN\EV2451.BIN	0x17b800	1805	356	1	event script (offset table)	offtab[5]	4.16	0	0	1	1	
29	188	\_DATA\EV.BIN\EV2452.BIN	0x17c000	1806	384	1	event script (offset table)	offtab[5]	4.17	0	0	1	1	
29	189	\_DATA\EV.BIN\EV2453.BIN	0x17c800	1807	288	1	event script (offset table)	offtab[5]	4.18	0	0	1	0	
29	190	\_DATA\EV.BIN\EV2460.BIN	0x17d000	1808	672	1	event script (offset table)	offtab[15]	4.29	0	0	6	4	
29	191	\_DATA\EV.BIN\EV2502.BIN	0x17d800	1809	588	1	event script (offset table)	offtab[11]	4.44	0	0	4	2	
29	192	\_DATA\EV.BIN\EV2504.BIN	0x17e000	1810	2184	2	event script (offset table)	offtab[33]	4.73	0	0	15	12	
29	193	\_DATA\EV.BIN\EV2507.BIN	0x17f000	1812	1552	1	event script (offset table)	offtab[19]	4.71	0	0	8	0	
29	194	\_DATA\EV.BIN\EV2510.BIN	0x17f800	1813	324	1	event script (offset table)	offtab[7]	4.16	0	0	2	2	
29	195	\_DATA\EV.BIN\EV2532.BIN	0x180000	1814	2396	2	event script (offset table)	offtab[37]	4.79	0	0	17	8	
29	196	\_DATA\EV.BIN\EV2541.BIN	0x181000	1816	364	1	event script (offset table)	offtab[7]	4.26	0	0	2	1	
29	197	\_DATA\EV.BIN\EV2560.BIN	0x181800	1817	804	1	event script (offset table)	offtab[19]	4.56	0	0	7	5	
29	198	\_DATA\EV.BIN\EV2613.BIN	0x182000	1818	204	1	event script (offset table)	offtab[5]	3.70	0	0	0	0	
29	199	\_DATA\EV.BIN\EV2632.BIN	0x182800	1819	3160	2	event script (offset table)	offtab[35]	4.77	0	0	16	8	
29	200	\_DATA\EV.BIN\EV2641.BIN	0x183800	1821	736	1	event script (offset table)	offtab[13]	4.44	0	0	5	5	
29	201	\_DATA\EV.BIN\EV2651.BIN	0x184000	1822	396	1	event script (offset table)	offtab[9]	4.16	0	0	3	3	
29	202	\_DATA\EV.BIN\EV2652.BIN	0x184800	1823	348	1	event script (offset table)	offtab[5]	4.21	0	0	1	1	
29	203	\_DATA\EV.BIN\EV2653.BIN	0x185000	1824	276	1	event script (offset table)	offtab[5]	3.98	0	0	1	1	
29	204	\_DATA\EV.BIN\EV2660.BIN	0x185800	1825	752	1	event script (offset table)	offtab[15]	4.56	0	0	5	4	
29	205	\_DATA\EV.BIN\EV2710.BIN	0x186000	1826	900	1	event script (offset table)	offtab[17]	4.51	0	0	7	6	
29	206	\_DATA\EV.BIN\EV2712.BIN	0x186800	1827	420	1	event script (offset table)	offtab[7]	4.34	0	0	2	2	
29	207	\_DATA\EV.BIN\EV2732.BIN	0x187000	1828	2536	2	event script (offset table)	offtab[31]	4.75	0	0	12	6	
29	208	\_DATA\EV.BIN\EV2741.BIN	0x188000	1830	788	1	event script (offset table)	offtab[11]	4.51	0	0	4	3	
29	209	\_DATA\EV.BIN\EV2760.BIN	0x188800	1831	1884	1	event script (offset table)	offtab[43]	4.72	0	0	19	17	
29	210	\_DATA\EV.BIN\EV2812.BIN	0x189000	1832	308	1	event script (offset table)	offtab[7]	4.11	0	0	2	2	
29	211	\_DATA\EV.BIN\EV2820.BIN	0x189800	1833	704	1	event script (offset table)	offtab[13]	4.42	0	0	5	5	
29	212	\_DATA\EV.BIN\EV2850.BIN	0x18a000	1834	820	1	event script (offset table)	offtab[13]	4.54	0	0	5	5	
29	213	\_DATA\EV.BIN\EV2851.BIN	0x18a800	1835	528	1	event script (offset table)	offtab[13]	4.22	0	0	5	5	
29	214	\_DATA\EV.BIN\EV2852.BIN	0x18b000	1836	316	1	event script (offset table)	offtab[7]	3.95	0	0	2	2	
29	215	\_DATA\EV.BIN\EV2853.BIN	0x18b800	1837	392	1	event script (offset table)	offtab[7]	4.25	0	0	2	2	
29	216	\_DATA\EV.BIN\EV2902.BIN	0x18c000	1838	2664	2	event script (offset table)	offtab[37]	4.82	0	0	17	12	
29	217	\_DATA\EV.BIN\EV2904.BIN	0x18d000	1840	832	1	event script (offset table)	offtab[9]	4.48	0	0	3	3	
29	218	\_DATA\EV.BIN\EV2906.BIN	0x18d800	1841	748	1	event script (offset table)	offtab[9]	4.63	0	0	3	0	
29	219	\_DATA\EV.BIN\EV2907.BIN	0x18e000	1842	728	1	event script (offset table)	offtab[11]	4.60	0	0	4	0	
29	220	\_DATA\EV.BIN\EV2912.BIN	0x18e800	1843	480	1	event script (offset table)	offtab[7]	4.27	0	0	2	2	
29	221	\_DATA\EV.BIN\EV2913.BIN	0x18f000	1844	704	1	event script (offset table)	offtab[15]	4.31	0	0	6	5	
29	222	\_DATA\EV.BIN\EV2922.BIN	0x18f800	1845	216	1	event script (offset table)	offtab[5]	3.74	0	0	1	1	
29	223	\_DATA\EV.BIN\EV2932.BIN	0x190000	1846	748	1	event script (offset table)	offtab[9]	4.44	0	0	3	3	
29	224	\_DATA\EV.BIN\EV2940.BIN	0x190800	1847	1784	1	event script (offset table)	offtab[23]	4.65	0	0	10	10	
29	225	\_DATA\EV.BIN\EV2941.BIN	0x191000	1848	740	1	event script (offset table)	offtab[15]	4.47	0	0	6	5	
29	226	\_DATA\EV.BIN\EV2950.BIN	0x191800	1849	964	1	event script (offset table)	offtab[17]	4.57	0	0	7	7	
29	227	\_DATA\EV.BIN\EV2951.BIN	0x192000	1850	484	1	event script (offset table)	offtab[11]	4.14	0	0	3	2	
29	228	\_DATA\EV.BIN\EV2952.BIN	0x192800	1851	620	1	event script (offset table)	offtab[9]	4.40	0	0	3	3	
29	229	\_DATA\EV.BIN\EV2953.BIN	0x193000	1852	316	1	event script (offset table)	offtab[7]	4.10	0	0	2	2	
29	230	\_DATA\EV.BIN\EV3001.BIN	0x193800	1853	1608	1	event script (offset table)	offtab[29]	4.75	0	0	12	9	
29	231	\_DATA\EV.BIN\EV3002.BIN	0x194000	1854	868	1	event script (offset table)	offtab[9]	4.44	0	0	3	1	
29	232	\_DATA\EV.BIN\EV3004.BIN	0x194800	1855	2216	2	event script (offset table)	offtab[31]	4.67	0	0	12	8	
29	233	\_DATA\EV.BIN\EV3013.BIN	0x195800	1857	204	1	event script (offset table)	offtab[5]	3.68	0	0	0	0	
29	234	\_DATA\EV.BIN\EV3022.BIN	0x196000	1858	600	1	event script (offset table)	offtab[5]	4.31	0	0	1	1	
29	235	\_DATA\EV.BIN\EV3023.BIN	0x196800	1859	2444	2	event script (offset table)	offtab[71]	4.74	0	0	4	0	
29	236	\_DATA\EV.BIN\EV3102.BIN	0x197800	1861	976	1	event script (offset table)	offtab[11]	4.47	0	0	3	1	
29	237	\_DATA\EV.BIN\EV4028.BIN	0x198000	1862	2192	2	event script (offset table)	offtab[39]	4.64	0	0	16	0	
29	238	\_DATA\EV.BIN\EV4041.BIN	0x199000	1864	240	1	event script (offset table)	offtab[7]	3.45	0	0	0	0	
29	239	\_DATA\EV.BIN\EV4042.BIN	0x199800	1865	380	1	event script (offset table)	offtab[11]	3.94	0	0	0	0	
29	240	\_DATA\EV.BIN\EV4066.BIN	0x19a000	1866	72	1	event script (offset table)	offtab[3]	2.25	0	0	0	0	
29	241	\_DATA\EV.BIN\EV5003.BIN	0x19a800	1867	60	1	event script (offset table)	offtab[3]	2.21	0	0	0	0	
29	242	\_DATA\EV.BIN\EV5011.BIN	0x19b000	1868	92	1	event script (offset table)	offtab[3]	2.67	0	0	0	0	
29	243	\_DATA\EV.BIN\EV5020.BIN	0x19b800	1869	68	1	event script (offset table)	offtab[3]	2.31	0	0	0	0	
29	244	\_DATA\EV.BIN\EV5031.BIN	0x19c000	1870	124	1	event script (offset table)	offtab[3]	2.52	0	0	0	0	
29	245	\_DATA\EV.BIN\EV5032.BIN	0x19c800	1871	84	1	event script (offset table)	offtab[3]	2.59	0	0	0	0	
29	246	\_DATA\EV.BIN\EV5037.BIN	0x19d000	1872	84	1	event script (offset table)	offtab[3]	2.61	0	0	0	0	
29	247	\_DATA\EV.BIN\EV5038.BIN	0x19d800	1873	108	1	event script (offset table)	offtab[3]	2.52	0	0	0	0	
29	248	\_DATA\EV.BIN\EV5046.BIN	0x19e000	1874	68	1	event script (offset table)	offtab[3]	2.63	0	0	0	0	
29	249	\_DATA\EV.BIN\EV5047.BIN	0x19e800	1875	152	1	event script (offset table)	offtab[5]	3.63	0	0	0	0	
29	250	\_DATA\EV.BIN\EV5048.BIN	0x19f000	1876	152	1	event script (offset table)	offtab[5]	3.57	0	0	0	0	
29	251	\_DATA\EV.BIN\EV5049.BIN	0x19f800	1877	80	1	event script (offset table)	offtab[5]	2.77	0	0	0	0	
29	252	\_DATA\EV.BIN\EV5052.BIN	0x1a0000	1878	68	1	event script (offset table)	offtab[3]	2.70	0	0	0	0	
29	253	\_DATA\EV.BIN\EV6000.BIN	0x1a0800	1879	1208	1	event script (offset table)	offtab[27]	4.47	0	0	9	0	
29	254	\_DATA\EV.BIN\EV6001.BIN	0x1a1000	1880	2284	2	event script (offset table)	offtab[43]	4.77	0	0	17	0	
29	255	\_DATA\EV.BIN\EV6002.BIN	0x1a2000	1882	392	1	event script (offset table)	offtab[7]	4.19	0	0	2	0	
29	256	\_DATA\EV.BIN\EV6003.BIN	0x1a2800	1883	336	1	event script (offset table)	offtab[5]	4.04	0	0	1	0	
29	257	\_DATA\EV.BIN\EV6004.BIN	0x1a3000	1884	3724	2	event script (offset table)	offtab[85]	4.88	0	0	37	0	
29	258	\_DATA\EV.BIN\EV6005.BIN	0x1a4000	1886	984	1	event script (offset table)	offtab[11]	4.46	0	0	4	0	
29	259	\_DATA\EV.BIN\EV6100.BIN	0x1a4800	1887	1280	1	event script (offset table)	offtab[25]	4.57	0	0	9	0	
29	260	\_DATA\EV.BIN\EV6101.BIN	0x1a5000	1888	2516	2	event script (offset table)	offtab[43]	4.79	0	0	17	0	
29	261	\_DATA\EV.BIN\EV6102.BIN	0x1a6000	1890	368	1	event script (offset table)	offtab[7]	4.09	0	0	2	0	
29	262	\_DATA\EV.BIN\EV6103.BIN	0x1a6800	1891	312	1	event script (offset table)	offtab[5]	3.97	0	0	1	0	
29	263	\_DATA\EV.BIN\EV6104.BIN	0x1a7000	1892	3812	2	event script (offset table)	offtab[85]	4.90	0	0	37	0	
29	264	\_DATA\EV.BIN\EV6105.BIN	0x1a8000	1894	1004	1	event script (offset table)	offtab[11]	4.46	0	0	4	0	
30		\_DATA\EV.SEC	0x1a8800	1895	1596	1	sub-archive index	unknown	6.19	0	0	0	0	
31		\_DATA\EVVER.BIN	0x1a9000	1896	5168	3	unknown	unknown	3.76	0	0	0	0	
32		\_DATA\FISH00.BIN	0x1aa800	1899	165428	81	pack	pack[14]{TIMx14}	7.38	0	14	0	0	
33		\_DATA\FISH01.BIN	0x1d3000	1980	47268	24	pack	pack[4]{TIMx4}	7.61	0	4	0	0	
34		\_DATA\FS00.BIN	0x1df000	2004	2980	2	pack	pack[4]{TIM pack[3]{unknownx3} unknownx2}	4.65	0	1	0	0	
35		\_DATA\FS01.BIN	0x1e0000	2006	2256	2	pack	pack[4]{TIM pack[1]{unknown} unknownx2}	5.11	0	1	0	0	
36		\_DATA\FS02.BIN	0x1e1000	2008	2256	2	pack	pack[4]{TIM pack[1]{unknown} unknownx2}	5.13	0	1	0	0	
37		\_DATA\FS03.BIN	0x1e2000	2010	2256	2	pack	pack[4]{TIM pack[1]{unknown} unknownx2}	5.12	0	1	0	0	
38		\_DATA\FS04.BIN	0x1e3000	2012	4104	3	pack	pack[4]{TIM pack[2]{unknownx2} unknownx2}	4.62	0	1	0	0	
39		\_DATA\FS05.BIN	0x1e4800	2015	256	1	pack	pack[2]{pack[1]{unknown} unknown}	3.75	0	0	0	0	
40		\_DATA\FS06.BIN	0x1e5000	2016	256	1	pack	pack[2]{pack[1]{unknown} unknown}	3.41	0	0	0	0	
41		\_DATA\FS_WAL.BIN	0x1e5800	2017	78296	39	pack	pack[2]{TIM unknown}	4.54	0	1	0	0	
42		\_DATA\HHON.OVL	0x1f9000	2056	27660	14	code overlay	code	5.57	0	0	58	58	
43	0	\_DATA\H_FILES.BIN\H_00_00.BIN	0x200000	2070	45992	23	model pack	pack[2]{pack[8]{unknownx8} unknown}	5.04	0	0	0	0	
43	1	\_DATA\H_FILES.BIN\H_00_01.BIN	0x20b800	2093	67176	33	model pack	pack[2]{null pack[31]{nullx9 unknownx22}}	3.90	0	0	0	0	
43	2	\_DATA\H_FILES.BIN\H_00_02.BIN	0x21c000	2126	81960	41	model pack	pack[2]{null pack[31]{nullx9 unknownx22}}	4.48	0	0	0	0	
43	3	\_DATA\H_FILES.BIN\H_00_03.BIN	0x230800	2167	68596	34	model pack	pack[2]{null pack[30]{nullx11 unknownx19}}	3.78	0	0	0	0	
43	4	\_DATA\H_FILES.BIN\H_00_04.BIN	0x241800	2201	61708	31	model pack	pack[2]{null pack[23]{nullx8 unknownx15}}	3.84	0	0	0	0	
43	5	\_DATA\H_FILES.BIN\H_00_05.BIN	0x251000	2232	33700	17	model pack	pack[2]{null pack[17]{nullx8 unknownx9}}	4.32	0	0	0	0	
43	6	\_DATA\H_FILES.BIN\H_00_06.BIN	0x259800	2249	16084	8	model pack	pack[2]{null pack[13]{nullx8 unknownx5}}	3.84	0	0	0	0	
43	7	\_DATA\H_FILES.BIN\H_00_07.BIN	0x25d800	2257	64452	32	model pack	pack[2]{pack[21]{nullx8 unknownx13} unknown}	4.05	1	0	0	0	zero sector in /1:unknown
43	8	\_DATA\H_FILES.BIN\H_00_08.BIN	0x26d800	2289	44872	22	model pack	pack[2]{pack[16]{nullx8 unknownx8} unknown}	5.23	0	0	0	0	
43	9	\_DATA\H_FILES.BIN\H_00_09.BIN	0x278800	2311	38396	19	model pack	pack[2]{pack[10]{nullx8 unknownx2} unknown}	5.56	0	0	0	0	
43	10	\_DATA\H_FILES.BIN\H_00_10.BIN	0x282000	2330	32748	16	model pack	pack[2]{pack[11]{nullx8 unknownx3} unknown}	5.74	0	0	0	0	
43	11	\_DATA\H_FILES.BIN\H_00_11.BIN	0x28a000	2346	52640	26	model pack	pack[2]{pack[9]{unknownx9} unknown}	5.00	0	0	0	0	
43	12	\_DATA\H_FILES.BIN\H_00_12.BIN	0x297000	2372	42016	21	model pack	pack[2]{pack[8]{unknownx8} unknown}	5.46	0	0	0	0	
43	13	\_DATA\H_FILES.BIN\H_00_13.BIN	0x2a1800	2393	27056	14	model pack	pack[2]{pack[20]{nullx18 unknownx2} unknown}	4.21	1	0	0	0	zero sector in /1:unknown
43	14	\_DATA\H_FILES.BIN\H_00_14.BIN	0x2a8800	2407	55588	28	model pack	pack[2]{null pack[27]{nullx14 unknownx13}}	3.84	0	0	0	0	
43	15	\_DATA\H_FILES.BIN\H_00_15.BIN	0x2b6800	2435	25900	13	model pack	pack[2]{null pack[15]{nullx8 unknownx7}}	4.98	0	0	0	0	
43	16	\_DATA\H_FILES.BIN\H_00_16.BIN	0x2bd000	2448	43132	22	model pack	pack[2]{null pack[20]{nullx11 unknownx9}}	3.60	0	0	0	0	
43	17	\_DATA\H_FILES.BIN\H_00_17.BIN	0x2c8000	2470	10240	5	model pack	pack[2]{null pack[28]{nullx26 unknownx2}}	4.66	0	0	0	0	
43	18	\_DATA\H_FILES.BIN\H_00_18.BIN	0x2ca800	2475	93448	46	model pack	pack[2]{pack[25]{nullx6 unknownx19} unknown}	4.35	0	0	0	0	
43	19	\_DATA\H_FILES.BIN\H_00_19.BIN	0x2e1800	2521	51908	26	model pack	pack[2]{pack[21]{nullx11 unknownx10} unknown}	4.48	0	0	0	0	
43	20	\_DATA\H_FILES.BIN\H_00_20.BIN	0x2ee800	2547	4048	2	model pack	pack[2]{null pack[10]{nullx8 unknownx2}}	3.70	0	0	0	0	
43	21	\_DATA\H_FILES.BIN\H_00_21.BIN	0x2ef800	2549	7024	4	model pack	pack[2]{null pack[10]{nullx8 unknownx2}}	3.85	0	0	0	0	
43	22	\_DATA\H_FILES.BIN\H_00_50.BIN	0x2f1800	2553	46208	23	model pack	pack[2]{pack[8]{unknownx8} unknown}	5.04	0	0	0	0	
43	23	\_DATA\H_FILES.BIN\H_00_51.BIN	0x2fd000	2576	67176	33	model pack	pack[2]{null pack[31]{nullx9 unknownx22}}	3.90	0	0	0	0	
43	24	\_DATA\H_FILES.BIN\H_00_52.BIN	0x30d800	2609	81960	41	model pack	pack[2]{null pack[31]{nullx9 unknownx22}}	4.48	0	0	0	0	
43	25	\_DATA\H_FILES.BIN\H_00_53.BIN	0x322000	2650	68596	34	model pack	pack[2]{null pack[30]{nullx11 unknownx19}}	3.78	0	0	0	0	
43	26	\_DATA\H_FILES.BIN\H_00_54.BIN	0x333000	2684	61708	31	model pack	pack[2]{null pack[23]{nullx8 unknownx15}}	3.84	0	0	0	0	
43	27	\_DATA\H_FILES.BIN\H_00_55.BIN	0x342800	2715	33700	17	model pack	pack[2]{null pack[17]{nullx8 unknownx9}}	4.32	0	0	0	0	
43	28	\_DATA\H_FILES.BIN\H_00_56.BIN	0x34b000	2732	16084	8	model pack	pack[2]{null pack[13]{nullx8 unknownx5}}	3.84	0	0	0	0	
43	29	\_DATA\H_FILES.BIN\H_00_57.BIN	0x34f000	2740	52180	26	model pack	pack[2]{null pack[21]{nullx8 unknownx13}}	3.65	0	0	0	0	
43	30	\_DATA\H_FILES.BIN\H_00_61.BIN	0x35c000	2766	53372	27	model pack	pack[2]{pack[9]{unknownx9} unknown}	5.02	0	0	0	0	
43	31	\_DATA\H_FILES.BIN\H_00_66.BIN	0x369800	2793	43132	22	model pack	pack[2]{null pack[20]{nullx11 unknownx9}}	3.60	0	0	0	0	
43	32	\_DATA\H_FILES.BIN\H_00_71.BIN	0x374800	2815	7024	4	model pack	pack[2]{null pack[10]{nullx8 unknownx2}}	3.85	0	0	0	0	
43	33	\_DATA\H_FILES.BIN\H_01_00.BIN	0x376800	2819	20900	11	model pack	pack[2]{pack[2]{unknownx2} unknown}	5.30	0	0	0	0	
43	34	\_DATA\H_FILES.BIN\H_01_01.BIN	0x37c000	2830	87380	43	model pack	pack[2]{pack[22]{unknownx22} unknown}	4.57	0	0	0	0	
43	35	\_DATA\H_FILES.BIN\H_01_02.BIN	0x391800	2873	43112	22	model pack	pack[2]{pack[13]{unknownx13} unknown}	5.23	0	0	0	0	
43	36	\_DATA\H_FILES.BIN\H_01_03.BIN	0x39c800	2895	52028	26	model pack	pack[2]{pack[12]{unknownx12} unknown}	5.06	0	0	0	0	
43	37	\_DATA\H_FILES.BIN\H_01_04.BIN	0x3a9800	2921	29108	15	model pack	pack[2]{pack[6]{unknownx6} unknown}	5.19	0	0	3	3	
43	38	\_DATA\H_FILES.BIN\H_01_05.BIN	0x3b1000	2936	44396	22	model pack	pack[2]{pack[8]{unknownx8} unknown}	5.04	0	0	0	0	
43	39	\_DATA\H_FILES.BIN\H_01_06.BIN	0x3bc000	2958	56084	28	model pack	pack[2]{pack[22]{unknownx22} unknown}	4.83	1	0	0	0	zero sector in /1:unknown
43	40	\_DATA\H_FILES.BIN\H_01_08.BIN	0x3ca000	2986	34588	17	model pack	pack[2]{pack[15]{nullx12 unknownx3} unknown}	4.62	1	0	0	0	zero sector in /1:unknown
43	41	\_DATA\H_FILES.BIN\H_01_09.BIN	0x3d2800	3003	25964	13	model pack	pack[2]{pack[10]{nullx6 unknownx4} unknown}	4.53	1	0	0	0	zero sector in /1:unknown
43	42	\_DATA\H_FILES.BIN\H_02_00.BIN	0x3d9000	3016	21360	11	model pack	pack[2]{pack[2]{unknownx2} unknown}	5.29	0	0	0	0	
43	43	\_DATA\H_FILES.BIN\H_02_01.BIN	0x3de800	3027	109084	54	model pack	pack[2]{pack[21]{null unknownx20} unknown}	4.65	0	0	0	0	
43	44	\_DATA\H_FILES.BIN\H_02_02.BIN	0x3f9800	3081	40820	20	model pack	pack[2]{pack[11]{unknownx11} unknown}	4.99	0	0	0	0	
43	45	\_DATA\H_FILES.BIN\H_02_03.BIN	0x403800	3101	71928	36	model pack	pack[2]{pack[16]{unknownx16} unknown}	4.82	1	0	0	0	zero sector in /1:unknown
43	46	\_DATA\H_FILES.BIN\H_02_04.BIN	0x415800	3137	27296	14	model pack	pack[2]{pack[16]{nullx13 unknownx3} unknown}	4.64	1	0	0	0	zero sector in /1:unknown
43	47	\_DATA\H_FILES.BIN\H_02_05.BIN	0x41c800	3151	30448	15	model pack	pack[2]{pack[12]{nullx8 unknownx4} unknown}	4.71	0	0	0	0	
43	48	\_DATA\H_FILES.BIN\H_02_06.BIN	0x424000	3166	114300	56	model pack	pack[2]{pack[22]{unknownx22} unknown}	4.66	0	0	0	0	
43	49	\_DATA\H_FILES.BIN\H_02_07.BIN	0x440000	3222	105696	52	model pack	pack[2]{pack[25]{nullx10 unknownx15} unknown}	4.68	0	0	0	0	
43	50	\_DATA\H_FILES.BIN\H_02_50.BIN	0x45a000	3274	21700	11	model pack	pack[2]{pack[2]{unknownx2} unknown}	5.37	0	0	0	0	
43	51	\_DATA\H_FILES.BIN\H_02_51.BIN	0x45f800	3285	109424	54	model pack	pack[2]{pack[21]{null unknownx20} unknown}	4.68	0	0	0	0	
43	52	\_DATA\H_FILES.BIN\H_02_52.BIN	0x47a800	3339	41360	21	model pack	pack[2]{pack[11]{unknownx11} unknown}	5.03	0	0	0	0	
43	53	\_DATA\H_FILES.BIN\H_02_53.BIN	0x485000	3360	72076	36	model pack	pack[2]{pack[16]{unknownx16} unknown}	4.83	1	0	0	0	zero sector in /1:unknown
43	54	\_DATA\H_FILES.BIN\H_02_54.BIN	0x497000	3396	27636	14	model pack	pack[2]{pack[16]{nullx13 unknownx3} unknown}	4.68	1	0	0	0	zero sector in /1:unknown
43	55	\_DATA\H_FILES.BIN\H_02_55.BIN	0x49e000	3410	30596	15	model pack	pack[2]{pack[12]{nullx8 unknownx4} unknown}	4.72	0	0	0	0	
43	56	\_DATA\H_FILES.BIN\H_02_56.BIN	0x4a5800	3425	114640	56	model pack	pack[2]{pack[22]{unknownx22} unknown}	4.68	0	0	0	0	
43	57	\_DATA\H_FILES.BIN\H_02_57.BIN	0x4c1800	3481	106036	52	model pack	pack[2]{pack[25]{nullx10 unknownx15} unknown}	4.71	0	0	0	0	
43	58	\_DATA\H_FILES.BIN\H_03_00.BIN	0x4db800	3533	22244	11	model pack	pack[2]{pack[2]{unknownx2} unknown}	5.47	0	0	0	0	
43	59	\_DATA\H_FILES.BIN\H_03_01.BIN	0x4e1000	3544	74664	37	model pack	pack[2]{pack[15]{unknownx15} unknown}	4.81	0	0	0	0	
43	60	\_DATA\H_FILES.BIN\H_03_02.BIN	0x4f3800	3581	86940	43	model pack	pack[2]{pack[23]{nullx3 unknownx20} unknown}	5.00	0	0	0	0	
43	61	\_DATA\H_FILES.BIN\H_03_03.BIN	0x509000	3624	32036	16	model pack	pack[2]{pack[19]{nullx14 unknownx5} unknown}	5.44	0	0	0	0	
43	62	\_DATA\H_FILES.BIN\H_03_04.BIN	0x511000	3640	50552	25	model pack	pack[2]{pack[10]{unknownx10} unknown}	5.26	0	0	0	0	
43	63	\_DATA\H_FILES.BIN\H_03_05.BIN	0x51d800	3665	31356	16	model pack	pack[2]{pack[4]{unknownx4} unknown}	5.39	0	0	0	0	
43	64	\_DATA\H_FILES.BIN\H_03_06.BIN	0x525800	3681	86692	43	model pack	pack[2]{pack[21]{nullx3 unknownx18} unknown}	4.76	1	0	0	0	zero sector in /1:unknown
43	65	\_DATA\H_FILES.BIN\H_03_07.BIN	0x53b000	3724	37416	19	model pack	pack[2]{pack[14]{nullx9 unknownx5} unknown}	4.78	1	0	0	0	zero sector in /1:unknown
43	66	\_DATA\H_FILES.BIN\H_03_08.BIN	0x544800	3743	73780	37	model pack	pack[2]{pack[15]{unknownx15} unknown}	4.76	0	0	0	0	
43	67	\_DATA\H_FILES.BIN\H_03_50.BIN	0x557000	3780	20868	11	model pack	pack[2]{pack[2]{unknownx2} unknown}	5.28	0	0	0	0	
43	68	\_DATA\H_FILES.BIN\H_03_51.BIN	0x55c800	3791	73288	36	model pack	pack[2]{pack[15]{unknownx15} unknown}	4.72	0	0	0	0	
43	69	\_DATA\H_FILES.BIN\H_03_52.BIN	0x56e800	3827	85636	42	model pack	pack[2]{pack[23]{nullx3 unknownx20} unknown}	4.94	0	0	0	0	
43	70	\_DATA\H_FILES.BIN\H_03_53.BIN	0x583800	3869	30660	15	model pack	pack[2]{pack[19]{nullx14 unknownx5} unknown}	5.34	0	0	0	0	
43	71	\_DATA\H_FILES.BIN\H_03_54.BIN	0x58b000	3884	49764	25	model pack	pack[2]{pack[10]{unknownx10} unknown}	5.21	0	0	0	0	
43	72	\_DATA\H_FILES.BIN\H_03_55.BIN	0x597800	3909	30468	15	model pack	pack[2]{pack[4]{unknownx4} unknown}	5.29	0	0	0	0	
43	73	\_DATA\H_FILES.BIN\H_03_56.BIN	0x59f000	3924	85388	42	model pack	pack[2]{pack[21]{nullx3 unknownx18} unknown}	4.75	1	0	0	0	zero sector in /1:unknown
43	74	\_DATA\H_FILES.BIN\H_03_57.BIN	0x5b4000	3966	36112	18	model pack	pack[2]{pack[14]{nullx9 unknownx5} unknown}	4.75	1	0	0	0	zero sector in /1:unknown
43	75	\_DATA\H_FILES.BIN\H_03_58.BIN	0x5bd000	3984	73780	37	model pack	pack[2]{pack[15]{unknownx15} unknown}	4.76	0	0	0	0	
43	76	\_DATA\H_FILES.BIN\H_04_00.BIN	0x5cf800	4021	21996	11	model pack	pack[2]{pack[2]{unknownx2} unknown}	5.44	0	0	0	0	
43	77	\_DATA\H_FILES.BIN\H_04_01.BIN	0x5d5000	4032	80132	40	model pack	pack[2]{pack[23]{null unknownx22} unknown}	4.75	0	0	0	0	
43	78	\_DATA\H_FILES.BIN\H_04_02.BIN	0x5e9000	4072	62148	31	model pack	pack[2]{pack[18]{unknownx18} unknown}	4.69	0	0	0	0	
43	79	\_DATA\H_FILES.BIN\H_04_04.BIN	0x5f8800	4103	41796	21	model pack	pack[2]{pack[10]{unknownx10} unknown}	4.97	0	0	0	0	
43	80	\_DATA\H_FILES.BIN\H_04_05.BIN	0x603000	4124	29232	15	model pack	pack[2]{pack[7]{unknownx7} unknown}	5.33	0	0	0	0	
43	81	\_DATA\H_FILES.BIN\H_04_06.BIN	0x60a800	4139	67968	34	model pack	pack[2]{pack[17]{unknownx17} unknown}	4.37	1	0	0	0	zero sector in /1:unknown
43	82	\_DATA\H_FILES.BIN\H_04_07.BIN	0x61b800	4173	33776	17	model pack	pack[2]{pack[15]{nullx10 unknownx5} unknown}	4.51	1	0	0	0	zero sector in /1:unknown
43	83	\_DATA\H_FILES.BIN\H_04_08.BIN	0x624000	4190	25736	13	model pack	pack[2]{pack[8]{null unknownx7} unknown}	5.42	0	0	0	0	
43	84	\_DATA\H_FILES.BIN\H_04_09.BIN	0x62a800	4203	26996	14	model pack	pack[2]{pack[6]{unknownx6} unknown}	5.37	0	0	0	0	
43	85	\_DATA\H_FILES.BIN\H_04_10.BIN	0x631800	4217	61968	31	model pack	pack[2]{pack[18]{unknownx18} unknown}	4.71	0	0	0	0	
43	86	\_DATA\H_FILES.BIN\H_04_50.BIN	0x641000	4248	21672	11	model pack	pack[2]{pack[2]{unknownx2} unknown}	5.37	0	0	0	0	
43	87	\_DATA\H_FILES.BIN\H_04_51.BIN	0x646800	4259	79808	39	model pack	pack[2]{pack[23]{null unknownx22} unknown}	4.73	0	0	0	0	
43	88	\_DATA\H_FILES.BIN\H_04_52.BIN	0x65a000	4298	61704	31	model pack	pack[2]{pack[17]{unknownx17} unknown}	4.68	0	0	0	0	
43	89	\_DATA\H_FILES.BIN\H_04_54.BIN	0x669800	4329	41444	21	model pack	pack[2]{pack[10]{unknownx10} unknown}	4.96	0	0	0	0	
43	90	\_DATA\H_FILES.BIN\H_04_55.BIN	0x674000	4350	28944	15	model pack	pack[2]{pack[7]{unknownx7} unknown}	5.28	0	0	0	0	
43	91	\_DATA\H_FILES.BIN\H_04_56.BIN	0x67b800	4365	67380	33	model pack	pack[2]{pack[17]{unknownx17} unknown}	4.40	1	0	0	0	zero sector in /1:unknown
43	92	\_DATA\H_FILES.BIN\H_04_57.BIN	0x68c000	4398	33188	17	model pack	pack[2]{pack[15]{nullx10 unknownx5} unknown}	4.56	1	0	0	0	zero sector in /1:unknown
43	93	\_DATA\H_FILES.BIN\H_04_58.BIN	0x694800	4415	25412	13	model pack	pack[2]{pack[8]{null unknownx7} unknown}	5.36	0	0	0	0	
43	94	\_DATA\H_FILES.BIN\H_04_59.BIN	0x69b000	4428	26996	14	model pack	pack[2]{pack[6]{unknownx6} unknown}	5.37	0	0	0	0	
43	95	\_DATA\H_FILES.BIN\H_04_60.BIN	0x6a2000	4442	61848	31	model pack	pack[2]{pack[17]{unknownx17} unknown}	4.71	0	0	0	0	
43	96	\_DATA\H_FILES.BIN\H_05_00.BIN	0x6b1800	4473	84840	42	model pack	pack[2]{pack[14]{unknownx14} unknown}	4.62	0	0	0	0	
43	97	\_DATA\H_FILES.BIN\H_05_01.BIN	0x6c6800	4515	43368	22	model pack	pack[2]{pack[11]{unknownx11} unknown}	4.75	0	0	0	0	
43	98	\_DATA\H_FILES.BIN\H_06_00.BIN	0x6d1800	4537	47416	24	model pack	pack[2]{pack[12]{unknownx12} unknown}	4.97	0	0	0	0	
43	99	\_DATA\H_FILES.BIN\H_06_01.BIN	0x6dd800	4561	36980	19	model pack	pack[2]{pack[12]{null unknownx11} unknown}	5.46	0	0	0	0	
43	100	\_DATA\H_FILES.BIN\H_07_00.BIN	0x6e7000	4580	46372	23	model pack	pack[2]{pack[14]{unknownx14} unknown}	5.34	0	0	0	0	
43	101	\_DATA\H_FILES.BIN\H_08_00.BIN	0x6f2800	4603	61400	30	model pack	pack[2]{pack[17]{unknownx17} unknown}	4.73	0	0	0	0	
43	102	\_DATA\H_FILES.BIN\H_09_00.BIN	0x701800	4633	41404	21	model pack	pack[2]{pack[6]{unknownx6} unknown}	4.81	0	0	0	0	
43	103	\_DATA\H_FILES.BIN\H_10_00.BIN	0x70c000	4654	38040	19	model pack	pack[2]{pack[8]{nullx2 unknownx6} unknown}	5.27	0	0	0	0	
43	104	\_DATA\H_FILES.BIN\H_10_01.BIN	0x715800	4673	16596	9	model pack	pack[2]{pack[1]{unknown} unknown}	5.54	0	0	0	0	
43	105	\_DATA\H_FILES.BIN\H_11_00.BIN	0x71a000	4682	32104	16	model pack	pack[2]{pack[8]{unknownx8} unknown}	4.36	0	0	0	0	
43	106	\_DATA\H_FILES.BIN\H_11_01.BIN	0x722000	4698	32104	16	model pack	pack[2]{pack[8]{unknownx8} unknown}	4.36	0	0	0	0	
43	107	\_DATA\H_FILES.BIN\H_12_00.BIN	0x72a000	4714	42640	21	model pack	pack[2]{pack[4]{unknownx4} unknown}	4.90	0	0	0	0	
43	108	\_DATA\H_FILES.BIN\H_13_00.BIN	0x734800	4735	8376	5	model pack	pack[2]{pack[3]{unknownx3} unknown}	4.54	0	0	0	0	
43	109	\_DATA\H_FILES.BIN\H_14_00.BIN	0x737000	4740	8376	5	model pack	pack[2]{pack[3]{unknownx3} unknown}	4.54	0	0	0	0	
43	110	\_DATA\H_FILES.BIN\H_15_00.BIN	0x739800	4745	8376	5	model pack	pack[2]{pack[3]{unknownx3} unknown}	4.54	0	0	0	0	
43	111	\_DATA\H_FILES.BIN\H_16_00.BIN	0x73c000	4750	7408	4	model pack	pack[2]{pack[6]{unknownx6} unknown}	4.16	0	0	0	0	
43	112	\_DATA\H_FILES.BIN\H_17_00.BIN	0x73e000	4754	22532	12	model pack	pack[2]{pack[4]{unknownx4} unknown}	4.32	0	0	0	0	
43	113	\_DATA\H_FILES.BIN\H_18_00.BIN	0x744000	4766	6896	4	model pack	pack[2]{pack[3]{unknownx3} unknown}	4.03	0	0	0	0	
43	114	\_DATA\H_FILES.BIN\H_19_00.BIN	0x746000	4770	1464	1	model pack	pack[2]{pack[1]{unknown} unknown}	2.77	0	0	0	0	
44		\_DATA\H_FILES.SEC	0x746800	4771	924	1	sub-archive index	unknown	5.46	0	0	0	0	
45		\_DATA\KABU_00.KBD	0x747000	4772	888	1	pack	pack[4]{unknownx4}	4.83	0	0	0	0	
46		\_DATA\KABU_01.KBD	0x747800	4773	876	1	pack	pack[4]{unknownx4}	4.90	0	0	0	0	
47		\_DATA\KABU_02.KBD	0x748000	4774	844	1	pack	pack[4]{unknownx4}	4.93	0	0	0	0	
48		\_DATA\KABU_03.KBD	0x748800	4775	844	1	pack	pack[4]{unknownx4}	4.93	0	0	0	0	
49		\_DATA\KABU_04.KBD	0x749000	4776	812	1	pack	pack[4]{unknownx4}	4.85	0	0	0	0	
50		\_DATA\KAGO.BIN	0x749800	4777	11108	6	pack	pack[4]{TIM pack[1]{unknown} unknownx2}	5.76	0	1	0	0	
51		\_DATA\KAGO2.BIN	0x74c800	4783	696	1	TIM	TIM	2.35	0	1	0	0	
52		\_DATA\KAGO_UV.BIN	0x74d000	4784	220	1	unknown	unknown	2.44	0	0	0	0	
53		\_DATA\MDLTIM.RTM	0x74d800	4785	106316	52	pack	pack[4]{TIM pack[11]{TIMx11} pack[17]{TIMx17} unknown}	5.24	0	29	0	0	
54		\_DATA\MI00.BIN	0x767800	4837	8240	5	pack	pack[4]{TIM pack[2]{unknownx2} unknownx2}	4.37	0	1	0	0	
55		\_DATA\MI01.BIN	0x76a000	4842	8240	5	pack	pack[4]{TIM pack[2]{unknownx2} unknownx2}	4.35	0	1	1	1	
56		\_DATA\MI02.BIN	0x76c800	4847	5536	3	pack	pack[4]{TIM pack[2]{unknownx2} unknownx2}	4.36	0	1	0	0	
57		\_DATA\MI03.BIN	0x76e000	4850	9872	5	pack	pack[4]{TIM pack[3]{unknownx3} unknownx2}	4.38	0	1	0	0	
58		\_DATA\MI04.BIN	0x770800	4855	7448	4	pack	pack[4]{TIM pack[3]{unknownx3} unknownx2}	4.34	0	1	0	0	
59		\_DATA\MI05.BIN	0x772800	4859	7504	4	pack	pack[4]{TIM pack[3]{unknownx3} unknownx2}	4.67	0	1	0	0	
60		\_DATA\MI06.BIN	0x774800	4863	9628	5	pack	pack[4]{TIM pack[3]{unknownx3} unknownx2}	4.58	0	1	0	0	
61		\_DATA\MI07.BIN	0x777000	4868	10540	6	pack	pack[4]{TIM pack[3]{unknownx3} unknownx2}	5.56	0	1	0	0	
62		\_DATA\MI08.BIN	0x77a000	4874	9252	5	pack	pack[4]{TIM pack[3]{unknownx3} unknownx2}	5.15	0	1	0	0	
63		\_DATA\MI09.BIN	0x77c800	4879	8788	5	pack	pack[4]{TIM pack[3]{unknownx3} unknownx2}	5.22	0	1	0	0	
64		\_DATA\MI10.BIN	0x77f000	4884	7480	4	pack	pack[4]{TIM pack[3]{unknownx3} unknownx2}	4.68	0	1	0	0	
65		\_DATA\MI11.BIN	0x781000	4888	8288	5	pack	pack[4]{TIM pack[2]{unknownx2} unknownx2}	4.52	0	1	0	0	
66		\_DATA\MI12.BIN	0x783800	4893	8800	5	pack	pack[4]{TIM pack[2]{unknownx2} unknownx2}	4.62	0	1	0	0	
67		\_DATA\MI13.BIN	0x786000	4898	9716	5	pack	pack[4]{TIM pack[2]{unknownx2} unknownx2}	5.18	0	1	0	0	
68		\_DATA\MI14.BIN	0x788800	4903	7400	4	pack	pack[4]{TIM pack[2]{unknownx2} unknownx2}	5.21	0	1	0	0	
69		\_DATA\MI15.BIN	0x78a800	4907	9460	5	pack	pack[4]{TIM pack[2]{unknownx2} unknownx2}	5.27	0	1	0	0	
70		\_DATA\MI16.BIN	0x78d000	4912	10992	6	pack	pack[4]{TIM pack[3]{unknownx3} unknownx2}	4.85	0	1	0	0	
71		\_DATA\MI17.BIN	0x790000	4918	9748	5	pack	pack[4]{TIM pack[3]{unknownx3} unknownx2}	4.69	0	1	0	0	
72		\_DATA\MI18.BIN	0x792800	4923	8656	5	pack	pack[4]{TIM pack[2]{unknownx2} unknownx2}	4.92	0	1	0	0	
73		\_DATA\MI19.BIN	0x795000	4928	9880	5	pack	pack[4]{TIM pack[3]{unknownx3} unknownx2}	4.42	0	1	0	0	
74		\_DATA\MI20.BIN	0x797800	4933	9396	5	pack	pack[4]{TIM pack[3]{unknownx3} unknownx2}	5.28	0	1	0	0	
75		\_DATA\MI21.BIN	0x79a000	4938	10672	6	pack	pack[4]{TIM pack[3]{unknownx3} unknownx2}	4.92	0	1	0	0	
76		\_DATA\MI22.BIN	0x79d000	4944	6904	4	pack	pack[4]{TIM pack[3]{unknownx3} unknownx2}	5.39	0	1	0	0	
77		\_DATA\MI23.BIN	0x79f000	4948	13764	7	pack	pack[4]{TIM pack[2]{unknownx2} unknownx2}	4.40	0	1	0	0	
78		\_DATA\MI24.BIN	0x7a2800	4955	12380	7	pack	pack[4]{TIM pack[2]{unknownx2} unknownx2}	4.91	0	1	0	0	
79		\_DATA\MI25.BIN	0x7a6000	4962	14108	7	pack	pack[4]{TIM pack[2]{unknownx2} unknownx2}	4.99	0	1	0	0	
80		\_DATA\MI26.BIN	0x7a9800	4969	15140	8	pack	pack[4]{TIM pack[2]{unknownx2} unknownx2}	5.17	0	1	0	0	
81		\_DATA\MI27.BIN	0x7ad800	4977	15064	8	pack	pack[4]{TIM pack[2]{unknownx2} unknownx2}	4.69	0	1	0	0	
82		\_DATA\MI28.BIN	0x7b1800	4985	15148	8	pack	pack[4]{TIM pack[2]{unknownx2} unknownx2}	4.86	0	1	0	0	
83		\_DATA\MI29.BIN	0x7b5800	4993	14784	8	pack	pack[4]{TIM pack[2]{unknownx2} unknownx2}	4.57	0	1	0	0	
84		\_DATA\MI30.BIN	0x7b9800	5001	13792	7	pack	pack[4]{TIM pack[2]{unknownx2} unknownx2}	4.54	0	1	0	0	
85		\_DATA\MI31.BIN	0x7bd000	5008	7988	4	pack	pack[4]{TIM pack[2]{unknownx2} unknownx2}	5.56	0	1	0	0	
86		\_DATA\MI32.BIN	0x7bf000	5012	9440	5	pack	pack[4]{TIM pack[2]{unknownx2} unknownx2}	4.46	0	1	0	0	
87		\_DATA\MI33.BIN	0x7c1800	5017	9120	5	pack	pack[4]{TIM pack[2]{unknownx2} unknownx2}	4.81	0	1	0	0	
88		\_DATA\MI34.BIN	0x7c4000	5022	10056	5	pack	pack[4]{TIM pack[2]{unknownx2} unknownx2}	4.73	0	1	1	1	
89		\_DATA\MI35.BIN	0x7c6800	5027	10056	5	pack	pack[4]{TIM pack[2]{unknownx2} unknownx2}	4.73	0	1	1	1	
90		\_DATA\MI36.BIN	0x7c9000	5032	9440	5	pack	pack[4]{TIM pack[2]{unknownx2} unknownx2}	4.71	0	1	0	0	
91		\_DATA\MI37.BIN	0x7cb800	5037	9088	5	pack	pack[4]{TIM pack[2]{unknownx2} unknownx2}	4.51	0	1	0	0	
92		\_DATA\MI38.BIN	0x7ce000	5042	7856	4	pack	pack[4]{TIM pack[2]{unknownx2} unknownx2}	4.24	0	1	0	0	
93		\_DATA\MI39.BIN	0x7d0000	5046	10704	6	pack	pack[4]{TIM pack[2]{unknownx2} unknownx2}	4.64	0	1	2	2	
94		\_DATA\MI40.BIN	0x7d3000	5052	8920	5	pack	pack[4]{TIM pack[2]{unknownx2} unknownx2}	4.69	0	1	0	0	
95		\_DATA\MI41.BIN	0x7d5800	5057	8976	5	pack	pack[4]{TIM pack[2]{unknownx2} unknownx2}	5.66	0	1	0	0	
96		\_DATA\MI42.BIN	0x7d8000	5062	9064	5	pack	pack[4]{TIM pack[2]{unknownx2} unknownx2}	5.55	0	1	0	0	
97		\_DATA\MI43.BIN	0x7da800	5067	8296	5	pack	pack[4]{TIM pack[2]{unknownx2} unknownx2}	5.32	1	1	0	0	zero sector in /3:TIM
98		\_DATA\MI44.BIN	0x7dd000	5072	9416	5	pack	pack[4]{TIM pack[2]{unknownx2} unknownx2}	5.56	0	1	0	0	
99		\_DATA\MI45.BIN	0x7df800	5077	8700	5	pack	pack[4]{TIM pack[2]{unknownx2} unknownx2}	5.87	0	1	0	0	
100		\_DATA\MI46.BIN	0x7e2000	5082	7844	4	pack	pack[4]{TIM pack[2]{unknownx2} unknownx2}	5.38	0	1	0	0	
101		\_DATA\MI47.BIN	0x7e4000	5086	9336	5	pack	pack[4]{TIM pack[2]{unknownx2} unknownx2}	5.97	0	1	0	0	
102		\_DATA\MI48.BIN	0x7e6800	5091	7800	4	pack	pack[4]{TIM pack[2]{unknownx2} unknownx2}	5.34	0	1	0	0	
103		\_DATA\MI49.BIN	0x7e8800	5095	7368	4	pack	pack[4]{TIM pack[2]{unknownx2} unknownx2}	6.00	0	1	0	0	
104		\_DATA\MI50.BIN	0x7ea800	5099	9612	5	pack	pack[4]{TIM pack[2]{unknownx2} unknownx2}	5.54	0	1	0	0	
105		\_DATA\MI51.BIN	0x7ed000	5104	9632	5	pack	pack[4]{TIM pack[2]{unknownx2} unknownx2}	5.67	0	1	0	0	
106		\_DATA\MI52.BIN	0x7ef800	5109	9672	5	pack	pack[4]{TIM pack[2]{unknownx2} unknownx2}	5.80	0	1	0	0	
107		\_DATA\MI53.BIN	0x7f2000	5114	8376	5	pack	pack[4]{TIM pack[2]{unknownx2} unknownx2}	5.87	0	1	0	0	
108		\_DATA\MI54.BIN	0x7f4800	5119	9912	5	pack	pack[4]{TIM pack[2]{unknownx2} unknownx2}	5.82	0	1	0	0	
109		\_DATA\MI55.BIN	0x7f7000	5124	8632	5	pack	pack[4]{TIM pack[2]{unknownx2} unknownx2}	5.50	0	1	0	0	
110		\_DATA\MI56.BIN	0x7f9800	5129	15196	8	pack	pack[4]{TIM pack[2]{unknownx2} unknownx2}	4.93	0	1	0	0	
111		\_DATA\MI57.BIN	0x7fd800	5137	15012	8	pack	pack[4]{TIM pack[2]{unknownx2} unknownx2}	4.66	0	1	0	0	
112		\_DATA\MI58.BIN	0x801800	5145	13012	7	pack	pack[4]{TIM pack[2]{unknownx2} unknownx2}	4.84	0	1	0	0	
113		\_DATA\MI59.BIN	0x805000	5152	11940	6	pack	pack[4]{TIM pack[2]{unknownx2} unknownx2}	4.27	0	1	0	0	
114		\_DATA\MI60.BIN	0x808000	5158	56484	28	pack	pack[4]{TIM pack[14]{unknownx14} unknownx2}	5.08	0	1	0	0	
115		\_DATA\MITIM.BIN	0x816000	5186	5472	3	TIM	TIM	5.64	0	1	0	0	
116		\_DATA\MOPA1.BIN	0x817800	5189	77964	39	pack	pack[2]{TIM unknown}	6.97	0	1	0	0	
117		\_DATA\MOPA2.BIN	0x82b000	5228	78560	39	pack	pack[2]{TIM unknown}	7.06	0	1	0	0	
118		\_DATA\MOPA3.BIN	0x83e800	5267	78584	39	pack	pack[2]{TIM unknown}	6.48	0	1	0	0	
119		\_DATA\MOPA4.BIN	0x852000	5306	79192	39	pack	pack[2]{TIM unknown}	6.62	0	1	0	0	
120		\_DATA\MOPA5.BIN	0x865800	5345	79812	39	pack	pack[2]{TIM unknown}	6.07	0	1	0	0	
121		\_DATA\MOPA6.BIN	0x879000	5384	79620	39	pack	pack[2]{TIM unknown}	6.38	0	1	0	0	
122		\_DATA\MOPN1.BIN	0x88c800	5423	77976	39	pack	pack[2]{TIM unknown}	6.96	0	1	0	0	
123		\_DATA\MOPN2.BIN	0x8a0000	5462	78572	39	pack	pack[2]{TIM unknown}	7.07	0	1	0	0	
124		\_DATA\MOPN3.BIN	0x8b3800	5501	78596	39	pack	pack[2]{TIM unknown}	6.34	0	1	0	0	
125		\_DATA\MOPN4.BIN	0x8c7000	5540	78668	39	pack	pack[2]{TIM unknown}	6.12	0	1	0	0	
126		\_DATA\MOPN5.BIN	0x8da800	5579	79300	39	pack	pack[2]{TIM unknown}	5.61	0	1	0	0	
127		\_DATA\MOPN6.BIN	0x8ee000	5618	78500	39	pack	pack[2]{TIM unknown}	6.73	0	1	0	0	
128		\_DATA\MOV_VOL.BIN	0x901800	5657	1744	1	unknown	unknown	3.18	0	0	0	0	
129		\_DATA\MUSI.OVL	0x902000	5658	88466	44	code overlay	code	5.57	1	0	0	0	zero sector in /:code
130		\_DATA\MUSIDATA.BIN	0x918000	5702	600	1	unknown	unknown	3.99	0	0	0	0	
131		\_DATA\MZ.BIN	0x918800	5703	576	1	TIM	TIM	5.02	0	1	1	0	
132		\_DATA\MZ00.BIN	0x919000	5704	118480	58	pack	pack[4]{TIMx2 unknownx2}	5.94	0	2	0	0	
133		\_DATA\MZ01.BIN	0x936000	5762	28936	15	pack	pack[2]{TIM unknown}	4.69	0	1	0	0	
134		\_DATA\MZ02.BIN	0x93d800	5777	85184	42	TIM	TIM	6.88	0	1	0	0	
135		\_DATA\MZFURIN.BIN	0x952800	5819	19492	10	pack	pack[4]{TIMx4}	6.23	0	4	0	0	
136		\_DATA\MZKAN.BIN	0x957800	5829	1828	1	pack	pack[2]{TIM unknown}	4.78	0	1	0	0	
137		\_DATA\MZKAN0.BIN	0x958000	5830	431356	211	pack	pack[9]{TIMx9}	5.93	0	9	0	0	
138		\_DATA\MZKAN1.BIN	0x9c1800	6041	431356	211	pack	pack[9]{TIMx9}	6.12	0	9	0	0	
139		\_DATA\MZ_A01.BIN	0xa2b000	6252	77964	39	pack	pack[2]{TIM unknown}	7.02	0	1	0	0	
140		\_DATA\MZ_A08.BIN	0xa3e800	6291	78548	39	pack	pack[2]{TIM unknown}	6.40	0	1	0	0	
141		\_DATA\MZ_N01.BIN	0xa52000	6330	77964	39	pack	pack[2]{TIM unknown}	7.02	0	1	0	0	
142		\_DATA\MZ_N08.BIN	0xa65800	6369	77964	39	pack	pack[2]{TIM unknown}	7.02	0	1	0	0	
143	0	\_DATA\M_FILES.BIN\M_A01000.BIN	0xa79000	6408	154280	76	map pack	pack[7]{TIMx2 unknownx5}	5.60	0	6	3	0	
143	1	\_DATA\M_FILES.BIN\M_A01100.BIN	0xa9f000	6484	153256	75	map pack	pack[7]{TIMx2 unknownx5}	5.73	0	6	3	0	
143	2	\_DATA\M_FILES.BIN\M_A02000.BIN	0xac4800	6559	152688	75	map pack	pack[7]{TIMx2 unknownx4 zero}	5.14	0	4	1	1	
143	3	\_DATA\M_FILES.BIN\M_A02100.BIN	0xaea000	6634	153436	75	map pack	pack[7]{TIMx2 unknownx4 zero}	5.31	0	4	0	0	
143	4	\_DATA\M_FILES.BIN\M_A03000.BIN	0xb0f800	6709	165396	81	map pack	pack[7]{TIMx2 unknownx5}	5.50	0	6	20	3	
143	5	\_DATA\M_FILES.BIN\M_A03100.BIN	0xb38000	6790	163860	81	map pack	pack[7]{TIMx2 unknownx5}	5.26	1	6	17	0	zero sector in /6:TIM
143	6	\_DATA\M_FILES.BIN\M_A04000.BIN	0xb60800	6871	138476	68	map pack	pack[7]{TIMx2 unknownx4 zero}	5.85	0	6	0	0	
143	7	\_DATA\M_FILES.BIN\M_A04001.BIN	0xb82800	6939	138476	68	map pack	pack[7]{TIMx2 unknownx4 zero}	5.85	0	6	0	0	
143	8	\_DATA\M_FILES.BIN\M_A04100.BIN	0xba4800	7007	139500	69	map pack	pack[7]{TIMx2 unknownx4 zero}	6.04	1	6	0	0	zero sector in /6:TIM
143	9	\_DATA\M_FILES.BIN\M_A04101.BIN	0xbc7000	7076	139500	69	map pack	pack[7]{TIMx2 unknownx4 zero}	6.04	1	6	0	0	zero sector in /6:TIM
143	10	\_DATA\M_FILES.BIN\M_A05000.BIN	0xbe9800	7145	169808	83	map pack	pack[7]{TIMx2 unknownx5}	4.67	0	6	1	0	
143	11	\_DATA\M_FILES.BIN\M_A05100.BIN	0xc13000	7228	169296	83	map pack	pack[7]{TIMx2 unknownx5}	4.87	0	6	1	0	
143	12	\_DATA\M_FILES.BIN\M_A06000.BIN	0xc3c800	7311	205412	101	map pack	pack[7]{TIMx2 unknownx5}	4.43	1	5	26	0	zero sector in /6:TIM
143	13	\_DATA\M_FILES.BIN\M_A06100.BIN	0xc6f000	7412	205412	101	map pack	pack[7]{TIMx2 unknownx5}	4.42	1	5	26	0	zero sector in /6:TIM
143	14	\_DATA\M_FILES.BIN\M_A07000.BIN	0xca1800	7513	174656	86	map pack	pack[7]{TIMx2 unknownx5}	4.63	1	6	16	0	zero sector in /6:TIM
143	15	\_DATA\M_FILES.BIN\M_A07001.BIN	0xccc800	7599	173600	85	map pack	pack[7]{TIMx2 unknownx5}	4.62	0	6	14	0	
143	16	\_DATA\M_FILES.BIN\M_A07100.BIN	0xcf7000	7684	174656	86	map pack	pack[7]{TIMx2 unknownx5}	4.67	1	6	16	0	zero sector in /6:TIM
143	17	\_DATA\M_FILES.BIN\M_A07101.BIN	0xd22000	7770	173600	85	map pack	pack[7]{TIMx2 unknownx5}	4.67	0	6	14	0	
143	18	\_DATA\M_FILES.BIN\M_A08000.BIN	0xd4c800	7855	159980	79	map pack	pack[7]{TIMx2 unknownx4 zero}	4.51	1	6	0	0	zero sector in /6:TIM
143	19	\_DATA\M_FILES.BIN\M_A08001.BIN	0xd74000	7934	159980	79	map pack	pack[7]{TIMx2 unknownx4 zero}	4.51	1	6	0	0	zero sector in /6:TIM
143	20	\_DATA\M_FILES.BIN\M_A08100.BIN	0xd9b800	8013	159980	79	map pack	pack[7]{TIMx2 unknownx4 zero}	4.41	1	6	0	0	zero sector in /6:TIM
143	21	\_DATA\M_FILES.BIN\M_A08101.BIN	0xdc3000	8092	159980	79	map pack	pack[7]{TIMx2 unknownx4 zero}	4.41	1	6	0	0	zero sector in /6:TIM
143	22	\_DATA\M_FILES.BIN\M_A09000.BIN	0xdea800	8171	216744	106	map pack	pack[7]{TIMx2 unknownx5}	4.80	0	5	11	0	
143	23	\_DATA\M_FILES.BIN\M_A09001.BIN	0xe1f800	8277	211820	104	map pack	pack[7]{TIMx2 unknownx5}	4.79	0	5	0	0	
143	24	\_DATA\M_FILES.BIN\M_A09100.BIN	0xe53800	8381	214184	105	map pack	pack[7]{TIMx2 unknownx5}	4.81	0	5	11	0	
143	25	\_DATA\M_FILES.BIN\M_A09101.BIN	0xe88000	8486	209260	103	map pack	pack[7]{TIMx2 unknownx5}	4.79	0	5	0	0	
143	26	\_DATA\M_FILES.BIN\M_A10000.BIN	0xebb800	8589	192972	95	map pack	pack[7]{TIMx2 unknownx4 zero}	4.28	1	5	0	0	zero sector in /6:TIM
143	27	\_DATA\M_FILES.BIN\M_A10001.BIN	0xeeb000	8684	193992	95	map pack	pack[7]{TIMx2 unknownx5}	4.29	0	5	7	0	
143	28	\_DATA\M_FILES.BIN\M_A10002.BIN	0xf1a800	8779	193388	95	map pack	pack[7]{TIMx2 unknownx5}	4.28	0	5	2	0	
143	29	\_DATA\M_FILES.BIN\M_A10100.BIN	0xf4a000	8874	189428	93	map pack	pack[7]{TIMx2 unknownx4 zero}	4.54	0	5	0	0	
143	30	\_DATA\M_FILES.BIN\M_A10101.BIN	0xf78800	8967	190448	93	map pack	pack[7]{TIMx2 unknownx5}	4.55	0	5	7	0	
143	31	\_DATA\M_FILES.BIN\M_A10102.BIN	0xfa7000	9060	189844	93	map pack	pack[7]{TIMx2 unknownx5}	4.54	0	5	2	0	
143	32	\_DATA\M_FILES.BIN\M_A11000.BIN	0xfd5800	9153	162256	80	map pack	pack[7]{TIMx2 unknownx5}	5.83	0	4	8	0	
143	33	\_DATA\M_FILES.BIN\M_A11100.BIN	0xffd800	9233	162256	80	map pack	pack[7]{TIMx2 unknownx5}	5.77	0	4	8	0	
143	34	\_DATA\M_FILES.BIN\M_A12000.BIN	0x1025800	9313	177580	87	map pack	pack[7]{TIMx2 unknownx5}	4.83	0	6	2	0	
143	35	\_DATA\M_FILES.BIN\M_A12100.BIN	0x1051000	9400	177580	87	map pack	pack[7]{TIMx2 unknownx5}	4.80	0	6	2	0	
143	36	\_DATA\M_FILES.BIN\M_A13000.BIN	0x107c800	9487	208428	102	map pack	pack[7]{TIMx2 unknownx5}	4.58	0	6	3	0	
143	37	\_DATA\M_FILES.BIN\M_A13001.BIN	0x10af800	9589	207096	102	map pack	pack[7]{TIMx2 unknownx4 zero}	4.57	1	6	0	0	zero sector in /6:TIM
143	38	\_DATA\M_FILES.BIN\M_A13002.BIN	0x10e2800	9691	209308	103	map pack	pack[7]{TIMx2 unknownx5}	4.59	1	6	7	0	zero sector in /6:TIM
143	39	\_DATA\M_FILES.BIN\M_A13100.BIN	0x1116000	9794	208468	102	map pack	pack[7]{TIMx2 unknownx5}	4.55	0	6	3	0	
143	40	\_DATA\M_FILES.BIN\M_A13101.BIN	0x1149000	9896	209380	103	map pack	pack[7]{TIMx2 unknownx5}	4.56	1	6	7	0	zero sector in /6:TIM
143	41	\_DATA\M_FILES.BIN\M_A13102.BIN	0x117c800	9999	209348	103	map pack	pack[7]{TIMx2 unknownx5}	4.56	1	6	7	0	zero sector in /6:TIM
143	42	\_DATA\M_FILES.BIN\M_A14000.BIN	0x11b0000	10102	172204	85	map pack	pack[7]{TIMx2 unknownx5}	4.92	1	4	9	0	zero sector in /6:TIM
143	43	\_DATA\M_FILES.BIN\M_A14100.BIN	0x11da800	10187	172204	85	map pack	pack[7]{TIMx2 unknownx5}	4.83	1	4	9	0	zero sector in /6:TIM
143	44	\_DATA\M_FILES.BIN\M_A15000.BIN	0x1205000	10272	175088	86	map pack	pack[7]{TIMx2 unknownx5}	4.77	0	4	15	0	
143	45	\_DATA\M_FILES.BIN\M_A15100.BIN	0x1230000	10358	166896	82	map pack	pack[7]{TIMx2 unknownx5}	5.03	0	4	15	0	
143	46	\_DATA\M_FILES.BIN\M_A16000.BIN	0x1259000	10440	163144	80	map pack	pack[7]{TIMx2 unknownx5}	5.27	1	5	7	0	zero sector in /6:TIM
143	47	\_DATA\M_FILES.BIN\M_A16004.BIN	0x1281000	10520	163344	80	map pack	pack[7]{TIMx2 unknownx5}	5.27	1	5	7	0	zero sector in /6:TIM
143	48	\_DATA\M_FILES.BIN\M_A16100.BIN	0x12a9000	10600	163144	80	map pack	pack[7]{TIMx2 unknownx5}	5.26	1	5	7	0	zero sector in /6:TIM
143	49	\_DATA\M_FILES.BIN\M_A16104.BIN	0x12d1000	10680	162944	80	map pack	pack[7]{TIMx2 unknownx5}	5.26	1	5	5	0	zero sector in /6:TIM
143	50	\_DATA\M_FILES.BIN\M_A17000.BIN	0x12f9000	10760	154072	76	map pack	pack[7]{TIMx2 unknownx5}	4.60	0	3	9	0	
143	51	\_DATA\M_FILES.BIN\M_A17100.BIN	0x131f000	10836	154072	76	map pack	pack[7]{TIMx2 unknownx5}	4.73	0	3	9	0	
143	52	\_DATA\M_FILES.BIN\M_A18000.BIN	0x1345000	10912	171456	84	map pack	pack[7]{TIMx2 unknownx5}	4.32	0	3	3	0	
143	53	\_DATA\M_FILES.BIN\M_A18001.BIN	0x136f000	10996	175432	86	map pack	pack[7]{TIMx2 unknownx5}	4.36	0	3	33	0	
143	54	\_DATA\M_FILES.BIN\M_A18002.BIN	0x139a000	11082	178104	87	map pack	pack[7]{TIMx2 unknownx5}	4.35	0	3	12	0	
143	55	\_DATA\M_FILES.BIN\M_A18100.BIN	0x13c5800	11169	171496	84	map pack	pack[7]{TIMx2 unknownx5}	4.35	0	3	3	0	
143	56	\_DATA\M_FILES.BIN\M_A18101.BIN	0x13ef800	11253	175472	86	map pack	pack[7]{TIMx2 unknownx5}	4.39	0	3	33	0	
143	57	\_DATA\M_FILES.BIN\M_A18102.BIN	0x141a800	11339	178144	87	map pack	pack[7]{TIMx2 unknownx5}	4.38	0	3	12	0	
143	58	\_DATA\M_FILES.BIN\M_A19000.BIN	0x1446000	11426	105680	52	map pack	pack[7]{TIMx2 unknownx5}	6.56	0	6	1	0	
143	59	\_DATA\M_FILES.BIN\M_A19100.BIN	0x1460000	11478	106192	52	map pack	pack[7]{TIMx2 unknownx5}	6.53	0	6	1	0	
143	60	\_DATA\M_FILES.BIN\M_B01000.BIN	0x147a000	11530	105860	52	map pack	pack[7]{TIMx2 unknownx4 zero}	5.78	0	5	0	0	
143	61	\_DATA\M_FILES.BIN\M_B01100.BIN	0x1494000	11582	105860	52	map pack	pack[7]{TIMx2 unknownx4 zero}	5.74	0	5	0	0	
143	62	\_DATA\M_FILES.BIN\M_B02000.BIN	0x14ae000	11634	151952	75	map pack	pack[7]{TIMx2 unknownx5}	5.63	1	4	4	0	zero sector in /6:TIM
143	63	\_DATA\M_FILES.BIN\M_B02100.BIN	0x14d3800	11709	134312	66	map pack	pack[7]{TIMx2 unknownx5}	5.90	0	4	4	0	
143	64	\_DATA\M_FILES.BIN\M_B03000.BIN	0x14f4800	11775	118060	58	map pack	pack[7]{TIMx2 unknownx5}	6.64	0	7	17	0	
143	65	\_DATA\M_FILES.BIN\M_B03001.BIN	0x1511800	11833	113280	56	map pack	pack[7]{TIMx2 unknownx4 zero}	6.65	0	7	0	0	
143	66	\_DATA\M_FILES.BIN\M_B03100.BIN	0x152d800	11889	117036	58	map pack	pack[7]{TIMx2 unknownx5}	6.57	0	7	17	0	
143	67	\_DATA\M_FILES.BIN\M_B03101.BIN	0x154a800	11947	112256	55	map pack	pack[7]{TIMx2 unknownx4 zero}	6.58	0	7	0	0	
143	68	\_DATA\M_FILES.BIN\M_B04000.BIN	0x1566000	12002	126412	62	map pack	pack[7]{TIMx2 unknownx4 zero}	5.11	0	6	1	1	
143	69	\_DATA\M_FILES.BIN\M_B04100.BIN	0x1585000	12064	126412	62	map pack	pack[7]{TIMx2 unknownx4 zero}	5.16	0	6	1	1	
143	70	\_DATA\M_FILES.BIN\M_B05000.BIN	0x15a4000	12126	142012	70	map pack	pack[7]{TIMx2 unknownx5}	5.40	0	4	3	0	
143	71	\_DATA\M_FILES.BIN\M_B05100.BIN	0x15c7000	12196	142012	70	map pack	pack[7]{TIMx2 unknownx5}	5.35	0	4	3	0	
143	72	\_DATA\M_FILES.BIN\M_B06000.BIN	0x15ea000	12266	143584	71	map pack	pack[7]{TIMx2 unknownx5}	5.78	0	4	1	0	
143	73	\_DATA\M_FILES.BIN\M_B06100.BIN	0x160d800	12337	143584	71	map pack	pack[7]{TIMx2 unknownx5}	5.59	0	4	1	0	
143	74	\_DATA\M_FILES.BIN\M_B07000.BIN	0x1631000	12408	183700	90	map pack	pack[7]{TIMx2 unknownx5}	4.46	0	6	15	0	
143	75	\_DATA\M_FILES.BIN\M_B07100.BIN	0x165e000	12498	181652	89	map pack	pack[7]{TIMx2 unknownx5}	4.83	0	6	15	0	
143	76	\_DATA\M_FILES.BIN\M_B08000.BIN	0x168a800	12587	147752	73	map pack	pack[7]{TIMx2 unknownx4 zero}	4.56	0	6	0	0	
143	77	\_DATA\M_FILES.BIN\M_B08100.BIN	0x16af000	12660	147752	73	map pack	pack[7]{TIMx2 unknownx4 zero}	4.69	0	6	0	0	
143	78	\_DATA\M_FILES.BIN\M_B09000.BIN	0x16d3800	12733	126896	62	map pack	pack[7]{TIMx2 unknownx4 zero}	5.32	0	5	0	0	
143	79	\_DATA\M_FILES.BIN\M_B09100.BIN	0x16f2800	12795	122800	60	map pack	pack[7]{TIMx2 unknownx4 zero}	5.38	0	5	0	0	
143	80	\_DATA\M_FILES.BIN\M_B10000.BIN	0x1710800	12855	117624	58	map pack	pack[7]{TIMx2 unknownx5}	6.05	0	3	3	2	
143	81	\_DATA\M_FILES.BIN\M_B10100.BIN	0x172d800	12913	110964	55	map pack	pack[7]{TIMx2 unknownx5}	6.32	1	3	1	0	zero sector in /6:TIM
143	82	\_DATA\M_FILES.BIN\M_B12000.BIN	0x1749000	12968	166964	82	map pack	pack[7]{TIMx2 unknownx5}	4.66	0	5	5	0	
143	83	\_DATA\M_FILES.BIN\M_B12100.BIN	0x1772000	13050	166964	82	map pack	pack[7]{TIMx2 unknownx5}	4.39	0	5	5	0	
143	84	\_DATA\M_FILES.BIN\M_B13000.BIN	0x179b000	13132	182376	90	map pack	pack[7]{TIMx2 unknownx4 zero}	5.12	1	4	0	0	zero sector in /6:TIM
143	85	\_DATA\M_FILES.BIN\M_B13001.BIN	0x17c8000	13222	189508	93	map pack	pack[7]{TIMx2 unknownx5}	5.15	0	4	40	0	
143	86	\_DATA\M_FILES.BIN\M_B13100.BIN	0x17f6800	13315	182376	90	map pack	pack[7]{TIMx2 unknownx4 zero}	5.24	1	4	0	0	zero sector in /6:TIM
143	87	\_DATA\M_FILES.BIN\M_B13101.BIN	0x1823800	13405	189508	93	map pack	pack[7]{TIMx2 unknownx5}	5.27	0	4	40	0	
143	88	\_DATA\M_FILES.BIN\M_B14000.BIN	0x1852000	13498	161208	79	map pack	pack[7]{TIMx2 unknownx4 zero}	5.20	0	7	0	0	
143	89	\_DATA\M_FILES.BIN\M_B14100.BIN	0x1879800	13577	158076	78	map pack	pack[7]{TIMx2 unknownx4 zero}	5.44	0	7	0	0	
143	90	\_DATA\M_FILES.BIN\M_B15000.BIN	0x18a0800	13655	130368	64	map pack	pack[7]{TIMx2 unknownx5}	6.09	0	6	2	0	
143	91	\_DATA\M_FILES.BIN\M_B15100.BIN	0x18c0800	13719	130368	64	map pack	pack[7]{TIMx2 unknownx5}	6.06	0	6	2	0	
143	92	\_DATA\M_FILES.BIN\M_B16000.BIN	0x18e0800	13783	166984	82	map pack	pack[7]{TIMx2 unknownx4 zero}	4.66	0	5	0	0	
143	93	\_DATA\M_FILES.BIN\M_B16100.BIN	0x1909800	13865	167024	82	map pack	pack[7]{TIMx2 unknownx4 zero}	4.58	0	5	0	0	
143	94	\_DATA\M_FILES.BIN\M_B17000.BIN	0x1932800	13947	134544	66	map pack	pack[7]{TIMx2 unknownx4 zero}	4.87	0	3	0	0	
143	95	\_DATA\M_FILES.BIN\M_B17100.BIN	0x1953800	14013	134544	66	map pack	pack[7]{TIMx2 unknownx4 zero}	4.99	0	3	0	0	
143	96	\_DATA\M_FILES.BIN\M_C01000.BIN	0x1974800	14079	164564	81	map pack	pack[7]{TIMx2 unknownx4 zero}	5.54	0	5	0	0	
143	97	\_DATA\M_FILES.BIN\M_C01100.BIN	0x199d000	14160	164564	81	map pack	pack[7]{TIMx2 unknownx4 zero}	5.16	0	5	0	0	
143	98	\_DATA\M_FILES.BIN\M_C02000.BIN	0x19c5800	14241	155056	76	map pack	pack[7]{TIMx2 unknownx5}	6.05	0	5	24	0	
143	99	\_DATA\M_FILES.BIN\M_C02100.BIN	0x19eb800	14317	141768	70	map pack	pack[7]{TIMx2 unknownx5}	6.09	0	5	24	0	
143	100	\_DATA\M_FILES.BIN\M_C03000.BIN	0x1a0e800	14387	203968	100	map pack	pack[7]{TIMx2 unknownx4 zero}	4.80	0	6	0	0	
143	101	\_DATA\M_FILES.BIN\M_C03100.BIN	0x1a40800	14487	203968	100	map pack	pack[7]{TIMx2 unknownx4 zero}	4.69	0	6	0	0	
143	102	\_DATA\M_FILES.BIN\M_C04000.BIN	0x1a72800	14587	145360	71	map pack	pack[7]{TIMx2 unknownx5}	6.22	0	6	14	0	
143	103	\_DATA\M_FILES.BIN\M_C04100.BIN	0x1a96000	14658	145360	71	map pack	pack[7]{TIMx2 unknownx5}	6.12	0	6	14	0	
143	104	\_DATA\M_FILES.BIN\M_C05000.BIN	0x1ab9800	14729	192464	94	map pack	pack[7]{TIMx2 unknownx5}	5.99	0	4	0	0	
143	105	\_DATA\M_FILES.BIN\M_C05100.BIN	0x1ae8800	14823	192464	94	map pack	pack[7]{TIMx2 unknownx5}	5.97	0	4	0	0	
143	106	\_DATA\M_FILES.BIN\M_C06000.BIN	0x1b17800	14917	132708	65	map pack	pack[7]{TIMx2 unknownx4 zero}	5.85	0	7	0	0	
143	107	\_DATA\M_FILES.BIN\M_C06001.BIN	0x1b38000	14982	132708	65	map pack	pack[7]{TIMx2 unknownx4 zero}	5.85	0	7	0	0	
143	108	\_DATA\M_FILES.BIN\M_C06100.BIN	0x1b58800	15047	132708	65	map pack	pack[7]{TIMx2 unknownx4 zero}	5.50	0	7	0	0	
143	109	\_DATA\M_FILES.BIN\M_C06101.BIN	0x1b79000	15112	132708	65	map pack	pack[7]{TIMx2 unknownx4 zero}	5.50	0	7	0	0	
143	110	\_DATA\M_FILES.BIN\M_C07000.BIN	0x1b99800	15177	138804	68	map pack	pack[7]{TIMx2 unknownx5}	5.42	0	5	16	0	
143	111	\_DATA\M_FILES.BIN\M_C07100.BIN	0x1bbb800	15245	138804	68	map pack	pack[7]{TIMx2 unknownx5}	5.80	0	5	16	0	
143	112	\_DATA\M_FILES.BIN\M_C08000.BIN	0x1bdd800	15313	130096	64	map pack	pack[7]{TIMx2 unknownx5}	6.00	0	6	3	0	
143	113	\_DATA\M_FILES.BIN\M_C08100.BIN	0x1bfd800	15377	130732	64	map pack	pack[7]{TIMx2 unknownx5}	5.97	0	6	3	0	
143	114	\_DATA\M_FILES.BIN\M_C09000.BIN	0x1c1d800	15441	139652	69	map pack	pack[7]{TIMx2 unknownx4 zero}	5.76	1	5	0	0	zero sector in /6:TIM
143	115	\_DATA\M_FILES.BIN\M_C09100.BIN	0x1c40000	15510	139652	69	map pack	pack[7]{TIMx2 unknownx4 zero}	5.85	1	5	0	0	zero sector in /6:TIM
143	116	\_DATA\M_FILES.BIN\M_C10000.BIN	0x1c62800	15579	154924	76	map pack	pack[7]{TIMx2 unknownx4 zero}	5.48	0	6	0	0	
143	117	\_DATA\M_FILES.BIN\M_C10100.BIN	0x1c88800	15655	154924	76	map pack	pack[7]{TIMx2 unknownx4 zero}	5.42	0	6	0	0	
143	118	\_DATA\M_FILES.BIN\M_C11000.BIN	0x1cae800	15731	185464	91	map pack	pack[7]{TIMx2 unknownx5}	6.35	0	6	7	0	
143	119	\_DATA\M_FILES.BIN\M_C11100.BIN	0x1cdc000	15822	185464	91	map pack	pack[7]{TIMx2 unknownx5}	6.25	0	6	7	0	
143	120	\_DATA\M_FILES.BIN\M_C12000.BIN	0x1d09800	15913	138348	68	map pack	pack[7]{TIMx2 unknownx4 zero}	5.71	0	5	0	0	
143	121	\_DATA\M_FILES.BIN\M_C12100.BIN	0x1d2b800	15981	138348	68	map pack	pack[7]{TIMx2 unknownx4 zero}	5.58	0	5	0	0	
143	122	\_DATA\M_FILES.BIN\M_C13000.BIN	0x1d4d800	16049	137748	68	map pack	pack[7]{TIMx2 unknownx4 zero}	5.42	0	4	0	0	
143	123	\_DATA\M_FILES.BIN\M_C13100.BIN	0x1d6f800	16117	137748	68	map pack	pack[7]{TIMx2 unknownx4 zero}	5.35	0	4	0	0	
143	124	\_DATA\M_FILES.BIN\M_C14000.BIN	0x1d91800	16185	171124	84	map pack	pack[7]{TIMx2 unknownx5}	5.35	0	3	11	0	
143	125	\_DATA\M_FILES.BIN\M_C14100.BIN	0x1dbb800	16269	171124	84	map pack	pack[7]{TIMx2 unknownx5}	5.55	0	3	11	0	
143	126	\_DATA\M_FILES.BIN\M_C15000.BIN	0x1de5800	16353	139988	69	map pack	pack[7]{TIMx2 unknownx5}	5.71	0	4	1	0	
143	127	\_DATA\M_FILES.BIN\M_C15100.BIN	0x1e08000	16422	139988	69	map pack	pack[7]{TIMx2 unknownx5}	5.80	0	4	1	0	
143	128	\_DATA\M_FILES.BIN\M_C16000.BIN	0x1e2a800	16491	164428	81	map pack	pack[7]{TIMx2 null unknownx3 zero}	5.67	0	2	0	0	
143	129	\_DATA\M_FILES.BIN\M_C16100.BIN	0x1e53000	16572	165492	81	map pack	pack[7]{TIMx2 null unknownx3 zero}	5.76	0	2	0	0	
143	130	\_DATA\M_FILES.BIN\M_C17000.BIN	0x1e7b800	16653	139528	69	map pack	pack[7]{TIMx2 unknownx4 zero}	5.50	1	3	0	0	zero sector in /6:TIM
143	131	\_DATA\M_FILES.BIN\M_C17100.BIN	0x1e9e000	16722	139528	69	map pack	pack[7]{TIMx2 unknownx4 zero}	5.93	1	3	0	0	zero sector in /6:TIM
143	132	\_DATA\M_FILES.BIN\M_C18000.BIN	0x1ec0800	16791	138148	68	map pack	pack[7]{TIMx2 unknownx5}	5.25	0	4	15	0	
143	133	\_DATA\M_FILES.BIN\M_C18100.BIN	0x1ee2800	16859	139864	69	map pack	pack[7]{TIMx2 unknownx5}	5.64	0	4	15	0	
143	134	\_DATA\M_FILES.BIN\M_C18101.BIN	0x1f05000	16928	139776	69	map pack	pack[7]{TIMx2 unknownx5}	5.64	0	4	15	0	
143	135	\_DATA\M_FILES.BIN\M_D01000.BIN	0x1f27800	16997	174416	86	map pack	pack[7]{TIMx2 unknownx4 zero}	5.34	1	6	0	0	zero sector in /6:TIM
143	136	\_DATA\M_FILES.BIN\M_D01001.BIN	0x1f52800	17083	174700	86	map pack	pack[7]{TIMx2 unknownx4 zero}	5.34	0	6	0	0	
143	137	\_DATA\M_FILES.BIN\M_D01002.BIN	0x1f7d800	17169	174688	86	map pack	pack[7]{TIMx2 unknownx4 zero}	5.34	0	6	0	0	
143	138	\_DATA\M_FILES.BIN\M_D01100.BIN	0x1fa8800	17255	174416	86	map pack	pack[7]{TIMx2 unknownx4 zero}	5.22	1	6	0	0	zero sector in /6:TIM
143	139	\_DATA\M_FILES.BIN\M_D01101.BIN	0x1fd3800	17341	174700	86	map pack	pack[7]{TIMx2 unknownx4 zero}	5.22	0	6	0	0	
143	140	\_DATA\M_FILES.BIN\M_D01102.BIN	0x1ffe800	17427	174688	86	map pack	pack[7]{TIMx2 unknownx4 zero}	5.22	0	6	0	0	
143	141	\_DATA\M_FILES.BIN\M_D02000.BIN	0x2029800	17513	172896	85	map pack	pack[7]{TIMx2 unknownx4 zero}	4.82	0	5	0	0	
143	142	\_DATA\M_FILES.BIN\M_D02100.BIN	0x2054000	17598	172896	85	map pack	pack[7]{TIMx2 unknownx4 zero}	4.73	0	5	0	0	
143	143	\_DATA\M_FILES.BIN\M_D03000.BIN	0x207e800	17683	134852	66	map pack	pack[7]{TIMx2 unknownx5}	5.60	0	4	1	0	
143	144	\_DATA\M_FILES.BIN\M_D03100.BIN	0x209f800	17749	134852	66	map pack	pack[7]{TIMx2 unknownx5}	5.56	0	4	1	0	
143	145	\_DATA\M_FILES.BIN\M_D04000.BIN	0x20c0800	17815	204368	100	map pack	pack[7]{TIMx2 unknownx4 zero}	5.46	0	4	0	0	
143	146	\_DATA\M_FILES.BIN\M_D04100.BIN	0x20f2800	17915	204368	100	map pack	pack[7]{TIMx2 unknownx4 zero}	5.48	0	4	0	0	
143	147	\_DATA\M_FILES.BIN\M_D05000.BIN	0x2124800	18015	156552	77	map pack	pack[7]{TIMx2 unknownx4 zero}	4.41	0	3	0	0	
143	148	\_DATA\M_FILES.BIN\M_D05100.BIN	0x214b000	18092	156552	77	map pack	pack[7]{TIMx2 unknownx4 zero}	4.32	0	3	0	0	
143	149	\_DATA\M_FILES.BIN\M_D06000.BIN	0x2171800	18169	141580	70	map pack	pack[7]{TIMx2 unknownx5}	4.38	1	3	6	0	zero sector in /6:TIM
143	150	\_DATA\M_FILES.BIN\M_D06001.BIN	0x2194800	18239	140780	69	map pack	pack[7]{TIMx2 unknownx5}	4.37	0	3	1	0	
143	151	\_DATA\M_FILES.BIN\M_D06100.BIN	0x21b7000	18308	141580	70	map pack	pack[7]{TIMx2 unknownx5}	4.23	1	3	6	0	zero sector in /6:TIM
143	152	\_DATA\M_FILES.BIN\M_D06101.BIN	0x21da000	18378	140780	69	map pack	pack[7]{TIMx2 unknownx5}	4.23	0	3	1	0	
143	153	\_DATA\M_FILES.BIN\M_D07000.BIN	0x21fc800	18447	186560	92	map pack	pack[7]{TIMx2 unknownx5}	5.57	1	6	32	0	zero sector in /6:TIM
143	154	\_DATA\M_FILES.BIN\M_D07001.BIN	0x222a800	18539	125596	62	map pack	pack[7]{TIMx2 unknownx5}	6.15	0	6	0	0	
143	155	\_DATA\M_FILES.BIN\M_D07002.BIN	0x2249800	18601	90292	45	map pack	pack[7]{TIMx2 unknownx4 zero}	6.49	0	6	0	0	
143	156	\_DATA\M_FILES.BIN\M_D07100.BIN	0x2260000	18646	175052	86	map pack	pack[7]{TIMx2 unknownx5}	5.19	0	6	32	0	
143	157	\_DATA\M_FILES.BIN\M_D07101.BIN	0x228b000	18732	125084	62	map pack	pack[7]{TIMx2 unknownx5}	6.11	1	6	0	0	zero sector in /6:TIM
143	158	\_DATA\M_FILES.BIN\M_D07102.BIN	0x22aa000	18794	90292	45	map pack	pack[7]{TIMx2 unknownx4 zero}	6.48	0	6	0	0	
143	159	\_DATA\M_FILES.BIN\M_D09000.BIN	0x22c0800	18839	141744	70	map pack	pack[7]{TIMx2 unknownx4 zero}	5.83	0	6	0	0	
143	160	\_DATA\M_FILES.BIN\M_D09001.BIN	0x22e3800	18909	141860	70	map pack	pack[7]{TIMx2 unknownx5}	5.83	0	6	0	0	
143	161	\_DATA\M_FILES.BIN\M_D09100.BIN	0x2306800	18979	139824	69	map pack	pack[7]{TIMx2 unknownx4 zero}	6.16	0	6	0	0	
143	162	\_DATA\M_FILES.BIN\M_D09101.BIN	0x2329000	19048	139824	69	map pack	pack[7]{TIMx2 unknownx4 zero}	6.16	0	6	0	0	
143	163	\_DATA\M_FILES.BIN\M_D10000.BIN	0x234b800	19117	184796	91	map pack	pack[7]{TIMx2 unknownx5}	5.22	0	7	7	0	
143	164	\_DATA\M_FILES.BIN\M_D10100.BIN	0x2379000	19208	184796	91	map pack	pack[7]{TIMx2 unknownx5}	5.69	0	7	7	0	
143	165	\_DATA\M_FILES.BIN\M_D11000.BIN	0x23a6800	19299	142804	70	map pack	pack[7]{TIMx2 unknownx5}	6.35	0	5	1	0	
143	166	\_DATA\M_FILES.BIN\M_D11001.BIN	0x23c9800	19369	142900	70	map pack	pack[7]{TIMx2 unknownx5}	6.35	0	5	1	0	
143	167	\_DATA\M_FILES.BIN\M_D11100.BIN	0x23ec800	19439	144364	71	map pack	pack[7]{TIMx2 unknownx5}	6.10	0	5	1	0	
143	168	\_DATA\M_FILES.BIN\M_D12000.BIN	0x2410000	19510	159556	78	map pack	pack[7]{TIMx2 unknownx4 zero}	5.35	0	5	0	0	
143	169	\_DATA\M_FILES.BIN\M_D12100.BIN	0x2437000	19588	159556	78	map pack	pack[7]{TIMx2 unknownx4 zero}	5.33	0	5	0	0	
143	170	\_DATA\M_FILES.BIN\M_D13000.BIN	0x245e000	19666	123572	61	map pack	pack[7]{TIMx2 unknownx4 zero}	6.16	0	5	0	0	
143	171	\_DATA\M_FILES.BIN\M_D13100.BIN	0x247c800	19727	123572	61	map pack	pack[7]{TIMx2 unknownx4 zero}	5.77	0	5	0	0	
143	172	\_DATA\M_FILES.BIN\M_D14000.BIN	0x249b000	19788	140848	69	map pack	pack[7]{TIMx2 unknownx5}	5.55	0	5	3	0	
143	173	\_DATA\M_FILES.BIN\M_D14100.BIN	0x24bd800	19857	140848	69	map pack	pack[7]{TIMx2 unknownx5}	5.28	0	5	3	0	
143	174	\_DATA\M_FILES.BIN\M_D15000.BIN	0x24e0000	19926	119012	59	map pack	pack[7]{TIMx2 unknownx4 zero}	4.93	1	5	0	0	zero sector in /6:TIM
143	175	\_DATA\M_FILES.BIN\M_D15100.BIN	0x24fd800	19985	153992	76	map pack	pack[7]{TIMx2 unknownx4 zero}	6.11	0	5	0	0	
143	176	\_DATA\M_FILES.BIN\M_D16000.BIN	0x2523800	20061	134996	66	map pack	pack[7]{TIMx2 unknownx5}	5.86	0	5	11	0	
143	177	\_DATA\M_FILES.BIN\M_D16100.BIN	0x2544800	20127	141188	69	map pack	pack[7]{TIMx2 unknownx5}	5.41	0	5	11	0	
143	178	\_DATA\M_FILES.BIN\M_E01000.BIN	0x2567000	20196	164792	81	map pack	pack[7]{TIMx2 unknownx4 zero}	4.38	1	6	0	0	zero sector in /6:TIM
143	179	\_DATA\M_FILES.BIN\M_E01100.BIN	0x258f800	20277	164792	81	map pack	pack[7]{TIMx2 unknownx4 zero}	4.60	0	6	0	0	
143	180	\_DATA\M_FILES.BIN\M_E02000.BIN	0x25b8000	20358	143980	71	map pack	pack[7]{TIMx2 unknownx5}	5.31	0	6	12	0	
143	181	\_DATA\M_FILES.BIN\M_E02100.BIN	0x25db800	20429	143940	71	map pack	pack[7]{TIMx2 unknownx5}	5.51	0	6	12	0	
143	182	\_DATA\M_FILES.BIN\M_E03000.BIN	0x25ff000	20500	174824	86	map pack	pack[7]{TIMx2 unknownx4 zero}	4.25	0	5	0	0	
143	183	\_DATA\M_FILES.BIN\M_E03100.BIN	0x262a000	20586	172264	85	map pack	pack[7]{TIMx2 unknownx4 zero}	4.45	1	5	0	0	zero sector in /6:TIM
143	184	\_DATA\M_FILES.BIN\M_E04000.BIN	0x2654800	20671	139024	68	map pack	pack[7]{TIMx2 unknownx4 zero}	5.24	0	7	0	0	
143	185	\_DATA\M_FILES.BIN\M_E04100.BIN	0x2676800	20739	139024	68	map pack	pack[7]{TIMx2 unknownx4 zero}	5.06	0	7	0	0	
143	186	\_DATA\M_FILES.BIN\M_E05000.BIN	0x2698800	20807	106932	53	map pack	pack[7]{TIMx2 unknownx5}	5.35	0	6	0	0	
143	187	\_DATA\M_FILES.BIN\M_E05100.BIN	0x26b3000	20860	106932	53	map pack	pack[7]{TIMx2 unknownx5}	5.55	0	6	0	0	
143	188	\_DATA\M_FILES.BIN\M_E06000.BIN	0x26cd800	20913	133196	66	map pack	pack[7]{TIMx2 unknownx4 zero}	5.50	1	8	0	0	zero sector in /6:TIM
143	189	\_DATA\M_FILES.BIN\M_E06100.BIN	0x26ee800	20979	133196	66	map pack	pack[7]{TIMx2 unknownx4 zero}	5.87	1	8	0	0	zero sector in /6:TIM
143	190	\_DATA\M_FILES.BIN\M_E07000.BIN	0x270f800	21045	134176	66	map pack	pack[7]{TIMx2 unknownx4 zero}	5.63	0	8	0	0	
143	191	\_DATA\M_FILES.BIN\M_E07100.BIN	0x2730800	21111	134176	66	map pack	pack[7]{TIMx2 unknownx4 zero}	5.63	0	8	0	0	
143	192	\_DATA\M_FILES.BIN\M_E08000.BIN	0x2751800	21177	149556	74	map pack	pack[7]{TIMx2 unknownx5}	5.64	1	5	1	0	zero sector in /6:TIM
143	193	\_DATA\M_FILES.BIN\M_E08100.BIN	0x2776800	21251	149044	73	map pack	pack[7]{TIMx2 unknownx5}	5.60	0	5	1	0	
143	194	\_DATA\M_FILES.BIN\M_E09000.BIN	0x279b000	21324	109212	54	map pack	pack[7]{TIMx2 unknownx4 zero}	5.63	1	2	0	0	zero sector in /6:TIM
143	195	\_DATA\M_FILES.BIN\M_E09100.BIN	0x27b6000	21378	109212	54	map pack	pack[7]{TIMx2 unknownx4 zero}	5.44	1	2	0	0	zero sector in /6:TIM
143	196	\_DATA\M_FILES.BIN\M_G01000.BIN	0x27d1000	21432	167228	82	map pack	pack[7]{TIMx2 null unknownx4}	5.05	0	2	15	0	
143	197	\_DATA\M_FILES.BIN\M_G01003.BIN	0x27fa000	21514	164332	81	map pack	pack[7]{TIMx2 null unknownx4}	5.03	1	2	2	0	zero sector in /6:TIM
143	198	\_DATA\M_FILES.BIN\M_G01004.BIN	0x2822800	21595	164300	81	map pack	pack[7]{TIMx2 null unknownx4}	5.03	1	2	2	0	zero sector in /6:TIM
143	199	\_DATA\M_FILES.BIN\M_G01100.BIN	0x284b000	21676	150676	74	map pack	pack[7]{TIMx2 null unknownx4}	5.65	0	2	6	0	
143	200	\_DATA\M_FILES.BIN\M_G01102.BIN	0x2870000	21750	150636	74	map pack	pack[7]{TIMx2 null unknownx4}	5.64	0	2	7	0	
143	201	\_DATA\M_FILES.BIN\M_G01103.BIN	0x2895000	21824	151988	75	map pack	pack[7]{TIMx2 null unknownx4}	5.63	0	2	4	0	
143	202	\_DATA\M_FILES.BIN\M_G01200.BIN	0x28ba800	21899	164920	81	map pack	pack[7]{TIMx2 null unknownx4}	5.61	0	2	5	0	
143	203	\_DATA\M_FILES.BIN\M_G01201.BIN	0x28e3000	21980	167544	82	map pack	pack[7]{TIMx2 null unknownx4}	5.63	0	2	36	0	
143	204	\_DATA\M_FILES.BIN\M_G01202.BIN	0x290c000	22062	164212	81	map pack	pack[7]{TIMx2 null unknownx4}	5.62	1	2	21	0	zero sector in /6:TIM
143	205	\_DATA\M_FILES.BIN\M_G02000.BIN	0x2934800	22143	184596	91	map pack	pack[7]{TIMx2 null unknownx4}	6.21	0	2	6	0	
143	206	\_DATA\M_FILES.BIN\M_G02001.BIN	0x2962000	22234	201616	99	map pack	pack[7]{TIMx2 null unknownx4}	5.88	0	2	47	10	
143	207	\_DATA\M_FILES.BIN\M_G02002.BIN	0x2993800	22333	191224	94	map pack	pack[7]{TIMx2 null unknownx4}	5.91	0	2	4	0	
143	208	\_DATA\M_FILES.BIN\M_G02003.BIN	0x29c2800	22427	196696	97	map pack	pack[7]{TIMx2 null unknownx4}	5.91	1	2	46	7	zero sector in /6:TIM
143	209	\_DATA\M_FILES.BIN\M_G02004.BIN	0x29f3000	22524	199752	98	map pack	pack[7]{TIMx2 null unknownx4}	5.95	0	2	47	10	
143	210	\_DATA\M_FILES.BIN\M_G02005.BIN	0x2a24000	22622	199956	98	map pack	pack[7]{TIMx2 null unknownx4}	5.84	0	2	38	4	
143	211	\_DATA\M_FILES.BIN\M_G02018.BIN	0x2a55000	22720	182936	90	map pack	pack[7]{TIMx2 null unknownx4}	6.21	0	2	6	0	
143	212	\_DATA\M_FILES.BIN\M_G02019.BIN	0x2a82000	22810	182276	90	map pack	pack[7]{TIMx2 null unknownx4}	6.21	1	2	4	0	zero sector in /6:TIM
143	213	\_DATA\M_FILES.BIN\M_G02021.BIN	0x2aaf000	22900	182936	90	map pack	pack[7]{TIMx2 null unknownx4}	6.21	0	2	6	0	
143	214	\_DATA\M_FILES.BIN\M_G02100.BIN	0x2adc000	22990	210396	103	map pack	pack[7]{TIMx2 null unknownx4}	5.89	0	2	6	0	
143	215	\_DATA\M_FILES.BIN\M_G02106.BIN	0x2b0f800	23093	205176	101	map pack	pack[7]{TIMx2 null unknownx4}	5.83	0	2	25	0	
143	216	\_DATA\M_FILES.BIN\M_G02107.BIN	0x2b42000	23194	206336	101	map pack	pack[7]{TIMx2 null unknownx4}	5.85	0	2	33	5	
143	217	\_DATA\M_FILES.BIN\M_G02108.BIN	0x2b74800	23295	190840	94	map pack	pack[7]{TIMx2 null unknownx4}	6.07	0	2	25	0	
143	218	\_DATA\M_FILES.BIN\M_G02109.BIN	0x2ba3800	23389	205472	101	map pack	pack[7]{TIMx2 null unknownx4}	5.83	0	2	27	0	
143	219	\_DATA\M_FILES.BIN\M_G02110.BIN	0x2bd6000	23490	192376	94	map pack	pack[7]{TIMx2 null unknownx4}	6.04	0	2	25	0	
143	220	\_DATA\M_FILES.BIN\M_G02111.BIN	0x2c05000	23584	202260	99	map pack	pack[7]{TIMx2 null unknownx4}	5.87	0	2	38	9	
143	221	\_DATA\M_FILES.BIN\M_G02112.BIN	0x2c36800	23683	204152	100	map pack	pack[7]{TIMx2 null unknownx4}	5.86	0	2	25	0	
143	222	\_DATA\M_FILES.BIN\M_G02113.BIN	0x2c68800	23783	204736	100	map pack	pack[7]{TIMx2 null unknownx4}	5.89	0	2	37	9	
143	223	\_DATA\M_FILES.BIN\M_G02114.BIN	0x2c9a800	23883	202380	99	map pack	pack[7]{TIMx2 null unknownx4}	5.87	0	2	29	2	
143	224	\_DATA\M_FILES.BIN\M_G02115.BIN	0x2ccc000	23982	202104	99	map pack	pack[7]{TIMx2 null unknownx4}	5.89	0	2	25	0	
143	225	\_DATA\M_FILES.BIN\M_G02116.BIN	0x2cfd800	24081	199460	98	map pack	pack[7]{TIMx2 null unknownx4}	5.91	0	2	24	19	
143	226	\_DATA\M_FILES.BIN\M_G02119.BIN	0x2d2e800	24179	210084	103	map pack	pack[7]{TIMx2 null unknownx4}	5.89	0	2	4	0	
143	227	\_DATA\M_FILES.BIN\M_G02120.BIN	0x2d62000	24282	210084	103	map pack	pack[7]{TIMx2 null unknownx4}	5.89	0	2	4	0	
143	228	\_DATA\M_FILES.BIN\M_G02200.BIN	0x2d95800	24385	180888	89	map pack	pack[7]{TIMx2 null unknownx4}	5.76	0	2	4	0	
143	229	\_DATA\M_FILES.BIN\M_G02217.BIN	0x2dc2000	24474	180656	89	map pack	pack[7]{TIMx2 null unknownx4}	5.77	0	2	15	0	
143	230	\_DATA\M_FILES.BIN\M_G02220.BIN	0x2dee800	24563	178648	88	map pack	pack[7]{TIMx2 null unknownx4}	5.77	0	2	4	0	
143	231	\_DATA\M_FILES.BIN\M_G03000.BIN	0x2e1a800	24651	169064	83	map pack	pack[7]{TIMx2 null unknownx4}	5.76	0	2	34	0	
143	232	\_DATA\M_FILES.BIN\M_G03001.BIN	0x2e44000	24734	169176	83	map pack	pack[7]{TIMx2 null unknownx4}	5.76	0	2	34	0	
143	233	\_DATA\M_FILES.BIN\M_G03003.BIN	0x2e6d800	24817	169064	83	map pack	pack[7]{TIMx2 null unknownx4}	5.76	0	2	34	0	
143	234	\_DATA\M_FILES.BIN\M_G03004.BIN	0x2e97000	24900	169176	83	map pack	pack[7]{TIMx2 null unknownx4}	5.76	0	2	34	0	
143	235	\_DATA\M_FILES.BIN\M_G03100.BIN	0x2ec0800	24983	166352	82	map pack	pack[7]{TIMx2 null unknownx4}	5.80	0	2	32	0	
143	236	\_DATA\M_FILES.BIN\M_G03102.BIN	0x2ee9800	25065	168552	83	map pack	pack[7]{TIMx2 null unknownx4}	5.81	0	2	34	0	
143	237	\_DATA\M_FILES.BIN\M_G03103.BIN	0x2f13000	25148	169084	83	map pack	pack[7]{TIMx2 null unknownx4}	5.88	0	2	34	0	
143	238	\_DATA\M_FILES.BIN\M_G03200.BIN	0x2f3c800	25231	167088	82	map pack	pack[7]{TIMx2 null unknownx4}	5.45	0	2	5	0	
143	239	\_DATA\M_FILES.BIN\M_G03202.BIN	0x2f65800	25313	167088	82	map pack	pack[7]{TIMx2 null unknownx4}	5.45	0	2	5	0	
143	240	\_DATA\M_FILES.BIN\M_G04000.BIN	0x2f8e800	25395	119404	59	map pack	pack[7]{TIMx2 null unknownx4}	6.01	0	2	0	0	
143	241	\_DATA\M_FILES.BIN\M_G04100.BIN	0x2fac000	25454	119404	59	map pack	pack[7]{TIMx2 null unknownx4}	5.91	0	2	0	0	
143	242	\_DATA\M_FILES.BIN\M_G04200.BIN	0x2fc9800	25513	126844	62	map pack	pack[7]{TIMx2 null unknownx4}	5.47	0	2	0	0	
143	243	\_DATA\M_FILES.BIN\M_G04201.BIN	0x2fe8800	25575	126208	62	map pack	pack[7]{TIMx2 null unknownx4}	5.47	0	2	0	0	
143	244	\_DATA\M_FILES.BIN\M_G04202.BIN	0x3007800	25637	126208	62	map pack	pack[7]{TIMx2 null unknownx4}	5.47	0	2	0	0	
143	245	\_DATA\M_FILES.BIN\M_G04203.BIN	0x3026800	25699	126208	62	map pack	pack[7]{TIMx2 null unknownx4}	5.47	0	2	0	0	
143	246	\_DATA\M_FILES.BIN\M_G04204.BIN	0x3045800	25761	126652	62	map pack	pack[7]{TIMx2 null unknownx4}	5.47	0	2	1	1	
143	247	\_DATA\M_FILES.BIN\M_G05000.BIN	0x3064800	25823	89280	44	map pack	pack[7]{TIMx2 null unknownx4}	7.11	0	2	0	0	
143	248	\_DATA\M_FILES.BIN\M_G05100.BIN	0x307a800	25867	89280	44	map pack	pack[7]{TIMx2 null unknownx4}	7.02	0	2	0	0	
143	249	\_DATA\M_FILES.BIN\M_G05200.BIN	0x3090800	25911	131252	65	map pack	pack[7]{TIMx2 null unknownx4}	6.38	1	2	4	0	zero sector in /6:TIM
143	250	\_DATA\M_FILES.BIN\M_G06000.BIN	0x30b1000	25976	149892	74	map pack	pack[7]{TIMx2 null unknownx4}	6.65	0	2	16	1	
143	251	\_DATA\M_FILES.BIN\M_G06001.BIN	0x30d6000	26050	145340	71	map pack	pack[7]{TIMx2 null unknownx4}	6.66	0	2	1	0	
143	252	\_DATA\M_FILES.BIN\M_G06002.BIN	0x30f9800	26121	145556	72	map pack	pack[7]{TIMx2 null unknownx4}	6.66	1	2	1	0	zero sector in /6:TIM
143	253	\_DATA\M_FILES.BIN\M_G06003.BIN	0x311d800	26193	145384	71	map pack	pack[7]{TIMx2 null unknownx4}	6.66	0	2	1	0	
143	254	\_DATA\M_FILES.BIN\M_G06004.BIN	0x3141000	26264	145324	71	map pack	pack[7]{TIMx2 null unknownx4}	6.66	0	2	1	0	
143	255	\_DATA\M_FILES.BIN\M_G06005.BIN	0x3164800	26335	146468	72	map pack	pack[7]{TIMx2 null unknownx4}	6.66	0	2	13	0	
143	256	\_DATA\M_FILES.BIN\M_G06100.BIN	0x3188800	26407	146832	72	map pack	pack[7]{TIMx2 null unknownx4}	6.51	0	2	2	0	
143	257	\_DATA\M_FILES.BIN\M_G06105.BIN	0x31ac800	26479	147020	72	map pack	pack[7]{TIMx2 null unknownx4}	6.52	0	2	13	0	
143	258	\_DATA\M_FILES.BIN\M_G06200.BIN	0x31d0800	26551	155080	76	map pack	pack[7]{TIMx2 null unknownx4}	6.32	0	2	10	2	
143	259	\_DATA\M_FILES.BIN\M_G06205.BIN	0x31f6800	26627	151820	75	map pack	pack[7]{TIMx2 null unknownx4}	6.33	0	2	11	8	
143	260	\_DATA\M_FILES.BIN\M_G07000.BIN	0x321c000	26702	124344	61	map pack	pack[7]{TIMx2 null unknownx4}	5.77	0	2	1	0	
143	261	\_DATA\M_FILES.BIN\M_G07100.BIN	0x323a800	26763	125964	62	map pack	pack[7]{TIMx2 null unknownx4}	5.64	0	2	11	9	
143	262	\_DATA\M_FILES.BIN\M_G07200.BIN	0x3259800	26825	126424	62	map pack	pack[7]{TIMx2 null unknownx4}	5.63	0	2	12	11	
143	263	\_DATA\M_FILES.BIN\M_G08000.BIN	0x3278800	26887	120448	59	map pack	pack[7]{TIMx2 null unknownx4}	6.18	0	2	8	0	
143	264	\_DATA\M_FILES.BIN\M_G08100.BIN	0x3296000	26946	119328	59	map pack	pack[7]{TIMx2 null unknownx4}	6.09	0	2	2	0	
143	265	\_DATA\M_FILES.BIN\M_G08200.BIN	0x32b3800	27005	120472	59	map pack	pack[7]{TIMx2 null unknownx4}	5.37	0	2	5	0	
143	266	\_DATA\M_FILES.BIN\M_G09000.BIN	0x32d1000	27064	130160	64	map pack	pack[7]{TIMx2 null unknownx4}	5.83	0	2	3	0	
143	267	\_DATA\M_FILES.BIN\M_G09100.BIN	0x32f1000	27128	129984	64	map pack	pack[7]{TIMx2 null unknownx4}	5.82	0	2	0	0	
143	268	\_DATA\M_FILES.BIN\M_G09200.BIN	0x3311000	27192	154204	76	map pack	pack[7]{TIMx2 null unknownx4}	5.42	1	2	1	0	zero sector in /6:TIM
143	269	\_DATA\M_FILES.BIN\M_G10000.BIN	0x3337000	27268	129632	64	map pack	pack[7]{TIMx2 null unknownx4}	6.40	0	2	8	0	
143	270	\_DATA\M_FILES.BIN\M_G10001.BIN	0x3357000	27332	129632	64	map pack	pack[7]{TIMx2 null unknownx4}	6.40	0	2	8	0	
143	271	\_DATA\M_FILES.BIN\M_G10100.BIN	0x3377000	27396	127244	63	map pack	pack[7]{TIMx2 null unknownx4}	6.24	1	2	0	0	zero sector in /6:TIM
143	272	\_DATA\M_FILES.BIN\M_G10101.BIN	0x3396800	27459	127244	63	map pack	pack[7]{TIMx2 null unknownx4}	6.24	1	2	0	0	zero sector in /6:TIM
143	273	\_DATA\M_FILES.BIN\M_G10200.BIN	0x33b6000	27522	167068	82	map pack	pack[7]{TIMx2 null unknownx4}	6.20	0	2	0	0	
143	274	\_DATA\M_FILES.BIN\M_G10201.BIN	0x33df000	27604	167072	82	map pack	pack[7]{TIMx2 null unknownx4}	6.20	0	2	0	0	
143	275	\_DATA\M_FILES.BIN\M_G10202.BIN	0x3408000	27686	167068	82	map pack	pack[7]{TIMx2 null unknownx4}	6.20	0	2	0	0	
143	276	\_DATA\M_FILES.BIN\M_G11000.BIN	0x3431000	27768	128164	63	map pack	pack[7]{TIMx2 null unknownx4}	6.29	0	2	10	0	
143	277	\_DATA\M_FILES.BIN\M_G11001.BIN	0x3450800	27831	128056	63	map pack	pack[7]{TIMx2 null unknownx4}	6.29	0	2	9	0	
143	278	\_DATA\M_FILES.BIN\M_G11100.BIN	0x3470000	27894	126120	62	map pack	pack[7]{TIMx2 null unknownx4}	6.09	0	2	3	0	
143	279	\_DATA\M_FILES.BIN\M_G11101.BIN	0x348f000	27956	126012	62	map pack	pack[7]{TIMx2 null unknownx4}	6.09	0	2	2	0	
143	280	\_DATA\M_FILES.BIN\M_G11200.BIN	0x34ae000	28018	172652	85	map pack	pack[7]{TIMx2 null unknownx4}	5.26	0	2	2	0	
143	281	\_DATA\M_FILES.BIN\M_G11201.BIN	0x34d8800	28103	172544	85	map pack	pack[7]{TIMx2 null unknownx4}	5.26	0	2	1	0	
143	282	\_DATA\M_FILES.BIN\M_G12000.BIN	0x3503000	28188	132688	65	map pack	pack[7]{TIMx2 null unknownx4}	5.99	0	2	1	0	
143	283	\_DATA\M_FILES.BIN\M_G12001.BIN	0x3523800	28253	132704	65	map pack	pack[7]{TIMx2 null unknownx4}	5.99	0	2	1	0	
143	284	\_DATA\M_FILES.BIN\M_G12100.BIN	0x3544000	28318	132688	65	map pack	pack[7]{TIMx2 null unknownx4}	5.56	0	2	1	0	
143	285	\_DATA\M_FILES.BIN\M_G12101.BIN	0x3564800	28383	132704	65	map pack	pack[7]{TIMx2 null unknownx4}	5.56	0	2	1	0	
143	286	\_DATA\M_FILES.BIN\M_G12200.BIN	0x3585000	28448	135128	66	map pack	pack[7]{TIMx2 null unknownx4}	6.20	0	2	1	0	
143	287	\_DATA\M_FILES.BIN\M_G12201.BIN	0x35a6000	28514	135144	66	map pack	pack[7]{TIMx2 null unknownx4}	6.20	0	2	1	0	
143	288	\_DATA\M_FILES.BIN\M_G13000.BIN	0x35c7000	28580	198416	97	map pack	pack[7]{TIMx2 null unknownx4}	5.82	0	2	6	0	
143	289	\_DATA\M_FILES.BIN\M_G13001.BIN	0x35f7800	28677	198416	97	map pack	pack[7]{TIMx2 null unknownx4}	5.82	0	2	6	0	
143	290	\_DATA\M_FILES.BIN\M_G13100.BIN	0x3628000	28774	179916	88	map pack	pack[7]{TIMx2 null unknownx4}	5.64	0	2	3	2	
143	291	\_DATA\M_FILES.BIN\M_G13200.BIN	0x3654000	28862	187836	92	map pack	pack[7]{TIMx2 null unknownx4}	5.96	0	2	10	6	
143	292	\_DATA\M_FILES.BIN\M_G13202.BIN	0x3682000	28954	186692	92	map pack	pack[7]{TIMx2 null unknownx4}	5.96	1	2	1	0	zero sector in /6:TIM
143	293	\_DATA\M_FILES.BIN\M_G14000.BIN	0x36b0000	29046	175960	86	map pack	pack[7]{TIMx2 null unknownx4}	5.93	0	2	7	0	
143	294	\_DATA\M_FILES.BIN\M_G14002.BIN	0x36db000	29132	176212	87	map pack	pack[7]{TIMx2 null unknownx4}	5.93	0	2	7	0	
143	295	\_DATA\M_FILES.BIN\M_G14003.BIN	0x3706800	29219	178260	88	map pack	pack[7]{TIMx2 null unknownx4}	5.99	0	2	7	0	
143	296	\_DATA\M_FILES.BIN\M_G14100.BIN	0x3732800	29307	177108	87	map pack	pack[7]{TIMx2 null unknownx4}	6.01	0	2	5	2	
143	297	\_DATA\M_FILES.BIN\M_G14102.BIN	0x375e000	29394	176344	87	map pack	pack[7]{TIMx2 null unknownx4}	6.01	1	2	2	0	zero sector in /6:TIM
143	298	\_DATA\M_FILES.BIN\M_G14200.BIN	0x3789800	29481	187232	92	map pack	pack[7]{TIMx2 null unknownx4}	5.86	0	2	11	0	
143	299	\_DATA\M_FILES.BIN\M_G14201.BIN	0x37b7800	29573	186680	92	map pack	pack[7]{TIMx2 null unknownx4}	5.86	0	2	7	0	
143	300	\_DATA\M_FILES.BIN\M_G14202.BIN	0x37e5800	29665	187232	92	map pack	pack[7]{TIMx2 null unknownx4}	5.86	0	2	11	0	
143	301	\_DATA\M_FILES.BIN\M_G14204.BIN	0x3813800	29757	187732	92	map pack	pack[7]{TIMx2 null unknownx4}	5.86	0	2	21	0	
143	302	\_DATA\M_FILES.BIN\M_G14205.BIN	0x3841800	29849	159880	79	map pack	pack[7]{TIMx2 null unknownx4}	5.90	0	2	6	0	
143	303	\_DATA\M_FILES.BIN\M_G15000.BIN	0x3869000	29928	147088	72	map pack	pack[7]{TIMx2 null unknownx4}	6.23	0	2	78	3	
143	304	\_DATA\M_FILES.BIN\M_G15001.BIN	0x388d000	30000	135880	67	map pack	pack[7]{TIMx2 null unknownx4}	6.21	0	2	3	0	
143	305	\_DATA\M_FILES.BIN\M_G15002.BIN	0x38ae800	30067	135180	67	map pack	pack[7]{TIMx2 null unknownx4}	6.22	1	2	1	0	zero sector in /6:TIM
143	306	\_DATA\M_FILES.BIN\M_G15003.BIN	0x38d0000	30134	135180	67	map pack	pack[7]{TIMx2 null unknownx4}	6.22	1	2	1	0	zero sector in /6:TIM
143	307	\_DATA\M_FILES.BIN\M_G15100.BIN	0x38f1800	30201	146972	72	map pack	pack[7]{TIMx2 null unknownx4}	5.74	0	2	75	0	
143	308	\_DATA\M_FILES.BIN\M_G15101.BIN	0x3915800	30273	136392	67	map pack	pack[7]{TIMx2 null unknownx4}	5.68	0	2	3	0	
143	309	\_DATA\M_FILES.BIN\M_G15102.BIN	0x3937000	30340	135692	67	map pack	pack[7]{TIMx2 null unknownx4}	5.67	0	2	1	0	
143	310	\_DATA\M_FILES.BIN\M_G15103.BIN	0x3958800	30407	135692	67	map pack	pack[7]{TIMx2 null unknownx4}	5.67	0	2	1	0	
143	311	\_DATA\M_FILES.BIN\M_G15200.BIN	0x397a000	30474	150124	74	map pack	pack[7]{TIMx2 null unknownx4}	6.24	0	2	66	41	
143	312	\_DATA\M_FILES.BIN\M_G15201.BIN	0x399f000	30548	138344	68	map pack	pack[7]{TIMx2 null unknownx4}	6.21	0	2	1	0	
143	313	\_DATA\M_FILES.BIN\M_G15202.BIN	0x39c1000	30616	138288	68	map pack	pack[7]{TIMx2 null unknownx4}	6.21	0	2	1	0	
143	314	\_DATA\M_FILES.BIN\M_G15203.BIN	0x39e3000	30684	138288	68	map pack	pack[7]{TIMx2 null unknownx4}	6.21	0	2	1	0	
143	315	\_DATA\M_FILES.BIN\M_G16000.BIN	0x3a05000	30752	133372	66	map pack	pack[7]{TIMx2 null unknownx4}	6.00	0	2	0	0	
143	316	\_DATA\M_FILES.BIN\M_G16001.BIN	0x3a26000	30818	144276	71	map pack	pack[7]{TIMx2 null unknownx4}	6.01	0	2	94	0	
143	317	\_DATA\M_FILES.BIN\M_G16100.BIN	0x3a49800	30889	133500	66	map pack	pack[7]{TIMx2 null unknownx4}	6.06	0	2	0	0	
143	318	\_DATA\M_FILES.BIN\M_G16101.BIN	0x3a6a800	30955	144404	71	map pack	pack[7]{TIMx2 null unknownx4}	6.07	0	2	94	0	
143	319	\_DATA\M_FILES.BIN\M_G16200.BIN	0x3a8e000	31026	151340	74	map pack	pack[7]{TIMx2 null unknownx4}	6.03	0	2	0	0	
143	320	\_DATA\M_FILES.BIN\M_G16201.BIN	0x3ab3000	31100	152120	75	map pack	pack[7]{TIMx2 null unknownx4}	6.03	0	2	6	5	
143	321	\_DATA\M_FILES.BIN\M_G17000.BIN	0x3ad8800	31175	147416	72	map pack	pack[7]{TIMx2 null unknownx4}	6.32	0	2	37	5	
143	322	\_DATA\M_FILES.BIN\M_G17002.BIN	0x3afc800	31247	144808	71	map pack	pack[7]{TIMx2 null unknownx4}	6.33	0	2	21	0	
143	323	\_DATA\M_FILES.BIN\M_G17100.BIN	0x3b20000	31318	146000	72	map pack	pack[7]{TIMx2 null unknownx4}	6.24	0	2	31	0	
143	324	\_DATA\M_FILES.BIN\M_G17102.BIN	0x3b44000	31390	146000	72	map pack	pack[7]{TIMx2 null unknownx4}	6.24	0	2	31	0	
143	325	\_DATA\M_FILES.BIN\M_G17200.BIN	0x3b68000	31462	179184	88	map pack	pack[7]{TIMx2 null unknownx4}	6.35	0	2	6	0	
143	326	\_DATA\M_FILES.BIN\M_G17201.BIN	0x3b94000	31550	181984	89	map pack	pack[7]{TIMx2 null unknownx4}	6.34	0	2	23	1	
143	327	\_DATA\M_FILES.BIN\M_G17202.BIN	0x3bc0800	31639	181508	89	map pack	pack[7]{TIMx2 null unknownx4}	6.35	0	2	22	0	
143	328	\_DATA\M_FILES.BIN\M_G18000.BIN	0x3bed000	31728	131472	65	map pack	pack[7]{TIMx2 null unknownx4}	6.21	0	2	0	0	
143	329	\_DATA\M_FILES.BIN\M_G18100.BIN	0x3c0d800	31793	131472	65	map pack	pack[7]{TIMx2 null unknownx4}	5.47	0	2	0	0	
143	330	\_DATA\M_FILES.BIN\M_G18200.BIN	0x3c2e000	31858	132936	65	map pack	pack[7]{TIMx2 null unknownx4}	6.08	0	2	0	0	
143	331	\_DATA\M_FILES.BIN\M_H01000.BIN	0x3c4e800	31923	155184	76	map pack	pack[7]{TIMx2 unknownx5}	6.19	0	8	4	1	
143	332	\_DATA\M_FILES.BIN\M_H01001.BIN	0x3c74800	31999	154420	76	map pack	pack[7]{TIMx2 unknownx5}	6.19	0	8	2	0	
143	333	\_DATA\M_FILES.BIN\M_H01100.BIN	0x3c9a800	32075	153684	76	map pack	pack[7]{TIMx2 unknownx4 zero}	6.23	1	8	0	0	zero sector in /6:TIM
143	334	\_DATA\M_FILES.BIN\M_H01101.BIN	0x3cc0800	32151	153684	76	map pack	pack[7]{TIMx2 unknownx4 zero}	6.23	1	8	0	0	zero sector in /6:TIM
143	335	\_DATA\M_FILES.BIN\M_H01200.BIN	0x3ce6800	32227	135052	66	map pack	pack[7]{TIMx2 unknownx4 zero}	5.91	0	8	0	0	
143	336	\_DATA\M_FILES.BIN\M_H01201.BIN	0x3d07800	32293	134528	66	map pack	pack[7]{TIMx2 unknownx4 zero}	5.82	0	8	0	0	
143	337	\_DATA\M_FILES.BIN\M_H02000.BIN	0x3d28800	32359	159536	78	map pack	pack[7]{TIMx2 unknownx5}	6.31	0	8	1	0	
143	338	\_DATA\M_FILES.BIN\M_H02001.BIN	0x3d4f800	32437	163644	80	map pack	pack[7]{TIMx2 unknownx5}	6.31	0	8	23	18	
143	339	\_DATA\M_FILES.BIN\M_H02002.BIN	0x3d77800	32517	159332	78	map pack	pack[7]{TIMx2 unknownx5}	6.31	0	8	1	0	
143	340	\_DATA\M_FILES.BIN\M_H02100.BIN	0x3d9e800	32595	157840	78	map pack	pack[7]{TIMx2 unknownx5}	6.13	0	8	1	0	
143	341	\_DATA\M_FILES.BIN\M_H02102.BIN	0x3dc5800	32673	157756	78	map pack	pack[7]{TIMx2 unknownx5}	6.13	0	8	1	0	
143	342	\_DATA\M_FILES.BIN\M_H02200.BIN	0x3dec800	32751	152764	75	map pack	pack[7]{TIMx2 unknownx5}	6.17	0	8	1	0	
143	343	\_DATA\M_FILES.BIN\M_H02202.BIN	0x3e12000	32826	152680	75	map pack	pack[7]{TIMx2 unknownx5}	6.17	0	8	1	0	
143	344	\_DATA\M_FILES.BIN\M_H03000.BIN	0x3e37800	32901	136048	67	map pack	pack[7]{TIMx2 unknownx5}	6.24	0	6	3	0	
143	345	\_DATA\M_FILES.BIN\M_H03001.BIN	0x3e59000	32968	135596	67	map pack	pack[7]{TIMx2 unknownx5}	6.24	0	6	3	0	
143	346	\_DATA\M_FILES.BIN\M_H03100.BIN	0x3e7a800	33035	134664	66	map pack	pack[7]{TIMx2 unknownx5}	6.12	0	6	0	0	
143	347	\_DATA\M_FILES.BIN\M_H03101.BIN	0x3e9b800	33101	134432	66	map pack	pack[7]{TIMx2 unknownx4 zero}	6.12	0	6	0	0	
143	348	\_DATA\M_FILES.BIN\M_H03200.BIN	0x3ebc800	33167	128244	63	map pack	pack[7]{TIMx2 unknownx4 zero}	6.31	0	6	0	0	
143	349	\_DATA\M_FILES.BIN\M_H03201.BIN	0x3edc000	33230	128244	63	map pack	pack[7]{TIMx2 unknownx4 zero}	6.31	0	6	0	0	
143	350	\_DATA\M_FILES.BIN\M_H04000.BIN	0x3efb800	33293	166272	82	map pack	pack[7]{TIMx2 unknownx5}	5.78	0	6	30	0	
143	351	\_DATA\M_FILES.BIN\M_H04100.BIN	0x3f24800	33375	187876	92	map pack	pack[7]{TIMx2 unknownx5}	5.43	0	6	30	0	
143	352	\_DATA\M_FILES.BIN\M_H04101.BIN	0x3f52800	33467	187764	92	map pack	pack[7]{TIMx2 unknownx5}	5.43	0	6	30	0	
143	353	\_DATA\M_FILES.BIN\M_H04200.BIN	0x3f80800	33559	102600	51	map pack	pack[7]{TIMx2 unknownx5}	5.81	0	6	1	0	
143	354	\_DATA\M_FILES.BIN\M_H05000.BIN	0x3f9a000	33610	172296	85	map pack	pack[7]{TIMx2 unknownx5}	5.56	0	5	13	0	
143	355	\_DATA\M_FILES.BIN\M_H05001.BIN	0x3fc4800	33695	172296	85	map pack	pack[7]{TIMx2 unknownx5}	5.56	0	5	13	0	
143	356	\_DATA\M_FILES.BIN\M_H05002.BIN	0x3fef000	33780	172296	85	map pack	pack[7]{TIMx2 unknownx5}	5.56	0	5	13	0	
143	357	\_DATA\M_FILES.BIN\M_H05003.BIN	0x4019800	33865	172296	85	map pack	pack[7]{TIMx2 unknownx5}	5.56	0	5	13	0	
143	358	\_DATA\M_FILES.BIN\M_H05100.BIN	0x4044000	33950	160376	79	map pack	pack[7]{TIMx2 unknownx5}	5.58	0	5	13	0	
143	359	\_DATA\M_FILES.BIN\M_H05200.BIN	0x406b800	34029	161360	79	map pack	pack[7]{TIMx2 unknownx5}	5.35	0	5	13	0	
143	360	\_DATA\M_FILES.BIN\M_H06000.BIN	0x4093000	34108	196388	96	map pack	pack[7]{TIMx2 unknownx5}	5.24	1	5	2	0	zero sector in /6:TIM
143	361	\_DATA\M_FILES.BIN\M_H06001.BIN	0x40c3000	34204	205192	101	map pack	pack[7]{TIMx2 unknownx5}	5.29	1	5	58	0	zero sector in /6:TIM
143	362	\_DATA\M_FILES.BIN\M_H06002.BIN	0x40f5800	34305	196836	97	map pack	pack[7]{TIMx2 unknownx5}	5.25	1	5	2	0	zero sector in /6:TIM
143	363	\_DATA\M_FILES.BIN\M_H06100.BIN	0x4126000	34402	195352	96	map pack	pack[7]{TIMx2 unknownx5}	5.31	0	5	2	0	
143	364	\_DATA\M_FILES.BIN\M_H06102.BIN	0x4156000	34498	198324	97	map pack	pack[7]{TIMx2 unknownx5}	5.33	0	5	6	0	
143	365	\_DATA\M_FILES.BIN\M_H06200.BIN	0x4186800	34595	176816	87	map pack	pack[7]{TIMx2 unknownx5}	5.65	0	5	4	0	
143	366	\_DATA\M_FILES.BIN\M_H06202.BIN	0x41b2000	34682	177424	87	map pack	pack[7]{TIMx2 unknownx5}	5.65	0	5	6	0	
143	367	\_DATA\M_FILES.BIN\M_H07000.BIN	0x41dd800	34769	132300	65	map pack	pack[7]{TIMx2 unknownx5}	6.08	0	4	4	3	
143	368	\_DATA\M_FILES.BIN\M_H07100.BIN	0x41fe000	34834	131572	65	map pack	pack[7]{TIMx2 unknownx5}	6.21	0	4	0	0	
143	369	\_DATA\M_FILES.BIN\M_H07200.BIN	0x421e800	34899	132588	65	map pack	pack[7]{TIMx2 unknownx5}	5.57	0	4	0	0	
143	370	\_DATA\M_FILES.BIN\M_H08000.BIN	0x423f000	34964	151948	75	map pack	pack[7]{TIMx2 unknownx5}	6.36	0	6	28	0	
143	371	\_DATA\M_FILES.BIN\M_H08001.BIN	0x4264800	35039	149260	73	map pack	pack[7]{TIMx2 unknownx5}	6.37	0	6	18	0	
143	372	\_DATA\M_FILES.BIN\M_H08002.BIN	0x4289000	35112	150460	74	map pack	pack[7]{TIMx2 unknownx5}	6.36	0	6	18	11	
143	373	\_DATA\M_FILES.BIN\M_H08100.BIN	0x42ae000	35186	140320	69	map pack	pack[7]{TIMx2 unknownx5}	6.28	0	6	2	0	
143	374	\_DATA\M_FILES.BIN\M_H08102.BIN	0x42d0800	35255	142096	70	map pack	pack[7]{TIMx2 unknownx5}	6.28	0	6	9	0	
143	375	\_DATA\M_FILES.BIN\M_H08103.BIN	0x42f3800	35325	140320	69	map pack	pack[7]{TIMx2 unknownx5}	6.28	0	6	2	0	
143	376	\_DATA\M_FILES.BIN\M_H08200.BIN	0x4316000	35394	140580	69	map pack	pack[7]{TIMx2 unknownx5}	5.94	0	6	0	0	
143	377	\_DATA\M_FILES.BIN\M_H08202.BIN	0x4338800	35463	141096	69	map pack	pack[7]{TIMx2 unknownx5}	5.94	0	6	0	0	
143	378	\_DATA\M_FILES.BIN\M_H09000.BIN	0x435b000	35532	180736	89	map pack	pack[7]{TIMx2 unknownx5}	5.30	0	7	8	1	
143	379	\_DATA\M_FILES.BIN\M_H09100.BIN	0x4387800	35621	180736	89	map pack	pack[7]{TIMx2 unknownx5}	5.33	0	7	8	1	
143	380	\_DATA\M_FILES.BIN\M_H09200.BIN	0x43b4000	35710	160624	79	map pack	pack[7]{TIMx2 unknownx5}	5.30	0	7	0	0	
143	381	\_DATA\M_FILES.BIN\M_H10000.BIN	0x43db800	35789	122072	60	map pack	pack[7]{TIMx2 unknownx5}	6.03	0	6	28	0	
143	382	\_DATA\M_FILES.BIN\M_H10100.BIN	0x43f9800	35849	122072	60	map pack	pack[7]{TIMx2 unknownx5}	6.00	0	6	28	0	
143	383	\_DATA\M_FILES.BIN\M_H10200.BIN	0x4417800	35909	106908	53	map pack	pack[7]{TIMx2 unknownx5}	6.09	0	6	0	0	
143	384	\_DATA\M_FILES.BIN\M_H11000.BIN	0x4432000	35962	164996	81	map pack	pack[7]{TIMx2 unknownx5}	5.85	1	9	4	3	zero sector in /6:TIM
143	385	\_DATA\M_FILES.BIN\M_H11100.BIN	0x445a800	36043	165044	81	map pack	pack[7]{TIMx2 unknownx5}	5.78	1	9	0	0	zero sector in /6:TIM
143	386	\_DATA\M_FILES.BIN\M_H11200.BIN	0x4483000	36124	146416	72	map pack	pack[7]{TIMx2 unknownx5}	5.39	0	9	1	0	
143	387	\_DATA\M_FILES.BIN\M_H12000.BIN	0x44a7000	36196	152720	75	map pack	pack[7]{TIMx2 unknownx5}	5.69	0	6	2	0	
143	388	\_DATA\M_FILES.BIN\M_H12100.BIN	0x44cc800	36271	152720	75	map pack	pack[7]{TIMx2 unknownx5}	5.65	0	6	2	0	
143	389	\_DATA\M_FILES.BIN\M_H13000.BIN	0x44f2000	36346	171252	84	map pack	pack[7]{TIMx2 unknownx5}	5.69	0	8	4	0	
143	390	\_DATA\M_FILES.BIN\M_H13001.BIN	0x451c000	36430	171024	84	map pack	pack[7]{TIMx2 unknownx5}	5.70	0	8	4	0	
143	391	\_DATA\M_FILES.BIN\M_H13002.BIN	0x4546000	36514	171252	84	map pack	pack[7]{TIMx2 unknownx5}	5.70	0	8	4	0	
143	392	\_DATA\M_FILES.BIN\M_H13003.BIN	0x4570000	36598	171756	84	map pack	pack[7]{TIMx2 unknownx5}	5.70	0	8	7	3	
143	393	\_DATA\M_FILES.BIN\M_H13100.BIN	0x459a000	36682	171436	84	map pack	pack[7]{TIMx2 unknownx5}	5.45	0	8	6	0	
143	394	\_DATA\M_FILES.BIN\M_H13102.BIN	0x45c4000	36766	170852	84	map pack	pack[7]{TIMx2 unknownx5}	5.45	0	8	2	0	
143	395	\_DATA\M_FILES.BIN\M_H13200.BIN	0x45ee000	36850	165692	81	map pack	pack[7]{TIMx2 unknownx4 zero}	5.33	0	8	0	0	
143	396	\_DATA\M_FILES.BIN\M_H13202.BIN	0x4616800	36931	165812	81	map pack	pack[7]{TIMx2 unknownx4 zero}	5.33	0	8	0	0	
143	397	\_DATA\M_FILES.BIN\M_H13204.BIN	0x463f000	37012	168248	83	map pack	pack[7]{TIMx2 unknownx5}	5.34	0	8	18	2	
143	398	\_DATA\M_FILES.BIN\M_H14000.BIN	0x4668800	37095	166136	82	map pack	pack[7]{TIMx2 unknownx4 zero}	5.29	1	6	1	0	zero sector in /6:TIM
143	399	\_DATA\M_FILES.BIN\M_H14002.BIN	0x4691800	37177	166148	82	map pack	pack[7]{TIMx2 unknownx4 zero}	5.29	1	6	1	0	zero sector in /6:TIM
143	400	\_DATA\M_FILES.BIN\M_H14003.BIN	0x46ba800	37259	166388	82	map pack	pack[7]{TIMx2 unknownx5}	5.29	0	6	1	0	
143	401	\_DATA\M_FILES.BIN\M_H14004.BIN	0x46e3800	37341	166140	82	map pack	pack[7]{TIMx2 unknownx4 zero}	5.29	1	6	1	0	zero sector in /6:TIM
143	402	\_DATA\M_FILES.BIN\M_H14100.BIN	0x470c800	37423	166272	82	map pack	pack[7]{TIMx2 unknownx5}	5.19	0	6	0	0	
143	403	\_DATA\M_FILES.BIN\M_H14101.BIN	0x4735800	37505	166284	82	map pack	pack[7]{TIMx2 unknownx5}	5.19	0	6	0	0	
143	404	\_DATA\M_FILES.BIN\M_H14104.BIN	0x475e800	37587	166140	82	map pack	pack[7]{TIMx2 unknownx4 zero}	5.19	0	6	0	0	
143	405	\_DATA\M_FILES.BIN\M_H14200.BIN	0x4787800	37669	149888	74	map pack	pack[7]{TIMx2 unknownx4 zero}	5.07	0	6	0	0	
143	406	\_DATA\M_FILES.BIN\M_H14201.BIN	0x47ac800	37743	150036	74	map pack	pack[7]{TIMx2 unknownx5}	5.07	0	6	0	0	
143	407	\_DATA\M_FILES.BIN\M_H15000.BIN	0x47d1800	37817	199216	98	map pack	pack[7]{TIMx2 unknownx5}	4.92	0	5	2	0	
143	408	\_DATA\M_FILES.BIN\M_H15002.BIN	0x4802800	37915	199116	98	map pack	pack[7]{TIMx2 unknownx5}	4.92	0	5	1	0	
143	409	\_DATA\M_FILES.BIN\M_H15003.BIN	0x4833800	38013	200580	98	map pack	pack[7]{TIMx2 unknownx5}	4.93	0	5	10	6	
143	410	\_DATA\M_FILES.BIN\M_H15004.BIN	0x4864800	38111	199224	98	map pack	pack[7]{TIMx2 unknownx5}	4.92	0	5	2	0	
143	411	\_DATA\M_FILES.BIN\M_H15100.BIN	0x4895800	38209	177236	87	map pack	pack[7]{TIMx2 unknownx5}	5.31	0	5	14	0	
143	412	\_DATA\M_FILES.BIN\M_H15101.BIN	0x48c1000	38296	177124	87	map pack	pack[7]{TIMx2 unknownx5}	5.31	0	5	13	0	
143	413	\_DATA\M_FILES.BIN\M_H15104.BIN	0x48ec800	38383	175060	86	map pack	pack[7]{TIMx2 unknownx5}	5.30	0	5	2	0	
143	414	\_DATA\M_FILES.BIN\M_H15200.BIN	0x4917800	38469	165808	81	map pack	pack[7]{TIMx2 unknownx5}	4.87	0	5	2	0	
143	415	\_DATA\M_FILES.BIN\M_H15201.BIN	0x4940000	38550	166648	82	map pack	pack[7]{TIMx2 unknownx5}	4.88	0	5	6	5	
143	416	\_DATA\M_FILES.BIN\M_H16000.BIN	0x4969000	38632	201396	99	map pack	pack[7]{TIMx2 unknownx4 zero}	5.04	0	6	0	0	
143	417	\_DATA\M_FILES.BIN\M_H16001.BIN	0x499a800	38731	201404	99	map pack	pack[7]{TIMx2 unknownx4 zero}	4.75	0	6	0	0	
143	418	\_DATA\M_FILES.BIN\M_H16002.BIN	0x49cc000	38830	201404	99	map pack	pack[7]{TIMx2 unknownx4 zero}	4.75	0	6	0	0	
143	419	\_DATA\M_FILES.BIN\M_H16100.BIN	0x49fd800	38929	165772	81	map pack	pack[7]{TIMx2 unknownx4 zero}	5.38	0	6	0	0	
143	420	\_DATA\M_FILES.BIN\M_H16101.BIN	0x4a26000	39010	165780	81	map pack	pack[7]{TIMx2 unknownx4 zero}	5.38	0	6	0	0	
143	421	\_DATA\M_FILES.BIN\M_H16200.BIN	0x4a4e800	39091	167668	82	map pack	pack[7]{TIMx2 unknownx5}	5.02	0	6	3	0	
143	422	\_DATA\M_FILES.BIN\M_H16201.BIN	0x4a77800	39173	167676	82	map pack	pack[7]{TIMx2 unknownx5}	5.02	0	6	3	0	
143	423	\_DATA\M_FILES.BIN\M_H17000.BIN	0x4aa0800	39255	169512	83	map pack	pack[7]{TIMx2 unknownx5}	5.25	0	8	10	3	
143	424	\_DATA\M_FILES.BIN\M_H17100.BIN	0x4aca000	39338	168812	83	map pack	pack[7]{TIMx2 unknownx5}	5.24	0	8	8	1	
143	425	\_DATA\M_FILES.BIN\M_H17200.BIN	0x4af3800	39421	115056	57	map pack	pack[7]{TIMx2 unknownx5}	5.51	0	8	1	0	
143	426	\_DATA\M_FILES.BIN\M_H18000.BIN	0x4b10000	39478	121136	60	map pack	pack[7]{TIMx2 unknownx4 zero}	5.48	0	2	1	0	
143	427	\_DATA\M_FILES.BIN\M_H18001.BIN	0x4b2e000	39538	121456	60	map pack	pack[7]{TIMx2 unknownx4 zero}	5.49	0	2	2	0	
143	428	\_DATA\M_FILES.BIN\M_H18100.BIN	0x4b4c000	39598	122052	60	map pack	pack[7]{TIMx2 unknownx4 zero}	5.40	0	2	1	0	
143	429	\_DATA\M_FILES.BIN\M_H18101.BIN	0x4b6a000	39658	122372	60	map pack	pack[7]{TIMx2 unknownx4 zero}	5.41	0	2	2	0	
143	430	\_DATA\M_FILES.BIN\M_H18200.BIN	0x4b88000	39718	121216	60	map pack	pack[7]{TIMx2 unknownx4 zero}	4.37	0	2	1	0	
143	431	\_DATA\M_FILES.BIN\M_H18201.BIN	0x4ba6000	39778	121536	60	map pack	pack[7]{TIMx2 unknownx4 zero}	4.37	0	2	2	0	
143	432	\_DATA\M_FILES.BIN\M_H19000.BIN	0x4bc4000	39838	137512	68	map pack	pack[7]{TIMx2 unknownx4 zero}	6.10	0	2	2	0	
143	433	\_DATA\M_FILES.BIN\M_H19001.BIN	0x4be6000	39906	137624	68	map pack	pack[7]{TIMx2 unknownx4 zero}	6.10	0	2	2	0	
143	434	\_DATA\M_FILES.BIN\M_H19002.BIN	0x4c08000	39974	134932	66	map pack	pack[7]{TIMx2 unknownx4 zero}	6.18	0	2	2	0	
143	435	\_DATA\M_FILES.BIN\M_H19003.BIN	0x4c29000	40040	135040	66	map pack	pack[7]{TIMx2 unknownx4 zero}	6.18	0	2	2	0	
143	436	\_DATA\M_FILES.BIN\M_H19004.BIN	0x4c4a000	40106	137512	68	map pack	pack[7]{TIMx2 unknownx4 zero}	6.12	0	2	2	0	
143	437	\_DATA\M_FILES.BIN\M_H19005.BIN	0x4c6c000	40174	137624	68	map pack	pack[7]{TIMx2 unknownx4 zero}	6.13	0	2	2	0	
143	438	\_DATA\M_FILES.BIN\M_H19100.BIN	0x4c8e000	40242	137532	68	map pack	pack[7]{TIMx2 unknownx4 zero}	5.50	0	2	2	0	
143	439	\_DATA\M_FILES.BIN\M_H19102.BIN	0x4cb0000	40310	135484	67	map pack	pack[7]{TIMx2 unknownx4 zero}	5.65	0	2	2	0	
143	440	\_DATA\M_FILES.BIN\M_H19104.BIN	0x4cd1800	40377	137020	67	map pack	pack[7]{TIMx2 unknownx4 zero}	5.41	0	2	2	0	
143	441	\_DATA\M_FILES.BIN\M_H20000.BIN	0x4cf3000	40444	189636	93	map pack	pack[7]{TIMx2 unknownx4 zero}	5.27	0	6	0	0	
143	442	\_DATA\M_FILES.BIN\M_H20100.BIN	0x4d21800	40537	203804	100	map pack	pack[7]{TIMx2 unknownx4 zero}	4.96	0	6	0	0	
143	443	\_DATA\M_FILES.BIN\M_H20200.BIN	0x4d53800	40637	200324	98	map pack	pack[7]{TIMx2 unknownx4 zero}	4.79	0	6	0	0	
143	444	\_DATA\M_FILES.BIN\M_H21000.BIN	0x4d84800	40735	131556	65	map pack	pack[7]{TIMx2 unknownx4 zero}	6.07	0	7	0	0	
143	445	\_DATA\M_FILES.BIN\M_H21100.BIN	0x4da5000	40800	131556	65	map pack	pack[7]{TIMx2 unknownx4 zero}	6.06	0	7	0	0	
143	446	\_DATA\M_FILES.BIN\M_H21200.BIN	0x4dc5800	40865	128040	63	map pack	pack[7]{TIMx2 unknownx5}	5.55	0	7	0	0	
143	447	\_DATA\M_FILES.BIN\M_H22000.BIN	0x4de5000	40928	122308	60	map pack	pack[7]{TIMx2 unknownx4 zero}	6.01	0	5	0	0	
143	448	\_DATA\M_FILES.BIN\M_H22100.BIN	0x4e03000	40988	123332	61	map pack	pack[7]{TIMx2 unknownx4 zero}	5.73	0	5	0	0	
143	449	\_DATA\M_FILES.BIN\M_H22200.BIN	0x4e21800	41049	120460	59	map pack	pack[7]{TIMx2 unknownx4 zero}	5.08	0	5	0	0	
143	450	\_DATA\M_FILES.BIN\M_H23000.BIN	0x4e3f000	41108	184264	90	map pack	pack[7]{TIMx2 unknownx4 zero}	5.33	0	7	0	0	
143	451	\_DATA\M_FILES.BIN\M_H23100.BIN	0x4e6c000	41198	184264	90	map pack	pack[7]{TIMx2 unknownx4 zero}	5.22	0	7	0	0	
143	452	\_DATA\M_FILES.BIN\M_H23200.BIN	0x4e99000	41288	219060	107	map pack	pack[7]{TIMx2 unknownx4 zero}	4.07	0	7	0	0	
143	453	\_DATA\M_FILES.BIN\M_H24000.BIN	0x4ece800	41395	205908	101	map pack	pack[7]{TIMx2 unknownx5}	5.08	0	7	1	0	
143	454	\_DATA\M_FILES.BIN\M_H24100.BIN	0x4f01000	41496	220156	108	map pack	pack[7]{TIMx2 unknownx5}	5.01	0	7	1	0	
143	455	\_DATA\M_FILES.BIN\M_H24200.BIN	0x4f37000	41604	203780	100	map pack	pack[7]{TIMx2 unknownx5}	5.14	0	7	4	0	
143	456	\_DATA\M_FILES.BIN\M_H25000.BIN	0x4f69000	41704	107700	53	map pack	pack[7]{TIMx2 unknownx4 zero}	5.11	0	2	1	0	
143	457	\_DATA\M_FILES.BIN\M_H25001.BIN	0x4f83800	41757	107920	53	map pack	pack[7]{TIMx2 unknownx4 zero}	5.12	0	2	2	0	
143	458	\_DATA\M_FILES.BIN\M_H25100.BIN	0x4f9e000	41810	109172	54	map pack	pack[7]{TIMx2 unknownx4 zero}	5.06	0	2	1	0	
143	459	\_DATA\M_FILES.BIN\M_H25101.BIN	0x4fb9000	41864	109392	54	map pack	pack[7]{TIMx2 unknownx4 zero}	5.07	0	2	2	0	
143	460	\_DATA\M_FILES.BIN\M_H25200.BIN	0x4fd4000	41918	115268	57	map pack	pack[7]{TIMx2 unknownx4 zero}	4.52	0	2	1	0	
143	461	\_DATA\M_FILES.BIN\M_H25201.BIN	0x4ff0800	41975	115488	57	map pack	pack[7]{TIMx2 unknownx4 zero}	4.52	0	2	2	0	
143	462	\_DATA\M_FILES.BIN\M_H26000.BIN	0x500d000	42032	186492	92	map pack	pack[7]{TIMx2 unknownx4 zero}	6.78	0	2	3	0	
143	463	\_DATA\M_FILES.BIN\M_H26001.BIN	0x503b000	42124	186488	92	map pack	pack[7]{TIMx2 unknownx4 zero}	6.78	0	2	3	0	
143	464	\_DATA\M_FILES.BIN\M_H26002.BIN	0x5069000	42216	193880	95	map pack	pack[7]{TIMx2 unknownx4 zero}	6.79	0	2	42	0	
143	465	\_DATA\M_FILES.BIN\M_H26003.BIN	0x5098800	42311	193872	95	map pack	pack[7]{TIMx2 unknownx4 zero}	6.79	0	2	42	0	
143	466	\_DATA\M_FILES.BIN\M_H26004.BIN	0x50c8000	42406	208252	102	map pack	pack[7]{TIMx2 unknownx4 zero}	6.75	0	2	3	0	
143	467	\_DATA\M_FILES.BIN\M_H26005.BIN	0x50fb000	42508	208248	102	map pack	pack[7]{TIMx2 unknownx4 zero}	6.75	0	2	3	0	
143	468	\_DATA\M_FILES.BIN\M_H26006.BIN	0x512e000	42610	215632	106	map pack	pack[7]{TIMx2 unknownx4 zero}	6.75	0	2	42	0	
143	469	\_DATA\M_FILES.BIN\M_H26007.BIN	0x5163000	42716	215624	106	map pack	pack[7]{TIMx2 unknownx4 zero}	6.75	0	2	42	0	
143	470	\_DATA\M_FILES.BIN\M_H26008.BIN	0x5198000	42822	186492	92	map pack	pack[7]{TIMx2 unknownx4 zero}	6.83	0	2	3	0	
143	471	\_DATA\M_FILES.BIN\M_H26009.BIN	0x51c6000	42914	186488	92	map pack	pack[7]{TIMx2 unknownx4 zero}	6.83	0	2	3	0	
143	472	\_DATA\M_FILES.BIN\M_H26010.BIN	0x51f4000	43006	193880	95	map pack	pack[7]{TIMx2 unknownx4 zero}	6.83	0	2	42	0	
143	473	\_DATA\M_FILES.BIN\M_H26011.BIN	0x5223800	43101	193872	95	map pack	pack[7]{TIMx2 unknownx4 zero}	6.83	0	2	42	0	
143	474	\_DATA\M_FILES.BIN\M_H26100.BIN	0x5253000	43196	184944	91	map pack	pack[7]{TIMx2 unknownx4 zero}	6.32	0	2	3	0	
143	475	\_DATA\M_FILES.BIN\M_H26101.BIN	0x5280800	43287	184940	91	map pack	pack[7]{TIMx2 unknownx4 zero}	6.32	0	2	3	0	
143	476	\_DATA\M_FILES.BIN\M_H26104.BIN	0x52ae000	43378	184928	91	map pack	pack[7]{TIMx2 unknownx4 zero}	6.51	0	2	3	0	
143	477	\_DATA\M_FILES.BIN\M_H26105.BIN	0x52db800	43469	184920	91	map pack	pack[7]{TIMx2 unknownx4 zero}	6.51	0	2	3	0	
143	478	\_DATA\M_FILES.BIN\M_H26108.BIN	0x5309000	43560	184944	91	map pack	pack[7]{TIMx2 unknownx4 zero}	6.32	0	2	3	0	
143	479	\_DATA\M_FILES.BIN\M_H26109.BIN	0x5336800	43651	176992	87	map pack	pack[7]{TIMx2 unknownx4 zero}	6.00	0	2	3	0	
143	480	\_DATA\M_FILES.BIN\M_H27000.BIN	0x5362000	43738	148036	73	map pack	pack[7]{TIMx2 unknownx4 zero}	6.06	0	7	0	0	
143	481	\_DATA\M_FILES.BIN\M_H27100.BIN	0x5386800	43811	149076	73	map pack	pack[7]{TIMx2 unknownx4 zero}	5.94	0	7	0	0	
143	482	\_DATA\M_FILES.BIN\M_H27200.BIN	0x53ab000	43884	143488	71	map pack	pack[7]{TIMx2 unknownx4 zero}	5.90	0	7	0	0	
143	483	\_DATA\M_FILES.BIN\M_I00000.BIN	0x53ce800	43955	78596	39	map pack	pack[7]{TIM nullx2 unknownx4}	4.94	0	1	0	0	
143	484	\_DATA\M_FILES.BIN\M_I00200.BIN	0x53e2000	43994	78596	39	map pack	pack[7]{TIM nullx2 unknownx4}	4.81	0	1	0	0	
143	485	\_DATA\M_FILES.BIN\M_I01000.BIN	0x53f5800	44033	79460	39	map pack	pack[7]{TIM nullx2 unknownx4}	5.24	0	1	4	0	
143	486	\_DATA\M_FILES.BIN\M_I02000.BIN	0x5409000	44072	78596	39	map pack	pack[7]{TIM nullx2 unknownx4}	4.78	0	1	0	0	
143	487	\_DATA\M_FILES.BIN\M_I02200.BIN	0x541c800	44111	78596	39	map pack	pack[7]{TIM nullx2 unknownx4}	4.83	0	1	0	0	
143	488	\_DATA\M_FILES.BIN\M_I03000.BIN	0x5430000	44150	79572	39	map pack	pack[7]{TIM nullx2 unknownx4}	4.82	0	1	3	0	
143	489	\_DATA\M_FILES.BIN\M_I03200.BIN	0x5443800	44189	79572	39	map pack	pack[7]{TIM nullx2 unknownx4}	4.72	0	1	3	0	
143	490	\_DATA\M_FILES.BIN\M_I04000.BIN	0x5457000	44228	133516	66	map pack	pack[7]{TIM nullx2 unknownx4}	5.44	0	1	2	0	
143	491	\_DATA\M_FILES.BIN\M_I05000.BIN	0x5478000	44294	78220	39	map pack	pack[7]{TIM nullx2 unknownx4}	4.93	0	1	0	0	
143	492	\_DATA\M_FILES.BIN\M_I06000.BIN	0x548b800	44333	151732	75	map pack	pack[7]{TIM nullx2 unknownx4}	5.47	1	1	15	0	zero sector in /6:TIM
143	493	\_DATA\M_FILES.BIN\M_I06001.BIN	0x54b1000	44408	151732	75	map pack	pack[7]{TIM nullx2 unknownx4}	5.47	1	1	15	0	zero sector in /6:TIM
143	494	\_DATA\M_FILES.BIN\M_I06002.BIN	0x54d6800	44483	151732	75	map pack	pack[7]{TIM nullx2 unknownx4}	5.43	1	1	15	0	zero sector in /6:TIM
143	495	\_DATA\M_FILES.BIN\M_I06003.BIN	0x54fc000	44558	151732	75	map pack	pack[7]{TIM nullx2 unknownx4}	5.48	1	1	15	0	zero sector in /6:TIM
143	496	\_DATA\M_FILES.BIN\M_I06004.BIN	0x5521800	44633	151732	75	map pack	pack[7]{TIM nullx2 unknownx4}	5.39	1	1	15	0	zero sector in /6:TIM
143	497	\_DATA\M_FILES.BIN\M_I07000.BIN	0x5547000	44708	78664	39	map pack	pack[7]{TIM nullx2 unknownx4}	5.50	0	1	2	0	
143	498	\_DATA\M_FILES.BIN\M_I08000.BIN	0x555a800	44747	78332	39	map pack	pack[7]{TIM nullx2 unknownx4}	5.60	0	1	1	0	
143	499	\_DATA\M_FILES.BIN\M_I09000.BIN	0x556e000	44786	78344	39	map pack	pack[7]{TIM nullx2 unknownx4}	4.90	0	1	1	0	
143	500	\_DATA\M_FILES.BIN\M_I11000.BIN	0x5581800	44825	77528	38	map pack	pack[7]{TIM nullx3 unknownx2 zero}	5.42	0	1	0	0	
143	501	\_DATA\M_FILES.BIN\M_I12000.BIN	0x5594800	44863	78444	39	map pack	pack[7]{TIM nullx2 unknownx4}	5.41	0	1	1	0	
143	502	\_DATA\M_FILES.BIN\M_I13000.BIN	0x55a8000	44902	79636	39	map pack	pack[7]{TIM nullx2 unknownx4}	5.24	0	1	8	0	
143	503	\_DATA\M_FILES.BIN\M_I14000.BIN	0x55bb800	44941	77876	39	map pack	pack[7]{TIM nullx2 unknownx4}	5.70	0	1	0	0	
143	504	\_DATA\M_FILES.BIN\M_I15000.BIN	0x55cf000	44980	78248	39	map pack	pack[7]{TIM nullx2 unknownx4}	6.05	0	1	0	0	
143	505	\_DATA\M_FILES.BIN\M_I16000.BIN	0x55e2800	45019	78348	39	map pack	pack[7]{TIM nullx2 unknownx4}	5.78	0	1	1	0	
143	506	\_DATA\M_FILES.BIN\M_I16100.BIN	0x55f6000	45058	98100	48	map pack	pack[7]{TIM nullx2 unknownx4}	5.85	0	1	1	0	
143	507	\_DATA\M_FILES.BIN\M_I16200.BIN	0x560e000	45106	78348	39	map pack	pack[7]{TIM nullx2 unknownx4}	6.03	0	1	1	0	
143	508	\_DATA\M_FILES.BIN\M_I17000.BIN	0x5621800	45145	184160	90	map pack	pack[7]{TIM nullx3 unknownx2 zero}	4.72	0	1	0	0	
143	509	\_DATA\M_FILES.BIN\M_I17100.BIN	0x564e800	45235	150632	74	map pack	pack[7]{TIM nullx3 unknownx2 zero}	5.14	0	1	0	0	
143	510	\_DATA\M_FILES.BIN\M_I18000.BIN	0x5673800	45309	78960	39	map pack	pack[7]{TIM nullx2 unknownx4}	5.38	0	1	1	0	
143	511	\_DATA\M_FILES.BIN\M_I18001.BIN	0x5687000	45348	78960	39	map pack	pack[7]{TIM nullx2 unknownx4}	5.38	0	1	1	0	
143	512	\_DATA\M_FILES.BIN\M_I19000.BIN	0x569a800	45387	94220	47	map pack	pack[7]{TIM nullx2 unknownx4}	6.28	0	1	3	0	
143	513	\_DATA\M_FILES.BIN\M_I20000.BIN	0x56b2000	45434	78456	39	map pack	pack[7]{TIM nullx2 unknownx4}	5.37	0	1	1	0	
143	514	\_DATA\M_FILES.BIN\M_I21000.BIN	0x56c5800	45473	78692	39	map pack	pack[7]{TIM nullx2 unknownx4}	6.51	0	1	0	0	
143	515	\_DATA\M_FILES.BIN\M_I21010.BIN	0x56d9000	45512	78692	39	map pack	pack[7]{TIM nullx2 unknownx4}	6.62	0	1	0	0	
143	516	\_DATA\M_FILES.BIN\M_I21020.BIN	0x56ec800	45551	78692	39	map pack	pack[7]{TIM nullx2 unknownx4}	6.67	0	1	0	0	
143	517	\_DATA\M_FILES.BIN\M_I21030.BIN	0x5700000	45590	78692	39	map pack	pack[7]{TIM nullx2 unknownx4}	6.63	0	1	0	0	
143	518	\_DATA\M_FILES.BIN\M_I21040.BIN	0x5713800	45629	78692	39	map pack	pack[7]{TIM nullx2 unknownx4}	6.57	0	1	0	0	
143	519	\_DATA\M_FILES.BIN\M_I21200.BIN	0x5727000	45668	78692	39	map pack	pack[7]{TIM nullx2 unknownx4}	6.52	0	1	0	0	
143	520	\_DATA\M_FILES.BIN\M_I21210.BIN	0x573a800	45707	78692	39	map pack	pack[7]{TIM nullx2 unknownx4}	6.69	0	1	0	0	
143	521	\_DATA\M_FILES.BIN\M_I21220.BIN	0x574e000	45746	78692	39	map pack	pack[7]{TIM nullx2 unknownx4}	6.60	0	1	0	0	
143	522	\_DATA\M_FILES.BIN\M_I21230.BIN	0x5761800	45785	78692	39	map pack	pack[7]{TIM nullx2 unknownx4}	6.49	0	1	0	0	
143	523	\_DATA\M_FILES.BIN\M_I21240.BIN	0x5775000	45824	78692	39	map pack	pack[7]{TIM nullx2 unknownx4}	6.64	0	1	0	0	
143	524	\_DATA\M_FILES.BIN\M_I22000.BIN	0x5788800	45863	78512	39	map pack	pack[7]{TIM nullx2 unknownx4}	5.27	0	1	3	0	
143	525	\_DATA\M_FILES.BIN\M_I23000.BIN	0x579c000	45902	78196	39	map pack	pack[7]{TIM nullx2 unknownx4}	6.25	0	1	0	0	
143	526	\_DATA\M_FILES.BIN\M_I25000.BIN	0x57af800	45941	155652	77	map pack	pack[7]{TIM nullx2 unknownx4}	5.06	1	1	1	0	zero sector in /6:TIM
143	527	\_DATA\M_FILES.BIN\M_I26000.BIN	0x57d6000	46018	123780	61	map pack	pack[7]{TIM nullx2 unknownx4}	5.73	0	1	3	0	
143	528	\_DATA\M_FILES.BIN\M_I26100.BIN	0x57f4800	46079	123780	61	map pack	pack[7]{TIM nullx2 unknownx4}	5.71	0	1	3	0	
143	529	\_DATA\M_FILES.BIN\M_I27000.BIN	0x5813000	46140	123780	61	map pack	pack[7]{TIM nullx2 unknownx4}	5.13	0	1	3	0	
143	530	\_DATA\M_FILES.BIN\M_I27100.BIN	0x5831800	46201	123780	61	map pack	pack[7]{TIM nullx2 unknownx4}	4.98	0	1	3	0	
143	531	\_DATA\M_FILES.BIN\M_I28000.BIN	0x5850000	46262	123612	61	map pack	pack[7]{TIM nullx2 unknownx4}	5.06	0	1	3	0	
143	532	\_DATA\M_FILES.BIN\M_I28100.BIN	0x586e800	46323	123612	61	map pack	pack[7]{TIM nullx2 unknownx4}	5.16	0	1	3	0	
143	533	\_DATA\M_FILES.BIN\M_I29000.BIN	0x588d000	46384	123852	61	map pack	pack[7]{TIM nullx2 unknownx4}	5.59	0	1	3	0	
143	534	\_DATA\M_FILES.BIN\M_I29100.BIN	0x58ab800	46445	123852	61	map pack	pack[7]{TIM nullx2 unknownx4}	5.53	0	1	3	0	
143	535	\_DATA\M_FILES.BIN\M_I30000.BIN	0x58ca000	46506	79840	39	map pack	pack[7]{TIM nullx2 unknownx4}	4.66	0	1	18	0	
143	536	\_DATA\M_FILES.BIN\M_I31000.BIN	0x58dd800	46545	122088	60	map pack	pack[7]{TIM nullx2 unknownx4}	5.53	0	1	14	11	
143	537	\_DATA\M_FILES.BIN\M_I32000.BIN	0x58fb800	46605	120480	59	map pack	pack[7]{TIM nullx2 unknownx4}	5.44	0	1	0	0	
143	538	\_DATA\M_FILES.BIN\M_I33000.BIN	0x5919000	46664	77784	38	map pack	pack[7]{TIM nullx2 unknownx4}	3.18	0	1	1	1	
143	539	\_DATA\M_FILES.BIN\M_I34000.BIN	0x592c000	46702	79112	39	map pack	pack[7]{TIM nullx3 unknownx3}	6.36	0	1	11	0	
143	540	\_DATA\M_FILES.BIN\M_I35000.BIN	0x593f800	46741	133432	66	map pack	pack[7]{TIM nullx2 unknownx4}	4.69	0	1	1	0	
143	541	\_DATA\M_FILES.BIN\M_I36000.BIN	0x5960800	46807	84204	42	map pack	pack[7]{TIM nullx3 unknownx3}	2.72	0	1	39	0	
143	542	\_DATA\M_FILES.BIN\M_I37000.BIN	0x5975800	46849	84204	42	map pack	pack[7]{TIM nullx3 unknownx3}	2.63	0	1	39	0	
143	543	\_DATA\M_FILES.BIN\M_I38000.BIN	0x598a800	46891	84204	42	map pack	pack[7]{TIM nullx3 unknownx3}	2.66	0	1	39	0	
143	544	\_DATA\M_FILES.BIN\M_I39000.BIN	0x599f800	46933	84204	42	map pack	pack[7]{TIM nullx3 unknownx3}	2.74	0	1	39	0	
143	545	\_DATA\M_FILES.BIN\M_I40000.BIN	0x59b4800	46975	83692	41	map pack	pack[7]{TIM nullx3 unknownx3}	2.58	0	1	39	0	
143	546	\_DATA\M_FILES.BIN\M_I41000.BIN	0x59c9000	47016	84204	42	map pack	pack[7]{TIM nullx3 unknownx3}	2.83	0	1	39	0	
143	547	\_DATA\M_FILES.BIN\M_I42000.BIN	0x59de000	47058	84204	42	map pack	pack[7]{TIM nullx3 unknownx3}	2.97	0	1	39	0	
143	548	\_DATA\M_FILES.BIN\M_I43000.BIN	0x59f3000	47100	84204	42	map pack	pack[7]{TIM nullx3 unknownx3}	2.74	0	1	39	0	
143	549	\_DATA\M_FILES.BIN\M_J00000.BIN	0x5a08000	47142	78592	39	map pack	pack[7]{TIM nullx3 unknownx2 zero}	6.52	0	1	0	0	
143	550	\_DATA\M_FILES.BIN\M_J00001.BIN	0x5a1b800	47181	77528	38	map pack	pack[7]{TIM nullx3 unknownx2 zero}	4.50	0	1	0	0	
143	551	\_DATA\M_FILES.BIN\M_J00002.BIN	0x5a2e800	47219	101120	50	map pack	pack[7]{TIM nullx3 unknownx2 zero}	6.42	0	1	0	0	
143	552	\_DATA\M_FILES.BIN\M_J00003.BIN	0x5a47800	47269	83200	41	map pack	pack[7]{TIM nullx3 unknownx2 zero}	6.74	0	1	0	0	
143	553	\_DATA\M_FILES.BIN\M_J00004.BIN	0x5a5c000	47310	155092	76	map pack	pack[7]{TIM nullx3 unknownx2 zero}	5.23	0	1	0	0	
143	554	\_DATA\M_FILES.BIN\M_J00005.BIN	0x5a82000	47386	117812	58	map pack	pack[7]{TIM nullx3 unknownx2 zero}	6.19	0	1	0	0	
144		\_DATA\M_FILES.SEC	0x5a9f000	47444	8884	5	sub-archive index	unknown	5.08	0	0	0	0	
145		\_DATA\M_S01000.BIN	0x5aa1800	47449	191332	94	sound pack (SShd/SSsq + body)	pack[4]{SShd SSsq TIM unknown}	6.62	0	1	0	0	
146		\_DATA\M_S01001.BIN	0x5ad0800	47543	147844	73	pack	pack[2]{TIMx2}	5.06	0	2	0	0	
147		\_DATA\M_S01100.BIN	0x5af5000	47616	183508	90	pack	pack[2]{TIMx2}	5.64	1	2	0	0	zero sector in /1:TIM
148		\_DATA\M_S02000.BIN	0x5b22000	47706	181260	89	pack	pack[4]{TIMx2 unknownx2}	6.76	0	2	0	0	
149	0	\_DATA\NIKKI.BIN\NIKKI_000	0x5b4e800	47795	46624	23	TIM	TIM	1.53	0	1	0	0	
149	1	\_DATA\NIKKI.BIN\NIKKI_001	0x5b5a000	47818	46624	23	TIM	TIM	5.27	0	1	0	0	
149	2	\_DATA\NIKKI.BIN\NIKKI_002	0x5b65800	47841	46624	23	TIM	TIM	4.94	0	1	0	0	
149	3	\_DATA\NIKKI.BIN\NIKKI_003	0x5b71000	47864	46624	23	TIM	TIM	5.13	0	1	0	0	
149	4	\_DATA\NIKKI.BIN\NIKKI_004	0x5b7c800	47887	46624	23	TIM	TIM	6.03	0	1	0	0	
149	5	\_DATA\NIKKI.BIN\NIKKI_005	0x5b88000	47910	46624	23	TIM	TIM	5.42	0	1	0	0	
149	6	\_DATA\NIKKI.BIN\NIKKI_006	0x5b93800	47933	46624	23	TIM	TIM	5.07	0	1	0	0	
149	7	\_DATA\NIKKI.BIN\NIKKI_007	0x5b9f000	47956	46624	23	TIM	TIM	4.15	0	1	0	0	
149	8	\_DATA\NIKKI.BIN\NIKKI_008	0x5baa800	47979	46624	23	TIM	TIM	4.76	0	1	0	0	
149	9	\_DATA\NIKKI.BIN\NIKKI_010	0x5bb6000	48002	46624	23	TIM	TIM	5.52	0	1	0	0	
149	10	\_DATA\NIKKI.BIN\NIKKI_011	0x5bc1800	48025	46624	23	TIM	TIM	4.87	0	1	0	0	
149	11	\_DATA\NIKKI.BIN\NIKKI_012	0x5bcd000	48048	46624	23	TIM	TIM	5.42	0	1	0	0	
149	12	\_DATA\NIKKI.BIN\NIKKI_013	0x5bd8800	48071	46624	23	TIM	TIM	6.04	0	1	0	0	
149	13	\_DATA\NIKKI.BIN\NIKKI_016	0x5be4000	48094	46624	23	TIM	TIM	5.69	0	1	0	0	
149	14	\_DATA\NIKKI.BIN\NIKKI_017	0x5bef800	48117	46624	23	TIM	TIM	6.38	0	1	0	0	
149	15	\_DATA\NIKKI.BIN\NIKKI_018	0x5bfb000	48140	46624	23	TIM	TIM	5.41	0	1	0	0	
149	16	\_DATA\NIKKI.BIN\NIKKI_020	0x5c06800	48163	46624	23	TIM	TIM	4.87	0	1	0	0	
149	17	\_DATA\NIKKI.BIN\NIKKI_021	0x5c12000	48186	46624	23	TIM	TIM	5.09	0	1	0	0	
149	18	\_DATA\NIKKI.BIN\NIKKI_022	0x5c1d800	48209	46624	23	TIM	TIM	5.78	0	1	0	0	
149	19	\_DATA\NIKKI.BIN\NIKKI_023	0x5c29000	48232	46624	23	TIM	TIM	5.70	0	1	0	0	
149	20	\_DATA\NIKKI.BIN\NIKKI_024	0x5c34800	48255	46624	23	TIM	TIM	4.61	0	1	0	0	
149	21	\_DATA\NIKKI.BIN\NIKKI_025	0x5c40000	48278	46624	23	TIM	TIM	4.74	0	1	0	0	
149	22	\_DATA\NIKKI.BIN\NIKKI_026	0x5c4b800	48301	46624	23	TIM	TIM	5.32	0	1	0	0	
149	23	\_DATA\NIKKI.BIN\NIKKI_027	0x5c57000	48324	46624	23	TIM	TIM	5.39	0	1	0	0	
149	24	\_DATA\NIKKI.BIN\NIKKI_028	0x5c62800	48347	46624	23	TIM	TIM	4.25	0	1	0	0	
149	25	\_DATA\NIKKI.BIN\NIKKI_029	0x5c6e000	48370	46624	23	TIM	TIM	5.78	0	1	0	0	
149	26	\_DATA\NIKKI.BIN\NIKKI_030	0x5c79800	48393	46624	23	TIM	TIM	4.35	0	1	0	0	
149	27	\_DATA\NIKKI.BIN\NIKKI_031	0x5c85000	48416	46624	23	TIM	TIM	4.56	0	1	0	0	
149	28	\_DATA\NIKKI.BIN\NIKKI_033	0x5c90800	48439	46624	23	TIM	TIM	5.03	0	1	0	0	
149	29	\_DATA\NIKKI.BIN\NIKKI_034	0x5c9c000	48462	46624	23	TIM	TIM	4.36	0	1	0	0	
149	30	\_DATA\NIKKI.BIN\NIKKI_035	0x5ca7800	48485	46624	23	TIM	TIM	5.93	0	1	0	0	
149	31	\_DATA\NIKKI.BIN\NIKKI_036	0x5cb3000	48508	46624	23	TIM	TIM	6.03	0	1	0	0	
149	32	\_DATA\NIKKI.BIN\NIKKI_037	0x5cbe800	48531	46624	23	TIM	TIM	5.45	0	1	0	0	
149	33	\_DATA\NIKKI.BIN\NIKKI_038	0x5cca000	48554	46624	23	TIM	TIM	3.96	0	1	0	0	
149	34	\_DATA\NIKKI.BIN\NIKKI_039	0x5cd5800	48577	46624	23	TIM	TIM	5.34	0	1	0	0	
149	35	\_DATA\NIKKI.BIN\NIKKI_040	0x5ce1000	48600	46624	23	TIM	TIM	5.22	0	1	0	0	
149	36	\_DATA\NIKKI.BIN\NIKKI_041	0x5cec800	48623	46624	23	TIM	TIM	5.74	0	1	0	0	
149	37	\_DATA\NIKKI.BIN\NIKKI_042	0x5cf8000	48646	46624	23	TIM	TIM	4.31	0	1	0	0	
149	38	\_DATA\NIKKI.BIN\NIKKI_044	0x5d03800	48669	46624	23	TIM	TIM	5.86	0	1	0	0	
149	39	\_DATA\NIKKI.BIN\NIKKI_045	0x5d0f000	48692	46624	23	TIM	TIM	5.76	0	1	0	0	
149	40	\_DATA\NIKKI.BIN\NIKKI_046	0x5d1a800	48715	46624	23	TIM	TIM	4.17	0	1	0	0	
149	41	\_DATA\NIKKI.BIN\NIKKI_047	0x5d26000	48738	46624	23	TIM	TIM	5.01	0	1	0	0	
149	42	\_DATA\NIKKI.BIN\NIKKI_048	0x5d31800	48761	46624	23	TIM	TIM	4.95	0	1	0	0	
149	43	\_DATA\NIKKI.BIN\NIKKI_049	0x5d3d000	48784	46624	23	TIM	TIM	5.43	0	1	0	0	
149	44	\_DATA\NIKKI.BIN\NIKKI_050	0x5d48800	48807	46624	23	TIM	TIM	4.02	0	1	0	0	
149	45	\_DATA\NIKKI.BIN\NIKKI_051	0x5d54000	48830	46624	23	TIM	TIM	3.45	0	1	0	0	
149	46	\_DATA\NIKKI.BIN\NIKKI_052	0x5d5f800	48853	46624	23	TIM	TIM	5.18	0	1	0	0	
149	47	\_DATA\NIKKI.BIN\NIKKI_053	0x5d6b000	48876	46624	23	TIM	TIM	6.01	0	1	0	0	
149	48	\_DATA\NIKKI.BIN\NIKKI_054	0x5d76800	48899	46624	23	TIM	TIM	5.45	0	1	0	0	
149	49	\_DATA\NIKKI.BIN\NIKKI_055	0x5d82000	48922	46624	23	TIM	TIM	4.91	0	1	0	0	
149	50	\_DATA\NIKKI.BIN\NIKKI_056	0x5d8d800	48945	46624	23	TIM	TIM	4.90	0	1	0	0	
149	51	\_DATA\NIKKI.BIN\NIKKI_057	0x5d99000	48968	46624	23	TIM	TIM	5.45	0	1	0	0	
149	52	\_DATA\NIKKI.BIN\NIKKI_058	0x5da4800	48991	46624	23	TIM	TIM	6.20	0	1	0	0	
149	53	\_DATA\NIKKI.BIN\NIKKI_059	0x5db0000	49014	46624	23	TIM	TIM	5.48	0	1	0	0	
149	54	\_DATA\NIKKI.BIN\NIKKI_060	0x5dbb800	49037	46624	23	TIM	TIM	4.91	0	1	0	0	
149	55	\_DATA\NIKKI.BIN\NIKKI_061	0x5dc7000	49060	46624	23	TIM	TIM	5.35	0	1	0	0	
149	56	\_DATA\NIKKI.BIN\NIKKI_063	0x5dd2800	49083	46624	23	TIM	TIM	5.20	0	1	0	0	
149	57	\_DATA\NIKKI.BIN\NIKKI_064	0x5dde000	49106	46624	23	TIM	TIM	5.78	0	1	0	0	
149	58	\_DATA\NIKKI.BIN\NIKKI_065	0x5de9800	49129	46624	23	TIM	TIM	4.82	0	1	0	0	
149	59	\_DATA\NIKKI.BIN\NIKKI_066	0x5df5000	49152	46624	23	TIM	TIM	5.80	0	1	0	0	
149	60	\_DATA\NIKKI.BIN\NIKKI_067	0x5e00800	49175	46624	23	TIM	TIM	4.87	0	1	0	0	
149	61	\_DATA\NIKKI.BIN\NIKKI_068	0x5e0c000	49198	46624	23	TIM	TIM	6.21	0	1	0	0	
149	62	\_DATA\NIKKI.BIN\NIKKI_069	0x5e17800	49221	46624	23	TIM	TIM	3.99	0	1	0	0	
149	63	\_DATA\NIKKI.BIN\NIKKI_070	0x5e23000	49244	46624	23	TIM	TIM	5.01	0	1	0	0	
149	64	\_DATA\NIKKI.BIN\NIKKI_071	0x5e2e800	49267	46624	23	TIM	TIM	5.20	0	1	0	0	
149	65	\_DATA\NIKKI.BIN\NIKKI_072	0x5e3a000	49290	46624	23	TIM	TIM	4.95	0	1	0	0	
149	66	\_DATA\NIKKI.BIN\NIKKI_073	0x5e45800	49313	46624	23	TIM	TIM	5.22	0	1	0	0	
149	67	\_DATA\NIKKI.BIN\NIKKI_074	0x5e51000	49336	46624	23	TIM	TIM	4.57	0	1	0	0	
149	68	\_DATA\NIKKI.BIN\NIKKI_075	0x5e5c800	49359	46624	23	TIM	TIM	5.15	0	1	0	0	
149	69	\_DATA\NIKKI.BIN\NIKKI_076	0x5e68000	49382	46624	23	TIM	TIM	4.43	0	1	0	0	
149	70	\_DATA\NIKKI.BIN\NIKKI_077	0x5e73800	49405	46624	23	TIM	TIM	4.76	0	1	0	0	
149	71	\_DATA\NIKKI.BIN\NIKKI_078	0x5e7f000	49428	46624	23	TIM	TIM	5.21	0	1	0	0	
149	72	\_DATA\NIKKI.BIN\NIKKI_079	0x5e8a800	49451	46624	23	TIM	TIM	5.55	0	1	0	0	
149	73	\_DATA\NIKKI.BIN\NIKKI_080	0x5e96000	49474	46624	23	TIM	TIM	4.93	0	1	0	0	
149	74	\_DATA\NIKKI.BIN\NIKKI_081	0x5ea1800	49497	46624	23	TIM	TIM	4.32	0	1	0	0	
149	75	\_DATA\NIKKI.BIN\NIKKI_082	0x5ead000	49520	46624	23	TIM	TIM	3.71	0	1	0	0	
149	76	\_DATA\NIKKI.BIN\NIKKI_083	0x5eb8800	49543	46624	23	TIM	TIM	5.20	0	1	0	0	
149	77	\_DATA\NIKKI.BIN\NIKKI_084	0x5ec4000	49566	46624	23	TIM	TIM	3.71	0	1	0	0	
149	78	\_DATA\NIKKI.BIN\NIKKI_085	0x5ecf800	49589	46624	23	TIM	TIM	4.29	0	1	0	0	
149	79	\_DATA\NIKKI.BIN\NIKKI_086	0x5edb000	49612	46624	23	TIM	TIM	4.65	0	1	0	0	
149	80	\_DATA\NIKKI.BIN\NIKKI_087	0x5ee6800	49635	46624	23	TIM	TIM	4.54	0	1	0	0	
149	81	\_DATA\NIKKI.BIN\NIKKI_088	0x5ef2000	49658	46624	23	TIM	TIM	5.08	0	1	0	0	
149	82	\_DATA\NIKKI.BIN\NIKKI_089	0x5efd800	49681	46624	23	TIM	TIM	4.55	0	1	0	0	
149	83	\_DATA\NIKKI.BIN\NIKKI_090	0x5f09000	49704	46624	23	TIM	TIM	4.84	0	1	0	0	
149	84	\_DATA\NIKKI.BIN\NIKKI_091	0x5f14800	49727	46624	23	TIM	TIM	5.10	0	1	0	0	
149	85	\_DATA\NIKKI.BIN\NIKKI_092	0x5f20000	49750	46624	23	TIM	TIM	5.20	0	1	0	0	
149	86	\_DATA\NIKKI.BIN\NIKKI_093	0x5f2b800	49773	46624	23	TIM	TIM	3.66	0	1	0	0	
149	87	\_DATA\NIKKI.BIN\NIKKI_094	0x5f37000	49796	46624	23	TIM	TIM	4.38	0	1	0	0	
149	88	\_DATA\NIKKI.BIN\NIKKI_095	0x5f42800	49819	46624	23	TIM	TIM	5.42	0	1	0	0	
149	89	\_DATA\NIKKI.BIN\NIKKI_096	0x5f4e000	49842	46624	23	TIM	TIM	5.56	0	1	0	0	
149	90	\_DATA\NIKKI.BIN\NIKKI_097	0x5f59800	49865	46624	23	TIM	TIM	4.22	0	1	0	0	
149	91	\_DATA\NIKKI.BIN\NIKKI_098	0x5f65000	49888	46624	23	TIM	TIM	4.76	0	1	0	0	
149	92	\_DATA\NIKKI.BIN\NIKKI_099	0x5f70800	49911	46624	23	TIM	TIM	3.80	0	1	0	0	
149	93	\_DATA\NIKKI.BIN\NIKKI_100	0x5f7c000	49934	46624	23	TIM	TIM	5.23	0	1	0	0	
150		\_DATA\NIKKI.SEC	0x5f87800	49957	568	1	sub-archive index	unknown	4.94	0	0	0	0	
151		\_DATA\NIKKI_W.BIN	0x5f88000	49958	28816	15	pack	pack[2]{pack[2]{TIM unknown} pack[31]{TIMx31}}	2.26	0	32	0	0	
152		\_DATA\NUMBER.TIM	0x5f8f800	49973	848	1	TIM	TIM	2.23	0	1	0	0	
153		\_DATA\ONMEM.BIN	0x5f90000	49974	370688	181	sound pack (SShd/SSsq + body)	pack[5]{SShd TIMx2 unknownx2}	6.75	0	2	0	0	
154		\_DATA\OTI00.BIN	0x5fea800	50155	160768	79	pack	pack[3]{TIM pack[7]{TIM nullx3 unknownx2 zero}x2}	6.17	0	3	0	0	
155		\_DATA\OTI01.BIN	0x6012000	50234	184360	91	pack	pack[3]{TIM pack[7]{TIM nullx3 unknownx2 zero}x2}	6.98	1	3	0	0	zero sector in /2:TIM
156		\_DATA\OTI02.BIN	0x603f800	50325	166440	82	pack	pack[3]{TIM pack[7]{TIM nullx3 unknownx2 zero}x2}	7.14	0	3	0	0	
157		\_DATA\OTI03.BIN	0x6068800	50407	238332	117	pack	pack[3]{TIM pack[7]{TIM nullx3 unknownx2 zero}x2}	6.21	0	3	0	0	
158		\_DATA\OTI04.BIN	0x60a3000	50524	201052	99	pack	pack[3]{TIM pack[7]{TIM nullx3 unknownx2 zero}x2}	6.81	0	3	0	0	
159		\_DATA\PIN.BIN	0x60d4800	50623	2064	2	pack	pack[2]{pack[1]{unknown} unknown}	5.00	0	0	0	0	
160		\_DATA\PK_ITM.BIN	0x60d5800	50625	159148	78	pack	pack[13]{TIMx13}	7.68	0	13	0	0	
161		\_DATA\PK_PHO.BIN	0x60fc800	50703	224508	110	pack	pack[19]{TIMx19}	7.63	0	19	0	0	
162		\_DATA\PK_WAL.BIN	0x6133800	50813	60932	30	pack	pack[2]{TIM unknown}	5.01	0	1	0	0	
163		\_DATA\SAMP.BIN	0x6142800	50843	175208	86	pack	pack[4]{TIMx2 unknownx2}	7.01	0	2	0	0	
164		\_DATA\SBGM01.BGM	0x616d800	50929	134148	66	sound pack (SShd/SSsq + body)	pack[3]{SShd SSsq unknown}	6.83	0	0	0	0	
165		\_DATA\SBGM02.BGM	0x618e800	50995	164796	81	sound pack (SShd/SSsq + body)	pack[3]{SShd SSsq unknown}	6.48	0	0	0	0	
166		\_DATA\SBGM03.BGM	0x61b7000	51076	167888	82	sound pack (SShd/SSsq + body)	pack[3]{SShd SSsq unknown}	6.74	0	0	0	0	
167		\_DATA\SBGM04.BGM	0x61e0000	51158	112496	55	sound pack (SShd/SSsq + body)	pack[3]{SShd SSsq unknown}	6.77	0	0	0	0	
168		\_DATA\SBGM05.BGM	0x61fb800	51213	141004	69	sound pack (SShd/SSsq + body)	pack[3]{SShd SSsq unknown}	6.48	0	0	0	0	
169		\_DATA\SBGM06.BGM	0x621e000	51282	31892	16	sound pack (SShd/SSsq + body)	pack[3]{SShd SSsq unknown}	6.20	0	0	0	0	
170		\_DATA\SBGM07.BGM	0x6226000	51298	142572	70	sound pack (SShd/SSsq + body)	pack[3]{SShd SSsq unknown}	6.67	0	0	0	0	
171		\_DATA\SBGM08.BGM	0x6249000	51368	156976	77	sound pack (SShd/SSsq + body)	pack[4]{SShd SSsqx2 unknown}	6.74	0	0	0	0	
172		\_DATA\SBGM09.BGM	0x626f800	51445	164508	81	sound pack (SShd/SSsq + body)	pack[3]{SShd SSsq unknown}	6.64	0	0	0	0	
173		\_DATA\SBGM10.BGM	0x6298000	51526	128136	63	sound pack (SShd/SSsq + body)	pack[3]{SShd SSsq unknown}	6.73	0	0	0	0	
174		\_DATA\SBGM11.BGM	0x62b7800	51589	151116	74	sound pack (SShd/SSsq + body)	pack[3]{SShd SSsq unknown}	6.80	0	0	0	0	
175		\_DATA\SBGM12.BGM	0x62dc800	51663	151116	74	sound pack (SShd/SSsq + body)	pack[3]{SShd SSsq unknown}	6.80	0	0	0	0	
176		\_DATA\SBGM13.BGM	0x6301800	51737	116704	57	sound pack (SShd/SSsq + body)	pack[3]{SShd SSsq unknown}	6.60	0	0	0	0	
177		\_DATA\SBGM14.BGM	0x631e000	51794	768	1	sound pack (SShd/SSsq + body)	pack[1]{SSsq}	4.94	0	0	0	0	
178		\_DATA\SBGM15.BGM	0x631e800	51795	78384	39	sound pack (SShd/SSsq + body)	pack[3]{SShd SSsq unknown}	6.70	0	0	0	0	
179		\_DATA\SBP01.TIM	0x6332000	51834	17344	9	TIM	TIM	5.24	0	1	0	0	
180		\_DATA\SBP02.TIM	0x6336800	51843	11808	6	TIM	TIM	5.96	0	1	0	0	
181		\_DATA\SBP03.TIM	0x6339800	51849	11808	6	TIM	TIM	7.03	0	1	0	0	
182		\_DATA\SBP04.TIM	0x633c800	51855	11808	6	TIM	TIM	6.70	0	1	0	0	
183		\_DATA\SBP05.TIM	0x633f800	51861	11808	6	TIM	TIM	6.32	0	1	0	0	
184		\_DATA\SBP06.TIM	0x6342800	51867	11808	6	TIM	TIM	6.81	0	1	0	0	
185		\_DATA\SBP07.TIM	0x6345800	51873	11808	6	TIM	TIM	6.46	0	1	0	0	
186		\_DATA\SBP08.TIM	0x6348800	51879	11808	6	TIM	TIM	6.89	0	1	0	0	
187		\_DATA\SBP09.TIM	0x634b800	51885	11808	6	TIM	TIM	6.42	0	1	0	0	
188		\_DATA\SBP10.TIM	0x634e800	51891	11808	6	TIM	TIM	6.81	0	1	0	0	
189		\_DATA\SBP11.TIM	0x6351800	51897	11808	6	TIM	TIM	6.84	0	1	0	0	
190		\_DATA\SBP12.TIM	0x6354800	51903	11808	6	TIM	TIM	6.80	0	1	0	0	
191		\_DATA\SBP13.TIM	0x6357800	51909	11808	6	TIM	TIM	6.38	0	1	0	0	
192		\_DATA\SBP14_01.TIM	0x635a800	51915	11808	6	TIM	TIM	6.47	0	1	0	0	
193		\_DATA\SBP14_02.TIM	0x635d800	51921	11808	6	TIM	TIM	6.85	0	1	0	0	
194		\_DATA\SBP14_03.TIM	0x6360800	51927	11808	6	TIM	TIM	6.68	0	1	0	0	
195		\_DATA\SBP14_04.TIM	0x6363800	51933	11808	6	TIM	TIM	6.79	0	1	0	0	
196		\_DATA\SBP14_05.TIM	0x6366800	51939	11808	6	TIM	TIM	6.70	0	1	0	0	
197		\_DATA\SBP14_06.TIM	0x6369800	51945	11808	6	TIM	TIM	7.11	0	1	0	0	
198		\_DATA\SBP14_07.TIM	0x636c800	51951	11808	6	TIM	TIM	6.70	0	1	0	0	
199		\_DATA\SBP14_08.TIM	0x636f800	51957	11808	6	TIM	TIM	7.17	0	1	0	0	
200		\_DATA\SBP14_09.TIM	0x6372800	51963	11808	6	TIM	TIM	7.34	0	1	0	0	
201		\_DATA\SBP14_10.TIM	0x6375800	51969	11808	6	TIM	TIM	6.71	0	1	0	0	
202		\_DATA\SBP14_11.TIM	0x6378800	51975	11808	6	TIM	TIM	6.84	0	1	0	0	
203		\_DATA\SBP14_12.TIM	0x637b800	51981	11808	6	TIM	TIM	6.70	0	1	0	0	
204		\_DATA\SBP14_13.TIM	0x637e800	51987	11808	6	TIM	TIM	6.67	0	1	0	0	
205		\_DATA\SBP14_14.TIM	0x6381800	51993	11808	6	TIM	TIM	6.81	0	1	0	0	
206		\_DATA\SBP14_15.TIM	0x6384800	51999	11808	6	TIM	TIM	6.93	0	1	0	0	
207		\_DATA\SBP14_16.TIM	0x6387800	52005	11808	6	TIM	TIM	6.36	0	1	0	0	
208		\_DATA\SBP14_17.TIM	0x638a800	52011	11808	6	TIM	TIM	6.68	0	1	0	0	
209		\_DATA\SBP14_18.TIM	0x638d800	52017	11808	6	TIM	TIM	6.50	0	1	0	0	
210		\_DATA\SBP14_19.TIM	0x6390800	52023	11808	6	TIM	TIM	6.20	0	1	0	0	
211		\_DATA\SMI00.BIN	0x6393800	52029	56548	28	pack	pack[1]{pack[14]{unknownx14}}	4.32	0	0	0	0	
212		\_DATA\SMI01.BIN	0x63a1800	52057	53116	26	pack	pack[1]{pack[14]{unknownx14}}	4.55	0	0	0	0	
213		\_DATA\SMI02.BIN	0x63ae800	52083	49156	25	pack	pack[1]{pack[14]{unknownx14}}	4.21	0	0	0	0	
214		\_DATA\SMI03.BIN	0x63bb000	52108	56044	28	pack	pack[1]{pack[13]{unknownx13}}	5.05	0	0	0	0	
215		\_DATA\SMI04.BIN	0x63c9000	52136	54832	27	pack	pack[1]{pack[14]{unknownx14}}	4.35	0	0	0	0	
216		\_DATA\SMI05.BIN	0x63d6800	52163	53644	27	pack	pack[1]{pack[14]{unknownx14}}	4.78	0	0	2	2	
217		\_DATA\SMI06.BIN	0x63e4000	52190	46108	23	pack	pack[1]{pack[13]{unknownx13}}	4.63	0	0	0	0	
218		\_DATA\SMI07.BIN	0x63ef800	52213	47512	24	pack	pack[1]{pack[14]{unknownx14}}	4.42	0	0	0	0	
219		\_DATA\SMI08.BIN	0x63fb800	52237	51148	25	pack	pack[1]{pack[14]{unknownx14}}	4.68	0	0	0	0	
220		\_DATA\SMI09.BIN	0x6408000	52262	45196	23	pack	pack[1]{pack[14]{unknownx14}}	4.38	0	0	0	0	
221		\_DATA\SMI10.BIN	0x6413800	52285	48296	24	pack	pack[1]{pack[14]{unknownx14}}	4.63	0	0	0	0	
222		\_DATA\SMI11.BIN	0x641f800	52309	50280	25	pack	pack[1]{pack[14]{unknownx14}}	4.77	0	0	0	0	
223		\_DATA\STEST.BIN	0x642c000	52334	60904	30	pack	pack[1]{pack[14]{unknownx14}}	4.37	0	0	0	0	
224		\_DATA\SUB.BIN	0x643b000	52364	109168	54	pack	pack[4]{TIM unknownx3}	6.29	0	1	1	0	
225		\_DATA\SUB.TIM	0x6456000	52418	100896	50	TIM	TIM	6.22	0	1	1	0	
226		\_DATA\S_A_AREA.SE	0x646f000	52468	70532	35	sound pack (SShd/SSsq + body)	pack[2]{SShd unknown}	6.55	0	0	0	0	
227		\_DATA\S_B_AREA.SE	0x6480800	52503	55068	27	sound pack (SShd/SSsq + body)	pack[2]{SShd unknown}	6.55	0	0	0	0	
228		\_DATA\S_C_AREA.SE	0x648e000	52530	39276	20	sound pack (SShd/SSsq + body)	pack[2]{SShd unknown}	6.54	0	0	0	0	
229		\_DATA\S_D_AREA.SE	0x6498000	52550	41840	21	sound pack (SShd/SSsq + body)	pack[2]{SShd unknown}	6.44	0	0	0	0	
230		\_DATA\S_H_AREA.SE	0x64a2800	52571	42284	21	sound pack (SShd/SSsq + body)	pack[2]{SShd unknown}	6.52	0	0	0	0	
231		\_DATA\TA00.BIN	0x64ad000	52592	5860	3	pack	pack[4]{TIM pack[1]{unknown} unknownx2}	4.52	0	1	0	0	
232		\_DATA\TA01.BIN	0x64ae800	52595	14144	7	pack	pack[4]{TIM pack[1]{unknown} unknownx2}	4.40	0	1	0	0	
233		\_DATA\TA02.BIN	0x64b2000	52602	7144	4	pack	pack[4]{TIM pack[1]{unknown} unknownx2}	4.99	0	1	0	0	
234		\_DATA\TA03.BIN	0x64b4000	52606	6536	4	pack	pack[4]{TIM pack[1]{unknown} unknownx2}	4.09	0	1	0	0	
235		\_DATA\TA04.BIN	0x64b6000	52610	6880	4	pack	pack[4]{TIM pack[1]{unknown} unknownx2}	5.02	0	1	0	0	
236		\_DATA\TA05.BIN	0x64b8000	52614	2720	2	pack	pack[4]{TIM pack[1]{unknown} unknownx2}	5.16	0	1	0	0	
237		\_DATA\TA06.BIN	0x64b9000	52616	3784	2	pack	pack[4]{TIM pack[1]{unknown} unknownx2}	4.52	0	1	0	0	
238		\_DATA\TA07.BIN	0x64ba000	52618	9460	5	pack	pack[4]{TIM pack[2]{unknownx2} unknownx2}	4.42	0	1	0	0	
239		\_DATA\TAKO.OVL	0x64bc800	52623	30806	16	code overlay	code	5.49	1	0	0	0	zero sector in /:code
240		\_DATA\TBG00.BIN	0x64c4800	52639	208680	102	pack	pack[3]{TIMx3}	5.68	0	3	0	0	
241		\_DATA\TBG01.BIN	0x64f7800	52741	186536	92	pack	pack[3]{TIMx3}	5.91	1	3	0	0	zero sector in /2:TIM
242		\_DATA\TBOKU.BIN	0x6525800	52833	38024	19	pack	pack[4]{TIM pack[8]{unknownx8} unknownx2}	5.48	0	1	0	0	
243		\_DATA\TEST.BIN	0x652f000	52852	15744	8	pack	pack[4]{TIM pack[2]{unknownx2} unknownx2}	4.51	0	1	0	0	
244		\_DATA\TITLE.OVL	0x6533000	52860	34532	17	code overlay	code	5.47	0	0	0	0	
245		\_DATA\TK_ITM.BIN	0x653b800	52877	155972	77	pack	pack[8]{TIMx8}	7.02	0	8	0	0	
246		\_DATA\TK_WAL.BIN	0x6562000	52954	59324	29	pack	pack[2]{TIM unknown}	4.77	0	1	0	0	
247		\_DATA\TOPA1.BIN	0x6570800	52983	77952	39	pack	pack[2]{TIM unknown}	5.39	0	1	0	0	
248		\_DATA\TOPA2.BIN	0x6584000	53022	78548	39	pack	pack[2]{TIM unknown}	5.74	0	1	0	0	
249		\_DATA\TOPA3.BIN	0x6597800	53061	78560	39	pack	pack[2]{TIM unknown}	5.23	0	1	0	0	
250		\_DATA\TOPA4.BIN	0x65ab000	53100	78680	39	pack	pack[2]{TIM unknown}	5.50	0	1	0	0	
251		\_DATA\TOPA5.BIN	0x65be800	53139	79740	39	pack	pack[2]{TIM unknown}	5.60	0	1	0	0	
252		\_DATA\TOPA6.BIN	0x65d2000	53178	79120	39	pack	pack[2]{TIM unknown}	6.31	0	1	0	0	
253		\_DATA\TOPN1.BIN	0x65e5800	53217	77952	39	pack	pack[2]{TIM unknown}	6.18	0	1	0	0	
254		\_DATA\TOPN2.BIN	0x65f9000	53256	78548	39	pack	pack[2]{TIM unknown}	6.42	0	1	0	0	
255		\_DATA\TOPN3.BIN	0x660c800	53295	79120	39	pack	pack[2]{TIM unknown}	6.03	0	1	0	0	
256		\_DATA\TOPN4.BIN	0x6620000	53334	78668	39	pack	pack[2]{TIM unknown}	6.08	0	1	0	0	
257		\_DATA\TOPN5.BIN	0x6633800	53373	79228	39	pack	pack[2]{TIM unknown}	5.44	0	1	0	0	
258		\_DATA\TOPN6.BIN	0x6647000	53412	78608	39	pack	pack[2]{TIM unknown}	6.31	0	1	0	0	
259		\_DATA\TZICON.BIN	0x665a800	53451	4364	3	pack	pack[2]{TIM unknown}	4.55	0	1	0	0	
260		\_DATA\TZKAN.BIN	0x665c000	53454	367492	180	pack	pack[8]{TIMx8}	5.90	0	8	0	0	
261		\_DATA\T_BUMPER.BIN	0x66b6000	53634	88960	44	pack of TIM	pack[1]{TIM}	3.23	0	1	0	0	
262		\_DATA\T_CONFIG.BIN	0x66cc000	53678	186452	92	pack	pack[2]{TIMx2}	6.28	1	2	3	3	zero sector in /1:TIM
263		\_DATA\T_MEMORY.BIN	0x66fa000	53770	187220	92	pack	pack[2]{TIMx2}	5.68	1	2	0	0	zero sector in /1:TIM
264		\_DATA\T_TITLE.BIN	0x6728000	53862	161188	79	pack	pack[2]{TIMx2}	5.15	0	2	0	0	
265		\_DATA\ZUKAN.OVL	0x674f800	53941	13968	7	code overlay	code	5.58	0	0	0	0	
266		\_DATA\Z_A01.BIN	0x6753000	53948	77964	39	pack	pack[2]{TIM unknown}	6.80	0	1	0	0	
267		\_DATA\Z_A02.BIN	0x6766800	53987	78536	39	pack	pack[2]{TIM unknown}	7.07	0	1	0	0	
268		\_DATA\Z_A03.BIN	0x677a000	54026	78596	39	pack	pack[2]{TIM unknown}	6.78	0	1	0	0	
269		\_DATA\Z_A04.BIN	0x678d800	54065	79252	39	pack	pack[2]{TIM unknown}	6.58	0	1	0	0	
270		\_DATA\Z_A05.BIN	0x67a1000	54104	78644	39	pack	pack[2]{TIM unknown}	6.15	0	1	0	0	
271		\_DATA\Z_A06.BIN	0x67b4800	54143	79524	39	pack	pack[2]{TIM unknown}	6.50	0	1	0	0	
272		\_DATA\Z_N01.BIN	0x67c8000	54182	77976	39	pack	pack[2]{TIM unknown}	6.56	0	1	0	0	
273		\_DATA\Z_N02.BIN	0x67db800	54221	78584	39	pack	pack[2]{TIM unknown}	6.73	0	1	0	0	
274		\_DATA\Z_N03.BIN	0x67ef000	54260	78584	39	pack	pack[2]{TIM unknown}	6.36	0	1	0	0	
275		\_DATA\Z_N04.BIN	0x6802800	54299	79132	39	pack	pack[2]{TIM unknown}	5.15	0	1	0	0	
276		\_DATA\Z_N05.BIN	0x6816000	54338	79156	39	pack	pack[2]{TIM unknown}	5.73	0	1	0	0	
277		\_DATA\Z_N06.BIN	0x6829800	54377	78500	39	pack	pack[2]{TIM unknown}	5.51	0	1	0	0	
278		\__STR	0x683d000	54416	2048	1	iso-directory-placeholder	iso-directory-placeholder	-0.00	1	0	0	0	
