event	from	to	condition
E0001	ENTRY	E0001.0@58	map==I16
E0001	ENTRY	E0001.MAP:I16@26	map!=I16
E0001	E0001.MAP:I16@26	END	
E0001	E0001.0@58	E0001.MAP:G14@6C	
E0001	E0001.MAP:G14@6C	END	
E0002	ENTRY	E0002.0@24	
E0002	E0002.0@24	E0002.1@72	
E0002	E0002.1@72	END	flag[254]>=1
E0002	E0002.1@72	E0002.2@84	flag[254]==0
E0002	E0002.2@84	E0002.3@98	opt0
E0002	E0002.2@84	E0002.1@72	opt1
E0002	E0002.2@84	E0002.1@72	opt2
E0002	E0002.3@98	END	
E0003	ENTRY	E0003.2@100	flag[4]>=1 & flag[7]>=1
E0003	ENTRY	E0003.1@98	flag[4]>=1 & flag[7]==0
E0003	ENTRY	E0003.0@68	flag[4]==0 & flag[7]>=1
E0003	ENTRY	END	flag[4]==0 & flag[7]==0
E0003	E0003.0@68	END	
E0003	E0003.1@98	END	
E0003	E0003.2@100	END	
E0004	ENTRY	END	flag[10]>=1
E0004	ENTRY	E0004.0@7A	flag[10]==0 & lflag>=1
E0004	ENTRY	E0004.MOVIE22:A01>E0004@56	flag[10]==0 & lflag==0
E0004	E0004.MOVIE22:A01>E0004@56	END	
E0004	E0004.0@7A	END	
E0006	ENTRY	E0006.0@96	
E0006	E0006.0@96	E0006.1@10A	
E0006	E0006.1@10A	E0006.MAP:G02@11A	
E0006	E0006.MAP:G02@11A	END	
E0007	ENTRY	E0007.0@60	
E0007	E0007.0@60	E0007.1@90	
E0007	E0007.1@90	END	
E0009	ENTRY	E0009.0@96	
E0009	E0009.0@96	E0009.1@10A	
E0009	E0009.1@10A	E0009.MOVIE20:G02@12E	
E0009	E0009.MOVIE20:G02@12E	END	
E0010	ENTRY	E0010.0@60	
E0010	E0010.0@60	E0010.1@90	
E0010	E0010.1@90	END	
E0020	ENTRY	E0020.MAP:G04>E0020@F6	map==G05
E0020	ENTRY	END	lflag>=1 & map!=G05
E0020	ENTRY	E0020.0@1E	lflag==0 & map!=G05
E0020	E0020.0@1E	E0020.1@B6	opt0
E0020	E0020.0@1E	END	opt1
E0020	E0020.0@1E	END	cancel
E0020	E0020.1@B6	E0020.MAP:G05@C2	
E0020	E0020.MAP:G05@C2	END	
E0020	E0020.MAP:G04>E0020@F6	END	
E0022	ENTRY	E0022.0@A	
E0022	E0022.0@A	END	opt0
E0022	E0022.0@A	END	opt1
E0022	E0022.0@A	END	cancel
E0023	ENTRY	E0023.0@26	
E0023	E0023.0@26	E0023.1@3A	
E0023	E0023.1@3A	END	
E0103	ENTRY	E0103.0@96	
E0103	E0103.0@96	E0103.1@104	
E0103	E0103.1@104	E0103.2@146	
E0103	E0103.2@146	E0103.MOVIE20:G02@16E	
E0103	E0103.MOVIE20:G02@16E	END	
E0104	ENTRY	E0104.0@60	
E0104	E0104.0@60	E0104.1@A0	
E0104	E0104.1@A0	E0104.2@E2	
E0104	E0104.2@E2	E0104.3@106	
E0104	E0104.3@106	E0104.4@136	
E0104	E0104.4@136	E0104.5@16A	
E0104	E0104.5@16A	END	
E0107	ENTRY	E0107.1@80	map==I19
E0107	ENTRY	E0107.2@D6	lflag>=1 & map!=I19
E0107	ENTRY	E0107.0@34	lflag==0 & map!=I19
E0107	E0107.0@34	E0107.MAP:I19@40	
E0107	E0107.MAP:I19@40	END	
E0107	E0107.1@80	E0107.MAP:G14>E0107@8C	
E0107	E0107.MAP:G14>E0107@8C	END	
E0107	E0107.2@D6	END	
E0112	ENTRY	E0112.5@100	lflag>=1
E0112	ENTRY	E0112.0@70	lflag==0
E0112	E0112.0@70	E0112.1@7A	
E0112	E0112.1@7A	E0112.2@A4	opt0
E0112	E0112.1@7A	E0112.2@A4	opt1
E0112	E0112.2@A4	E0112.3@C8	
E0112	E0112.3@C8	E0112.4@D8	
E0112	E0112.4@D8	END	
E0112	E0112.5@100	END	
E0113	ENTRY	E0113.6@14A	flag[3]>=1 & lflag>=1
E0113	ENTRY	E0113.1@6E	flag[3]>=1 & lflag==0
E0113	ENTRY	E0113.0@38	flag[3]==0
E0113	E0113.0@38	END	
E0113	E0113.1@6E	E0113.2@C2	
E0113	E0113.2@C2	E0113.3@CC	
E0113	E0113.3@CC	E0113.4@E0	
E0113	E0113.4@E0	E0113.5@F4	
E0113	E0113.5@F4	END	
E0113	E0113.6@14A	E0113.7@166	
E0113	E0113.7@166	END	
E0114	ENTRY	E0114.0@54	
E0114	E0114.0@54	E0114.1@80	
E0114	E0114.1@80	E0114.2@90	
E0114	E0114.2@90	E0114.3@A0	
E0114	E0114.3@A0	E0114.4@B8	
E0114	E0114.4@B8	E0114.5@C2	
E0114	E0114.5@C2	E0114.6@EA	
E0114	E0114.6@EA	E0114.7@104	
E0114	E0114.7@104	E0114.8@12C	
E0114	E0114.8@12C	E0114.9@166	
E0114	E0114.9@166	END	
E0121	ENTRY	E0121.0@3C	
E0121	E0121.0@3C	E0121.1@60	
E0121	E0121.1@60	E0121.2@70	
E0121	E0121.2@70	E0121.3@80	
E0121	E0121.3@80	E0121.4@90	
E0121	E0121.4@90	E0121.5@BC	
E0121	E0121.5@BC	E0121.6@CC	
E0121	E0121.6@CC	E0121.7@DC	
E0121	E0121.7@DC	END	
E0122	ENTRY	E0122.0@32	
E0122	E0122.0@32	END	
E0140	ENTRY	E0140.10@1D6	lflag>=1
E0140	ENTRY	E0140.0@34	lflag==0
E0140	E0140.0@34	E0140.1@44	
E0140	E0140.1@44	E0140.2@64	
E0140	E0140.2@64	E0140.3@74	
E0140	E0140.3@74	E0140.4@84	
E0140	E0140.4@84	E0140.5@94	
E0140	E0140.5@94	E0140.6@AE	
E0140	E0140.6@AE	E0140.7@D4	
E0140	E0140.7@D4	E0140.8@12C	
E0140	E0140.8@12C	E0140.9@150	
E0140	E0140.9@150	END	
E0140	E0140.10@1D6	E0140.11@1EA	
E0140	E0140.11@1EA	END	
E0141	ENTRY	E0141.3@72	lflag>=1
E0141	ENTRY	E0141.0@2A	lflag==0
E0141	E0141.0@2A	E0141.1@3E	
E0141	E0141.1@3E	E0141.2@4E	
E0141	E0141.2@4E	END	
E0141	E0141.3@72	END	
E0171	ENTRY	E0171.0@AC	
E0171	E0171.0@AC	E0171.1@DC	
E0171	E0171.1@DC	E0171.2@F6	
E0171	E0171.2@F6	E0171.3@13C	
E0171	E0171.3@13C	E0171.MAP:I32@148	
E0171	E0171.MAP:I32@148	END	
E0172	ENTRY	E0172.MAP:H03@C	
E0172	E0172.MAP:H03@C	END	
E0173	ENTRY	E0173.0@58	
E0173	E0173.0@58	E0173.MAP:H03@78	
E0173	E0173.MAP:H03@78	END	
E0174	ENTRY	E0174.0@58	
E0174	E0174.0@58	E0174.1@F2	
E0174	E0174.1@F2	E0174.MAP:I31@10E	
E0174	E0174.MAP:I31@10E	END	
E0175	ENTRY	E0175.0@62	
E0175	E0175.0@62	E0175.MAP:H02@8C	
E0175	E0175.MAP:H02@8C	END	
E0176	ENTRY	E0176.0@90	
E0176	E0176.0@90	E0176.MAP:I31@B0	
E0176	E0176.MAP:I31@B0	END	
E0177	ENTRY	E0177.0@9C	
E0177	E0177.0@9C	E0177.1@10C	
E0177	E0177.1@10C	E0177.2@124	
E0177	E0177.2@124	E0177.MAP:H03@14E	
E0177	E0177.MAP:H03@14E	END	
E0178	ENTRY	E0178.MAP:I31@70	
E0178	E0178.MAP:I31@70	END	
E0179	ENTRY	E0179.0@4A	
E0179	E0179.0@4A	E0179.1@5E	
E0179	E0179.1@5E	E0179.MAP:H01@6A	
E0179	E0179.MAP:H01@6A	END	
E0180	ENTRY	E0180.0@58	
E0180	E0180.0@58	E0180.MAP:H03@9A	
E0180	E0180.MAP:H03@9A	END	
E0181	ENTRY	E0181.0@76	
E0181	E0181.0@76	E0181.MAP:I31@AA	
E0181	E0181.MAP:I31@AA	END	
E0182	ENTRY	E0182.0@58	
E0182	E0182.0@58	E0182.MOVIE26:G13@9E	
E0182	E0182.MOVIE26:G13@9E	END	
E0183	ENTRY	E0183.0@50	
E0183	E0183.0@50	E0183.MAP:G14@8A	
E0183	E0183.MAP:G14@8A	END	
E0184	ENTRY	E0184.0@34	
E0184	E0184.0@34	E0184.1@70	
E0184	E0184.1@70	E0184.2@9E	
E0184	E0184.2@9E	E0184.3@140	
E0184	E0184.3@140	E0184.MAP:G13@182	
E0184	E0184.MAP:G13@182	END	
E0185	ENTRY	E0185.0@48	
E0185	E0185.0@48	E0185.MAP:G14@68	
E0185	E0185.MAP:G14@68	END	
E0186	ENTRY	END	
E0190	ENTRY	E0190.0@4E	
E0190	E0190.0@4E	E0190.MAP:G01@90	day'>=30
E0190	E0190.0@4E	E0190.MAP:G02@84	day'<30
E0190	E0190.MAP:G02@84	END	
E0190	E0190.MAP:G01@90	END	
E0202	ENTRY	E0202.0@60	
E0202	E0202.0@60	E0202.1@90	
E0202	E0202.1@90	E0202.2@B0	
E0202	E0202.2@B0	E0202.3@EC	
E0202	E0202.3@EC	E0202.4@120	opt0
E0202	E0202.3@EC	E0202.4@120	opt1
E0202	E0202.4@120	E0202.5@170	
E0202	E0202.5@170	E0202.6@1B8	
E0202	E0202.6@1B8	E0202.7@206	
E0202	E0202.7@206	E0202.8@254	
E0202	E0202.8@254	END	
E0204	ENTRY	E0204.0@60	
E0204	E0204.0@60	E0204.1@90	
E0204	E0204.1@90	E0204.2@AC	
E0204	E0204.2@AC	E0204.3@E2	
E0204	E0204.3@E2	E0204.4@110	flag[8]>=1
E0204	E0204.3@E2	END	flag[8]==0
E0204	E0204.4@110	END	
E0205	ENTRY	E0205.2@1DA	flag[155]'>=4
E0205	ENTRY	E0205.0@B2	flag[155]'<4
E0205	E0205.0@B2	E0205.1@EC	
E0205	E0205.1@EC	END	
E0205	E0205.2@1DA	E0205.MAP:B05@1F0	
E0205	E0205.MAP:B05@1F0	END	
E0206	ENTRY	E0206.0@2E	
E0206	E0206.0@2E	E0206.1@80	
E0206	E0206.1@80	END	
E0207	ENTRY	END	
E0210	ENTRY	E0210.7@136	lflag>=1
E0210	ENTRY	E0210.0@30	lflag==0
E0210	E0210.0@30	E0210.1@3E	
E0210	E0210.1@3E	E0210.2@82	
E0210	E0210.2@82	E0210.3@A6	
E0210	E0210.3@A6	E0210.4@DA	
E0210	E0210.4@DA	E0210.5@EE	
E0210	E0210.5@EE	E0210.6@104	
E0210	E0210.6@104	END	
E0210	E0210.7@136	END	
E0212	ENTRY	E0212.1@5E	flag[6]>=1
E0212	ENTRY	E0212.0@32	flag[6]==0
E0212	E0212.0@32	END	
E0212	E0212.1@5E	END	
E0213	ENTRY	E0213.7@118	lflag>=1
E0213	ENTRY	E0213.0@26	lflag==0
E0213	E0213.0@26	E0213.1@4A	
E0213	E0213.1@4A	E0213.2@5A	
E0213	E0213.2@5A	E0213.3@7A	
E0213	E0213.3@7A	E0213.4@A4	
E0213	E0213.4@A4	E0213.5@C4	
E0213	E0213.5@C4	E0213.6@E4	
E0213	E0213.6@E4	END	
E0213	E0213.7@118	END	
E0220	ENTRY	E0220.9@178	flag[6]>=1 & lflag>=1
E0220	ENTRY	E0220.8@146	flag[6]==0 & lflag>=1
E0220	ENTRY	E0220.0@3A	lflag==0
E0220	E0220.0@3A	E0220.1@54	
E0220	E0220.1@54	E0220.2@5E	
E0220	E0220.2@5E	E0220.3@A4	
E0220	E0220.3@A4	E0220.4@C8	
E0220	E0220.4@C8	E0220.5@E2	
E0220	E0220.5@E2	E0220.6@F8	
E0220	E0220.6@F8	E0220.7@108	
E0220	E0220.7@108	END	
E0220	E0220.8@146	END	
E0220	E0220.9@178	END	
E0221	ENTRY	E0221.1@64	lflag>=1
E0221	ENTRY	E0221.0@44	lflag==0
E0221	E0221.0@44	E0221.P15@54	
E0221	E0221.P15@54	E0221.1@64	
E0221	E0221.1@64	END	
E0240	ENTRY	E0240.5@C6	lflag>=1
E0240	ENTRY	E0240.0@3A	lflag==0
E0240	E0240.0@3A	E0240.1@4E	
E0240	E0240.1@4E	E0240.2@6C	
E0240	E0240.2@6C	E0240.3@80	
E0240	E0240.3@80	E0240.4@9C	
E0240	E0240.4@9C	END	
E0240	E0240.5@C6	E0240.6@D6	
E0240	E0240.6@D6	END	
E0241	ENTRY	E0241.3@B0	lflag>=1
E0241	ENTRY	E0241.0@2A	lflag==0
E0241	E0241.0@2A	E0241.1@3A	
E0241	E0241.1@3A	E0241.2@6C	
E0241	E0241.2@6C	END	
E0241	E0241.3@B0	END	
E0254	ENTRY	E0254.0@5E	
E0254	E0254.0@5E	END	
E0255	ENTRY	E0255.MAP:A18>E0255@17A	flag[8]>=1 & map==I04
E0255	ENTRY	END	lflag>=1 & map!=I04
E0255	ENTRY	E0255.MAP:I04@11E	flag[8]>=1 & lflag==0 & map!=I04
E0255	ENTRY	E0255.1@D0	flag[8]==0 & map==I04
E0255	ENTRY	E0255.0@76	flag[8]==0 & lflag==0 & map!=I04
E0255	E0255.0@76	E0255.MAP:I04@88	
E0255	E0255.MAP:I04@88	END	
E0255	E0255.1@D0	E0255.MAP:A18>E0255@E2	
E0255	E0255.MAP:A18>E0255@E2	END	
E0255	E0255.MAP:I04@11E	END	
E0255	E0255.MAP:A18>E0255@17A	END	
E0301	ENTRY	E0301.0@90	
E0301	E0301.0@90	E0301.1@E4	
E0301	E0301.1@E4	E0301.2@106	
E0301	E0301.2@106	E0301.3@11C	
E0301	E0301.3@11C	E0301.4@14C	
E0301	E0301.4@14C	E0301.5@16E	
E0301	E0301.5@16E	E0301.6@1E2	
E0301	E0301.6@1E2	E0301.MAP:G02@1F2	
E0301	E0301.MAP:G02@1F2	END	
E0302	ENTRY	E0302.0@66	
E0302	E0302.0@66	E0302.1@96	
E0302	E0302.1@96	E0302.2@B2	
E0302	E0302.2@B2	E0302.3@E2	
E0302	E0302.3@E2	E0302.4@102	
E0302	E0302.4@102	E0302.5@126	
E0302	E0302.5@126	E0302.6@16E	
E0302	E0302.6@16E	E0302.7@1CC	
E0302	E0302.7@1CC	END	
E0303	ENTRY	E0303.0@9C	
E0303	E0303.0@9C	E0303.1@EA	
E0303	E0303.1@EA	E0303.2@13C	
E0303	E0303.2@13C	E0303.3@188	
E0303	E0303.3@188	E0303.4@1C6	
E0303	E0303.4@1C6	E0303.5@1F6	
E0303	E0303.5@1F6	E0303.6@22C	
E0303	E0303.6@22C	E0303.7@264	
E0303	E0303.7@264	E0303.8@2CE	
E0303	E0303.8@2CE	E0303.MOVIE20:G02@2F2	
E0303	E0303.MOVIE20:G02@2F2	END	
E0304	ENTRY	E0304.0@64	
E0304	E0304.0@64	E0304.1@8E	
E0304	E0304.1@8E	END	
E0305	ENTRY	E0305.4@AA	hour'>=19
E0305	ENTRY	E0305.3@90	16<=hour'<19
E0305	ENTRY	E0305.2@76	13<=hour'<16
E0305	ENTRY	E0305.1@5C	11<=hour'<13
E0305	ENTRY	E0305.0@42	8<=hour'<11 | hour'<8
E0305	E0305.0@42	END	
E0305	E0305.1@5C	END	
E0305	E0305.2@76	END	
E0305	E0305.3@90	END	
E0305	E0305.4@AA	END	
E0306	ENTRY	E0306.0@48	
E0306	E0306.0@48	E0306.1@7E	
E0306	E0306.1@7E	E0306.2@98	
E0306	E0306.2@98	E0306.3@EA	
E0306	E0306.3@EA	E0306.4@11E	
E0306	E0306.4@11E	E0306.5@16E	
E0306	E0306.5@16E	END	
E0307	ENTRY	E0307.0@9E	
E0307	E0307.0@9E	END	
E0312	ENTRY	E0312.0@3A	flag[15]==0 & lflag==0 | lflag>=1
E0312	ENTRY	E0312.1@62	flag[15]>=1 & lflag==0
E0312	E0312.0@3A	END	
E0312	E0312.1@62	END	
E0313	ENTRY	E0313.0@1E	
E0313	E0313.0@1E	E0313.1@28	
E0313	E0313.1@28	E0313.2@4E	opt0
E0313	E0313.1@28	E0313.3@94	opt1
E0313	E0313.2@4E	END	
E0313	E0313.3@94	END	
E0332	ENTRY	E0332.7@1A0	lflag>=1
E0332	ENTRY	E0332.0@B0	lflag==0
E0332	E0332.0@B0	E0332.1@C4	
E0332	E0332.1@C4	E0332.2@EC	
E0332	E0332.2@EC	E0332.3@10A	
E0332	E0332.3@10A	E0332.4@11E	
E0332	E0332.4@11E	E0332.5@13C	
E0332	E0332.5@13C	E0332.6@156	
E0332	E0332.6@156	END	
E0332	E0332.7@1A0	END	
E0340	ENTRY	E0340.11@1BE	lflag>=1
E0340	ENTRY	E0340.0@2E	lflag==0
E0340	E0340.0@2E	E0340.1@3E	
E0340	E0340.1@3E	E0340.2@4E	
E0340	E0340.2@4E	E0340.3@7A	
E0340	E0340.3@7A	E0340.4@84	
E0340	E0340.4@84	E0340.5@94	
E0340	E0340.5@94	E0340.6@D6	
E0340	E0340.6@D6	E0340.7@EC	
E0340	E0340.7@EC	E0340.8@10C	
E0340	E0340.8@10C	E0340.9@11C	
E0340	E0340.9@11C	E0340.10@15E	
E0340	E0340.10@15E	END	
E0340	E0340.11@1BE	END	
E0341	ENTRY	E0341.5@A4	lflag>=1
E0341	ENTRY	E0341.0@2A	lflag==0
E0341	E0341.0@2A	E0341.1@4A	
E0341	E0341.1@4A	E0341.2@5A	
E0341	E0341.2@5A	E0341.3@6A	
E0341	E0341.3@6A	E0341.4@7E	
E0341	E0341.4@7E	END	
E0341	E0341.5@A4	E0341.6@B4	
E0341	E0341.6@B4	E0341.7@D6	
E0341	E0341.7@D6	END	
E0371	ENTRY	END	
E0372	ENTRY	END	
E0373	ENTRY	END	
E0374	ENTRY	END	
E0375	ENTRY	END	
E0376	ENTRY	END	
E0377	ENTRY	END	
E0378	ENTRY	END	
E0379	ENTRY	END	
E0380	ENTRY	END	
E0381	ENTRY	END	
E0382	ENTRY	END	
E0383	ENTRY	END	
E0384	ENTRY	E0384.0@E0	flag[132]'>=13
E0384	ENTRY	END	1<=flag[132]'<7 | 7<=flag[132]'<13 | flag[132]'==0
E0384	E0384.0@E0	E0384.1@11C	
E0384	E0384.1@11C	END	
E0391	ENTRY	E0391.1@64	flag[17]>=1
E0391	ENTRY	E0391.0@3A	flag[17]==0
E0391	E0391.0@3A	END	
E0391	E0391.1@64	END	
E0392	ENTRY	E0392.1@6E	flag[17]>=1
E0392	ENTRY	E0392.0@48	flag[17]==0
E0392	E0392.0@48	END	
E0392	E0392.1@6E	END	
E0401	ENTRY	E0401.0@9C	
E0401	E0401.0@9C	E0401.1@C6	
E0401	E0401.1@C6	E0401.2@DA	
E0401	E0401.2@DA	E0401.3@FE	
E0401	E0401.3@FE	E0401.4@138	
E0401	E0401.4@138	E0401.5@16A	
E0401	E0401.5@16A	E0401.6@1D8	
E0401	E0401.6@1D8	E0401.MAP:G02@1E8	
E0401	E0401.MAP:G02@1E8	END	
E0402	ENTRY	E0402.0@66	
E0402	E0402.0@66	E0402.1@96	
E0402	E0402.1@96	E0402.2@B6	
E0402	E0402.2@B6	E0402.3@C6	
E0402	E0402.3@C6	E0402.4@FE	
E0402	E0402.4@FE	E0402.5@108	
E0402	E0402.5@108	E0402.6@148	
E0402	E0402.6@148	E0402.7@188	
E0402	E0402.7@188	E0402.8@1B4	
E0402	E0402.8@1B4	E0402.9@1C4	
E0402	E0402.9@1C4	E0402.10@1D8	
E0402	E0402.10@1D8	E0402.11@1F8	
E0402	E0402.11@1F8	E0402.12@284	
E0402	E0402.12@284	E0402.13@2BC	
E0402	E0402.13@2BC	E0402.MAP:G17@402	
E0402	E0402.MAP:G17@402	END	
E0404	ENTRY	E0404.0@60	
E0404	E0404.0@60	E0404.1@90	
E0404	E0404.1@90	E0404.2@AC	
E0404	E0404.2@AC	E0404.3@D8	
E0404	E0404.3@D8	E0404.4@12A	
E0404	E0404.4@12A	E0404.5@156	
E0404	E0404.5@156	E0404.7@17E	R'>=1
E0404	E0404.5@156	E0404.6@174	R'==0
E0404	E0404.6@174	E0404.8@190	opt0
E0404	E0404.6@174	E0404.8@190	opt1
E0404	E0404.6@174	E0404.8@190	opt2
E0404	E0404.6@174	E0404.8@190	opt3
E0404	E0404.7@17E	E0404.8@190	opt0
E0404	E0404.7@17E	E0404.8@190	opt1
E0404	E0404.7@17E	E0404.8@190	opt2
E0404	E0404.7@17E	E0404.8@190	opt3
E0404	E0404.7@17E	E0404.8@190	opt4
E0404	E0404.8@190	END	
E0405	ENTRY	E0405.5@186	map==D16
E0405	ENTRY	E0405.6@1CC	lflag>=1 & map!=D16
E0405	ENTRY	E0405.0@B0	lflag==0 & map!=D16
E0405	E0405.0@B0	E0405.1@C0	
E0405	E0405.1@C0	E0405.2@F0	
E0405	E0405.2@F0	E0405.3@100	
E0405	E0405.3@100	E0405.4@12E	
E0405	E0405.4@12E	E0405.MAP:D16@156	
E0405	E0405.MAP:D16@156	END	
E0405	E0405.5@186	E0405.MAP:A14@192	
E0405	E0405.MAP:A14@192	END	
E0405	E0405.6@1CC	E0405.7@220	
E0405	E0405.7@220	END	
E0406	ENTRY	E0406.10@320	lflag>=1 & map==I06
E0406	ENTRY	E0406.0@F8	lflag==0 & map==I06
E0406	ENTRY	E0406.11@39A	lflag>=3 & map!=I06
E0406	ENTRY	E0406.9@2FC	lflag==2 & map!=I06
E0406	ENTRY	E0406.1@172	lflag==1 & map!=I06
E0406	ENTRY	E0406.MAP:I06@90	lflag==0 & map!=I06
E0406	E0406.MAP:I06@90	END	
E0406	E0406.0@F8	E0406.MAP:G01>E0406@104	
E0406	E0406.MAP:G01>E0406@104	END	
E0406	E0406.1@172	E0406.2@186	
E0406	E0406.2@186	E0406.3@1BA	
E0406	E0406.3@1BA	E0406.4@1DC	
E0406	E0406.4@1DC	E0406.5@21A	
E0406	E0406.5@21A	E0406.6@23A	
E0406	E0406.6@23A	E0406.7@258	
E0406	E0406.7@258	E0406.8@268	
E0406	E0406.8@268	END	
E0406	E0406.9@2FC	E0406.MAP:I06@308	
E0406	E0406.MAP:I06@308	END	
E0406	E0406.10@320	E0406.MAP:G01>E0406@32C	
E0406	E0406.MAP:G01>E0406@32C	END	
E0406	E0406.11@39A	E0406.12@3B2	
E0406	E0406.12@3B2	E0406.13@3D4	
E0406	E0406.13@3D4	E0406.14@3FC	
E0406	E0406.14@3FC	END	
E0410	ENTRY	E0410.1@6E	lflag>=1
E0410	ENTRY	E0410.0@30	lflag==0
E0410	E0410.0@30	END	
E0410	E0410.1@6E	END	
E0412	ENTRY	E0412.1@82	lflag>=1
E0412	ENTRY	E0412.0@38	lflag==0
E0412	E0412.0@38	END	
E0412	E0412.1@82	END	
E0423	ENTRY	E0423.0@3A	
E0423	E0423.0@3A	END	
E0433	ENTRY	E0433.1@AC	lflag>=1
E0433	ENTRY	E0433.0@44	lflag==0
E0433	E0433.0@44	END	
E0433	E0433.1@AC	END	
E0434	ENTRY	E0434.1@6C	lflag>=1
E0434	ENTRY	E0434.0@26	lflag==0
E0434	E0434.0@26	END	
E0434	E0434.1@6C	END	
E0441	ENTRY	E0441.2@A4	flag[21]>=1
E0441	ENTRY	E0441.1@7C	flag[21]==0 & lflag>=1
E0441	ENTRY	E0441.0@38	flag[21]==0 & lflag==0
E0441	E0441.0@38	END	
E0441	E0441.1@7C	END	
E0441	E0441.2@A4	END	
E0442	ENTRY	E0442.0@3A	
E0442	E0442.0@3A	E0442.1@5A	
E0442	E0442.1@5A	E0442.2@AE	
E0442	E0442.2@AE	E0442.3@C8	
E0442	E0442.3@C8	E0442.4@E6	
E0442	E0442.4@E6	E0442.5@F6	
E0442	E0442.5@F6	E0442.6@106	
E0442	E0442.6@106	E0442.7@116	
E0442	E0442.7@116	E0442.8@12C	
E0442	E0442.8@12C	E0442.9@150	
E0442	E0442.9@150	E0442.10@164	
E0442	E0442.10@164	E0442.11@174	
E0442	E0442.11@174	E0442.12@192	
E0442	E0442.12@192	E0442.13@1A2	
E0442	E0442.13@1A2	E0442.14@1B8	
E0442	E0442.14@1B8	E0442.15@212	
E0442	E0442.15@212	END	
E0443	ENTRY	E0443.0@4E	
E0443	E0443.0@4E	E0443.1@A8	
E0443	E0443.1@A8	E0443.2@DC	
E0443	E0443.2@DC	E0443.3@132	
E0443	E0443.3@132	E0443.4@15A	
E0443	E0443.4@15A	E0443.5@172	
E0443	E0443.5@172	E0443.6@19C	
E0443	E0443.6@19C	E0443.7@1C2	
E0443	E0443.7@1C2	E0443.8@1F2	
E0443	E0443.8@1F2	END	
E0444	ENTRY	E0444.0@44	
E0444	E0444.0@44	E0444.1@6C	
E0444	E0444.1@6C	E0444.2@7C	
E0444	E0444.2@7C	E0444.3@B6	
E0444	E0444.3@B6	E0444.4@EA	
E0444	E0444.4@EA	E0444.5@110	
E0444	E0444.5@110	E0444.6@162	
E0444	E0444.6@162	E0444.7@18E	
E0444	E0444.7@18E	E0444.8@1BA	
E0444	E0444.8@1BA	E0444.9@1DE	
E0444	E0444.9@1DE	E0444.10@1EE	
E0444	E0444.10@1EE	END	
E0445	ENTRY	E0445.0@3C	
E0445	E0445.0@3C	E0445.1@46	
E0445	E0445.1@46	E0445.2@A2	
E0445	E0445.2@A2	E0445.3@F0	
E0445	E0445.3@F0	E0445.4@106	
E0445	E0445.4@106	E0445.5@1A8	
E0445	E0445.5@1A8	E0445.6@1B8	
E0445	E0445.6@1B8	E0445.7@1D0	
E0445	E0445.7@1D0	E0445.8@1FA	
E0445	E0445.8@1FA	E0445.9@210	
E0445	E0445.9@210	E0445.10@226	
E0445	E0445.10@226	E0445.11@254	
E0445	E0445.11@254	E0445.12@264	
E0445	E0445.12@264	E0445.13@274	
E0445	E0445.13@274	E0445.14@2B4	
E0445	E0445.14@2B4	E0445.15@316	
E0445	E0445.15@316	E0445.16@366	
E0445	E0445.16@366	END	
E0446	ENTRY	E0446.0@1C	
E0446	E0446.0@1C	END	
E0471	ENTRY	E0471.0@48	
E0471	E0471.0@48	E0471.1@56	
E0471	E0471.1@56	E0471.2@72	
E0471	E0471.2@72	E0471.3@98	
E0471	E0471.3@98	E0471.4@D6	
E0471	E0471.4@D6	E0471.5@F8	
E0471	E0471.5@F8	END	
E0472	ENTRY	E0472.MAP:G02@4E	map==I05
E0472	ENTRY	E0472.MAP:I05@1E	map!=I05
E0472	E0472.MAP:I05@1E	END	
E0472	E0472.MAP:G02@4E	END	
E0502	ENTRY	E0502.0@60	
E0502	E0502.0@60	E0502.1@90	
E0502	E0502.1@90	E0502.2@A0	
E0502	E0502.2@A0	E0502.3@D0	
E0502	E0502.3@D0	E0502.4@FA	
E0502	E0502.4@FA	E0502.5@120	
E0502	E0502.5@120	E0502.6@16A	
E0502	E0502.6@16A	E0502.7@190	
E0502	E0502.7@190	END	
E0504	ENTRY	E0504.0@56	
E0504	E0504.0@56	E0504.1@DC	
E0504	E0504.1@DC	E0504.2@F6	
E0504	E0504.2@F6	E0504.3@11A	
E0504	E0504.3@11A	E0504.4@150	
E0504	E0504.4@150	E0504.5@172	
E0504	E0504.5@172	E0504.6@1E8	
E0504	E0504.6@1E8	END	
E0505	ENTRY	END	
E0510	ENTRY	E0510.4@E4	lflag>=1
E0510	ENTRY	E0510.0@34	lflag==0
E0510	E0510.0@34	E0510.1@4A	
E0510	E0510.1@4A	E0510.2@82	
E0510	E0510.2@82	E0510.3@98	
E0510	E0510.3@98	END	
E0510	E0510.4@E4	E0510.5@FE	
E0510	E0510.5@FE	END	
E0512	ENTRY	E0512.2@9A	lflag>=1
E0512	ENTRY	E0512.0@2C	lflag==0
E0512	E0512.0@2C	E0512.1@4A	
E0512	E0512.1@4A	END	
E0512	E0512.2@9A	END	
E0520	ENTRY	E0520.11@188	flag[23]>=1 & lflag>=1
E0520	ENTRY	E0520.2@BE	flag[23]>=1 & lflag==0
E0520	ENTRY	E0520.1@92	flag[23]==0 & lflag>=1
E0520	ENTRY	E0520.0@4C	flag[23]==0 & lflag==0
E0520	E0520.0@4C	END	
E0520	E0520.1@92	END	
E0520	E0520.2@BE	E0520.3@CE	
E0520	E0520.3@CE	E0520.4@E4	
E0520	E0520.4@E4	E0520.5@108	
E0520	E0520.5@108	E0520.6@11E	
E0520	E0520.6@11E	E0520.7@12E	
E0520	E0520.7@12E	E0520.8@144	
E0520	E0520.8@144	E0520.9@154	
E0520	E0520.9@154	E0520.10@164	
E0520	E0520.10@164	END	
E0520	E0520.11@188	END	
E0540	ENTRY	E0540.0@3C	flag[21]==0 & lflag==0 | lflag>=1
E0540	ENTRY	E0540.1@70	flag[21]>=1 & lflag==0
E0540	E0540.0@3C	END	
E0540	E0540.1@70	E0540.2@D6	
E0540	E0540.2@D6	E0540.3@FA	
E0540	E0540.3@FA	END	
E0541	ENTRY	E0541.6@10E	flag[25]>=1 & lflag>=1
E0541	ENTRY	E0541.5@BC	flag[25]==0 & lflag>=1
E0541	ENTRY	E0541.0@30	lflag==0
E0541	E0541.0@30	E0541.1@40	
E0541	E0541.1@40	E0541.2@5A	
E0541	E0541.2@5A	E0541.3@6A	
E0541	E0541.3@6A	E0541.4@8C	
E0541	E0541.4@8C	END	
E0541	E0541.5@BC	END	
E0541	E0541.6@10E	E0541.7@11E	
E0541	E0541.7@11E	END	
E0551	ENTRY	E0551.0@28	
E0551	E0551.0@28	E0551.1@90	
E0551	E0551.1@90	E0551.2@A4	
E0551	E0551.2@A4	E0551.3@BA	
E0551	E0551.3@BA	E0551.4@C4	
E0551	E0551.4@C4	E0551.5@F8	
E0551	E0551.5@F8	E0551.6@118	
E0551	E0551.6@118	E0551.7@122	
E0551	E0551.7@122	E0551.8@140	
E0551	E0551.8@140	E0551.9@16E	
E0551	E0551.9@16E	E0551.10@190	
E0551	E0551.10@190	E0551.11@1AA	
E0551	E0551.11@1AA	E0551.12@1EA	
E0551	E0551.12@1EA	E0551.13@208	
E0551	E0551.13@208	E0551.14@218	
E0551	E0551.14@218	E0551.15@27A	
E0551	E0551.15@27A	E0551.16@2A4	
E0551	E0551.16@2A4	E0551.17@2E4	
E0551	E0551.17@2E4	E0551.18@31C	
E0551	E0551.18@31C	E0551.19@346	
E0551	E0551.19@346	E0551.20@360	
E0551	E0551.20@360	E0551.21@370	
E0551	E0551.21@370	E0551.22@386	
E0551	E0551.22@386	E0551.23@39A	
E0551	E0551.23@39A	E0551.24@3BC	
E0551	E0551.24@3BC	E0551.25@424	
E0551	E0551.25@424	END	
E0570	ENTRY	E0570.0@2C	
E0570	E0570.0@2C	END	
E0604	ENTRY	E0604.0@6C	
E0604	E0604.0@6C	E0604.1@9C	
E0604	E0604.1@9C	E0604.2@BC	
E0604	E0604.2@BC	E0604.3@E8	
E0604	E0604.3@E8	E0604.4@11A	
E0604	E0604.4@11A	E0604.5@146	
E0604	E0604.5@146	E0604.6@194	
E0604	E0604.6@194	E0604.7@1AE	
E0604	E0604.7@1AE	E0604.8@1E4	
E0604	E0604.8@1E4	END	
E0605	ENTRY	E0605.MAP:G02@216	lflag>=1 & map==G14
E0605	ENTRY	E0605.0@C6	lflag==0 & map==G14
E0605	ENTRY	E0605.3@174	lflag>=1 & map!=G14
E0605	ENTRY	E0605.MAP:G14@52	lflag==0 & map!=G14
E0605	E0605.MAP:G14@52	END	
E0605	E0605.0@C6	E0605.1@E4	
E0605	E0605.1@E4	E0605.2@FA	
E0605	E0605.2@FA	E0605.MAP:G13@118	
E0605	E0605.MAP:G13@118	END	
E0605	E0605.3@174	E0605.4@1AA	
E0605	E0605.4@1AA	E0605.MAP:G14@1BC	
E0605	E0605.MAP:G14@1BC	END	
E0605	E0605.MAP:G02@216	END	
E0606	ENTRY	E0606.0@14	
E0606	E0606.0@14	END	
E0607	ENTRY	E0607.MAP:B10@C0	map==I35
E0607	ENTRY	E0607.1@112	lflag>=1 & map!=I35
E0607	ENTRY	E0607.0@3C	lflag==0 & map!=I35
E0607	E0607.0@3C	E0607.MAP:I35@90	hour'>=15
E0607	E0607.0@3C	E0607.MOVIE18:B10>E0607@74	hour'<15
E0607	E0607.MOVIE18:B10>E0607@74	END	
E0607	E0607.MAP:I35@90	END	
E0607	E0607.MAP:B10@C0	END	
E0607	E0607.1@112	E0607.2@142	
E0607	E0607.2@142	END	
E0608	ENTRY	E0608.0@44	
E0608	E0608.0@44	END	
E0609	ENTRY	E0609.0@26	
E0609	E0609.0@26	END	
E0612	ENTRY	E0612.2@94	lflag>=1
E0612	ENTRY	E0612.1@72	flag[27]>=1 & lflag==0
E0612	ENTRY	E0612.0@40	flag[27]==0 & lflag==0
E0612	E0612.0@40	END	
E0612	E0612.1@72	END	
E0612	E0612.2@94	END	
E0614	ENTRY	E0614.1@6C	lflag>=1
E0614	ENTRY	E0614.0@4E	lflag==0
E0614	E0614.0@4E	END	
E0614	E0614.1@6C	END	
E0620	ENTRY	E0620.14@1F4	flag[26]>=1 & lflag>=1
E0620	ENTRY	E0620.1@6A	flag[26]>=1 & lflag==0
E0620	ENTRY	E0620.0@44	flag[26]==0
E0620	E0620.0@44	END	
E0620	E0620.1@6A	E0620.2@7A	
E0620	E0620.2@7A	E0620.3@96	
E0620	E0620.3@96	E0620.4@A6	
E0620	E0620.4@A6	E0620.5@C0	
E0620	E0620.5@C0	E0620.6@E6	
E0620	E0620.6@E6	E0620.7@106	
E0620	E0620.7@106	E0620.8@130	
E0620	E0620.8@130	E0620.12@1B4	R>=1
E0620	E0620.8@130	E0620.9@158	R==0
E0620	E0620.9@158	E0620.10@172	
E0620	E0620.10@172	E0620.11@188	
E0620	E0620.11@188	END	
E0620	E0620.12@1B4	E0620.13@1CE	
E0620	E0620.13@1CE	END	
E0620	E0620.14@1F4	END	
E0640	ENTRY	E0640.9@110	lflag>=1
E0640	ENTRY	E0640.0@34	lflag==0
E0640	E0640.0@34	E0640.1@50	
E0640	E0640.1@50	E0640.2@66	
E0640	E0640.2@66	E0640.3@76	
E0640	E0640.3@76	E0640.4@86	
E0640	E0640.4@86	E0640.5@9E	
E0640	E0640.5@9E	E0640.6@B0	
E0640	E0640.6@B0	E0640.7@C6	
E0640	E0640.7@C6	E0640.8@E2	
E0640	E0640.8@E2	END	
E0640	E0640.9@110	END	
E0641	ENTRY	E0641.3@90	lflag>=1
E0641	ENTRY	E0641.0@2A	lflag==0
E0641	E0641.0@2A	E0641.1@3A	
E0641	E0641.1@3A	E0641.2@4E	
E0641	E0641.2@4E	END	
E0641	E0641.3@90	END	
E0650	ENTRY	E0650.0@50	
E0650	E0650.0@50	E0650.1@7E	
E0650	E0650.1@7E	E0650.2@94	
E0650	E0650.2@94	E0650.3@B6	
E0650	E0650.3@B6	E0650.4@106	
E0650	E0650.4@106	E0650.5@124	
E0650	E0650.5@124	E0650.6@144	
E0650	E0650.6@144	E0650.7@168	
E0650	E0650.7@168	E0650.8@17C	
E0650	E0650.8@17C	E0650.9@19C	
E0650	E0650.9@19C	E0650.10@1AC	
E0650	E0650.10@1AC	E0650.11@1E6	
E0650	E0650.11@1E6	E0650.12@210	
E0650	E0650.12@210	E0650.13@228	
E0650	E0650.13@228	E0650.14@298	
E0650	E0650.14@298	E0650.15@2D2	
E0650	E0650.15@2D2	E0650.16@2F4	
E0650	E0650.16@2F4	E0650.17@304	
E0650	E0650.17@304	E0650.18@338	
E0650	E0650.18@338	END	
E0651	ENTRY	E0651.4@102	lflag>=1
E0651	ENTRY	E0651.0@56	lflag==0
E0651	E0651.0@56	E0651.1@74	
E0651	E0651.1@74	E0651.2@84	
E0651	E0651.2@84	E0651.3@A0	
E0651	E0651.3@A0	END	
E0651	E0651.4@102	E0651.5@10C	
E0651	E0651.5@10C	E0651.6@11C	
E0651	E0651.6@11C	E0651.7@132	
E0651	E0651.7@132	E0651.8@162	
E0651	E0651.8@162	E0651.9@190	
E0651	E0651.9@190	E0651.10@1A4	
E0651	E0651.10@1A4	END	
E0652	ENTRY	E0652.10@19C	lflag>=1
E0652	ENTRY	E0652.0@52	lflag==0
E0652	E0652.0@52	E0652.1@62	
E0652	E0652.1@62	E0652.2@78	
E0652	E0652.2@78	E0652.3@8C	
E0652	E0652.3@8C	E0652.4@A2	
E0652	E0652.4@A2	E0652.5@B6	
E0652	E0652.5@B6	E0652.6@C6	
E0652	E0652.6@C6	E0652.7@E6	
E0652	E0652.7@E6	E0652.8@FC	
E0652	E0652.8@FC	E0652.9@146	
E0652	E0652.9@146	END	
E0652	E0652.10@19C	END	
E0653	ENTRY	E0653.0@48	
E0653	E0653.0@48	E0653.1@5C	
E0653	E0653.1@5C	E0653.2@7A	
E0653	E0653.2@7A	E0653.3@9A	
E0653	E0653.3@9A	END	
E0670	ENTRY	E0670.MAP:I07@86	map==G01
E0670	ENTRY	E0670.MAP:G03>E0670@B8	map==I07
E0670	ENTRY	E0670.1@154	lflag>=1 & map!=G01 & map!=I07
E0670	ENTRY	E0670.MAP:G01@28	lflag==0 & map!=G01 & map!=I07
E0670	E0670.MAP:G01@28	END	
E0670	E0670.MAP:I07@86	END	
E0670	E0670.MAP:G03>E0670@B8	E0670.0@C8	
E0670	E0670.0@C8	END	
E0670	E0670.1@154	END	
E0701	ENTRY	E0701.0@96	
E0701	E0701.0@96	E0701.1@C8	
E0701	E0701.1@C8	E0701.2@E2	
E0701	E0701.2@E2	E0701.3@10C	
E0701	E0701.3@10C	E0701.4@13A	
E0701	E0701.4@13A	E0701.5@166	
E0701	E0701.5@166	E0701.6@1C0	
E0701	E0701.6@1C0	E0701.7@1E8	
E0701	E0701.7@1E8	E0701.8@256	
E0701	E0701.8@256	E0701.MAP:G02@266	
E0701	E0701.MAP:G02@266	END	
E0704	ENTRY	E0704.0@6C	
E0704	E0704.0@6C	E0704.1@9C	
E0704	E0704.1@9C	E0704.2@B8	
E0704	E0704.2@B8	E0704.3@F6	
E0704	E0704.3@F6	END	
E0705	ENTRY	E0705.0@66	
E0705	E0705.0@66	E0705.1@96	
E0705	E0705.1@96	E0705.2@B2	
E0705	E0705.2@B2	E0705.3@FC	
E0705	E0705.3@FC	E0705.4@128	
E0705	E0705.4@128	E0705.5@154	
E0705	E0705.5@154	END	
E0710	ENTRY	E0710.27@65A	flag[34]>=1 & flag[81]>=7 & lflag>=1 & map!=H26 | flag[34]>=1 & flag[81]>=7 & lflag>=1 & map==H26
E0710	ENTRY	E0710.28@670	flag[34]>=1 & flag[81]<7 & lflag>=1 & map!=H26 | flag[34]>=1 & flag[81]<7 & lflag>=1 & map==H26
E0710	ENTRY	E0710.26@596	flag[245]>=3 & flag[246]>=3 & flag[34]>=1 & lflag==0 & map!=H26 & map!=I36 & map!=I37 & map!=I38 & map!=I39 & map!=I40 & map!=I41 & map!=I42 & map!=I43 | flag[245]>=3 & flag[246]>=3 & flag[34]>=1 & lflag==0 & map==H26
E0710	ENTRY	E0710.25@540	flag[245]<3 & flag[246]>=3 & flag[34]>=1 & lflag==0 & map!=H26 & map!=I36 & map!=I37 & map!=I38 & map!=I39 & map!=I40 & map!=I41 & map!=I42 & map!=I43 | flag[245]<3 & flag[246]>=3 & flag[34]>=1 & lflag==0 & map==H26
E0710	ENTRY	E0710.24@510	day'>=28 & flag[246]==2 & flag[34]>=1 & lflag==0 & map!=H26 & map!=I36 & map!=I37 & map!=I38 & map!=I39 & map!=I40 & map!=I41 & map!=I42 & map!=I43 | day'>=28 & flag[246]==2 & flag[34]>=1 & lflag==0 & map==H26
E0710	ENTRY	E0710.23@4DE	day'<28 & flag[246]==2 & flag[34]>=1 & flag[81]>=7 & lflag==0 & map!=H26 & map!=I36 & map!=I37 & map!=I38 & map!=I39 & map!=I40 & map!=I41 & map!=I42 & map!=I43 | day'<28 & flag[246]==2 & flag[34]>=1 & flag[81]>=7 & lflag==0 & map==H26
E0710	ENTRY	E0710.22@4AC	day'<28 & flag[246]==2 & flag[34]>=1 & flag[81]==6 & lflag==0 & map!=H26 & map!=I36 & map!=I37 & map!=I38 & map!=I39 & map!=I40 & map!=I41 & map!=I42 & map!=I43 | day'<28 & flag[246]==2 & flag[34]>=1 & flag[81]==6 & lflag==0 & map==H26
E0710	ENTRY	E0710.21@47A	day'<28 & flag[246]==2 & flag[34]>=1 & flag[81]==5 & lflag==0 & map!=H26 & map!=I36 & map!=I37 & map!=I38 & map!=I39 & map!=I40 & map!=I41 & map!=I42 & map!=I43 | day'<28 & flag[246]==2 & flag[34]>=1 & flag[81]==5 & lflag==0 & map==H26
E0710	ENTRY	E0710.20@448	day'<28 & flag[246]==2 & flag[34]>=1 & flag[81]==4 & lflag==0 & map!=H26 & map!=I36 & map!=I37 & map!=I38 & map!=I39 & map!=I40 & map!=I41 & map!=I42 & map!=I43 | day'<28 & flag[246]==2 & flag[34]>=1 & flag[81]==4 & lflag==0 & map==H26
E0710	ENTRY	E0710.19@416	day'<28 & flag[246]==2 & flag[34]>=1 & flag[81]==3 & lflag==0 & map!=H26 & map!=I36 & map!=I37 & map!=I38 & map!=I39 & map!=I40 & map!=I41 & map!=I42 & map!=I43 | day'<28 & flag[246]==2 & flag[34]>=1 & flag[81]==3 & lflag==0 & map==H26
E0710	ENTRY	E0710.18@3E4	day'<28 & flag[246]==2 & flag[34]>=1 & flag[81]==2 & lflag==0 & map!=H26 & map!=I36 & map!=I37 & map!=I38 & map!=I39 & map!=I40 & map!=I41 & map!=I42 & map!=I43 | day'<28 & flag[246]==2 & flag[34]>=1 & flag[81]==2 & lflag==0 & map==H26
E0710	ENTRY	E0710.17@3B2	day'<28 & flag[246]==2 & flag[34]>=1 & flag[81]==1 & lflag==0 & map!=H26 & map!=I36 & map!=I37 & map!=I38 & map!=I39 & map!=I40 & map!=I41 & map!=I42 & map!=I43 | day'<28 & flag[246]==2 & flag[34]>=1 & flag[81]==1 & lflag==0 & map==H26
E0710	ENTRY	E0710.16@380	day'<28 & flag[246]==2 & flag[34]>=1 & flag[81]==0 & lflag==0 & map!=H26 & map!=I36 & map!=I37 & map!=I38 & map!=I39 & map!=I40 & map!=I41 & map!=I42 & map!=I43 | day'<28 & flag[246]==2 & flag[34]>=1 & flag[81]==0 & lflag==0 & map==H26
E0710	ENTRY	E0710.15@300	flag[246]==1 & flag[34]>=1 & flag[81]>=7 & lflag==0 & map!=H26 & map!=I36 & map!=I37 & map!=I38 & map!=I39 & map!=I40 & map!=I41 & map!=I42 & map!=I43 | flag[246]==1 & flag[34]>=1 & flag[81]>=7 & lflag==0 & map==H26
E0710	ENTRY	E0710.14@2C4	day>=2 & flag[246]==1 & flag[34]>=1 & flag[81]<7 & lflag==0 & map!=H26 & map!=I36 & map!=I37 & map!=I38 & map!=I39 & map!=I40 & map!=I41 & map!=I42 & map!=I43 | day>=2 & flag[246]==1 & flag[34]>=1 & flag[81]<7 & lflag==0 & map==H26
E0710	ENTRY	E0710.13@292	day==1 & flag[246]==1 & flag[34]>=1 & flag[81]<7 & lflag==0 & map!=H26 & map!=I36 & map!=I37 & map!=I38 & map!=I39 & map!=I40 & map!=I41 & map!=I42 & map!=I43 | day==1 & flag[246]==1 & flag[34]>=1 & flag[81]<7 & lflag==0 & map==H26
E0710	ENTRY	E0710.12@274	day==0 & flag[246]==1 & flag[34]>=1 & flag[81]<7 & lflag==0 & map!=H26 & map!=I36 & map!=I37 & map!=I38 & map!=I39 & map!=I40 & map!=I41 & map!=I42 & map!=I43 | day==0 & flag[246]==1 & flag[34]>=1 & flag[81]<7 & lflag==0 & map==H26
E0710	ENTRY	E0710.11@22E	day'>=28 & flag[246]==0 & flag[34]>=1 & flag[81]<7 & lflag==0 & map!=H26 & map!=I36 & map!=I37 & map!=I38 & map!=I39 & map!=I40 & map!=I41 & map!=I42 & map!=I43 | day'>=28 & flag[246]==0 & flag[34]>=1 & flag[81]<7 & lflag==0 & map==H26 | day'>=28 & flag[246]==0 & flag[34]>=1 & flag[81]>=99 & lflag==0 & map!=H26 & map!=I36 & map!=I37 & map!=I38 & map!=I39 & map!=I40 & map!=I41 & map!=I42 & map!=I43 | day'>=28 & flag[246]==0 & flag[34]>=1 & flag[81]>=99 & lflag==0 & map==H26
E0710	ENTRY	E0710.9@1D4	day'<28 & flag[246]==0 & flag[34]>=1 & flag[81]>=99 & lflag==0 & map!=H26 & map!=I36 & map!=I37 & map!=I38 & map!=I39 & map!=I40 & map!=I41 & map!=I42 & map!=I43 | day'<28 & flag[246]==0 & flag[34]>=1 & flag[81]>=99 & lflag==0 & map==H26
E0710	ENTRY	E0710.10@1F2	flag[246]==0 & flag[34]>=1 & 7<=flag[81]<99 & lflag==0 & map!=H26 & map!=I36 & map!=I37 & map!=I38 & map!=I39 & map!=I40 & map!=I41 & map!=I42 & map!=I43 | flag[246]==0 & flag[34]>=1 & 7<=flag[81]<99 & lflag==0 & map==H26
E0710	ENTRY	E0710.8@1A2	day'<28 & flag[246]==0 & flag[34]>=1 & flag[81]<7 & lflag==0 & map!=H26 & map!=I36 & map!=I37 & map!=I38 & map!=I39 & map!=I40 & map!=I41 & map!=I42 & map!=I43 | day'<28 & flag[246]==0 & flag[34]>=1 & flag[81]<7 & lflag==0 & map==H26
E0710	ENTRY	E0710.4@B0	day'>=2 & flag[34]==0 & map!=H26 | day'>=2 & flag[34]==0 & map==H26
E0710	ENTRY	E0710.0@5E	day'==1 & flag[34]==0 & map!=H26 | day'==1 & flag[34]==0 & map==H26
E0710	ENTRY	E0710.6@DE	day'==0 & flag[34]==0 & map!=H26 | day'==0 & flag[34]==0 & map==H26
E0710	ENTRY	E0710.31@6F2	flag[34]>=1 & lflag==0 & map==I36
E0710	ENTRY	E0710.32@744	flag[34]>=1 & lflag==0 & map==I37
E0710	ENTRY	E0710.33@796	flag[34]>=1 & lflag==0 & map==I38
E0710	ENTRY	E0710.34@7E8	flag[34]>=1 & lflag==0 & map==I39
E0710	ENTRY	E0710.35@83A	flag[34]>=1 & lflag==0 & map==I40
E0710	ENTRY	E0710.36@88C	flag[34]>=1 & lflag==0 & map==I41
E0710	ENTRY	E0710.37@8DE	flag[34]>=1 & lflag==0 & map==I42
E0710	ENTRY	E0710.38@930	flag[34]>=1 & lflag==0 & map==I43
E0710	E0710.0@5E	E0710.1@68	
E0710	E0710.1@68	E0710.2@78	
E0710	E0710.2@78	E0710.3@88	
E0710	E0710.3@88	END	
E0710	E0710.4@B0	E0710.5@C6	
E0710	E0710.5@C6	END	
E0710	E0710.6@DE	E0710.7@F8	
E0710	E0710.7@F8	END	
E0710	E0710.8@1A2	END	
E0710	E0710.9@1D4	END	
E0710	E0710.10@1F2	END	
E0710	E0710.11@22E	END	
E0710	E0710.12@274	END	
E0710	E0710.13@292	END	
E0710	E0710.14@2C4	END	
E0710	E0710.15@300	END	
E0710	E0710.16@380	END	
E0710	E0710.17@3B2	END	
E0710	E0710.18@3E4	END	
E0710	E0710.19@416	END	
E0710	E0710.20@448	END	
E0710	E0710.21@47A	END	
E0710	E0710.22@4AC	END	
E0710	E0710.23@4DE	END	
E0710	E0710.24@510	END	
E0710	E0710.25@540	END	
E0710	E0710.26@596	E0710.MAP:I43@638	flag[81]>=7
E0710	E0710.26@596	E0710.MAP:I42@62C	flag[81]==6
E0710	E0710.26@596	E0710.MAP:I41@620	flag[81]==5
E0710	E0710.26@596	E0710.MAP:I40@614	flag[81]==4
E0710	E0710.26@596	E0710.MAP:I39@608	flag[81]==3
E0710	E0710.26@596	E0710.MAP:I38@5FC	flag[81]==2
E0710	E0710.26@596	E0710.MAP:I37@5F0	flag[81]==1
E0710	E0710.26@596	E0710.MAP:I36@5E4	flag[81]==0
E0710	E0710.MAP:I36@5E4	END	
E0710	E0710.MAP:I37@5F0	END	
E0710	E0710.MAP:I38@5FC	END	
E0710	E0710.MAP:I39@608	END	
E0710	E0710.MAP:I40@614	END	
E0710	E0710.MAP:I41@620	END	
E0710	E0710.MAP:I42@62C	END	
E0710	E0710.MAP:I43@638	END	
E0710	E0710.27@65A	E0710.28@670	
E0710	E0710.28@670	E0710.29@686	
E0710	E0710.29@686	E0710.30@6A6	
E0710	E0710.30@6A6	END	
E0710	E0710.31@6F2	E0710.MAP:H26>E0710@6FC	
E0710	E0710.MAP:H26>E0710@6FC	END	
E0710	E0710.32@744	E0710.MAP:H26>E0710@74E	
E0710	E0710.MAP:H26>E0710@74E	END	
E0710	E0710.33@796	E0710.MAP:H26>E0710@7A0	
E0710	E0710.MAP:H26>E0710@7A0	END	
E0710	E0710.34@7E8	E0710.MAP:H26>E0710@7F2	
E0710	E0710.MAP:H26>E0710@7F2	END	
E0710	E0710.35@83A	E0710.MAP:H26>E0710@844	
E0710	E0710.MAP:H26>E0710@844	END	
E0710	E0710.36@88C	E0710.MAP:H26>E0710@896	
E0710	E0710.MAP:H26>E0710@896	END	
E0710	E0710.37@8DE	E0710.MAP:H26>E0710@8E8	
E0710	E0710.MAP:H26>E0710@8E8	END	
E0710	E0710.38@930	E0710.MAP:H26>E0710@93A	
E0710	E0710.MAP:H26>E0710@93A	END	
E0712	ENTRY	E0712.5@D8	lflag>=1
E0712	ENTRY	E0712.0@38	lflag==0
E0712	E0712.0@38	E0712.1@42	
E0712	E0712.1@42	E0712.2@72	opt0
E0712	E0712.1@42	E0712.2@72	opt1
E0712	E0712.2@72	E0712.3@A0	
E0712	E0712.3@A0	E0712.4@B6	
E0712	E0712.4@B6	END	
E0712	E0712.5@D8	END	
E0720	ENTRY	E0720.4@DA	lflag>=1
E0720	ENTRY	E0720.0@4A	lflag==0
E0720	E0720.0@4A	E0720.1@5A	
E0720	E0720.1@5A	E0720.2@88	
E0720	E0720.2@88	E0720.3@AC	
E0720	E0720.3@AC	END	
E0720	E0720.4@DA	E0720.5@EA	
E0720	E0720.5@EA	END	
E0733	ENTRY	E0733.0@52	
E0733	E0733.0@52	E0733.1@C4	
E0733	E0733.1@C4	E0733.2@10A	
E0733	E0733.2@10A	E0733.3@128	
E0733	E0733.3@128	E0733.4@16E	
E0733	E0733.4@16E	E0733.5@18C	
E0733	E0733.5@18C	E0733.MAP:B02>E0780@20C	
E0733	E0733.MAP:B02>E0780@20C	END	
E0740	ENTRY	E0740.3@CA	lflag>=1
E0740	ENTRY	E0740.1@7C	flag[35]>=1 & lflag==0
E0740	ENTRY	E0740.0@42	flag[35]==0 & lflag==0
E0740	E0740.0@42	END	
E0740	E0740.1@7C	E0740.2@8C	
E0740	E0740.2@8C	END	
E0740	E0740.3@CA	END	
E0741	ENTRY	E0741.2@6C	lflag>=1
E0741	ENTRY	E0741.0@2A	lflag==0
E0741	E0741.0@2A	E0741.1@50	
E0741	E0741.1@50	END	
E0741	E0741.2@6C	END	
E0750	ENTRY	E0750.0@56	
E0750	E0750.0@56	E0750.1@66	
E0750	E0750.1@66	END	
E0751	ENTRY	E0751.2@150	lflag>=2
E0751	ENTRY	E0751.1@AA	lflag==1
E0751	ENTRY	E0751.0@3C	lflag==0
E0751	E0751.0@3C	END	
E0751	E0751.1@AA	END	
E0751	E0751.2@150	END	
E0752	ENTRY	E0752.3@1B8	lflag>=3
E0752	ENTRY	E0752.2@112	lflag==2
E0752	ENTRY	E0752.1@A4	lflag==1
E0752	ENTRY	E0752.0@4A	lflag==0
E0752	E0752.0@4A	END	
E0752	E0752.1@A4	END	
E0752	E0752.2@112	END	
E0752	E0752.3@1B8	END	
E0753	ENTRY	E0753.4@1FE	lflag>=4
E0753	ENTRY	E0753.3@158	lflag==3
E0753	ENTRY	E0753.2@EA	lflag==2
E0753	ENTRY	E0753.1@90	lflag==1
E0753	ENTRY	E0753.0@52	lflag==0
E0753	E0753.0@52	END	
E0753	E0753.1@90	END	
E0753	E0753.2@EA	END	
E0753	E0753.3@158	END	
E0753	E0753.4@1FE	END	
E0761	ENTRY	E0761.2@E6	lflag>=2
E0761	ENTRY	E0761.1@94	lflag==1
E0761	ENTRY	E0761.0@3C	lflag==0
E0761	E0761.0@3C	END	
E0761	E0761.1@94	END	
E0761	E0761.2@E6	END	
E0762	ENTRY	E0762.3@126	lflag>=3
E0762	ENTRY	E0762.2@D4	lflag==2
E0762	ENTRY	E0762.1@7C	lflag==1
E0762	ENTRY	E0762.0@4A	lflag==0
E0762	E0762.0@4A	END	
E0762	E0762.1@7C	END	
E0762	E0762.2@D4	END	
E0762	E0762.3@126	END	
E0763	ENTRY	E0763.4@170	lflag>=4
E0763	ENTRY	E0763.3@11E	lflag==3
E0763	ENTRY	E0763.2@C6	lflag==2
E0763	ENTRY	E0763.1@94	lflag==1
E0763	ENTRY	E0763.0@52	lflag==0
E0763	E0763.0@52	END	
E0763	E0763.1@94	END	
E0763	E0763.2@C6	END	
E0763	E0763.3@11E	END	
E0763	E0763.4@170	END	
E0771	ENTRY	E0771.2@E0	lflag>=2
E0771	ENTRY	E0771.1@A2	lflag==1
E0771	ENTRY	E0771.0@42	lflag==0
E0771	E0771.0@42	END	
E0771	E0771.1@A2	END	
E0771	E0771.2@E0	END	
E0772	ENTRY	E0772.3@134	lflag>=3
E0772	ENTRY	E0772.2@F6	lflag==2
E0772	ENTRY	E0772.1@96	lflag==1
E0772	ENTRY	E0772.0@4A	lflag==0
E0772	E0772.0@4A	END	
E0772	E0772.1@96	END	
E0772	E0772.2@F6	END	
E0772	E0772.3@134	END	
E0773	ENTRY	E0773.4@192	lflag>=4
E0773	ENTRY	E0773.3@154	lflag==3
E0773	ENTRY	E0773.2@F4	lflag==2
E0773	ENTRY	E0773.1@A8	lflag==1
E0773	ENTRY	E0773.0@52	lflag==0
E0773	E0773.0@52	END	
E0773	E0773.1@A8	END	
E0773	E0773.2@F4	END	
E0773	E0773.3@154	END	
E0773	E0773.4@192	END	
E0780	ENTRY	E0780.2@2B8	map==B03
E0780	ENTRY	E0780.0@6E	map!=B03
E0780	E0780.0@6E	E0780.1@1A0	
E0780	E0780.1@1A0	E0780.MAP:B03>E0780@226	
E0780	E0780.MAP:B03>E0780@226	END	
E0780	E0780.2@2B8	E0780.3@2D8	
E0780	E0780.3@2D8	END	
E0781	ENTRY	END	
E0782	ENTRY	END	
E0783	ENTRY	END	
E0784	ENTRY	END	
E0785	ENTRY	END	
E0786	ENTRY	E0786.2@C4	flag[152]'>=5 & flag[153]>=1
E0786	ENTRY	E0786.1@80	flag[152]'<5 & flag[153]>=1
E0786	ENTRY	E0786.0@3E	flag[153]==0
E0786	E0786.0@3E	END	
E0786	E0786.1@80	END	
E0786	E0786.2@C4	E0786.3@EE	
E0786	E0786.3@EE	E0786.4@108	
E0786	E0786.4@108	E0786.5@118	
E0786	E0786.5@118	E0786.6@134	
E0786	E0786.6@134	END	
E0787	ENTRY	END	flag[148]==0 & flag[149]==0 & flag[150]==0 & flag[151]==0 | flag[148]==0 & flag[149]==0 & flag[151]>=1 | flag[148]==0 & flag[149]>=1 & flag[150]==0 | flag[148]>=1 & flag[149]==0 & flag[150]>=1 & flag[151]>=1 | flag[148]>=1 & flag[150]==0 | flag[149]==0 & flag[150]>=1 & flag[151]==0 | flag[149]>=1 & flag[150]>=1
E0805	ENTRY	E0805.MOVIE21:G14@30	
E0805	E0805.MOVIE21:G14@30	END	
E0807	ENTRY	E0807.5@2F6	flag[42]>=1
E0807	ENTRY	E0807.1@18C	flag[39]>=1 & flag[41]>=1 & flag[42]==0
E0807	ENTRY	E0807.3@24A	flag[39]>=1 & flag[41]==0 & flag[42]==0 & flag[73]>=4
E0807	ENTRY	END	flag[39]==0 & flag[42]==0
E0807	ENTRY	E0807.0@D4	flag[39]>=1 & flag[41]==0 & flag[42]==0 & flag[73]==0 | flag[39]>=1 & flag[41]==0 & flag[42]==0 & flag[73]==1 | flag[39]>=1 & flag[41]==0 & flag[42]==0 & flag[73]==2 | flag[39]>=1 & flag[41]==0 & flag[42]==0 & flag[73]==3
E0807	E0807.0@D4	END	
E0807	E0807.1@18C	E0807.2@20A	
E0807	E0807.2@20A	END	
E0807	E0807.3@24A	E0807.4@28E	
E0807	E0807.4@28E	E0807.MAP:A16>E0807@2C0	
E0807	E0807.MAP:A16>E0807@2C0	END	
E0807	E0807.5@2F6	END	
E0808	ENTRY	E0808.0@6C	map==I09
E0808	ENTRY	E0808.MAP:I09>E0808@34	map!=I09
E0808	E0808.MAP:I09>E0808@34	END	
E0808	E0808.0@6C	E0808.MAP:H25@80	
E0808	E0808.MAP:H25@80	END	
E0809	ENTRY	END	lflag>=1
E0809	ENTRY	E0809.MOVIE8:B06>E0809@38	lflag==0
E0809	E0809.MOVIE8:B06>E0809@38	END	
E0811	ENTRY	E0811.1@62	flag[39]>=1
E0811	ENTRY	E0811.0@34	flag[39]==0
E0811	E0811.0@34	END	
E0811	E0811.1@62	END	
E0812	ENTRY	E0812.1@72	lflag>=1
E0812	ENTRY	E0812.0@38	lflag==0
E0812	E0812.0@38	END	
E0812	E0812.1@72	END	
E0814	ENTRY	E0814.1@82	lflag>=1
E0814	ENTRY	E0814.0@2E	lflag==0
E0814	E0814.0@2E	END	
E0814	E0814.1@82	END	
E0820	ENTRY	E0820.1@80	lflag>=1
E0820	ENTRY	E0820.0@44	lflag==0
E0820	E0820.0@44	END	
E0820	E0820.1@80	END	
E0821	ENTRY	E0821.0@40	
E0821	E0821.0@40	END	
E0830	ENTRY	E0830.0@4C	
E0830	E0830.0@4C	E0830.1@82	
E0830	E0830.1@82	E0830.2@9C	
E0830	E0830.2@9C	E0830.3@B0	
E0830	E0830.3@B0	E0830.4@C0	
E0830	E0830.4@C0	E0830.5@DA	
E0830	E0830.5@DA	E0830.6@F4	
E0830	E0830.6@F4	E0830.7@104	
E0830	E0830.7@104	E0830.8@114	
E0830	E0830.8@114	E0830.9@14C	
E0830	E0830.9@14C	END	
E0831	ENTRY	E0831.0@46	
E0831	E0831.0@46	END	
E0832	ENTRY	E0832.5@194	map==H06
E0832	ENTRY	E0832.9@37E	lflag>=2 & map!=H06
E0832	ENTRY	E0832.7@222	lflag==1 & map!=H06
E0832	ENTRY	E0832.0@C0	lflag==0 & map!=H06
E0832	E0832.0@C0	E0832.1@DE	
E0832	E0832.1@DE	E0832.2@EE	
E0832	E0832.2@EE	E0832.3@120	
E0832	E0832.3@120	E0832.4@134	
E0832	E0832.4@134	E0832.MAP:H06@168	
E0832	E0832.MAP:H06@168	END	
E0832	E0832.5@194	E0832.6@1CC	
E0832	E0832.6@1CC	E0832.MAP:G17@1E8	
E0832	E0832.MAP:G17@1E8	END	
E0832	E0832.7@222	E0832.8@238	
E0832	E0832.8@238	END	
E0832	E0832.9@37E	END	
E0833	ENTRY	E0833.0@44	map==I08
E0833	ENTRY	E0833.MAP:I08@8	map!=I08
E0833	E0833.MAP:I08@8	END	
E0833	E0833.0@44	E0833.MAP:G15@52	
E0833	E0833.MAP:G15@52	END	
E0835	ENTRY	E0835.0@58	map==I18
E0835	ENTRY	END	lflag>=1 & map!=I18
E0835	ENTRY	E0835.MAP:I18@18	lflag==0 & map!=I18
E0835	E0835.MAP:I18@18	END	
E0835	E0835.0@58	E0835.MAP:G12>E0835@64	
E0835	E0835.MAP:G12>E0835@64	E0835.1@74	
E0835	E0835.1@74	END	
E0840	ENTRY	E0840.4@10C	lflag>=1
E0840	ENTRY	E0840.0@34	lflag==0
E0840	E0840.0@34	E0840.1@44	
E0840	E0840.1@44	E0840.2@54	
E0840	E0840.2@54	E0840.3@8A	
E0840	E0840.3@8A	END	
E0840	E0840.4@10C	END	
E0841	ENTRY	E0841.1@58	lflag>=1
E0841	ENTRY	E0841.0@2A	lflag==0
E0841	E0841.0@2A	END	
E0841	E0841.1@58	END	
E0851	ENTRY	E0851.0@32	
E0851	E0851.0@32	E0851.1@52	
E0851	E0851.1@52	E0851.2@76	
E0851	E0851.2@76	END	
E0852	ENTRY	E0852.0@32	
E0852	E0852.0@32	END	
E0853	ENTRY	E0853.0@32	
E0853	E0853.0@32	END	
E0904	ENTRY	E0904.0@66	
E0904	E0904.0@66	E0904.1@96	
E0904	E0904.1@96	E0904.2@AC	
E0904	E0904.2@AC	E0904.3@EC	
E0904	E0904.3@EC	E0904.4@118	
E0904	E0904.4@118	E0904.5@144	
E0904	E0904.5@144	E0904.6@170	
E0904	E0904.6@170	E0904.7@196	
E0904	E0904.7@196	E0904.8@1D4	
E0904	E0904.8@1D4	E0904.9@1FA	
E0904	E0904.9@1FA	E0904.10@234	
E0904	E0904.10@234	E0904.11@260	
E0904	E0904.11@260	END	
E0905	ENTRY	E0905.0@14	
E0905	E0905.0@14	END	flag[204]>=1
E0905	E0905.0@14	E0905.1@2C	flag[204]==0
E0905	E0905.1@2C	END	
E0906	ENTRY	E0906.1@E4	lflag>=1
E0906	ENTRY	E0906.0@34	lflag==0
E0906	E0906.0@34	E0906.MOVIE9:A01@86	
E0906	E0906.MOVIE9:A01@86	END	
E0906	E0906.1@E4	END	
E0910	ENTRY	E0910.0@28	
E0910	E0910.0@28	END	
E0912	ENTRY	E0912.1@8C	lflag>=1
E0912	ENTRY	E0912.0@38	lflag==0
E0912	E0912.0@38	END	
E0912	E0912.1@8C	END	
E0920	ENTRY	E0920.2@A6	lflag>=1
E0920	ENTRY	E0920.1@74	flag[43]>=1 & lflag==0
E0920	ENTRY	E0920.0@4C	flag[43]==0 & lflag==0
E0920	E0920.0@4C	END	
E0920	E0920.1@74	END	
E0920	E0920.2@A6	END	
E0923	ENTRY	E0923.0@3A	day'<15 | day'>=16
E0923	ENTRY	END	day'==15
E0923	E0923.0@3A	E0923.1@54	
E0923	E0923.1@54	E0923.2@96	
E0923	E0923.2@96	E0923.3@A6	
E0923	E0923.3@A6	E0923.4@C0	
E0923	E0923.4@C0	E0923.5@CA	
E0923	E0923.5@CA	E0923.6@11E	
E0923	E0923.6@11E	E0923.7@132	
E0923	E0923.7@132	E0923.8@140	
E0923	E0923.8@140	E0923.9@164	
E0923	E0923.9@164	END	
E0930	ENTRY	E0930.6@128	lflag>=1
E0930	ENTRY	E0930.0@5A	lflag==0
E0930	E0930.0@5A	E0930.1@7C	
E0930	E0930.1@7C	E0930.2@B0	
E0930	E0930.2@B0	E0930.3@C0	
E0930	E0930.3@C0	E0930.4@D0	
E0930	E0930.4@D0	E0930.5@F2	
E0930	E0930.5@F2	END	
E0930	E0930.6@128	END	
E0931	ENTRY	E0931.2@DE	lflag>=1
E0931	ENTRY	E0931.0@60	lflag==0
E0931	E0931.0@60	E0931.1@74	
E0931	E0931.1@74	END	
E0931	E0931.2@DE	END	
E0940	ENTRY	E0940.4@DE	lflag>=1
E0940	ENTRY	E0940.0@34	lflag==0
E0940	E0940.0@34	E0940.1@44	
E0940	E0940.1@44	E0940.2@54	
E0940	E0940.2@54	E0940.3@96	
E0940	E0940.3@96	END	
E0940	E0940.4@DE	END	
E0941	ENTRY	E0941.2@84	lflag>=1
E0941	ENTRY	E0941.0@2A	lflag==0
E0941	E0941.0@2A	E0941.1@48	
E0941	E0941.1@48	END	
E0941	E0941.2@84	END	
E0950	ENTRY	E0950.0@58	
E0950	E0950.0@58	E0950.1@82	
E0950	E0950.1@82	END	
E1005	ENTRY	E1005.2@14A	lflag>=1 & map==I01
E1005	ENTRY	E1005.0@82	lflag==0 & map==I01
E1005	ENTRY	E1005.3@190	lflag>=2 & map!=I01
E1005	ENTRY	E1005.1@FE	lflag==1 & map!=I01
E1005	ENTRY	E1005.MAP:I01@24	lflag==0 & map!=I01
E1005	E1005.MAP:I01@24	END	
E1005	E1005.0@82	E1005.MAP:H05>E1005@94	
E1005	E1005.MAP:H05>E1005@94	END	
E1005	E1005.1@FE	E1005.MAP:I01@110	
E1005	E1005.MAP:I01@110	END	
E1005	E1005.2@14A	E1005.MAP:H05>E1005@156	
E1005	E1005.MAP:H05>E1005@156	END	
E1005	E1005.3@190	END	
E1006	ENTRY	E1006.0@7E	
E1006	E1006.0@7E	E1006.1@92	
E1006	E1006.1@92	E1006.2@B6	
E1006	E1006.2@B6	E1006.3@CA	
E1006	E1006.3@CA	END	
E1007	ENTRY	E1007.0@62	map==I20
E1007	ENTRY	END	lflag>=1 & map!=I20
E1007	ENTRY	E1007.MAP:I20@1E	lflag==0 & map!=I20
E1007	E1007.MAP:I20@1E	END	
E1007	E1007.0@62	E1007.MAP:G15>E1007@6E	
E1007	E1007.MAP:G15>E1007@6E	END	
E1008	ENTRY	E1008.0@82	lflag>=1
E1008	ENTRY	E1008.MOVIE10:B10@62	lflag==0
E1008	E1008.MOVIE10:B10@62	END	
E1008	E1008.0@82	E1008.1@D4	
E1008	E1008.1@D4	END	
E1010	ENTRY	E1010.0@36	
E1010	E1010.0@36	E1010.1@46	
E1010	E1010.1@46	E1010.2@68	
E1010	E1010.2@68	END	
E1012	ENTRY	E1012.2@6A	lflag>=1
E1012	ENTRY	E1012.0@2C	lflag==0
E1012	E1012.0@2C	E1012.1@3C	
E1012	E1012.1@3C	END	
E1012	E1012.2@6A	E1012.3@EC	
E1012	E1012.3@EC	END	
E1013	ENTRY	E1013.5@B4	lflag>=1
E1013	ENTRY	E1013.0@2E	lflag==0
E1013	E1013.0@2E	E1013.1@4A	
E1013	E1013.1@4A	E1013.2@5E	
E1013	E1013.2@5E	E1013.3@6E	
E1013	E1013.3@6E	E1013.4@7E	
E1013	E1013.4@7E	END	
E1013	E1013.5@B4	END	
E1020	ENTRY	E1020.2@9C	lflag>=1
E1020	ENTRY	E1020.1@7E	flag[40]>=1 & lflag==0
E1020	ENTRY	E1020.0@46	flag[40]==0 & lflag==0
E1020	E1020.0@46	END	
E1020	E1020.1@7E	END	
E1020	E1020.2@9C	END	
E1021	ENTRY	E1021.0@32	
E1021	E1021.0@32	END	
E1031	ENTRY	E1031.1@C4	lflag>=1
E1031	ENTRY	E1031.0@5A	lflag==0
E1031	E1031.0@5A	END	
E1031	E1031.1@C4	END	
E1040	ENTRY	E1040.2@82	lflag>=1
E1040	ENTRY	E1040.0@3A	lflag==0
E1040	E1040.0@3A	E1040.1@54	
E1040	E1040.1@54	END	
E1040	E1040.2@82	END	
E1041	ENTRY	E1041.4@B0	lflag>=1
E1041	ENTRY	E1041.0@30	lflag==0
E1041	E1041.0@30	E1041.1@40	
E1041	E1041.1@40	E1041.2@64	
E1041	E1041.2@64	E1041.3@74	
E1041	E1041.3@74	END	
E1041	E1041.4@B0	END	
E1050	ENTRY	E1050.0@64	
E1050	E1050.0@64	E1050.1@9A	
E1050	E1050.1@9A	E1050.2@CE	
E1050	E1050.2@CE	END	
E1051	ENTRY	E1051.0@32	
E1051	E1051.0@32	END	
E1052	ENTRY	E1052.0@32	
E1052	E1052.0@32	E1052.1@48	
E1052	E1052.1@48	E1052.2@62	
E1052	E1052.2@62	E1052.3@76	
E1052	E1052.3@76	E1052.4@92	
E1052	E1052.4@92	E1052.5@C8	
E1052	E1052.5@C8	END	
E1053	ENTRY	E1053.0@32	
E1053	E1053.0@32	END	
E1101	ENTRY	E1101.0@9A	
E1101	E1101.0@9A	E1101.1@D0	
E1101	E1101.1@D0	E1101.2@F4	
E1101	E1101.2@F4	E1101.3@12E	
E1101	E1101.3@12E	E1101.4@156	
E1101	E1101.4@156	E1101.5@190	
E1101	E1101.5@190	E1101.6@1F8	
E1101	E1101.6@1F8	E1101.MAP:G02@208	
E1101	E1101.MAP:G02@208	END	
E1102	ENTRY	E1102.0@60	
E1102	E1102.0@60	E1102.1@90	
E1102	E1102.1@90	E1102.2@AC	
E1102	E1102.2@AC	E1102.3@E0	
E1102	E1102.3@E0	E1102.4@11A	
E1102	E1102.4@11A	END	
E1104	ENTRY	E1104.0@66	
E1104	E1104.0@66	E1104.1@96	
E1104	E1104.1@96	E1104.2@B2	
E1104	E1104.2@B2	E1104.3@E4	
E1104	E1104.3@E4	E1104.4@10A	
E1104	E1104.4@10A	E1104.5@14A	
E1104	E1104.5@14A	E1104.6@174	
E1104	E1104.6@174	E1104.7@1AA	
E1104	E1104.7@1AA	E1104.MAP:G17@1D0	
E1104	E1104.MAP:G17@1D0	END	
E1105	ENTRY	E1105.0@9E	
E1105	E1105.0@9E	E1105.1@B2	
E1105	E1105.1@B2	E1105.MAP:H06@11A	
E1105	E1105.MAP:H06@11A	END	
E1112	ENTRY	E1112.2@9E	lflag>=1
E1112	ENTRY	E1112.1@5E	flag[39]>=1 & lflag==0
E1112	ENTRY	E1112.0@40	flag[39]==0 & lflag==0
E1112	E1112.0@40	END	
E1112	E1112.1@5E	END	
E1112	E1112.2@9E	END	
E1120	ENTRY	E1120.3@C2	lflag>=1
E1120	ENTRY	E1120.0@3A	lflag==0
E1120	E1120.0@3A	E1120.1@60	
E1120	E1120.1@60	E1120.2@86	
E1120	E1120.2@86	END	
E1120	E1120.3@C2	END	
E1121	ENTRY	E1121.0@28	
E1121	E1121.0@28	END	
E1130	ENTRY	E1130.3@F4	lflag>=1
E1130	ENTRY	E1130.0@68	lflag==0
E1130	E1130.0@68	E1130.1@86	
E1130	E1130.1@86	E1130.2@9A	
E1130	E1130.2@9A	END	
E1130	E1130.3@F4	END	
E1131	ENTRY	E1131.5@142	lflag>=1
E1131	ENTRY	E1131.0@5A	lflag==0
E1131	E1131.0@5A	E1131.1@78	
E1131	E1131.1@78	E1131.2@9A	
E1131	E1131.2@9A	E1131.3@C6	
E1131	E1131.3@C6	E1131.4@11C	
E1131	E1131.4@11C	END	
E1131	E1131.5@142	END	
E1140	ENTRY	E1140.3@A6	lflag>=1
E1140	ENTRY	E1140.0@3A	lflag==0
E1140	E1140.0@3A	E1140.1@54	
E1140	E1140.1@54	E1140.2@64	
E1140	E1140.2@64	END	
E1140	E1140.3@A6	END	
E1141	ENTRY	E1141.1@6E	lflag>=1
E1141	ENTRY	E1141.0@2A	lflag==0
E1141	E1141.0@2A	END	
E1141	E1141.1@6E	END	
E1150	ENTRY	E1150.0@5E	
E1150	E1150.0@5E	E1150.1@7C	
E1150	E1150.1@7C	END	
E1170	ENTRY	E1170.MAP:G17@4E	
E1170	E1170.MAP:G17@4E	END	
E1171	ENTRY	E1171.0@5A	
E1171	E1171.0@5A	E1171.MAP:I33@7C	
E1171	E1171.MAP:I33@7C	END	
E1172	ENTRY	E1172.0@1A	
E1172	E1172.0@1A	E1172.MAP:G17@32	
E1172	E1172.MAP:G17@32	END	
E1173	ENTRY	END	
E1202	ENTRY	E1202.1@164	map==G09
E1202	ENTRY	E1202.0@90	map!=G09
E1202	E1202.0@90	E1202.MAP:G09@B6	
E1202	E1202.MAP:G09@B6	END	
E1202	E1202.1@164	E1202.2@178	
E1202	E1202.2@178	E1202.MAP:G11@184	
E1202	E1202.MAP:G11@184	END	
E1203	ENTRY	E1203.5@1B6	lflag>=1 & map!=C02 & map!=G10 & map!=G11 | lflag>=1 & map==G11
E1203	ENTRY	E1203.0@8A	lflag==0 & map!=C02 & map!=G10 & map!=G11 | lflag==0 & map==G11
E1203	ENTRY	E1203.9@29E	map==G10
E1203	ENTRY	E1203.3@11E	map==C02
E1203	E1203.0@8A	E1203.1@A4	
E1203	E1203.1@A4	E1203.2@C6	
E1203	E1203.2@C6	E1203.MAP:C02@F0	
E1203	E1203.MAP:C02@F0	END	
E1203	E1203.3@11E	E1203.4@12C	
E1203	E1203.4@12C	E1203.MAP:G11@138	
E1203	E1203.MAP:G11@138	END	
E1203	E1203.5@1B6	E1203.6@1DE	
E1203	E1203.6@1DE	E1203.7@200	
E1203	E1203.7@200	E1203.8@214	
E1203	E1203.8@214	E1203.MAP:G10@234	
E1203	E1203.MAP:G10@234	END	
E1203	E1203.9@29E	E1203.10@2AE	
E1203	E1203.10@2AE	E1203.11@2F8	
E1203	E1203.11@2F8	E1203.MAP:G06@308	
E1203	E1203.MAP:G06@308	END	
E1204	ENTRY	E1204.0@4E	
E1204	E1204.0@4E	END	
E1205	ENTRY	E1205.0@86	map==I22
E1205	ENTRY	E1205.2@DA	lflag>=1 & map!=I22
E1205	ENTRY	E1205.MAP:I22@58	lflag==0 & map!=I22
E1205	E1205.MAP:I22@58	END	
E1205	E1205.0@86	E1205.1@94	
E1205	E1205.1@94	E1205.MAP:C11@A0	
E1205	E1205.MAP:C11@A0	END	
E1205	E1205.2@DA	END	
E1210	ENTRY	E1210.0@2C	
E1210	E1210.0@2C	E1210.1@42	
E1210	E1210.1@42	E1210.2@52	
E1210	E1210.2@52	END	
E1212	ENTRY	E1212.4@11C	lflag>=1
E1212	ENTRY	E1212.3@D6	flag[49]>=1 & lflag==0
E1212	ENTRY	E1212.0@40	flag[49]==0 & lflag==0
E1212	E1212.0@40	E1212.1@80	
E1212	E1212.1@80	E1212.2@94	
E1212	E1212.2@94	END	
E1212	E1212.3@D6	END	
E1212	E1212.4@11C	END	
E1214	ENTRY	E1214.0@40	
E1214	E1214.0@40	E1214.1@6E	
E1214	E1214.1@6E	END	
E1220	ENTRY	E1220.6@CC	lflag>=1
E1220	ENTRY	E1220.0@40	lflag==0
E1220	E1220.0@40	E1220.1@62	
E1220	E1220.1@62	E1220.2@7E	
E1220	E1220.2@7E	E1220.3@8E	
E1220	E1220.3@8E	E1220.4@9E	
E1220	E1220.4@9E	E1220.5@AE	
E1220	E1220.5@AE	END	
E1220	E1220.6@CC	END	
E1230	ENTRY	E1230.1@8A	lflag>=1
E1230	ENTRY	E1230.0@5A	lflag==0
E1230	E1230.0@5A	END	
E1230	E1230.1@8A	END	
E1232	ENTRY	E1232.0@26	
E1232	E1232.0@26	E1232.1@46	
E1232	E1232.1@46	END	
E1240	ENTRY	E1240.2@8A	lflag>=1
E1240	ENTRY	E1240.0@2E	lflag==0
E1240	E1240.0@2E	E1240.1@48	
E1240	E1240.1@48	END	
E1240	E1240.2@8A	END	
E1241	ENTRY	E1241.2@62	lflag>=1
E1241	ENTRY	E1241.0@2A	lflag==0
E1241	E1241.0@2A	E1241.1@3A	
E1241	E1241.1@3A	END	
E1241	E1241.2@62	END	
E1251	ENTRY	E1251.0@32	
E1251	E1251.0@32	E1251.1@60	
E1251	E1251.1@60	END	
E1252	ENTRY	E1252.0@32	
E1252	E1252.0@32	E1252.1@46	
E1252	E1252.1@46	END	
E1253	ENTRY	E1253.0@32	
E1253	E1253.0@32	END	
E1302	ENTRY	E1302.0@60	
E1302	E1302.0@60	E1302.1@90	
E1302	E1302.1@90	E1302.2@AC	
E1302	E1302.2@AC	E1302.3@102	
E1302	E1302.3@102	E1302.4@130	opt0
E1302	E1302.3@102	E1302.4@130	opt1
E1302	E1302.4@130	E1302.5@17A	
E1302	E1302.5@17A	END	
E1304	ENTRY	E1304.0@66	
E1304	E1304.0@66	E1304.1@96	
E1304	E1304.1@96	E1304.2@B2	
E1304	E1304.2@B2	E1304.3@EC	
E1304	E1304.3@EC	E1304.4@128	
E1304	E1304.4@128	E1304.5@142	
E1304	E1304.5@142	E1304.6@16E	
E1304	E1304.6@16E	E1304.7@194	
E1304	E1304.7@194	E1304.8@1BA	
E1304	E1304.8@1BA	E1304.9@1E0	
E1304	E1304.9@1E0	E1304.10@236	
E1304	E1304.10@236	E1304.11@294	
E1304	E1304.11@294	E1304.12@2AE	
E1304	E1304.12@2AE	E1304.13@2E4	
E1304	E1304.13@2E4	END	
E1305	ENTRY	E1305.0@54	map==I03
E1305	ENTRY	E1305.MAP:I03@2E	map!=I03
E1305	E1305.MAP:I03@2E	END	
E1305	E1305.0@54	E1305.MAP:H05@66	
E1305	E1305.MAP:H05@66	END	
E1306	ENTRY	E1306.0@5C	
E1306	E1306.0@5C	E1306.1@B0	
E1306	E1306.1@B0	END	
E1312	ENTRY	E1312.3@A4	lflag>=1
E1312	ENTRY	E1312.0@34	lflag==0
E1312	E1312.0@34	E1312.1@48	
E1312	E1312.1@48	E1312.2@78	opt0
E1312	E1312.1@48	E1312.2@78	opt1
E1312	E1312.2@78	END	
E1312	E1312.3@A4	END	
E1320	ENTRY	E1320.5@C8	lflag>=1
E1320	ENTRY	E1320.0@3A	lflag==0
E1320	E1320.0@3A	E1320.1@5C	
E1320	E1320.1@5C	E1320.2@76	
E1320	E1320.2@76	E1320.3@86	
E1320	E1320.3@86	E1320.4@A0	
E1320	E1320.4@A0	END	
E1320	E1320.5@C8	END	
E1331	ENTRY	E1331.1@C4	lflag>=1
E1331	ENTRY	E1331.0@5A	lflag==0
E1331	E1331.0@5A	END	
E1331	E1331.1@C4	END	
E1340	ENTRY	E1340.2@7C	lflag>=1
E1340	ENTRY	E1340.0@34	lflag==0
E1340	E1340.0@34	E1340.1@4E	
E1340	E1340.1@4E	END	
E1340	E1340.2@7C	END	
E1341	ENTRY	E1341.1@7C	lflag>=1
E1341	ENTRY	E1341.0@30	lflag==0
E1341	E1341.0@30	END	
E1341	E1341.1@7C	END	
E1402	ENTRY	E1402.0@66	
E1402	E1402.0@66	E1402.1@96	
E1402	E1402.1@96	E1402.2@B6	
E1402	E1402.2@B6	E1402.3@EC	
E1402	E1402.3@EC	E1402.4@138	
E1402	E1402.4@138	E1402.5@18C	
E1402	E1402.5@18C	E1402.6@1C6	
E1402	E1402.6@1C6	E1402.7@1F2	
E1402	E1402.7@1F2	END	
E1403	ENTRY	E1403.0@52	
E1403	E1403.0@52	E1403.1@AC	
E1403	E1403.1@AC	E1403.2@E8	
E1403	E1403.2@E8	E1403.3@11A	
E1403	E1403.3@11A	E1403.4@162	
E1403	E1403.4@162	E1403.5@1AE	
E1403	E1403.5@1AE	END	
E1404	ENTRY	E1404.0@42	
E1404	E1404.0@42	E1404.1@78	
E1404	E1404.1@78	E1404.2@E0	
E1404	E1404.2@E0	E1404.3@F0	
E1404	E1404.3@F0	E1404.4@180	
E1404	E1404.4@180	E1404.5@1BE	
E1404	E1404.5@1BE	E1404.6@1F8	
E1404	E1404.6@1F8	E1404.7@244	
E1404	E1404.7@244	E1404.8@270	
E1404	E1404.8@270	E1404.9@2BC	
E1404	E1404.9@2BC	E1404.10@312	
E1404	E1404.10@312	E1404.11@34C	
E1404	E1404.11@34C	E1404.12@366	
E1404	E1404.12@366	E1404.13@3A6	
E1404	E1404.13@3A6	E1404.14@3DC	
E1404	E1404.14@3DC	E1404.15@41E	
E1404	E1404.15@41E	E1404.16@42E	
E1404	E1404.16@42E	END	
E1405	ENTRY	E1405.0@6A	
E1405	E1405.0@6A	E1405.1@B2	
E1405	E1405.1@B2	E1405.2@BE	
E1405	E1405.2@BE	E1405.3@D4	
E1405	E1405.3@D4	E1405.4@EE	
E1405	E1405.4@EE	E1405.5@FE	
E1405	E1405.5@FE	E1405.6@120	
E1405	E1405.6@120	E1405.7@13C	
E1405	E1405.7@13C	E1405.8@170	
E1405	E1405.8@170	END	
E1406	ENTRY	E1406.6@1CA	lflag>=1
E1406	ENTRY	E1406.0@54	lflag==0
E1406	E1406.0@54	E1406.1@74	
E1406	E1406.1@74	E1406.2@DC	
E1406	E1406.2@DC	E1406.3@EC	
E1406	E1406.3@EC	E1406.4@108	
E1406	E1406.4@108	E1406.5@12E	
E1406	E1406.5@12E	E1406.MOVIE25:C18@170	
E1406	E1406.MOVIE25:C18@170	END	
E1406	E1406.6@1CA	E1406.7@20E	
E1406	E1406.7@20E	E1406.8@25C	
E1406	E1406.8@25C	E1406.9@26C	
E1406	E1406.9@26C	E1406.10@288	
E1406	E1406.10@288	E1406.11@2BC	
E1406	E1406.11@2BC	E1406.12@2D2	
E1406	E1406.12@2D2	E1406.13@2F6	
E1406	E1406.13@2F6	E1406.14@352	
E1406	E1406.14@352	E1406.MAP:G02@396	
E1406	E1406.MAP:G02@396	END	
E1412	ENTRY	E1412.1@62	lflag>=1
E1412	ENTRY	E1412.0@34	lflag==0
E1412	E1412.0@34	END	
E1412	E1412.1@62	END	
E1420	ENTRY	E1420.2@E8	map==H08
E1420	ENTRY	E1420.5@208	lflag>=2 & map!=H08
E1420	ENTRY	E1420.3@158	lflag==1 & map!=H08
E1420	ENTRY	E1420.0@5E	lflag==0 & map!=H08
E1420	E1420.0@5E	E1420.1@8A	
E1420	E1420.1@8A	E1420.MAP:H08@B0	
E1420	E1420.MAP:H08@B0	END	
E1420	E1420.2@E8	E1420.MAP:H06@130	
E1420	E1420.MAP:H06@130	END	
E1420	E1420.3@158	E1420.4@168	
E1420	E1420.4@168	END	
E1420	E1420.5@208	END	
E1430	ENTRY	E1430.3@F0	lflag>=1
E1430	ENTRY	E1430.0@5A	lflag==0
E1430	E1430.0@5A	E1430.1@74	
E1430	E1430.1@74	E1430.2@9A	
E1430	E1430.2@9A	END	
E1430	E1430.3@F0	END	
E1431	ENTRY	E1431.5@16E	flag[60]>=1 & lflag>=1
E1431	ENTRY	E1431.2@11A	flag[60]>=1 & lflag==0
E1431	ENTRY	E1431.1@A0	flag[60]==0 & lflag>=1
E1431	ENTRY	E1431.0@62	flag[60]==0 & lflag==0
E1431	E1431.0@62	END	
E1431	E1431.1@A0	END	
E1431	E1431.2@11A	E1431.3@12E	
E1431	E1431.3@12E	E1431.4@14C	
E1431	E1431.4@14C	END	
E1431	E1431.5@16E	END	
E1440	ENTRY	E1440.3@E6	lflag>=1
E1440	ENTRY	E1440.0@34	lflag==0
E1440	E1440.0@34	E1440.1@4E	
E1440	E1440.1@4E	E1440.2@5E	
E1440	E1440.2@5E	END	
E1440	E1440.3@E6	END	
E1441	ENTRY	E1441.8@1B8	flag[55]>=1 & flag[60]>=1 & lflag>=1
E1441	ENTRY	E1441.6@172	flag[55]>=1 & flag[60]>=1 & lflag==0
E1441	ENTRY	E1441.5@13C	flag[55]>=1 & flag[60]==0 & lflag>=1
E1441	ENTRY	E1441.4@EE	flag[55]>=1 & flag[60]==0 & lflag==0
E1441	ENTRY	E1441.3@8A	flag[55]==0 & lflag>=1
E1441	ENTRY	E1441.0@38	flag[55]==0 & lflag==0
E1441	E1441.0@38	E1441.1@52	
E1441	E1441.1@52	E1441.2@62	
E1441	E1441.2@62	END	
E1441	E1441.3@8A	END	
E1441	E1441.4@EE	END	
E1441	E1441.5@13C	END	
E1441	E1441.6@172	E1441.7@18C	
E1441	E1441.7@18C	END	
E1441	E1441.8@1B8	END	
E1451	ENTRY	E1451.0@4E	
E1451	E1451.0@4E	E1451.1@8E	
E1451	E1451.1@8E	END	
E1452	ENTRY	E1452.0@32	
E1452	E1452.0@32	E1452.1@42	
E1452	E1452.1@42	E1452.2@52	
E1452	E1452.2@52	E1452.3@7C	
E1452	E1452.3@7C	END	
E1453	ENTRY	E1453.0@32	
E1453	E1453.0@32	E1453.1@68	
E1453	E1453.1@68	E1453.2@7E	
E1453	E1453.2@7E	END	
E1501	ENTRY	E1501.0@A2	
E1501	E1501.0@A2	E1501.1@EE	
E1501	E1501.1@EE	E1501.2@FE	
E1501	E1501.2@FE	E1501.3@118	
E1501	E1501.3@118	E1501.4@134	
E1501	E1501.4@134	E1501.5@1A8	
E1501	E1501.5@1A8	E1501.MAP:G02@1B8	
E1501	E1501.MAP:G02@1B8	END	
E1502	ENTRY	E1502.7@1C0	map==G08
E1502	ENTRY	E1502.1@72	map!=G08
E1502	E1502.1@72	E1502.2@A2	
E1502	E1502.2@A2	E1502.3@C2	
E1502	E1502.3@C2	E1502.4@E8	
E1502	E1502.4@E8	E1502.P15@F2	
E1502	E1502.P15@F2	E1502.5@F8	
E1502	E1502.5@F8	E1502.6@108	
E1502	E1502.6@108	E1502.MAP:G08@146	
E1502	E1502.MAP:G08@146	END	
E1502	E1502.7@1C0	END	
E1503	ENTRY	E1503.0@9C	
E1503	E1503.0@9C	E1503.2@11E	R'>=1
E1503	E1503.0@9C	E1503.1@FC	R'==0
E1503	E1503.1@FC	E1503.4@166	
E1503	E1503.2@11E	E1503.3@148	
E1503	E1503.3@148	E1503.4@166	
E1503	E1503.4@166	E1503.5@1A2	
E1503	E1503.5@1A2	E1503.6@1BE	opt0
E1503	E1503.5@1A2	E1503.7@1F8	opt1
E1503	E1503.5@1A2	E1503.8@236	opt2
E1503	E1503.6@1BE	E1503.9@27E	
E1503	E1503.7@1F8	E1503.9@27E	
E1503	E1503.8@236	E1503.9@27E	
E1503	E1503.9@27E	E1503.10@2F2	
E1503	E1503.10@2F2	E1503.MOVIE20:G02@316	
E1503	E1503.MOVIE20:G02@316	END	
E1504	ENTRY	E1504.0@78	
E1504	E1504.0@78	E1504.1@A8	
E1504	E1504.1@A8	E1504.2@C8	
E1504	E1504.2@C8	E1504.3@EE	
E1504	E1504.3@EE	E1504.4@122	
E1504	E1504.4@122	E1504.5@14E	
E1504	E1504.5@14E	E1504.6@18E	
E1504	E1504.6@18E	E1504.7@1BE	
E1504	E1504.7@1BE	E1504.8@1EA	
E1504	E1504.8@1EA	E1504.9@242	
E1504	E1504.9@242	E1504.10@26E	
E1504	E1504.10@26E	E1504.11@290	
E1504	E1504.11@290	E1504.12@2AA	
E1504	E1504.12@2AA	E1504.13@2D6	
E1504	E1504.13@2D6	E1504.14@336	
E1504	E1504.14@336	E1504.15@368	
E1504	E1504.15@368	E1504.16@3C4	
E1504	E1504.16@3C4	END	
E1505	ENTRY	E1505.0@14	
E1505	E1505.0@14	END	
E1506	ENTRY	E1506.0@36	
E1506	E1506.0@36	END	
E1513	ENTRY	E1513.1@52	lflag>=1
E1513	ENTRY	E1513.0@34	lflag==0
E1513	E1513.0@34	END	
E1513	E1513.1@52	END	
E1522	ENTRY	E1522.0@28	
E1522	E1522.0@28	END	
E1531	ENTRY	E1531.1@B6	lflag>=1
E1531	ENTRY	E1531.0@5A	lflag==0
E1531	E1531.0@5A	END	
E1531	E1531.1@B6	END	
E1541	ENTRY	E1541.3@72	lflag>=1
E1541	ENTRY	E1541.0@2A	lflag==0
E1541	E1541.0@2A	E1541.1@3A	
E1541	E1541.1@3A	E1541.2@4A	
E1541	E1541.2@4A	END	
E1541	E1541.3@72	END	
E1602	ENTRY	E1602.0@60	
E1602	E1602.0@60	E1602.1@90	
E1602	E1602.1@90	E1602.2@AC	
E1602	E1602.2@AC	E1602.3@E6	
E1602	E1602.3@E6	E1602.4@116	
E1602	E1602.4@116	END	
E1604	ENTRY	E1604.0@6C	
E1604	E1604.0@6C	E1604.1@9C	
E1604	E1604.1@9C	E1604.2@B8	
E1604	E1604.2@B8	E1604.3@F6	
E1604	E1604.3@F6	END	
E1605	ENTRY	E1605.0@38	day'<16 | day'>=17
E1605	ENTRY	E1605.2@62	day'==16 & lflag>=1
E1605	ENTRY	E1605.1@54	day'==16 & lflag==0
E1605	E1605.0@38	END	
E1605	E1605.1@54	END	
E1605	E1605.2@62	END	
E1606	ENTRY	E1606.0@4E	
E1606	E1606.0@4E	E1606.1@A8	
E1606	E1606.1@A8	E1606.2@CA	
E1606	E1606.2@CA	E1606.3@EE	
E1606	E1606.3@EE	END	
E1607	ENTRY	E1607.MAP:H08@9A	map==H06
E1607	ENTRY	E1607.MAP:H06@28	map!=H06
E1607	E1607.MAP:H06@28	END	
E1607	E1607.MAP:H08@9A	END	
E1610	ENTRY	E1610.0@2C	
E1610	E1610.0@2C	E1610.1@40	
E1610	E1610.1@40	E1610.2@6C	opt0
E1610	E1610.1@40	E1610.3@A8	opt1
E1610	E1610.2@6C	END	
E1610	E1610.3@A8	END	
E1612	ENTRY	E1612.6@112	lflag>=1
E1612	ENTRY	E1612.0@26	lflag==0
E1612	E1612.0@26	E1612.1@3E	
E1612	E1612.1@3E	E1612.2@4E	
E1612	E1612.2@4E	E1612.3@6C	
E1612	E1612.3@6C	E1612.4@A4	
E1612	E1612.4@A4	E1612.5@B4	
E1612	E1612.5@B4	END	
E1612	E1612.6@112	END	
E1623	ENTRY	E1623.1@6C	lflag>=1
E1623	ENTRY	E1623.0@3A	lflag==0
E1623	E1623.0@3A	END	
E1623	E1623.1@6C	END	
E1630	ENTRY	E1630.4@CC	lflag>=1
E1630	ENTRY	E1630.0@5A	lflag==0
E1630	E1630.0@5A	E1630.1@82	
E1630	E1630.1@82	E1630.2@96	
E1630	E1630.2@96	E1630.3@AA	
E1630	E1630.3@AA	END	
E1630	E1630.4@CC	E1630.5@E0	
E1630	E1630.5@E0	END	
E1632	ENTRY	E1632.8@1B4	map==H06
E1632	ENTRY	E1632.15@366	lflag>=2 & map!=H06
E1632	ENTRY	END	lflag==1 & map!=H06
E1632	ENTRY	E1632.0@B6	lflag==0 & map!=H06
E1632	E1632.0@B6	E1632.1@C6	
E1632	E1632.1@C6	E1632.2@EA	
E1632	E1632.2@EA	E1632.3@FA	
E1632	E1632.3@FA	E1632.4@114	
E1632	E1632.4@114	E1632.5@124	
E1632	E1632.5@124	E1632.6@148	
E1632	E1632.6@148	E1632.7@158	
E1632	E1632.7@158	E1632.MAP:H06@174	
E1632	E1632.MAP:H06@174	END	
E1632	E1632.8@1B4	E1632.9@1C8	
E1632	E1632.9@1C8	E1632.10@1F0	
E1632	E1632.10@1F0	E1632.11@200	
E1632	E1632.11@200	E1632.12@210	
E1632	E1632.12@210	E1632.13@234	
E1632	E1632.13@234	E1632.14@244	
E1632	E1632.14@244	E1632.MAP:G17@250	
E1632	E1632.MAP:G17@250	END	
E1632	E1632.15@366	END	
E1641	ENTRY	E1641.1@4E	lflag>=1
E1641	ENTRY	E1641.0@30	lflag==0
E1641	E1641.0@30	END	
E1641	E1641.1@4E	END	
E1642	ENTRY	E1642.2@88	lflag>=1
E1642	ENTRY	E1642.1@6A	flag[63]>=1 & lflag==0
E1642	ENTRY	E1642.0@46	flag[63]==0 & lflag==0
E1642	E1642.0@46	END	
E1642	E1642.1@6A	END	
E1642	E1642.2@88	END	
E1650	ENTRY	E1650.0@AE	
E1650	E1650.0@AE	E1650.1@130	
E1650	E1650.1@130	E1650.2@174	
E1650	E1650.2@174	E1650.3@1A2	
E1650	E1650.3@1A2	E1650.4@238	
E1650	E1650.4@238	END	
E1651	ENTRY	E1651.0@32	
E1651	E1651.0@32	END	
E1652	ENTRY	E1652.0@32	
E1652	E1652.0@32	END	
E1653	ENTRY	E1653.0@32	
E1653	E1653.0@32	END	
E1701	ENTRY	E1701.0@9C	
E1701	E1701.0@9C	E1701.1@CC	
E1701	E1701.1@CC	E1701.2@F2	
E1701	E1701.2@F2	E1701.3@116	
E1701	E1701.3@116	E1701.4@136	
E1701	E1701.4@136	E1701.5@166	
E1701	E1701.5@166	E1701.6@180	
E1701	E1701.6@180	E1701.7@190	
E1701	E1701.7@190	E1701.8@206	
E1701	E1701.8@206	E1701.9@23A	
E1701	E1701.9@23A	E1701.10@28A	
E1701	E1701.10@28A	E1701.11@2FE	
E1701	E1701.11@2FE	E1701.MAP:G02@30E	
E1701	E1701.MAP:G02@30E	END	
E1705	ENTRY	E1705.4@9A	lflag>=1
E1705	ENTRY	E1705.0@42	lflag==0
E1705	E1705.0@42	E1705.1@52	
E1705	E1705.1@52	E1705.2@62	
E1705	E1705.2@62	E1705.3@72	
E1705	E1705.3@72	END	
E1705	E1705.4@9A	END	
E1706	ENTRY	E1706.2@B4	flag[104]>=1 & lflag>=1
E1706	ENTRY	E1706.0@66	flag[104]==0 & lflag>=1
E1706	ENTRY	E1706.MOVIE13:D06>E1706@2C	lflag==0
E1706	E1706.MOVIE13:D06>E1706@2C	END	
E1706	E1706.0@66	E1706.1@76	
E1706	E1706.1@76	END	
E1706	E1706.2@B4	E1706.3@C8	
E1706	E1706.3@C8	E1706.4@D2	
E1706	E1706.4@D2	END	
E1707	ENTRY	E1707.0@18	
E1707	E1707.0@18	END	
E1710	ENTRY	E1710.1@5C	flag[67]>=1
E1710	ENTRY	E1710.0@34	flag[67]==0
E1710	E1710.0@34	END	
E1710	E1710.1@5C	E1710.2@6C	
E1710	E1710.2@6C	E1710.3@86	
E1710	E1710.3@86	E1710.4@A0	
E1710	E1710.4@A0	END	
E1712	ENTRY	E1712.1@58	lflag>=1
E1712	ENTRY	E1712.0@30	lflag==0
E1712	E1712.0@30	END	
E1712	E1712.1@58	END	
E1720	ENTRY	E1720.5@E6	lflag>=1
E1720	ENTRY	E1720.0@34	lflag==0
E1720	E1720.0@34	E1720.1@44	
E1720	E1720.1@44	E1720.2@5E	
E1720	E1720.2@5E	E1720.3@7C	
E1720	E1720.3@7C	E1720.4@B6	
E1720	E1720.4@B6	END	
E1720	E1720.5@E6	END	
E1730	ENTRY	E1730.3@9C	lflag>=1
E1730	ENTRY	E1730.0@5A	lflag==0
E1730	E1730.0@5A	E1730.1@74	
E1730	E1730.1@74	E1730.2@84	
E1730	E1730.2@84	END	
E1730	E1730.3@9C	END	
E1740	ENTRY	E1740.2@68	lflag>=1
E1740	ENTRY	E1740.0@34	lflag==0
E1740	E1740.0@34	E1740.1@4A	
E1740	E1740.1@4A	END	
E1740	E1740.2@68	END	
E1750	ENTRY	E1750.0@C6	
E1750	E1750.0@C6	END	
E1751	ENTRY	E1751.0@32	
E1751	E1751.0@32	END	
E1754	ENTRY	E1754.5@30A	map==A07
E1754	ENTRY	E1754.11@478	map==E02
E1754	ENTRY	E1754.0@A0	map!=A07 & map!=E02
E1754	E1754.0@A0	E1754.1@DE	
E1754	E1754.1@DE	E1754.2@12C	
E1754	E1754.2@12C	E1754.3@17A	
E1754	E1754.3@17A	E1754.4@1A8	
E1754	E1754.4@1A8	E1754.MAP:A07@1C2	
E1754	E1754.MAP:A07@1C2	END	
E1754	E1754.5@30A	E1754.6@338	
E1754	E1754.6@338	E1754.7@356	
E1754	E1754.7@356	E1754.8@37C	
E1754	E1754.8@37C	E1754.9@39A	
E1754	E1754.9@39A	E1754.10@3AA	
E1754	E1754.10@3AA	E1754.MAP:E02@3C0	
E1754	E1754.MAP:E02@3C0	END	
E1754	E1754.11@478	END	
E1760	ENTRY	END	
E1761	ENTRY	E1761.0@86	
E1761	E1761.0@86	E1761.1@CA	
E1761	E1761.1@CA	END	
E1762	ENTRY	E1762.0@18	
E1762	E1762.0@18	END	
E1763	ENTRY	E1763.0@18	
E1763	E1763.0@18	END	
E1802	ENTRY	E1802.0@60	
E1802	E1802.0@60	E1802.1@90	
E1802	E1802.1@90	E1802.2@A6	
E1802	E1802.2@A6	E1802.3@D8	
E1802	E1802.3@D8	E1802.4@F2	
E1802	E1802.4@F2	E1802.5@160	
E1802	E1802.5@160	E1802.6@19E	
E1802	E1802.6@19E	END	
E1803	ENTRY	E1803.0@A0	
E1803	E1803.0@A0	E1803.1@D4	
E1803	E1803.1@D4	E1803.2@F0	
E1803	E1803.2@F0	E1803.3@114	
E1803	E1803.3@114	E1803.4@182	
E1803	E1803.4@182	E1803.MOVIE20:G02@1C2	
E1803	E1803.MOVIE20:G02@1C2	END	
E1804	ENTRY	E1804.0@5E	
E1804	E1804.0@5E	E1804.1@88	
E1804	E1804.1@88	END	
E1805	ENTRY	E1805.1@DE	lflag>=1
E1805	ENTRY	E1805.0@6A	lflag==0 & map==I03
E1805	ENTRY	E1805.MAP:I03@3A	lflag==0 & map!=I03
E1805	E1805.MAP:I03@3A	END	
E1805	E1805.0@6A	E1805.MAP:H05>E1805@7C	
E1805	E1805.MAP:H05>E1805@7C	END	
E1805	E1805.1@DE	END	
E1812	ENTRY	E1812.1@56	lflag>=1
E1812	ENTRY	E1812.0@2A	lflag==0
E1812	E1812.0@2A	END	
E1812	E1812.1@56	END	
E1820	ENTRY	E1820.11@1E6	flag[86]>=1 & lflag>=1
E1820	ENTRY	E1820.4@112	flag[86]>=1 & lflag==0
E1820	ENTRY	E1820.3@C8	flag[86]==0 & lflag>=1
E1820	ENTRY	E1820.0@42	flag[86]==0 & lflag==0
E1820	E1820.0@42	E1820.1@52	
E1820	E1820.1@52	E1820.2@78	
E1820	E1820.2@78	END	
E1820	E1820.3@C8	END	
E1820	E1820.4@112	E1820.5@122	
E1820	E1820.5@122	E1820.6@13C	
E1820	E1820.6@13C	E1820.7@14C	
E1820	E1820.7@14C	E1820.8@15C	
E1820	E1820.8@15C	E1820.9@178	
E1820	E1820.9@178	E1820.10@19A	
E1820	E1820.10@19A	END	
E1820	E1820.11@1E6	END	
E1821	ENTRY	E1821.11@22E	flag[86]>=1 & lflag>=1
E1821	ENTRY	E1821.4@114	flag[86]>=1 & lflag==0
E1821	ENTRY	E1821.3@BA	flag[86]==0 & lflag>=1
E1821	ENTRY	E1821.0@32	flag[86]==0 & lflag==0
E1821	E1821.0@32	E1821.1@42	
E1821	E1821.1@42	E1821.2@6A	
E1821	E1821.2@6A	END	
E1821	E1821.3@BA	END	
E1821	E1821.4@114	E1821.5@12E	
E1821	E1821.5@12E	E1821.6@168	
E1821	E1821.6@168	E1821.7@178	
E1821	E1821.7@178	E1821.8@192	
E1821	E1821.8@192	E1821.9@1B4	
E1821	E1821.9@1B4	E1821.10@1DA	
E1821	E1821.10@1DA	END	
E1821	E1821.11@22E	END	
E1830	ENTRY	E1830.6@A6	lflag>=1
E1830	ENTRY	E1830.0@2C	lflag==0
E1830	E1830.0@2C	E1830.1@36	
E1830	E1830.1@36	E1830.2@48	
E1830	E1830.2@48	E1830.3@52	
E1830	E1830.3@52	E1830.4@62	
E1830	E1830.4@62	E1830.5@70	
E1830	E1830.5@70	END	
E1830	E1830.6@A6	END	
E1831	ENTRY	E1831.1@6A	lflag>=1
E1831	ENTRY	E1831.0@26	lflag==0
E1831	E1831.0@26	END	
E1831	E1831.1@6A	END	
E1840	ENTRY	E1840.3@B8	lflag>=1
E1840	ENTRY	E1840.0@34	lflag==0
E1840	E1840.0@34	E1840.1@44	
E1840	E1840.1@44	E1840.2@54	
E1840	E1840.2@54	END	
E1840	E1840.3@B8	END	
E1841	ENTRY	E1841.2@66	lflag>=1
E1841	ENTRY	E1841.0@2A	lflag==0
E1841	E1841.0@2A	E1841.1@48	
E1841	E1841.1@48	END	
E1841	E1841.2@66	END	
E1850	ENTRY	E1850.0@64	
E1850	E1850.0@64	E1850.1@74	
E1850	E1850.1@74	END	
E1861	ENTRY	E1861.34@54E	lflag>=1
E1861	ENTRY	E1861.0@3A	lflag==0
E1861	E1861.0@3A	E1861.1@6A	
E1861	E1861.1@6A	E1861.2@7A	
E1861	E1861.2@7A	E1861.3@C8	
E1861	E1861.3@C8	E1861.4@D8	
E1861	E1861.4@D8	E1861.5@10A	
E1861	E1861.5@10A	E1861.6@11E	
E1861	E1861.6@11E	E1861.7@154	
E1861	E1861.7@154	E1861.8@164	
E1861	E1861.8@164	E1861.9@178	
E1861	E1861.9@178	E1861.10@192	
E1861	E1861.10@192	E1861.11@1A2	
E1861	E1861.11@1A2	E1861.12@1BC	
E1861	E1861.12@1BC	E1861.13@1E0	
E1861	E1861.13@1E0	E1861.14@21A	
E1861	E1861.14@21A	E1861.15@280	
E1861	E1861.15@280	E1861.16@2A2	
E1861	E1861.16@2A2	E1861.17@2B2	
E1861	E1861.17@2B2	E1861.18@2C2	
E1861	E1861.18@2C2	E1861.19@2DC	
E1861	E1861.19@2DC	E1861.20@310	
E1861	E1861.20@310	E1861.21@320	
E1861	E1861.21@320	E1861.22@330	
E1861	E1861.22@330	E1861.23@340	
E1861	E1861.23@340	E1861.24@350	
E1861	E1861.24@350	E1861.25@37C	
E1861	E1861.25@37C	E1861.26@3A6	
E1861	E1861.26@3A6	E1861.27@3C0	
E1861	E1861.27@3C0	E1861.28@3DA	
E1861	E1861.28@3DA	E1861.29@414	
E1861	E1861.29@414	E1861.30@472	
E1861	E1861.30@472	E1861.31@498	
E1861	E1861.31@498	E1861.32@4A2	
E1861	E1861.32@4A2	E1861.33@4E4	
E1861	E1861.33@4E4	END	
E1861	E1861.34@54E	END	
E1901	ENTRY	E1901.0@92	
E1901	E1901.0@92	E1901.1@A6	
E1901	E1901.1@A6	E1901.2@B6	
E1901	E1901.2@B6	E1901.3@F4	
E1901	E1901.3@F4	E1901.4@146	
E1901	E1901.4@146	E1901.5@1A8	
E1901	E1901.5@1A8	E1901.MAP:G02@1B8	
E1901	E1901.MAP:G02@1B8	END	
E1902	ENTRY	E1902.0@52	
E1902	E1902.0@52	E1902.1@7C	
E1902	E1902.1@7C	END	
E1903	ENTRY	E1903.0@B0	
E1903	E1903.0@B0	E1903.1@F0	
E1903	E1903.1@F0	E1903.2@110	
E1903	E1903.2@110	E1903.3@17E	
E1903	E1903.3@17E	E1903.MOVIE20:G02@1C8	
E1903	E1903.MOVIE20:G02@1C8	END	
E1904	ENTRY	E1904.0@66	
E1904	E1904.0@66	E1904.1@90	
E1904	E1904.1@90	E1904.2@C4	
E1904	E1904.2@C4	E1904.3@FE	
E1904	E1904.3@FE	E1904.4@13A	
E1904	E1904.4@13A	E1904.5@14A	
E1904	E1904.5@14A	E1904.6@19E	
E1904	E1904.6@19E	E1904.7@1CA	
E1904	E1904.7@1CA	E1904.8@1E4	
E1904	E1904.8@1E4	E1904.9@20A	
E1904	E1904.9@20A	E1904.10@236	
E1904	E1904.10@236	E1904.11@262	
E1904	E1904.11@262	END	
E1905	ENTRY	E1905.0@5C	
E1905	E1905.0@5C	E1905.1@FC	
E1905	E1905.1@FC	END	
E1907	ENTRY	E1907.0@AE	
E1907	E1907.0@AE	END	
E1908	ENTRY	E1908.0@1C	
E1908	E1908.0@1C	E1908.1@56	
E1908	E1908.1@56	END	
E1909	ENTRY	E1909.0@6	
E1909	E1909.0@6	END	
E1910	ENTRY	E1910.0@2C	
E1910	E1910.0@2C	E1910.1@3C	
E1910	E1910.1@3C	E1910.2@52	
E1910	E1910.2@52	E1910.3@6C	
E1910	E1910.3@6C	END	
E1912	ENTRY	E1912.5@8C	lflag>=1
E1912	ENTRY	E1912.0@2A	lflag==0
E1912	E1912.0@2A	E1912.1@3E	
E1912	E1912.1@3E	E1912.2@4E	
E1912	E1912.2@4E	E1912.3@5E	
E1912	E1912.3@5E	E1912.4@6E	
E1912	E1912.4@6E	END	
E1912	E1912.5@8C	END	
E1920	ENTRY	E1920.5@C8	lflag>=1
E1920	ENTRY	E1920.0@34	lflag==0
E1920	E1920.0@34	E1920.1@44	
E1920	E1920.1@44	E1920.2@6A	
E1920	E1920.2@6A	E1920.3@7A	
E1920	E1920.3@7A	E1920.4@90	
E1920	E1920.4@90	END	
E1920	E1920.5@C8	END	
E1921	ENTRY	E1921.0@32	
E1921	E1921.0@32	END	
E1930	ENTRY	E1930.7@108	lflag>=1
E1930	ENTRY	E1930.0@26	lflag==0
E1930	E1930.0@26	E1930.1@3C	
E1930	E1930.1@3C	E1930.2@62	
E1930	E1930.2@62	E1930.3@7A	
E1930	E1930.3@7A	E1930.4@A2	
E1930	E1930.4@A2	E1930.5@B8	
E1930	E1930.5@B8	E1930.6@CE	
E1930	E1930.6@CE	END	
E1930	E1930.7@108	END	
E1931	ENTRY	E1931.1@B6	lflag>=1
E1931	ENTRY	E1931.0@5A	lflag==0
E1931	E1931.0@5A	END	
E1931	E1931.1@B6	END	
E1940	ENTRY	E1940.6@14E	lflag>=1
E1940	ENTRY	E1940.0@2E	lflag==0
E1940	E1940.0@2E	E1940.1@48	
E1940	E1940.1@48	E1940.2@62	
E1940	E1940.2@62	E1940.3@9C	
E1940	E1940.3@9C	E1940.4@DE	
E1940	E1940.4@DE	E1940.5@EE	
E1940	E1940.5@EE	END	
E1940	E1940.6@14E	E1940.7@16C	
E1940	E1940.7@16C	END	
E1941	ENTRY	E1941.2@8C	lflag>=1
E1941	ENTRY	E1941.0@30	lflag==0
E1941	E1941.0@30	E1941.1@40	
E1941	E1941.1@40	END	
E1941	E1941.2@8C	END	
E1951	ENTRY	E1951.0@32	
E1951	E1951.0@32	END	
E1952	ENTRY	E1952.0@32	
E1952	E1952.0@32	END	
E1953	ENTRY	E1953.0@32	
E1953	E1953.0@32	END	
E1960	ENTRY	E1960.9@252	flag[100]>=1 & lflag>=2
E1960	ENTRY	E1960.5@19E	flag[100]>=1 & lflag<2
E1960	ENTRY	E1960.3@106	flag[100]==0 & lflag>=1
E1960	ENTRY	E1960.0@5E	flag[100]==0 & lflag==0
E1960	E1960.0@5E	E1960.1@6E	
E1960	E1960.1@6E	E1960.2@C0	
E1960	E1960.2@C0	END	
E1960	E1960.3@106	E1960.4@13E	
E1960	E1960.4@13E	END	
E1960	E1960.5@19E	E1960.6@1B8	
E1960	E1960.6@1B8	E1960.7@1F6	
E1960	E1960.7@1F6	E1960.8@22A	
E1960	E1960.8@22A	END	
E1960	E1960.9@252	E1960.10@262	
E1960	E1960.10@262	E1960.11@272	
E1960	E1960.11@272	END	
E1961	ENTRY	E1961.MAP:D07@96	flag[100]>=1 & map==I25
E1961	ENTRY	E1961.0@64	flag[100]==0 & map==I25
E1961	ENTRY	E1961.MAP:I25@2E	map!=I25
E1961	E1961.MAP:I25@2E	END	
E1961	E1961.0@64	E1961.MAP:D07@7A	
E1961	E1961.MAP:D07@7A	END	
E1961	E1961.MAP:D07@96	END	
E1962	ENTRY	E1962.4@FE	lflag>=1
E1962	ENTRY	E1962.0@4A	lflag==0
E1962	E1962.0@4A	E1962.1@64	
E1962	E1962.1@64	E1962.2@A2	
E1962	E1962.2@A2	E1962.3@D6	
E1962	E1962.3@D6	END	
E1962	E1962.4@FE	E1962.5@10E	
E1962	E1962.5@10E	E1962.6@11E	
E1962	E1962.6@11E	END	
E1970	ENTRY	E1970.4@182	flag[172]>=4
E1970	ENTRY	E1970.3@12C	flag[172]==3
E1970	ENTRY	E1970.2@EA	flag[172]==2
E1970	ENTRY	E1970.1@B2	flag[172]==1
E1970	ENTRY	E1970.0@70	flag[172]==0
E1970	E1970.0@70	END	
E1970	E1970.1@B2	END	
E1970	E1970.2@EA	END	
E1970	E1970.3@12C	END	
E1970	E1970.4@182	END	
E2002	ENTRY	E2002.0@22	
E2002	E2002.0@22	E2002.MAP:G01@8C	
E2002	E2002.MAP:G01@8C	END	
E2003	ENTRY	E2003.0@A2	
E2003	E2003.0@A2	E2003.1@D8	
E2003	E2003.1@D8	E2003.2@108	
E2003	E2003.2@108	E2003.3@13A	
E2003	E2003.3@13A	E2003.4@166	
E2003	E2003.4@166	E2003.5@1A8	
E2003	E2003.5@1A8	E2003.6@216	
E2003	E2003.6@216	E2003.MOVIE20:G02@23A	
E2003	E2003.MOVIE20:G02@23A	END	
E2004	ENTRY	E2004.0@74	
E2004	E2004.0@74	E2004.1@A4	
E2004	E2004.1@A4	E2004.2@BA	
E2004	E2004.2@BA	E2004.3@112	
E2004	E2004.3@112	E2004.4@126	
E2004	E2004.4@126	E2004.5@140	
E2004	E2004.5@140	E2004.12@2B4	flag[76]>=1
E2004	E2004.5@140	E2004.6@158	flag[76]==0
E2004	E2004.6@158	E2004.7@172	
E2004	E2004.7@172	E2004.8@1A4	
E2004	E2004.8@1A4	E2004.9@1C6	
E2004	E2004.9@1C6	E2004.10@24E	
E2004	E2004.10@24E	E2004.11@27A	
E2004	E2004.11@27A	END	
E2004	E2004.12@2B4	E2004.13@324	
E2004	E2004.13@324	E2004.14@352	
E2004	E2004.14@352	END	
E2005	ENTRY	E2005.0@88	
E2005	E2005.0@88	E2005.1@C0	
E2005	E2005.1@C0	E2005.2@F4	
E2005	E2005.2@F4	END	
E2006	ENTRY	E2006.12@364	lflag>=2 & map==G06
E2006	ENTRY	E2006.11@334	lflag==1 & map==G06
E2006	ENTRY	E2006.8@2E2	lflag==0 & map==G06
E2006	ENTRY	END	lflag>=4 & map!=G06
E2006	ENTRY	E2006.6@234	lflag==3 & map!=G06
E2006	ENTRY	E2006.5@1F6	lflag==2 & map!=G06
E2006	ENTRY	E2006.2@F6	lflag==1 & map!=G06
E2006	ENTRY	E2006.0@74	lflag==0 & map!=G06
E2006	E2006.0@74	E2006.1@98	
E2006	E2006.1@98	E2006.MAP:G06@CC	
E2006	E2006.MAP:G06@CC	END	
E2006	E2006.2@F6	E2006.3@14A	
E2006	E2006.3@14A	E2006.4@16E	
E2006	E2006.4@16E	E2006.MAP:G06@1C2	
E2006	E2006.MAP:G06@1C2	END	
E2006	E2006.5@1F6	E2006.MAP:G06@206	
E2006	E2006.MAP:G06@206	END	
E2006	E2006.6@234	E2006.7@244	
E2006	E2006.7@244	E2006.MAP:G01@27E	
E2006	E2006.MAP:G01@27E	END	
E2006	E2006.8@2E2	E2006.9@2F2	
E2006	E2006.9@2F2	E2006.10@2FE	
E2006	E2006.10@2FE	E2006.MAP:G01@318	
E2006	E2006.MAP:G01@318	END	
E2006	E2006.11@334	E2006.MAP:G01@344	
E2006	E2006.MAP:G01@344	END	
E2006	E2006.12@364	E2006.13@39C	
E2006	E2006.13@39C	E2006.MAP:G01@3C0	
E2006	E2006.MAP:G01@3C0	END	
E2010	ENTRY	E2010.0@2C	
E2010	E2010.0@2C	E2010.1@3C	
E2010	E2010.1@3C	END	
E2012	ENTRY	E2012.7@FC	lflag>=1
E2012	ENTRY	E2012.0@30	lflag==0
E2012	E2012.0@30	E2012.1@40	
E2012	E2012.1@40	E2012.2@4A	
E2012	E2012.2@4A	E2012.3@64	
E2012	E2012.3@64	E2012.4@78	
E2012	E2012.4@78	E2012.5@B0	
E2012	E2012.5@B0	E2012.6@C0	
E2012	E2012.6@C0	END	
E2012	E2012.7@FC	END	
E2020	ENTRY	E2020.1@68	lflag>=1
E2020	ENTRY	E2020.0@3A	lflag==0
E2020	E2020.0@3A	END	
E2020	E2020.1@68	END	
E2031	ENTRY	E2031.3@66	lflag>=1
E2031	ENTRY	E2031.0@26	lflag==0
E2031	E2031.0@26	E2031.1@30	
E2031	E2031.1@30	E2031.2@3A	
E2031	E2031.2@3A	END	
E2031	E2031.3@66	END	
E2040	ENTRY	E2040.4@EE	lflag>=1
E2040	ENTRY	E2040.0@2E	lflag==0
E2040	E2040.0@2E	E2040.1@3E	
E2040	E2040.1@3E	E2040.2@80	
E2040	E2040.2@80	E2040.3@98	
E2040	E2040.3@98	END	
E2040	E2040.4@EE	END	
E2041	ENTRY	E2041.2@96	lflag>=1
E2041	ENTRY	E2041.0@30	lflag==0
E2041	E2041.0@30	E2041.1@78	
E2041	E2041.1@78	END	
E2041	E2041.2@96	END	
E2050	ENTRY	E2050.0@5E	
E2050	E2050.0@5E	E2050.1@82	
E2050	E2050.1@82	END	
E2060	ENTRY	E2060.6@FE	flag[248]>=1
E2060	ENTRY	E2060.0@4A	flag[248]==0
E2060	E2060.0@4A	E2060.1@54	
E2060	E2060.1@54	E2060.2@64	
E2060	E2060.2@64	E2060.3@74	
E2060	E2060.3@74	E2060.4@AE	
E2060	E2060.4@AE	E2060.5@B8	
E2060	E2060.5@B8	END	
E2060	E2060.6@FE	END	
E2061	ENTRY	E2061.0@18	
E2061	E2061.0@18	E2061.1@26	
E2061	E2061.1@26	END	
E2101	ENTRY	E2101.0@8A	
E2101	E2101.0@8A	E2101.1@B0	
E2101	E2101.1@B0	E2101.2@CE	
E2101	E2101.2@CE	E2101.3@116	
E2101	E2101.3@116	E2101.4@136	
E2101	E2101.4@136	E2101.5@172	
E2101	E2101.5@172	E2101.6@188	
E2101	E2101.6@188	E2101.7@1B4	
E2101	E2101.7@1B4	E2101.8@21C	
E2101	E2101.8@21C	E2101.MAP:G02@22C	
E2101	E2101.MAP:G02@22C	END	
E2104	ENTRY	E2104.0@6C	
E2104	E2104.0@6C	E2104.1@9C	
E2104	E2104.1@9C	E2104.2@1B0	
E2104	E2104.2@1B0	E2104.3@1C0	
E2104	E2104.3@1C0	E2104.4@1D0	
E2104	E2104.4@1D0	E2104.5@1E0	
E2104	E2104.5@1E0	E2104.6@1EA	
E2104	E2104.6@1EA	E2104.7@224	
E2104	E2104.7@224	E2104.MAP:G05@230	
E2104	E2104.MAP:G05@230	END	
E2105	ENTRY	E2105.6@100	lflag>=1
E2105	ENTRY	E2105.0@42	lflag==0
E2105	E2105.0@42	E2105.1@6C	
E2105	E2105.1@6C	E2105.2@82	
E2105	E2105.2@82	E2105.3@A4	
E2105	E2105.3@A4	E2105.4@C2	
E2105	E2105.4@C2	E2105.5@E2	
E2105	E2105.5@E2	END	
E2105	E2105.6@100	E2105.7@124	
E2105	E2105.7@124	E2105.8@136	
E2105	E2105.8@136	E2105.9@150	
E2105	E2105.9@150	E2105.10@160	
E2105	E2105.10@160	END	
E2106	ENTRY	E2106.0@56	
E2106	E2106.0@56	E2106.1@66	
E2106	E2106.1@66	E2106.2@78	
E2106	E2106.2@78	E2106.3@8E	
E2106	E2106.3@8E	E2106.4@CA	
E2106	E2106.4@CA	E2106.5@DA	
E2106	E2106.5@DA	E2106.6@136	
E2106	E2106.6@136	E2106.7@162	
E2106	E2106.7@162	E2106.8@190	
E2106	E2106.8@190	E2106.9@1AA	
E2106	E2106.9@1AA	END	
E2107	ENTRY	E2107.0@5E	
E2107	E2107.0@5E	END	
E2108	ENTRY	END	map==G14
E2108	ENTRY	E2108.0@38	map!=G14
E2108	E2108.0@38	E2108.1@54	
E2108	E2108.1@54	E2108.2@6A	
E2108	E2108.2@6A	E2108.3@9A	
E2108	E2108.3@9A	E2108.MOVIE12:G14@C2	
E2108	E2108.MOVIE12:G14@C2	END	
E2109	ENTRY	E2109.3@EA	lflag>=1
E2109	ENTRY	E2109.0@64	lflag==0
E2109	E2109.0@64	E2109.1@7E	
E2109	E2109.1@7E	E2109.2@A2	
E2109	E2109.2@A2	END	
E2109	E2109.3@EA	END	
E2112	ENTRY	E2112.1@52	lflag>=1
E2112	ENTRY	E2112.0@2A	lflag==0
E2112	E2112.0@2A	END	
E2112	E2112.1@52	END	
E2113	ENTRY	E2113.3@7C	lflag>=1
E2113	ENTRY	E2113.0@34	lflag==0
E2113	E2113.0@34	E2113.1@44	
E2113	E2113.1@44	E2113.2@54	
E2113	E2113.2@54	END	
E2113	E2113.3@7C	END	
E2120	ENTRY	E2120.3@7A	lflag>=1
E2120	ENTRY	E2120.0@34	lflag==0
E2120	E2120.0@34	E2120.1@44	
E2120	E2120.1@44	E2120.2@4E	
E2120	E2120.2@4E	END	
E2120	E2120.3@7A	END	
E2122	ENTRY	E2122.0@22	
E2122	E2122.0@22	E2122.1@3C	
E2122	E2122.1@3C	E2122.2@5A	
E2122	E2122.2@5A	E2122.3@6A	
E2122	E2122.3@6A	END	
E2130	ENTRY	E2130.1@72	lflag>=1
E2130	ENTRY	E2130.0@26	lflag==0
E2130	E2130.0@26	END	
E2130	E2130.1@72	E2130.2@9C	
E2130	E2130.2@9C	END	
E2140	ENTRY	E2140.4@AE	lflag>=1
E2140	ENTRY	E2140.0@38	lflag==0
E2140	E2140.0@38	E2140.1@48	
E2140	E2140.1@48	E2140.2@58	
E2140	E2140.2@58	E2140.3@7C	
E2140	E2140.3@7C	END	
E2140	E2140.4@AE	END	
E2141	ENTRY	E2141.2@98	lflag>=1
E2141	ENTRY	E2141.0@2A	lflag==0
E2141	E2141.0@2A	E2141.1@3A	
E2141	E2141.1@3A	END	
E2141	E2141.2@98	END	
E2160	ENTRY	E2160.0@3C	
E2160	E2160.0@3C	E2160.1@56	
E2160	E2160.1@56	END	
E2161	ENTRY	E2161.0@6E	
E2161	E2161.0@6E	END	
E2202	ENTRY	E2202.0@60	
E2202	E2202.0@60	E2202.1@90	
E2202	E2202.1@90	E2202.2@AC	
E2202	E2202.2@AC	E2202.3@E2	
E2202	E2202.3@E2	E2202.4@122	
E2202	E2202.4@122	E2202.5@14C	
E2202	E2202.5@14C	E2202.6@178	
E2202	E2202.6@178	E2202.7@1C0	
E2202	E2202.7@1C0	END	
E2203	ENTRY	E2203.0@B0	
E2203	E2203.0@B0	E2203.1@D2	
E2203	E2203.1@D2	E2203.2@EC	
E2203	E2203.2@EC	E2203.3@118	
E2203	E2203.3@118	E2203.4@132	
E2203	E2203.4@132	E2203.5@15E	
E2203	E2203.5@15E	E2203.6@174	
E2203	E2203.6@174	E2203.7@18E	
E2203	E2203.7@18E	E2203.8@1AE	
E2203	E2203.8@1AE	E2203.9@1CE	
E2203	E2203.9@1CE	E2203.10@1EA	
E2203	E2203.10@1EA	E2203.11@1FA	
E2203	E2203.11@1FA	E2203.12@20A	
E2203	E2203.12@20A	E2203.13@21A	
E2203	E2203.13@21A	E2203.14@246	
E2203	E2203.14@246	E2203.15@266	
E2203	E2203.15@266	E2203.16@292	
E2203	E2203.16@292	E2203.17@2BE	
E2203	E2203.17@2BE	E2203.18@2EA	
E2203	E2203.18@2EA	E2203.19@31A	
E2203	E2203.19@31A	E2203.20@34A	
E2203	E2203.20@34A	E2203.21@370	
E2203	E2203.21@370	E2203.MOVIE20:G02@3A4	
E2203	E2203.MOVIE20:G02@3A4	END	
E2204	ENTRY	E2204.0@6C	
E2204	E2204.0@6C	E2204.1@9C	
E2204	E2204.1@9C	E2204.2@BC	
E2204	E2204.2@BC	E2204.3@E0	
E2204	E2204.3@E0	E2204.4@108	
E2204	E2204.4@108	E2204.5@118	
E2204	E2204.5@118	E2204.6@128	
E2204	E2204.6@128	E2204.7@146	
E2204	E2204.7@146	E2204.8@15C	
E2204	E2204.8@15C	E2204.9@18E	
E2204	E2204.9@18E	E2204.10@19E	
E2204	E2204.10@19E	E2204.11@1CE	
E2204	E2204.11@1CE	END	
E2205	ENTRY	E2205.3@7A	lflag>=1
E2205	ENTRY	E2205.0@42	lflag==0
E2205	E2205.0@42	E2205.1@52	
E2205	E2205.1@52	E2205.2@62	
E2205	E2205.2@62	END	
E2205	E2205.3@7A	E2205.4@8A	
E2205	E2205.4@8A	E2205.5@9A	
E2205	E2205.5@9A	END	
E2206	ENTRY	E2206.0@84	
E2206	E2206.0@84	E2206.1@A4	
E2206	E2206.1@A4	E2206.2@C4	
E2206	E2206.2@C4	E2206.3@130	
E2206	E2206.3@130	E2206.4@154	
E2206	E2206.4@154	E2206.5@17A	
E2206	E2206.5@17A	E2206.6@19E	
E2206	E2206.6@19E	E2206.7@1B4	
E2206	E2206.7@1B4	END	
E2207	ENTRY	E2207.0@24	
E2207	E2207.0@24	E2207.1@62	
E2207	E2207.1@62	END	
E2210	ENTRY	E2210.0@2C	
E2210	E2210.0@2C	E2210.1@40	
E2210	E2210.1@40	E2210.2@6A	opt0
E2210	E2210.1@40	E2210.3@A4	opt1
E2210	E2210.1@40	E2210.4@E8	opt2
E2210	E2210.2@6A	END	
E2210	E2210.3@A4	END	
E2210	E2210.4@E8	E2210.5@112	
E2210	E2210.5@112	E2210.6@122	
E2210	E2210.6@122	END	
E2212	ENTRY	E2212.2@70	lflag>=1
E2212	ENTRY	E2212.0@2A	lflag==0
E2212	E2212.0@2A	E2212.1@3E	
E2212	E2212.1@3E	END	
E2212	E2212.2@70	END	
E2220	ENTRY	E2220.1@68	lflag>=1
E2220	ENTRY	E2220.0@34	lflag==0
E2220	E2220.0@34	END	
E2220	E2220.1@68	END	
E2221	ENTRY	E2221.0@22	
E2221	E2221.0@22	E2221.1@54	
E2221	E2221.1@54	END	
E2231	ENTRY	E2231.6@13A	lflag>=1
E2231	ENTRY	E2231.0@5A	lflag==0
E2231	E2231.0@5A	E2231.1@90	
E2231	E2231.1@90	E2231.2@9C	
E2231	E2231.2@9C	E2231.3@CC	
E2231	E2231.3@CC	E2231.4@FA	
E2231	E2231.4@FA	E2231.5@10E	
E2231	E2231.5@10E	END	
E2231	E2231.6@13A	END	
E2241	ENTRY	E2241.1@62	lflag>=1
E2241	ENTRY	E2241.0@30	lflag==0
E2241	E2241.0@30	END	
E2241	E2241.1@62	END	
E2251	ENTRY	E2251.0@3A	
E2251	E2251.0@3A	END	
E2252	ENTRY	E2252.0@2C	
E2252	E2252.0@2C	E2252.1@4A	
E2252	E2252.1@4A	E2252.2@5A	
E2252	E2252.2@5A	E2252.3@78	
E2252	E2252.3@78	END	
E2253	ENTRY	E2253.0@32	
E2253	E2253.0@32	END	
E2260	ENTRY	E2260.1@88	flag[248]>=1
E2260	ENTRY	E2260.0@34	flag[248]==0
E2260	E2260.0@34	END	
E2260	E2260.1@88	END	
E2261	ENTRY	E2261.0@30	
E2261	E2261.0@30	END	
E2302	ENTRY	E2302.0@6C	
E2302	E2302.0@6C	E2302.1@9C	
E2302	E2302.1@9C	E2302.2@228	
E2302	E2302.2@228	E2302.3@232	
E2302	E2302.3@232	E2302.MAP:G17@24C	
E2302	E2302.MAP:G17@24C	END	
E2303	ENTRY	E2303.0@B0	
E2303	E2303.0@B0	E2303.1@EA	
E2303	E2303.1@EA	E2303.2@108	
E2303	E2303.2@108	E2303.3@132	
E2303	E2303.3@132	E2303.4@154	
E2303	E2303.4@154	E2303.5@174	
E2303	E2303.5@174	E2303.6@194	
E2303	E2303.6@194	E2303.7@1DA	
E2303	E2303.7@1DA	E2303.8@256	
E2303	E2303.8@256	E2303.9@286	
E2303	E2303.9@286	E2303.10@296	
E2303	E2303.10@296	E2303.11@2A0	
E2303	E2303.11@2A0	E2303.MOVIE20:G02@2E0	
E2303	E2303.MOVIE20:G02@2E0	END	
E2304	ENTRY	E2304.0@6C	
E2304	E2304.0@6C	E2304.1@9C	
E2304	E2304.1@9C	E2304.2@B8	
E2304	E2304.2@B8	E2304.3@F6	
E2304	E2304.3@F6	END	
E2305	ENTRY	E2305.0@5E	lflag>=1
E2305	ENTRY	E2305.MOVIE13:D06>E2305@44	lflag==0
E2305	E2305.MOVIE13:D06>E2305@44	END	
E2305	E2305.0@5E	E2305.1@90	
E2305	E2305.1@90	END	
E2306	ENTRY	E2306.MAP:G17@1B2	map==I34
E2306	ENTRY	END	lflag>=2 & map!=I34
E2306	ENTRY	E2306.8@1E0	lflag==1 & map!=I34
E2306	ENTRY	E2306.0@8E	lflag==0 & map!=I34
E2306	E2306.0@8E	E2306.1@9E	
E2306	E2306.1@9E	E2306.2@C6	
E2306	E2306.2@C6	E2306.3@112	
E2306	E2306.3@112	E2306.4@122	
E2306	E2306.4@122	E2306.5@13C	
E2306	E2306.5@13C	E2306.6@14C	
E2306	E2306.6@14C	E2306.7@15C	
E2306	E2306.7@15C	E2306.MAP:I34@16E	
E2306	E2306.MAP:I34@16E	END	
E2306	E2306.MAP:G17@1B2	END	
E2306	E2306.8@1E0	E2306.9@1FA	
E2306	E2306.9@1FA	E2306.10@29E	
E2306	E2306.10@29E	E2306.MOVIE18:G17@2D0	
E2306	E2306.MOVIE18:G17@2D0	END	
E2312	ENTRY	E2312.3@6C	lflag>=1
E2312	ENTRY	E2312.0@30	lflag==0
E2312	E2312.0@30	E2312.1@3A	
E2312	E2312.1@3A	E2312.2@54	
E2312	E2312.2@54	END	
E2312	E2312.3@6C	END	
E2320	ENTRY	E2320.1@9A	lflag>=1
E2320	ENTRY	E2320.0@48	lflag==0
E2320	E2320.0@48	END	
E2320	E2320.1@9A	END	
E2330	ENTRY	E2330.17@1DC	flag[79]>=1 & lflag>=1
E2330	ENTRY	E2330.2@8E	flag[79]>=1 & lflag==0
E2330	ENTRY	E2330.1@68	flag[79]==0 & lflag>=1
E2330	ENTRY	E2330.0@2E	flag[79]==0 & lflag==0
E2330	E2330.0@2E	END	
E2330	E2330.1@68	END	
E2330	E2330.2@8E	E2330.3@9E	
E2330	E2330.3@9E	E2330.4@BE	
E2330	E2330.4@BE	E2330.5@D2	
E2330	E2330.5@D2	E2330.6@DC	
E2330	E2330.6@DC	E2330.7@EC	
E2330	E2330.7@EC	E2330.8@F6	
E2330	E2330.8@F6	E2330.9@112	
E2330	E2330.9@112	E2330.10@126	
E2330	E2330.10@126	E2330.11@13E	
E2330	E2330.11@13E	E2330.12@150	
E2330	E2330.12@150	E2330.13@164	
E2330	E2330.13@164	E2330.14@16E	
E2330	E2330.14@16E	E2330.15@188	
E2330	E2330.15@188	E2330.16@192	
E2330	E2330.16@192	END	
E2330	E2330.17@1DC	E2330.18@1F0	
E2330	E2330.18@1F0	E2330.19@1FA	
E2330	E2330.19@1FA	END	
E2331	ENTRY	E2331.8@2C0	flag[83]>=1 & lflag>=1
E2331	ENTRY	E2331.5@214	flag[83]>=1 & lflag==0
E2331	ENTRY	E2331.4@1B0	flag[79]>=1 & flag[83]==0 & lflag>=1
E2331	ENTRY	E2331.2@132	flag[79]>=1 & flag[83]==0 & lflag==0
E2331	ENTRY	E2331.1@CE	flag[79]==0 & flag[83]==0 & lflag>=1
E2331	ENTRY	E2331.0@6A	flag[79]==0 & flag[83]==0 & lflag==0
E2331	E2331.0@6A	END	
E2331	E2331.1@CE	END	
E2331	E2331.2@132	E2331.3@14C	
E2331	E2331.3@14C	END	
E2331	E2331.4@1B0	END	
E2331	E2331.5@214	E2331.6@232	
E2331	E2331.6@232	E2331.7@256	
E2331	E2331.7@256	END	
E2331	E2331.8@2C0	E2331.9@2D4	
E2331	E2331.9@2D4	E2331.10@2E8	
E2331	E2331.10@2E8	END	
E2340	ENTRY	E2340.4@148	flag[217]>=1 & lflag>=1
E2340	ENTRY	E2340.3@E8	flag[217]>=1 & lflag==0
E2340	ENTRY	E2340.2@A8	flag[217]==0 & lflag>=1
E2340	ENTRY	E2340.0@32	flag[217]==0 & lflag==0
E2340	E2340.0@32	E2340.1@7E	
E2340	E2340.1@7E	END	
E2340	E2340.2@A8	END	
E2340	E2340.3@E8	END	
E2340	E2340.4@148	END	
E2341	ENTRY	E2341.3@98	lflag>=1
E2341	ENTRY	E2341.0@2A	lflag==0
E2341	E2341.0@2A	E2341.1@44	
E2341	E2341.1@44	E2341.2@54	
E2341	E2341.2@54	END	
E2341	E2341.3@98	END	
E2360	ENTRY	E2360.5@11E	flag[248]>=1
E2360	ENTRY	E2360.0@4A	flag[248]==0
E2360	E2360.0@4A	E2360.1@6C	
E2360	E2360.1@6C	E2360.2@86	
E2360	E2360.2@86	E2360.3@BC	
E2360	E2360.3@BC	E2360.4@D8	
E2360	E2360.4@D8	END	
E2360	E2360.5@11E	E2360.6@138	
E2360	E2360.6@138	E2360.7@158	
E2360	E2360.7@158	END	
E2401	ENTRY	E2401.0@BA	
E2401	E2401.0@BA	E2401.1@E0	
E2401	E2401.1@E0	E2401.2@F4	
E2401	E2401.2@F4	E2401.3@126	
E2401	E2401.3@126	E2401.4@158	
E2401	E2401.4@158	E2401.5@17C	
E2401	E2401.5@17C	E2401.6@1B4	
E2401	E2401.6@1B4	E2401.7@1E2	
E2401	E2401.7@1E2	E2401.8@1F2	
E2401	E2401.8@1F2	E2401.9@202	
E2401	E2401.9@202	E2401.10@216	
E2401	E2401.10@216	E2401.11@254	
E2401	E2401.11@254	E2401.12@27A	
E2401	E2401.12@27A	E2401.13@29A	
E2401	E2401.13@29A	E2401.14@2B6	
E2401	E2401.14@2B6	E2401.15@2DA	
E2401	E2401.15@2DA	E2401.16@2F4	
E2401	E2401.16@2F4	E2401.17@34E	
E2401	E2401.17@34E	E2401.18@3A0	
E2401	E2401.18@3A0	E2401.MAP:G02@3B0	
E2401	E2401.MAP:G02@3B0	END	
E2405	ENTRY	E2405.MAP:E09@17C	flag[111]>=1
E2405	ENTRY	E2405.MAP:E08>E2405@EC	flag[111]==0 & flag[112]>=1 & map==I12
E2405	ENTRY	E2405.0@110	flag[111]==0 & flag[112]>=1 & lflag>=1 & map!=I12
E2405	ENTRY	E2405.MAP:I12>E2405@BE	flag[111]==0 & flag[112]>=1 & lflag==0 & map!=I12
E2405	ENTRY	E2405.MAP:E08>E2405@60	flag[111]==0 & flag[112]==0 & map==I12
E2405	ENTRY	END	flag[111]==0 & flag[112]==0 & lflag>=1 & map!=I12
E2405	ENTRY	E2405.MAP:I12>E2405@28	flag[111]==0 & flag[112]==0 & lflag==0 & map!=I12
E2405	E2405.MAP:I12>E2405@28	END	
E2405	E2405.MAP:E08>E2405@60	END	
E2405	E2405.MAP:I12>E2405@BE	END	
E2405	E2405.MAP:E08>E2405@EC	END	
E2405	E2405.0@110	E2405.MAP:E09@128	
E2405	E2405.MAP:E09@128	END	
E2405	E2405.MAP:E09@17C	END	
E2406	ENTRY	END	
E2412	ENTRY	E2412.3@98	lflag>=1
E2412	ENTRY	E2412.0@38	lflag==0
E2412	E2412.0@38	E2412.1@48	
E2412	E2412.1@48	E2412.2@66	
E2412	E2412.2@66	END	
E2412	E2412.3@98	END	
E2420	ENTRY	E2420.1@58	lflag>=1
E2420	ENTRY	E2420.0@3A	lflag==0
E2420	E2420.0@3A	END	
E2420	E2420.1@58	END	
E2430	ENTRY	E2430.3@72	flag[79]==0 & flag[84]==0 & lflag>=1 | flag[84]>=1 & lflag>=1
E2430	ENTRY	E2430.0@36	flag[79]==0 & flag[84]==0 & lflag==0 | flag[84]>=1 & lflag==0
E2430	ENTRY	E2430.19@206	flag[79]>=1 & flag[83]>=1 & flag[84]==0
E2430	ENTRY	E2430.4@B8	flag[79]>=1 & flag[83]==0 & flag[84]==0
E2430	E2430.0@36	E2430.1@46	
E2430	E2430.1@46	E2430.2@50	
E2430	E2430.2@50	END	
E2430	E2430.3@72	END	
E2430	E2430.4@B8	E2430.5@C8	
E2430	E2430.5@C8	E2430.6@E8	
E2430	E2430.6@E8	E2430.7@FC	
E2430	E2430.7@FC	E2430.8@106	
E2430	E2430.8@106	E2430.9@116	
E2430	E2430.9@116	E2430.10@120	
E2430	E2430.10@120	E2430.11@13C	
E2430	E2430.11@13C	E2430.12@150	
E2430	E2430.12@150	E2430.13@168	
E2430	E2430.13@168	E2430.14@17A	
E2430	E2430.14@17A	E2430.15@18E	
E2430	E2430.15@18E	E2430.16@198	
E2430	E2430.16@198	E2430.17@1B2	
E2430	E2430.17@1B2	E2430.18@1BC	
E2430	E2430.18@1BC	END	
E2430	E2430.19@206	E2430.20@21A	
E2430	E2430.20@21A	E2430.21@224	
E2430	E2430.21@224	END	
E2432	ENTRY	E2432.14@25C	flag[79]==0 & flag[84]<2 & lflag>=1 | flag[84]>=2 & lflag>=1
E2432	ENTRY	E2432.21@3C2	flag[79]>=1 & flag[84]<2 & lflag>=2
E2432	ENTRY	E2432.18@33C	flag[79]>=1 & flag[83]>=1 & flag[84]<2 & lflag==1
E2432	ENTRY	E2432.16@2E0	flag[79]>=1 & flag[83]==0 & flag[84]<2 & lflag==1
E2432	ENTRY	E2432.0@BA	lflag==0
E2432	E2432.0@BA	E2432.1@CA	
E2432	E2432.1@CA	E2432.2@DA	
E2432	E2432.2@DA	E2432.3@EE	
E2432	E2432.3@EE	E2432.4@104	
E2432	E2432.4@104	E2432.5@122	
E2432	E2432.5@122	E2432.6@132	
E2432	E2432.6@132	E2432.7@146	
E2432	E2432.7@146	E2432.8@156	
E2432	E2432.8@156	E2432.9@168	
E2432	E2432.9@168	E2432.10@19E	
E2432	E2432.10@19E	E2432.11@1D2	
E2432	E2432.11@1D2	E2432.12@1EC	
E2432	E2432.12@1EC	E2432.13@20A	
E2432	E2432.13@20A	END	
E2432	E2432.14@25C	E2432.15@296	
E2432	E2432.15@296	END	
E2432	E2432.16@2E0	E2432.17@2FA	
E2432	E2432.17@2FA	END	
E2432	E2432.18@33C	E2432.19@35A	
E2432	E2432.19@35A	E2432.20@37E	
E2432	E2432.20@37E	END	
E2432	E2432.21@3C2	E2432.22@3D6	
E2432	E2432.22@3D6	E2432.23@3EA	
E2432	E2432.23@3EA	END	
E2440	ENTRY	E2440.2@AE	lflag>=1
E2440	ENTRY	E2440.0@34	lflag==0
E2440	E2440.0@34	E2440.1@3E	
E2440	E2440.1@3E	END	
E2440	E2440.2@AE	END	
E2441	ENTRY	E2441.3@B8	flag[93]>=1 & lflag>=1
E2441	ENTRY	E2441.2@86	flag[93]>=1 & lflag==0
E2441	ENTRY	E2441.1@50	flag[93]==0 & lflag>=1
E2441	ENTRY	E2441.0@32	flag[93]==0 & lflag==0
E2441	E2441.0@32	END	
E2441	E2441.1@50	END	
E2441	E2441.2@86	END	
E2441	E2441.3@B8	END	
E2451	ENTRY	E2451.0@32	
E2451	E2451.0@32	END	
E2452	ENTRY	E2452.0@32	
E2452	E2452.0@32	END	
E2453	ENTRY	E2453.0@32	
E2453	E2453.0@32	END	
E2460	ENTRY	E2460.3@B4	flag[248]>=1
E2460	ENTRY	E2460.0@50	flag[248]==0
E2460	E2460.0@50	E2460.1@60	
E2460	E2460.1@60	E2460.2@92	
E2460	E2460.2@92	END	
E2460	E2460.3@B4	E2460.4@E2	
E2460	E2460.4@E2	E2460.5@118	
E2460	E2460.5@118	END	
E2502	ENTRY	E2502.0@60	
E2502	E2502.0@60	E2502.1@90	
E2502	E2502.1@90	E2502.2@AC	
E2502	E2502.2@AC	E2502.3@D8	
E2502	E2502.3@D8	E2502.MAP:I13@104	
E2502	E2502.MAP:I13@104	END	
E2504	ENTRY	E2504.0@66	
E2504	E2504.0@66	E2504.1@98	
E2504	E2504.1@98	E2504.2@B6	
E2504	E2504.2@B6	E2504.3@C6	
E2504	E2504.3@C6	E2504.4@108	
E2504	E2504.4@108	E2504.5@12E	
E2504	E2504.5@12E	E2504.6@138	
E2504	E2504.6@138	E2504.7@148	
E2504	E2504.7@148	E2504.8@158	
E2504	E2504.8@158	E2504.9@172	
E2504	E2504.9@172	E2504.10@182	
E2504	E2504.10@182	E2504.11@192	
E2504	E2504.11@192	E2504.12@1A2	
E2504	E2504.12@1A2	E2504.13@1D6	
E2504	E2504.13@1D6	E2504.14@206	
E2504	E2504.14@206	END	
E2505	ENTRY	E2505.0@30	
E2505	E2505.0@30	E2505.1@4C	
E2505	E2505.1@4C	E2505.2@86	
E2505	E2505.2@86	E2505.3@E4	
E2505	E2505.3@E4	END	
E2506	ENTRY	E2506.0@12	
E2506	E2506.0@12	END	
E2507	ENTRY	E2507.2@BA	map==G02
E2507	ENTRY	E2507.0@2A	map!=G02
E2507	E2507.0@2A	E2507.1@44	
E2507	E2507.1@44	E2507.MAP:G02@54	
E2507	E2507.MAP:G02@54	END	
E2507	E2507.2@BA	E2507.3@FA	
E2507	E2507.3@FA	E2507.4@11A	
E2507	E2507.4@11A	E2507.5@154	
E2507	E2507.5@154	E2507.6@18A	
E2507	E2507.6@18A	E2507.7@1AA	
E2507	E2507.7@1AA	END	
E2510	ENTRY	E2510.0@2C	
E2510	E2510.0@2C	E2510.1@4C	
E2510	E2510.1@4C	END	
E2514	ENTRY	E2514.11@2D0	hour'<17 & lflag>=1 | hour'>=17
E2514	ENTRY	E2514.0@48	hour'<17 & lflag==0
E2514	E2514.0@48	E2514.1@11E	
E2514	E2514.1@11E	E2514.2@1A0	
E2514	E2514.2@1A0	E2514.3@1E4	
E2514	E2514.3@1E4	E2514.4@1F4	
E2514	E2514.4@1F4	E2514.5@204	
E2514	E2514.5@204	E2514.6@228	
E2514	E2514.6@228	E2514.7@238	
E2514	E2514.7@238	E2514.8@24E	
E2514	E2514.8@24E	E2514.9@25E	
E2514	E2514.9@25E	E2514.10@28E	
E2514	E2514.10@28E	END	
E2514	E2514.11@2D0	END	
E2515	ENTRY	E2515.4@102	lflag>=1
E2515	ENTRY	E2515.0@2E	lflag==0
E2515	E2515.0@2E	E2515.1@62	
E2515	E2515.1@62	E2515.2@92	
E2515	E2515.2@92	E2515.3@CC	
E2515	E2515.3@CC	END	
E2515	E2515.4@102	E2515.5@118	
E2515	E2515.5@118	END	
E2520	ENTRY	E2520.2@9A	lflag>=1
E2520	ENTRY	E2520.0@42	lflag==0
E2520	E2520.0@42	E2520.1@72	
E2520	E2520.1@72	END	
E2520	E2520.2@9A	END	
E2530	ENTRY	E2530.3@BE	flag[84]>=1 & lflag>=1
E2530	ENTRY	E2530.2@A6	flag[84]>=1 & lflag==0
E2530	ENTRY	E2530.19@22C	flag[79]>=1 & flag[83]>=1 & flag[84]==0
E2530	ENTRY	E2530.4@DE	flag[79]>=1 & flag[83]==0 & flag[84]==0
E2530	ENTRY	E2530.1@62	flag[79]==0 & flag[84]==0 & lflag>=1
E2530	ENTRY	E2530.0@36	flag[79]==0 & flag[84]==0 & lflag==0
E2530	E2530.0@36	END	
E2530	E2530.1@62	END	
E2530	E2530.2@A6	END	
E2530	E2530.3@BE	END	
E2530	E2530.4@DE	E2530.5@EE	
E2530	E2530.5@EE	E2530.6@10E	
E2530	E2530.6@10E	E2530.7@122	
E2530	E2530.7@122	E2530.8@12C	
E2530	E2530.8@12C	E2530.9@13C	
E2530	E2530.9@13C	E2530.10@146	
E2530	E2530.10@146	E2530.11@162	
E2530	E2530.11@162	E2530.12@176	
E2530	E2530.12@176	E2530.13@18E	
E2530	E2530.13@18E	E2530.14@1A0	
E2530	E2530.14@1A0	E2530.15@1B4	
E2530	E2530.15@1B4	E2530.16@1BE	
E2530	E2530.16@1BE	E2530.17@1D8	
E2530	E2530.17@1D8	E2530.18@1E2	
E2530	E2530.18@1E2	END	
E2530	E2530.19@22C	E2530.20@240	
E2530	E2530.20@240	E2530.21@24A	
E2530	E2530.21@24A	END	
E2532	ENTRY	E2532.7@19C	flag[79]==0 & flag[84]<2 & lflag>=1 | flag[84]>=2 & lflag>=1
E2532	ENTRY	E2532.14@2F4	flag[79]>=1 & flag[84]<2 & lflag>=2
E2532	ENTRY	E2532.11@26E	flag[79]>=1 & flag[83]>=1 & flag[84]<2 & lflag==1
E2532	ENTRY	E2532.9@212	flag[79]>=1 & flag[83]==0 & flag[84]<2 & lflag==1
E2532	ENTRY	E2532.0@B0	lflag==0
E2532	E2532.0@B0	E2532.1@CA	
E2532	E2532.1@CA	E2532.2@D6	
E2532	E2532.2@D6	E2532.3@F0	
E2532	E2532.3@F0	E2532.4@100	
E2532	E2532.4@100	E2532.5@13C	
E2532	E2532.5@13C	E2532.6@14C	
E2532	E2532.6@14C	END	
E2532	E2532.7@19C	E2532.8@1BA	
E2532	E2532.8@1BA	END	
E2532	E2532.9@212	E2532.10@22C	
E2532	E2532.10@22C	END	
E2532	E2532.11@26E	E2532.12@28C	
E2532	E2532.12@28C	E2532.13@2B0	
E2532	E2532.13@2B0	END	
E2532	E2532.14@2F4	E2532.15@308	
E2532	E2532.15@308	E2532.16@31C	
E2532	E2532.16@31C	END	
E2540	ENTRY	E2540.6@170	flag[84]>=1 & lflag>=1
E2540	ENTRY	E2540.2@C6	flag[84]>=1 & lflag==0
E2540	ENTRY	E2540.1@96	flag[84]==0 & lflag>=1
E2540	ENTRY	E2540.0@6A	flag[84]==0 & lflag==0
E2540	E2540.0@6A	END	
E2540	E2540.1@96	END	
E2540	E2540.2@C6	E2540.3@112	
E2540	E2540.3@112	E2540.4@128	
E2540	E2540.4@128	E2540.5@138	
E2540	E2540.5@138	END	
E2540	E2540.6@170	END	
E2541	ENTRY	E2541.1@80	lflag>=1
E2541	ENTRY	E2541.0@62	lflag==0
E2541	E2541.0@62	END	
E2541	E2541.1@80	END	
E2560	ENTRY	E2560.4@CE	flag[248]>=1
E2560	ENTRY	E2560.0@4A	flag[248]==0
E2560	E2560.0@4A	E2560.1@5E	
E2560	E2560.1@5E	E2560.2@6E	
E2560	E2560.2@6E	E2560.3@88	
E2560	E2560.3@88	END	
E2560	E2560.4@CE	E2560.5@D8	
E2560	E2560.5@D8	E2560.6@EC	
E2560	E2560.6@EC	E2560.7@10C	
E2560	E2560.7@10C	END	
E2605	ENTRY	END	lflag>=1
E2605	ENTRY	E2605.0@6A	lflag==0
E2605	E2605.0@6A	E2605.MOVIE14:A05@9E	
E2605	E2605.MOVIE14:A05@9E	END	
E2606	ENTRY	END	lflag>=1
E2606	ENTRY	E2606.MOVIE11:E05>E2606@6A	lflag==0
E2606	E2606.MOVIE11:E05>E2606@6A	END	
E2607	ENTRY	END	lflag>=1
E2607	ENTRY	E2607.MOVIE11:E05>E2607@5C	lflag==0
E2607	E2607.MOVIE11:E05>E2607@5C	END	
E2613	ENTRY	E2613.0@2A	
E2613	E2613.0@2A	END	
E2614	ENTRY	E2614.4@A0	lflag>=1
E2614	ENTRY	E2614.0@3A	lflag==0
E2614	E2614.0@3A	E2614.1@4A	
E2614	E2614.1@4A	E2614.2@64	
E2614	E2614.2@64	E2614.3@74	
E2614	E2614.3@74	END	
E2614	E2614.4@A0	END	
E2615	ENTRY	E2615.3@74	lflag>=1
E2615	ENTRY	E2615.0@30	lflag==0
E2615	E2615.0@30	E2615.1@40	
E2615	E2615.1@40	E2615.2@50	
E2615	E2615.2@50	END	
E2615	E2615.3@74	END	
E2616	ENTRY	E2616.2@BC	flag[78]>=1 & lflag>=1
E2616	ENTRY	E2616.1@86	flag[78]==0 & lflag>=1
E2616	ENTRY	E2616.0@42	lflag==0
E2616	E2616.0@42	END	
E2616	E2616.1@86	END	
E2616	E2616.2@BC	END	
E2617	ENTRY	E2617.3@A6	lflag>=1
E2617	ENTRY	E2617.0@34	lflag==0
E2617	E2617.0@34	E2617.1@48	
E2617	E2617.1@48	E2617.2@72	
E2617	E2617.2@72	END	
E2617	E2617.3@A6	END	
E2623	ENTRY	E2623.1@6C	lflag>=1
E2623	ENTRY	E2623.0@34	lflag==0
E2623	E2623.0@34	END	
E2623	E2623.1@6C	END	
E2624	ENTRY	E2624.1@74	lflag>=1
E2624	ENTRY	E2624.0@3E	lflag==0
E2624	E2624.0@3E	END	
E2624	E2624.1@74	END	
E2630	ENTRY	E2630.5@1E0	flag[84]>=1 & lflag>=1
E2630	ENTRY	E2630.2@13C	flag[84]>=1 & lflag==0
E2630	ENTRY	E2630.21@446	flag[79]>=1 & flag[83]>=1 & flag[84]==0
E2630	ENTRY	E2630.6@26A	flag[79]>=1 & flag[83]==0 & flag[84]==0
E2630	ENTRY	E2630.1@D8	flag[79]==0 & flag[84]==0 & lflag>=1
E2630	ENTRY	E2630.0@6A	flag[79]==0 & flag[84]==0 & lflag==0
E2630	E2630.0@6A	END	
E2630	E2630.1@D8	END	
E2630	E2630.2@13C	E2630.3@160	
E2630	E2630.3@160	E2630.4@174	
E2630	E2630.4@174	END	
E2630	E2630.5@1E0	END	
E2630	E2630.6@26A	E2630.7@274	
E2630	E2630.7@274	E2630.8@284	
E2630	E2630.8@284	E2630.9@2C8	
E2630	E2630.9@2C8	E2630.10@2D8	
E2630	E2630.10@2D8	E2630.11@2F2	
E2630	E2630.11@2F2	E2630.12@302	
E2630	E2630.12@302	E2630.13@320	
E2630	E2630.13@320	E2630.14@330	
E2630	E2630.14@330	E2630.15@348	
E2630	E2630.15@348	E2630.16@360	
E2630	E2630.16@360	E2630.17@370	
E2630	E2630.17@370	E2630.18@380	
E2630	E2630.18@380	E2630.19@3A4	
E2630	E2630.19@3A4	E2630.20@3CA	
E2630	E2630.20@3CA	END	
E2630	E2630.21@446	E2630.22@460	
E2630	E2630.22@460	E2630.23@470	
E2630	E2630.23@470	END	
E2632	ENTRY	E2632.3@154	map==H06
E2632	ENTRY	E2632.6@314	flag[79]==0 & flag[84]<2 & lflag>=2 & map!=H06 | flag[84]>=2 & lflag>=2 & map!=H06
E2632	ENTRY	E2632.13@5DC	flag[79]>=1 & flag[84]<2 & lflag>=3 & map!=H06
E2632	ENTRY	E2632.10@4D8	flag[79]>=1 & flag[83]>=1 & flag[84]<2 & lflag==2 & map!=H06
E2632	ENTRY	E2632.8@3FE	flag[79]>=1 & flag[83]==0 & flag[84]<2 & lflag==2 & map!=H06
E2632	ENTRY	END	lflag==1 & map!=H06
E2632	ENTRY	E2632.0@C6	lflag==0 & map!=H06
E2632	E2632.0@C6	E2632.1@E4	
E2632	E2632.1@E4	E2632.2@F4	
E2632	E2632.2@F4	E2632.MAP:H06@10E	
E2632	E2632.MAP:H06@10E	END	
E2632	E2632.3@154	E2632.4@178	
E2632	E2632.4@178	E2632.5@188	
E2632	E2632.5@188	E2632.MAP:G17@1AE	
E2632	E2632.MAP:G17@1AE	END	
E2632	E2632.6@314	E2632.7@338	
E2632	E2632.7@338	END	
E2632	E2632.8@3FE	E2632.9@418	
E2632	E2632.9@418	END	
E2632	E2632.10@4D8	E2632.11@4F6	
E2632	E2632.11@4F6	E2632.12@51A	
E2632	E2632.12@51A	END	
E2632	E2632.13@5DC	E2632.14@5F0	
E2632	E2632.14@5F0	E2632.15@604	
E2632	E2632.15@604	END	
E2640	ENTRY	E2640.3@136	flag[85]>=2 & lflag>=1
E2640	ENTRY	E2640.2@10E	flag[85]>=2 & lflag==0
E2640	ENTRY	E2640.1@9C	flag[85]<2 & lflag>=1
E2640	ENTRY	E2640.0@38	flag[85]<2 & lflag==0
E2640	E2640.0@38	END	
E2640	E2640.1@9C	END	
E2640	E2640.2@10E	END	
E2640	E2640.3@136	END	
E2641	ENTRY	E2641.4@100	flag[78]>=1 & lflag>=1
E2641	ENTRY	E2641.3@D8	flag[78]>=1 & lflag==0
E2641	ENTRY	E2641.2@86	flag[78]==0 & lflag>=1
E2641	ENTRY	E2641.0@32	flag[78]==0 & lflag==0
E2641	E2641.0@32	E2641.1@42	
E2641	E2641.1@42	END	
E2641	E2641.2@86	END	
E2641	E2641.3@D8	END	
E2641	E2641.4@100	END	
E2651	ENTRY	E2651.0@32	
E2651	E2651.0@32	E2651.1@4C	
E2651	E2651.1@4C	E2651.2@5C	
E2651	E2651.2@5C	END	
E2652	ENTRY	E2652.0@32	
E2652	E2652.0@32	END	
E2653	ENTRY	E2653.0@32	
E2653	E2653.0@32	END	
E2660	ENTRY	E2660.4@D6	flag[248]>=1
E2660	ENTRY	E2660.0@3E	flag[248]==0
E2660	E2660.0@3E	E2660.1@52	
E2660	E2660.1@52	E2660.2@78	
E2660	E2660.2@78	E2660.3@94	
E2660	E2660.3@94	END	
E2660	E2660.4@D6	E2660.5@FA	
E2660	E2660.5@FA	END	
E2710	ENTRY	E2710.1@56	flag[93]>=1
E2710	ENTRY	E2710.0@2E	flag[93]==0
E2710	E2710.0@2E	END	
E2710	E2710.1@56	E2710.2@66	
E2710	E2710.2@66	E2710.3@76	
E2710	E2710.3@76	E2710.4@90	
E2710	E2710.4@90	E2710.5@A6	
E2710	E2710.5@A6	E2710.6@D2	
E2710	E2710.6@D2	END	
E2712	ENTRY	E2712.1@62	lflag>=1
E2712	ENTRY	E2712.0@30	lflag==0
E2712	E2712.0@30	END	
E2712	E2712.1@62	END	
E2714	ENTRY	E2714.1@5C	lflag>=1
E2714	ENTRY	E2714.0@34	lflag==0
E2714	E2714.0@34	END	
E2714	E2714.1@5C	END	
E2720	ENTRY	E2720.2@8E	lflag>=1
E2720	ENTRY	E2720.0@34	lflag==0
E2720	E2720.0@34	E2720.1@62	
E2720	E2720.1@62	END	
E2720	E2720.2@8E	END	
E2730	ENTRY	E2730.1@66	flag[79]==0 & flag[84]==0 & lflag>=1 | flag[84]>=1 & lflag>=1
E2730	ENTRY	E2730.0@36	flag[79]==0 & flag[84]==0 & lflag==0 | flag[84]>=1 & lflag==0
E2730	ENTRY	E2730.17@1FA	flag[79]>=1 & flag[83]>=1 & flag[84]==0
E2730	ENTRY	E2730.2@AC	flag[79]>=1 & flag[83]==0 & flag[84]==0
E2730	E2730.0@36	END	
E2730	E2730.1@66	END	
E2730	E2730.2@AC	E2730.3@BC	
E2730	E2730.3@BC	E2730.4@DC	
E2730	E2730.4@DC	E2730.5@F0	
E2730	E2730.5@F0	E2730.6@FA	
E2730	E2730.6@FA	E2730.7@10A	
E2730	E2730.7@10A	E2730.8@114	
E2730	E2730.8@114	E2730.9@130	
E2730	E2730.9@130	E2730.10@144	
E2730	E2730.10@144	E2730.11@15C	
E2730	E2730.11@15C	E2730.12@16E	
E2730	E2730.12@16E	E2730.13@182	
E2730	E2730.13@182	E2730.14@18C	
E2730	E2730.14@18C	E2730.15@1A6	
E2730	E2730.15@1A6	E2730.16@1B0	
E2730	E2730.16@1B0	END	
E2730	E2730.17@1FA	E2730.18@20E	
E2730	E2730.18@20E	E2730.19@218	
E2730	E2730.19@218	END	
E2732	ENTRY	E2732.5@15E	map==H06
E2732	ENTRY	E2732.7@2DA	flag[83]==0 & flag[84]<2 & lflag>=2 & map!=H06 | flag[84]>=2 & lflag>=2 & map!=H06
E2732	ENTRY	E2732.11@460	flag[251]>=1 & flag[83]>=1 & flag[84]<2 & lflag>=2 & map!=H06
E2732	ENTRY	E2732.8@382	flag[251]==0 & flag[83]>=1 & flag[84]<2 & lflag>=2 & map!=H06
E2732	ENTRY	E2732.6@1AE	lflag==1 & map!=H06
E2732	ENTRY	E2732.0@86	lflag==0 & map!=H06
E2732	E2732.0@86	E2732.1@9C	
E2732	E2732.1@9C	E2732.2@B6	
E2732	E2732.2@B6	E2732.3@D0	
E2732	E2732.3@D0	E2732.MAP:H06@FA	
E2732	E2732.MAP:H06@FA	E2732.4@116	
E2732	E2732.4@116	END	
E2732	E2732.5@15E	E2732.MAP:G17@16A	
E2732	E2732.MAP:G17@16A	END	
E2732	E2732.6@1AE	END	
E2732	E2732.7@2DA	END	
E2732	E2732.8@382	E2732.9@3A0	
E2732	E2732.9@3A0	E2732.10@3C4	
E2732	E2732.10@3C4	END	
E2732	E2732.11@460	E2732.12@474	
E2732	E2732.12@474	E2732.13@488	
E2732	E2732.13@488	END	
E2740	ENTRY	E2740.1@84	lflag>=1
E2740	ENTRY	E2740.0@2A	lflag==0
E2740	E2740.0@2A	END	
E2740	E2740.1@84	END	
E2741	ENTRY	E2741.3@F6	lflag>=1
E2741	ENTRY	E2741.0@30	lflag==0
E2741	E2741.0@30	E2741.1@5A	
E2741	E2741.1@5A	E2741.2@B4	
E2741	E2741.2@B4	END	
E2741	E2741.3@F6	END	
E2760	ENTRY	E2760.17@21E	flag[248]>=1
E2760	ENTRY	E2760.0@4A	flag[248]==0
E2760	E2760.0@4A	E2760.1@5A	
E2760	E2760.1@5A	E2760.2@64	
E2760	E2760.2@64	E2760.3@78	
E2760	E2760.3@78	E2760.4@88	
E2760	E2760.4@88	E2760.5@9C	
E2760	E2760.5@9C	E2760.6@AC	
E2760	E2760.6@AC	E2760.7@D8	
E2760	E2760.7@D8	E2760.8@100	
E2760	E2760.8@100	E2760.9@11C	
E2760	E2760.9@11C	E2760.10@13C	
E2760	E2760.10@13C	E2760.11@14C	
E2760	E2760.11@14C	E2760.12@172	
E2760	E2760.12@172	E2760.13@186	
E2760	E2760.13@186	E2760.14@1AA	
E2760	E2760.14@1AA	E2760.15@1CC	
E2760	E2760.15@1CC	E2760.16@1F6	
E2760	E2760.16@1F6	END	
E2760	E2760.17@21E	E2760.18@238	
E2760	E2760.18@238	E2760.19@256	
E2760	E2760.19@256	END	
E2803	ENTRY	E2803.0@B8	
E2803	E2803.0@B8	E2803.1@E2	
E2803	E2803.1@E2	E2803.2@F2	
E2803	E2803.2@F2	E2803.3@102	
E2803	E2803.3@102	E2803.4@12E	
E2803	E2803.4@12E	E2803.5@142	
E2803	E2803.5@142	E2803.6@158	
E2803	E2803.6@158	E2803.MOVIE20:I30>E2805@18E	
E2803	E2803.MOVIE20:I30>E2805@18E	END	
E2805	ENTRY	E2805.0@6E	map==G14
E2805	ENTRY	E2805.MAP:G14>E2805@3A	map!=G14
E2805	E2805.MAP:G14>E2805@3A	END	
E2805	E2805.0@6E	E2805.1@78	
E2805	E2805.1@78	E2805.2@8E	
E2805	E2805.2@8E	E2805.3@C0	
E2805	E2805.3@C0	E2805.4@F4	
E2805	E2805.4@F4	E2805.5@104	
E2805	E2805.5@104	E2805.6@124	
E2805	E2805.6@124	E2805.7@138	
E2805	E2805.7@138	E2805.8@148	
E2805	E2805.8@148	E2805.9@158	
E2805	E2805.9@158	E2805.10@18C	
E2805	E2805.10@18C	E2805.11@196	
E2805	E2805.11@196	E2805.12@1D4	
E2805	E2805.12@1D4	E2805.13@1EC	
E2805	E2805.13@1EC	E2805.14@20E	
E2805	E2805.14@20E	E2805.15@22E	
E2805	E2805.15@22E	E2805.16@23C	
E2805	E2805.16@23C	E2805.17@270	
E2805	E2805.17@270	END	
E2812	ENTRY	E2812.1@5C	lflag>=1
E2812	ENTRY	E2812.0@30	lflag==0
E2812	E2812.0@30	END	
E2812	E2812.1@5C	END	
E2820	ENTRY	E2820.4@EE	lflag>=1
E2820	ENTRY	E2820.0@34	lflag==0
E2820	E2820.0@34	E2820.1@4E	
E2820	E2820.1@4E	E2820.2@9C	
E2820	E2820.2@9C	E2820.3@A6	
E2820	E2820.3@A6	END	
E2820	E2820.4@EE	END	
E2830	ENTRY	E2830.6@11C	lflag>=1
E2830	ENTRY	E2830.0@6A	flag[79]==0 & flag[83]==0 & lflag==0 | flag[83]>=1 & lflag==0
E2830	ENTRY	E2830.4@C6	flag[79]>=1 & flag[83]==0 & lflag==0
E2830	E2830.0@6A	E2830.1@84	
E2830	E2830.1@84	E2830.2@9E	
E2830	E2830.2@9E	E2830.3@AE	
E2830	E2830.3@AE	END	
E2830	E2830.4@C6	E2830.5@E0	
E2830	E2830.5@E0	END	
E2830	E2830.6@11C	END	
E2840	ENTRY	E2840.3@88	lflag>=1
E2840	ENTRY	E2840.1@5A	flag[115]>=1 & lflag==0
E2840	ENTRY	E2840.0@32	flag[115]==0 & lflag==0
E2840	E2840.0@32	END	
E2840	E2840.1@5A	E2840.2@6A	
E2840	E2840.2@6A	END	
E2840	E2840.3@88	E2840.4@D6	
E2840	E2840.4@D6	END	
E2850	ENTRY	E2850.0@5C	
E2850	E2850.0@5C	E2850.1@8E	
E2850	E2850.1@8E	E2850.2@9E	
E2850	E2850.2@9E	E2850.3@D6	
E2850	E2850.3@D6	E2850.4@118	
E2850	E2850.4@118	END	
E2851	ENTRY	E2851.0@32	
E2851	E2851.0@32	E2851.1@52	
E2851	E2851.1@52	E2851.2@62	
E2851	E2851.2@62	E2851.3@7C	
E2851	E2851.3@7C	E2851.4@8C	
E2851	E2851.4@8C	END	
E2852	ENTRY	E2852.0@32	
E2852	E2852.0@32	E2852.1@4C	
E2852	E2852.1@4C	END	
E2853	ENTRY	E2853.0@32	
E2853	E2853.0@32	E2853.1@5A	
E2853	E2853.1@5A	END	
E2860	ENTRY	E2860.MAP:D07@46	map==I14
E2860	ENTRY	E2860.MAP:I14@10	map!=I14
E2860	E2860.MAP:I14@10	END	
E2860	E2860.MAP:D07@46	END	
E2901	ENTRY	E2901.0@84	
E2901	E2901.0@84	E2901.1@A2	
E2901	E2901.1@A2	E2901.2@B8	
E2901	E2901.2@B8	E2901.3@C8	
E2901	E2901.3@C8	E2901.4@F8	
E2901	E2901.4@F8	E2901.5@11C	
E2901	E2901.5@11C	E2901.6@144	
E2901	E2901.6@144	E2901.7@18C	
E2901	E2901.7@18C	E2901.8@1B6	
E2901	E2901.8@1B6	E2901.9@208	
E2901	E2901.9@208	E2901.MAP:G02@218	
E2901	E2901.MAP:G02@218	END	
E2902	ENTRY	E2902.0@60	
E2902	E2902.0@60	E2902.1@90	
E2902	E2902.1@90	E2902.9@1EE	flag[48]>=1
E2902	E2902.1@90	E2902.2@BA	flag[48]==0
E2902	E2902.2@BA	E2902.3@E6	
E2902	E2902.3@E6	E2902.4@11C	
E2902	E2902.4@11C	E2902.5@14C	
E2902	E2902.5@14C	E2902.6@178	
E2902	E2902.6@178	E2902.7@18C	
E2902	E2902.7@18C	E2902.8@1BC	
E2902	E2902.8@1BC	END	
E2902	E2902.9@1EE	E2902.10@248	
E2902	E2902.10@248	E2902.11@28C	
E2902	E2902.11@28C	E2902.12@2B6	
E2902	E2902.12@2B6	E2902.13@2D6	
E2902	E2902.13@2D6	E2902.14@2FA	
E2902	E2902.14@2FA	E2902.15@326	
E2902	E2902.15@326	E2902.16@336	
E2902	E2902.16@336	END	
E2904	ENTRY	E2904.0@A0	
E2904	E2904.0@A0	E2904.1@146	
E2904	E2904.1@146	E2904.2@170	
E2904	E2904.2@170	E2904.MAP:G06@1AA	
E2904	E2904.MAP:G06@1AA	END	
E2906	ENTRY	E2906.1@144	map==G08
E2906	ENTRY	E2906.0@74	map!=G02 & map!=G06 & map!=G08 | map==G06
E2906	ENTRY	E2906.2@1B6	map==G02
E2906	E2906.0@74	E2906.MAP:G08@10E	
E2906	E2906.MAP:G08@10E	END	
E2906	E2906.1@144	E2906.MAP:G02@15A	
E2906	E2906.MAP:G02@15A	END	
E2906	E2906.2@1B6	E2906.MAP:G06@1C2	
E2906	E2906.MAP:G06@1C2	END	
E2907	ENTRY	E2907.1@AE	map==H06
E2907	ENTRY	E2907.MAP:G17@118	map==H24
E2907	ENTRY	E2907.2@178	map==G17
E2907	ENTRY	E2907.0@5A	map!=G17 & map!=H06 & map!=H24
E2907	E2907.0@5A	E2907.MAP:H06@66	
E2907	E2907.MAP:H06@66	END	
E2907	E2907.1@AE	E2907.MAP:H24@BA	
E2907	E2907.MAP:H24@BA	END	
E2907	E2907.MAP:G17@118	END	
E2907	E2907.2@178	E2907.3@192	
E2907	E2907.3@192	END	
E2912	ENTRY	E2912.1@7E	lflag>=1
E2912	ENTRY	E2912.0@30	lflag==0
E2912	E2912.0@30	END	
E2912	E2912.1@7E	END	
E2913	ENTRY	E2913.5@AA	lflag>=1
E2913	ENTRY	E2913.0@34	lflag==0
E2913	E2913.0@34	E2913.1@44	
E2913	E2913.1@44	E2913.2@5E	
E2913	E2913.2@5E	E2913.3@78	
E2913	E2913.3@78	E2913.4@88	
E2913	E2913.4@88	END	
E2913	E2913.5@AA	END	
E2920	ENTRY	E2920.4@92	lflag>=1
E2920	ENTRY	E2920.0@34	lflag==0
E2920	E2920.0@34	E2920.1@44	
E2920	E2920.1@44	E2920.2@54	
E2920	E2920.2@54	E2920.3@64	
E2920	E2920.3@64	END	
E2920	E2920.4@92	END	
E2922	ENTRY	E2922.0@28	
E2922	E2922.0@28	END	
E2930	ENTRY	E2930.5@114	lflag>=1
E2930	ENTRY	E2930.0@72	flag[116]==0 & flag[79]==0 & flag[83]==0 & lflag==0 | flag[116]==0 & flag[83]>=1 & lflag==0 | flag[116]>=1 & lflag==0
E2930	ENTRY	E2930.3@BE	flag[116]==0 & flag[79]>=1 & flag[83]==0 & lflag==0
E2930	E2930.0@72	E2930.1@8C	
E2930	E2930.1@8C	E2930.2@9C	
E2930	E2930.2@9C	END	
E2930	E2930.3@BE	E2930.4@D8	
E2930	E2930.4@D8	END	
E2930	E2930.5@114	END	
E2932	ENTRY	E2932.2@FA	lflag>=1
E2932	ENTRY	E2932.0@A6	lflag==0
E2932	E2932.0@A6	E2932.1@C4	
E2932	E2932.1@C4	END	
E2932	E2932.2@FA	END	
E2940	ENTRY	E2940.5@118	flag[117]>=1 & lflag>=1
E2940	ENTRY	E2940.0@36	flag[117]>=1 & lflag==0
E2940	ENTRY	E2940.9@238	flag[117]==0 & lflag>=1
E2940	ENTRY	E2940.6@168	flag[117]==0 & lflag==0
E2940	E2940.0@36	E2940.1@46	
E2940	E2940.1@46	E2940.2@88	
E2940	E2940.2@88	E2940.3@98	
E2940	E2940.3@98	E2940.4@F0	
E2940	E2940.4@F0	END	
E2940	E2940.5@118	END	
E2940	E2940.6@168	E2940.7@178	
E2940	E2940.7@178	E2940.8@1BA	
E2940	E2940.8@1BA	END	
E2940	E2940.9@238	END	
E2941	ENTRY	E2941.5@F2	lflag>=1
E2941	ENTRY	E2941.0@2E	lflag==0
E2941	E2941.0@2E	E2941.1@4C	
E2941	E2941.1@4C	E2941.2@9C	
E2941	E2941.2@9C	E2941.3@B6	
E2941	E2941.3@B6	E2941.4@C6	
E2941	E2941.4@C6	END	
E2941	E2941.5@F2	END	
E2950	ENTRY	E2950.0@66	
E2950	E2950.0@66	E2950.1@7A	
E2950	E2950.1@7A	E2950.2@94	
E2950	E2950.2@94	E2950.3@A4	
E2950	E2950.3@A4	E2950.4@FC	
E2950	E2950.4@FC	E2950.5@112	
E2950	E2950.5@112	E2950.6@162	
E2950	E2950.6@162	END	
E2951	ENTRY	E2951.0@32	
E2951	E2951.0@32	E2951.1@50	
E2951	E2951.1@50	E2951.2@70	
E2951	E2951.2@70	E2951.3@A2	
E2951	E2951.3@A2	END	
E2952	ENTRY	E2952.0@32	
E2952	E2952.0@32	E2952.1@86	
E2952	E2952.1@86	E2952.2@AE	
E2952	E2952.2@AE	END	
E2953	ENTRY	E2953.0@32	
E2953	E2953.0@32	E2953.1@42	
E2953	E2953.1@42	END	
E3001	ENTRY	E3001.0@90	
E3001	E3001.0@90	E3001.1@C4	
E3001	E3001.1@C4	E3001.2@FE	
E3001	E3001.2@FE	E3001.3@130	
E3001	E3001.3@130	E3001.4@140	
E3001	E3001.4@140	E3001.5@16C	
E3001	E3001.5@16C	E3001.6@192	
E3001	E3001.6@192	E3001.7@1A2	
E3001	E3001.7@1A2	E3001.8@1CE	
E3001	E3001.8@1CE	E3001.9@1FA	
E3001	E3001.9@1FA	E3001.10@20A	
E3001	E3001.10@20A	E3001.11@222	
E3001	E3001.11@222	E3001.12@290	
E3001	E3001.12@290	E3001.MAP:G02@2A0	
E3001	E3001.MAP:G02@2A0	END	
E3002	ENTRY	E3002.0@58	
E3002	E3002.0@58	E3002.1@82	
E3002	E3002.1@82	E3002.2@9E	
E3002	E3002.2@9E	E3002.MAP:G17@10A	
E3002	E3002.MAP:G17@10A	END	
E3003	ENTRY	E3003.0@52	
E3003	E3003.0@52	E3003.MAP:G17@6E	
E3003	E3003.MAP:G17@6E	E3003.1@76	
E3003	E3003.1@76	END	
E3004	ENTRY	E3004.0@66	
E3004	E3004.0@66	E3004.1@96	
E3004	E3004.1@96	E3004.2@186	
E3004	E3004.2@186	E3004.3@196	
E3004	E3004.3@196	E3004.4@1A0	
E3004	E3004.4@1A0	E3004.5@1D8	
E3004	E3004.5@1D8	E3004.6@1EE	
E3004	E3004.6@1EE	E3004.7@1FE	
E3004	E3004.7@1FE	E3004.8@212	opt0
E3004	E3004.7@1FE	E3004.9@240	opt1
E3004	E3004.8@212	END	
E3004	E3004.9@240	E3004.10@278	
E3004	E3004.10@278	E3004.11@288	
E3004	E3004.11@288	E3004.12@298	
E3004	E3004.12@298	E3004.13@2A8	
E3004	E3004.13@2A8	END	
E3005	ENTRY	E3005.0@9C	
E3005	E3005.0@9C	E3005.1@C8	
E3005	E3005.1@C8	E3005.2@D2	
E3005	E3005.2@D2	E3005.3@DC	
E3005	E3005.3@DC	E3005.4@EC	
E3005	E3005.4@EC	E3005.5@F6	
E3005	E3005.5@F6	E3005.6@106	
E3005	E3005.6@106	E3005.7@128	
E3005	E3005.7@128	E3005.8@14A	
E3005	E3005.8@14A	E3005.9@166	
E3005	E3005.9@166	E3005.10@176	
E3005	E3005.10@176	E3005.MOVIE20:G02@192	
E3005	E3005.MOVIE20:G02@192	END	
E3006	ENTRY	E3006.0@7A	
E3006	E3006.0@7A	END	
E3007	ENTRY	E3007.0@4E	
E3007	E3007.0@4E	E3007.MAP:G01@90	day'>=30
E3007	E3007.0@4E	E3007.MAP:G02@84	day'<30
E3007	E3007.MAP:G02@84	END	
E3007	E3007.MAP:G01@90	END	
E3013	ENTRY	E3013.0@2A	
E3013	E3013.0@2A	END	
E3014	ENTRY	E3014.6@130	lflag>=1
E3014	ENTRY	E3014.0@44	lflag==0
E3014	E3014.0@44	E3014.1@7A	
E3014	E3014.1@7A	E3014.2@A4	
E3014	E3014.2@A4	E3014.3@CA	
E3014	E3014.3@CA	E3014.4@DA	
E3014	E3014.4@DA	E3014.5@F8	
E3014	E3014.5@F8	END	
E3014	E3014.6@130	END	
E3022	ENTRY	E3022.0@22	
E3022	E3022.0@22	END	
E3023	ENTRY	E3023.33@196	lflag>=3
E3023	ENTRY	E3023.32@176	lflag==2
E3023	ENTRY	E3023.1@92	lflag==1
E3023	ENTRY	E3023.0@4C	lflag==0
E3023	E3023.0@4C	END	
E3023	E3023.1@92	END	
E3023	E3023.32@176	E3023.P15@186	
E3023	E3023.P15@186	E3023.33@196	
E3023	E3023.33@196	END	
E3024	ENTRY	E3024.9@196	lflag>=1
E3024	ENTRY	E3024.0@3A	lflag==0
E3024	E3024.0@3A	E3024.1@44	
E3024	E3024.1@44	E3024.2@74	
E3024	E3024.2@74	E3024.3@9A	
E3024	E3024.3@9A	E3024.4@AA	
E3024	E3024.4@AA	E3024.5@D6	
E3024	E3024.5@D6	E3024.6@F6	
E3024	E3024.6@F6	E3024.7@100	
E3024	E3024.7@100	E3024.8@166	
E3024	E3024.8@166	END	
E3024	E3024.9@196	END	
E3030	ENTRY	E3030.2@DE	lflag>=1
E3030	ENTRY	E3030.0@5A	lflag==0
E3030	E3030.0@5A	E3030.1@78	
E3030	E3030.1@78	END	
E3030	E3030.2@DE	END	
E3031	ENTRY	E3031.8@22C	lflag>=1
E3031	ENTRY	E3031.4@13C	flag[119]>=1 & flag[26]>=1 & lflag==0
E3031	ENTRY	E3031.2@F2	flag[119]>=1 & flag[26]==0 & lflag==0
E3031	ENTRY	E3031.0@62	flag[119]==0 & lflag==0
E3031	E3031.0@62	E3031.1@C4	
E3031	E3031.1@C4	END	
E3031	E3031.2@F2	E3031.3@110	
E3031	E3031.3@110	END	
E3031	E3031.4@13C	E3031.5@176	
E3031	E3031.5@176	E3031.6@1A4	
E3031	E3031.6@1A4	E3031.7@1CA	
E3031	E3031.7@1CA	END	
E3031	E3031.8@22C	END	
E3033	ENTRY	E3033.1@104	lflag>=1
E3033	ENTRY	E3033.0@58	lflag==0
E3033	E3033.0@58	END	
E3033	E3033.1@104	END	
E3034	ENTRY	E3034.2@CE	lflag>=1
E3034	ENTRY	E3034.0@4E	lflag==0
E3034	E3034.0@4E	E3034.1@92	
E3034	E3034.1@92	END	
E3034	E3034.2@CE	END	
E3042	ENTRY	E3042.10@220	lflag>=1
E3042	ENTRY	E3042.0@70	lflag==0
E3042	E3042.0@70	E3042.1@AC	
E3042	E3042.1@AC	E3042.2@D6	
E3042	E3042.2@D6	E3042.3@F6	
E3042	E3042.3@F6	E3042.4@144	
E3042	E3042.4@144	E3042.5@158	
E3042	E3042.5@158	E3042.6@168	
E3042	E3042.6@168	E3042.7@1A0	
E3042	E3042.7@1A0	E3042.8@1B0	
E3042	E3042.8@1B0	E3042.9@1F8	
E3042	E3042.9@1F8	END	
E3042	E3042.10@220	E3042.11@240	
E3042	E3042.11@240	E3042.12@256	
E3042	E3042.12@256	E3042.13@26A	
E3042	E3042.13@26A	E3042.14@27A	
E3042	E3042.14@27A	E3042.15@2CA	
E3042	E3042.15@2CA	END	
E3043	ENTRY	E3043.1@60	lflag>=1
E3043	ENTRY	E3043.0@36	lflag==0
E3043	E3043.0@36	END	
E3043	E3043.1@60	END	
E3050	ENTRY	E3050.1@150	map==A07
E3050	ENTRY	END	lflag>=1 & map!=A07
E3050	ENTRY	E3050.0@7C	lflag==0 & map!=A07
E3050	E3050.0@7C	E3050.MAP:A07@11A	
E3050	E3050.MAP:A07@11A	END	
E3050	E3050.1@150	E3050.MAP:A18@162	
E3050	E3050.MAP:A18@162	END	
E3101	ENTRY	E3101.0@9C	
E3101	E3101.0@9C	E3101.1@DA	
E3101	E3101.1@DA	E3101.2@106	
E3101	E3101.2@106	E3101.3@12C	
E3101	E3101.3@12C	E3101.4@156	
E3101	E3101.4@156	E3101.5@17C	
E3101	E3101.5@17C	E3101.6@1A0	
E3101	E3101.6@1A0	E3101.7@1B4	
E3101	E3101.7@1B4	E3101.8@222	
E3101	E3101.8@222	E3101.MAP:G02@232	
E3101	E3101.MAP:G02@232	END	
E3102	ENTRY	E3102.0@66	
E3102	E3102.0@66	E3102.1@96	
E3102	E3102.1@96	E3102.2@C6	
E3102	E3102.2@C6	E3102.3@256	
E3102	E3102.3@256	E3102.MAP:H02@270	
E3102	E3102.MAP:H02@270	END	
E3171	ENTRY	E3171.0@6E	
E3171	E3171.0@6E	E3171.1@A8	
E3171	E3171.1@A8	E3171.MAP:I31@B8	
E3171	E3171.MAP:I31@B8	END	
E3172	ENTRY	E3172.0@76	
E3172	E3172.0@76	E3172.MAP:I31@86	
E3172	E3172.MAP:I31@86	END	
E3173	ENTRY	E3173.0@50	
E3173	E3173.0@50	E3173.MAP:H02@60	
E3173	E3173.MAP:H02@60	END	
E3174	ENTRY	E3174.0@68	
E3174	E3174.0@68	E3174.1@72	
E3174	E3174.1@72	E3174.2@AE	
E3174	E3174.2@AE	E3174.3@D2	
E3174	E3174.3@D2	E3174.4@EC	
E3174	E3174.4@EC	E3174.5@100	
E3174	E3174.5@100	E3174.6@116	
E3174	E3174.6@116	E3174.MAP:I31@126	
E3174	E3174.MAP:I31@126	END	
E3175	ENTRY	E3175.0@4C	
E3175	E3175.0@4C	E3175.MAP:H02@58	
E3175	E3175.MAP:H02@58	END	
E3176	ENTRY	E3176.0@64	
E3176	E3176.0@64	E3176.1@6E	
E3176	E3176.1@6E	E3176.2@88	
E3176	E3176.2@88	E3176.MAP:I31@9C	
E3176	E3176.MAP:I31@9C	END	
E3177	ENTRY	E3177.0@7E	
E3177	E3177.0@7E	E3177.1@BA	
E3177	E3177.1@BA	E3177.2@CA	
E3177	E3177.2@CA	E3177.3@DE	
E3177	E3177.3@DE	E3177.4@FC	
E3177	E3177.4@FC	E3177.5@13A	
E3177	E3177.5@13A	E3177.MAP:H02@154	
E3177	E3177.MAP:H02@154	END	
E3178	ENTRY	E3178.0@5A	
E3178	E3178.0@5A	E3178.MAP:H02@66	
E3178	E3178.MAP:H02@66	END	
E3179	ENTRY	E3179.0@5A	
E3179	E3179.0@5A	E3179.1@6E	
E3179	E3179.1@6E	E3179.2@90	
E3179	E3179.2@90	E3179.3@AA	
E3179	E3179.3@AA	E3179.4@C2	
E3179	E3179.4@C2	E3179.5@D2	
E3179	E3179.5@D2	E3179.6@116	
E3179	E3179.6@116	E3179.7@194	
E3179	E3179.7@194	E3179.MAP:H01@1AA	
E3179	E3179.MAP:H01@1AA	END	
E3180	ENTRY	E3180.0@6E	
E3180	E3180.0@6E	E3180.MAP:D09@A0	
E3180	E3180.MAP:D09@A0	END	
E3181	ENTRY	E3181.MAP:H02@1A	
E3181	E3181.MAP:H02@1A	END	
E3182	ENTRY	E3182.MOVIE24:H02@100	
E3182	E3182.MOVIE24:H02@100	END	
E4000	ENTRY	END	map==G13
E4000	ENTRY	E4000.MAP:G13>E4000@A	map!=G13
E4000	E4000.MAP:G13>E4000@A	END	
E4001	ENTRY	E4001.MAP:G15@86	day'<15 & flag[40]>=1 | day'>=15
E4001	ENTRY	E4001.0@5A	day'<15 & flag[40]==0
E4001	E4001.0@5A	E4001.MAP:G15@66	
E4001	E4001.MAP:G15@66	END	
E4001	E4001.MAP:G15@86	END	
E4002	ENTRY	END	map==G12
E4002	ENTRY	E4002.MAP:G12>E4002@A	map!=G12
E4002	E4002.MAP:G12>E4002@A	END	
E4003	ENTRY	END	map==G12
E4003	ENTRY	E4003.MAP:G12>E4003@1C	map!=G12
E4003	E4003.MAP:G12>E4003@1C	END	
E4004	ENTRY	E4004.MAP:G04@0	
E4004	E4004.MAP:G04@0	END	
E4006	ENTRY	END	map==H19
E4006	ENTRY	E4006.MAP:H19>E4006@10	map!=H19
E4006	E4006.MAP:H19>E4006@10	END	
E4007	ENTRY	END	map==H11
E4007	ENTRY	E4007.MAP:H11>E4007@A	map!=H11
E4007	E4007.MAP:H11>E4007@A	END	
E4008	ENTRY	END	map==H07
E4008	ENTRY	E4008.MAP:H07>E4008@A	map!=H07
E4008	E4008.MAP:H07>E4008@A	END	
E4009	ENTRY	END	map==G02
E4009	ENTRY	E4009.MAP:G02>E4009@A	map!=G02
E4009	E4009.MAP:G02>E4009@A	END	
E4010	ENTRY	E4010.MAP:H06@8	
E4010	E4010.MAP:H06@8	END	
E4011	ENTRY	E4011.MAP:G17@10	
E4011	E4011.MAP:G17@10	END	
E4012	ENTRY	E4012.MAP:G09@6	
E4012	E4012.MAP:G09@6	END	
E4013	ENTRY	E4013.MAP:G08@10	
E4013	E4013.MAP:G08@10	END	
E4014	ENTRY	E4014.0@46	
E4014	E4014.0@46	END	
E4015	ENTRY	END	map==G18
E4015	ENTRY	E4015.MOVIE3:G18>E4015@76	hour'>=19 & map!=G18
E4015	ENTRY	E4015.MOVIE2:G18>E4015@68	hour'<19 & map!=G18
E4015	E4015.MOVIE2:G18>E4015@68	END	
E4015	E4015.MOVIE3:G18>E4015@76	END	
E4016	ENTRY	E4016.MOVIE5:G07@74	hour'>=19
E4016	ENTRY	E4016.MOVIE4:G07@66	hour'<19
E4016	E4016.MOVIE4:G07@66	END	
E4016	E4016.MOVIE5:G07@74	END	
E4017	ENTRY	E4017.0@28	
E4017	E4017.0@28	END	
E4019	ENTRY	END	flag[10]>=1
E4019	ENTRY	E4019.0@7A	flag[10]==0 & lflag>=1
E4019	ENTRY	E4019.MOVIE22:B15>E4019@56	flag[10]==0 & lflag==0
E4019	E4019.MOVIE22:B15>E4019@56	END	
E4019	E4019.0@7A	END	
E4020	ENTRY	END	flag[10]>=1
E4020	ENTRY	E4020.0@7A	flag[10]==0 & lflag>=1
E4020	ENTRY	E4020.MOVIE22:D03>E4020@56	flag[10]==0 & lflag==0
E4020	E4020.MOVIE22:D03>E4020@56	END	
E4020	E4020.0@7A	END	
E4021	ENTRY	END	
E4022	ENTRY	E4022.1@1E0	map==G17
E4022	ENTRY	E4022.0@152	map!=G17
E4022	E4022.0@152	E4022.MAP:G17@17E	
E4022	E4022.MAP:G17@17E	END	
E4022	E4022.1@1E0	E4022.4@2E2	R>=2
E4022	E4022.1@1E0	E4022.3@2A0	R==1
E4022	E4022.1@1E0	E4022.2@250	R==0
E4022	E4022.2@250	END	
E4022	E4022.3@2A0	END	
E4022	E4022.4@2E2	END	
E4023	ENTRY	E4023.1@1E0	map==G17
E4023	ENTRY	E4023.0@152	map!=G17
E4023	E4023.0@152	E4023.MAP:G17@17E	
E4023	E4023.MAP:G17@17E	END	
E4023	E4023.1@1E0	E4023.4@2E2	R>=2
E4023	E4023.1@1E0	E4023.3@2A0	R==1
E4023	E4023.1@1E0	E4023.2@250	R==0
E4023	E4023.2@250	END	
E4023	E4023.3@2A0	END	
E4023	E4023.4@2E2	END	
E4024	ENTRY	E4024.1@1E0	map==G17
E4024	ENTRY	E4024.0@152	map!=G17
E4024	E4024.0@152	E4024.MAP:G17@17E	
E4024	E4024.MAP:G17@17E	END	
E4024	E4024.1@1E0	E4024.4@2E2	R>=2
E4024	E4024.1@1E0	E4024.3@2A0	R==1
E4024	E4024.1@1E0	E4024.2@250	R==0
E4024	E4024.2@250	END	
E4024	E4024.3@2A0	END	
E4024	E4024.4@2E2	END	
E4025	ENTRY	END	
E4026	ENTRY	E4026.0@6	
E4026	E4026.0@6	END	opt0
E4026	E4026.0@6	END	opt1
E4026	E4026.0@6	END	cancel
E4027	ENTRY	E4027.0@E	
E4027	E4027.0@E	END	opt0
E4027	E4027.0@E	END	opt1
E4027	E4027.0@E	END	cancel
E4028	ENTRY	E4028.P16@26	
E4028	E4028.P16@26	E4028.6@A6	flag[1]>=5
E4028	E4028.P16@26	E4028.5@98	flag[1]==4
E4028	E4028.P16@26	E4028.4@8A	flag[1]==3
E4028	E4028.P16@26	E4028.2@72	flag[1]==2
E4028	E4028.P16@26	E4028.0@5A	flag[1]==1
E4028	E4028.P16@26	END	flag[1]==0
E4028	E4028.0@5A	E4028.1@64	
E4028	E4028.1@64	END	
E4028	E4028.2@72	E4028.3@7C	
E4028	E4028.3@7C	END	
E4028	E4028.4@8A	END	
E4028	E4028.5@98	END	
E4028	E4028.6@A6	END	
E4029	ENTRY	E4029.MAP:G03>E4029@80	map==I21
E4029	ENTRY	E4029.2@AC	lflag>=1 & map!=I21
E4029	ENTRY	E4029.0@3C	lflag==0 & map!=I21
E4029	E4029.0@3C	E4029.MAP:I21>E4029@5A	
E4029	E4029.MAP:I21>E4029@5A	END	
E4029	E4029.MAP:G03>E4029@80	E4029.1@90	
E4029	E4029.1@90	END	opt0
E4029	E4029.1@90	END	opt1
E4029	E4029.1@90	END	cancel
E4029	E4029.2@AC	END	choice>=99
E4029	E4029.2@AC	E4029.4@176	1<=choice<99
E4029	E4029.2@AC	E4029.3@102	choice==0
E4029	E4029.3@102	END	
E4029	E4029.4@176	END	
E4030	ENTRY	E4030.MOVIE6:G16@36	
E4030	E4030.MOVIE6:G16@36	END	
E4031	ENTRY	END	
E4032	ENTRY	END	*
E4033	ENTRY	END	lflag==1 | lflag==2 | lflag>=3
E4033	ENTRY	E4033.3@14C	flag[167]>=1 & lflag==0 & map==I26
E4033	ENTRY	E4033.1@84	flag[167]==0 & lflag==0 & map==I26
E4033	ENTRY	E4033.0@3E	lflag==0 & map!=I26
E4033	E4033.0@3E	E4033.MAP:I26@54	
E4033	E4033.MAP:I26@54	END	
E4033	E4033.1@84	E4033.2@C0	flag[32]>=1
E4033	E4033.1@84	E4033.MAP:B12>E4033@B0	flag[32]==0
E4033	E4033.MAP:B12>E4033@B0	END	
E4033	E4033.2@C0	E4033.MAP:B12@136	opt0
E4033	E4033.2@C0	E4033.MAP:B12>E4033@106	opt1
E4033	E4033.2@C0	E4033.MAP:B12>E4033@EA	cancel
E4033	E4033.MAP:B12>E4033@EA	END	
E4033	E4033.MAP:B12>E4033@106	END	
E4033	E4033.MAP:B12@136	END	
E4033	E4033.3@14C	E4033.MAP:B12>E4033@17E	
E4033	E4033.MAP:B12>E4033@17E	END	
E4034	ENTRY	END	lflag==1 | lflag==2 | lflag>=3
E4034	ENTRY	E4034.3@14C	flag[167]>=1 & lflag==0 & map==I27
E4034	ENTRY	E4034.1@84	flag[167]==0 & lflag==0 & map==I27
E4034	ENTRY	E4034.0@3E	lflag==0 & map!=I27
E4034	E4034.0@3E	E4034.MAP:I27@54	
E4034	E4034.MAP:I27@54	END	
E4034	E4034.1@84	E4034.2@C0	flag[32]>=1
E4034	E4034.1@84	E4034.MAP:B07>E4034@B0	flag[32]==0
E4034	E4034.MAP:B07>E4034@B0	END	
E4034	E4034.2@C0	E4034.MAP:B07@136	opt0
E4034	E4034.2@C0	E4034.MAP:B07>E4034@106	opt1
E4034	E4034.2@C0	E4034.MAP:B07>E4034@EA	cancel
E4034	E4034.MAP:B07>E4034@EA	END	
E4034	E4034.MAP:B07>E4034@106	END	
E4034	E4034.MAP:B07@136	END	
E4034	E4034.3@14C	E4034.MAP:B07>E4034@17E	
E4034	E4034.MAP:B07>E4034@17E	END	
E4035	ENTRY	END	lflag==1 | lflag==2 | lflag>=3
E4035	ENTRY	E4035.3@14C	flag[167]>=1 & lflag==0 & map==I28
E4035	ENTRY	E4035.1@84	flag[167]==0 & lflag==0 & map==I28
E4035	ENTRY	E4035.0@3E	lflag==0 & map!=I28
E4035	E4035.0@3E	E4035.MAP:I28@54	
E4035	E4035.MAP:I28@54	END	
E4035	E4035.1@84	E4035.2@C0	flag[32]>=1
E4035	E4035.1@84	E4035.MAP:C11>E4035@B0	flag[32]==0
E4035	E4035.MAP:C11>E4035@B0	END	
E4035	E4035.2@C0	E4035.MAP:C11@136	opt0
E4035	E4035.2@C0	E4035.MAP:C11>E4035@106	opt1
E4035	E4035.2@C0	E4035.MAP:C11>E4035@EA	cancel
E4035	E4035.MAP:C11>E4035@EA	END	
E4035	E4035.MAP:C11>E4035@106	END	
E4035	E4035.MAP:C11@136	END	
E4035	E4035.3@14C	E4035.MAP:C11>E4035@17E	
E4035	E4035.MAP:C11>E4035@17E	END	
E4036	ENTRY	END	lflag==1 | lflag==2 | lflag>=3
E4036	ENTRY	E4036.3@14C	flag[167]>=1 & lflag==0 & map==I29
E4036	ENTRY	E4036.1@84	flag[167]==0 & lflag==0 & map==I29
E4036	ENTRY	E4036.0@3E	lflag==0 & map!=I29
E4036	E4036.0@3E	E4036.MAP:I29@54	
E4036	E4036.MAP:I29@54	END	
E4036	E4036.1@84	E4036.2@C0	flag[32]>=1
E4036	E4036.1@84	E4036.MAP:D14>E4036@B0	flag[32]==0
E4036	E4036.MAP:D14>E4036@B0	END	
E4036	E4036.2@C0	E4036.MAP:D14@136	opt0
E4036	E4036.2@C0	E4036.MAP:D14>E4036@106	opt1
E4036	E4036.2@C0	E4036.MAP:D14>E4036@EA	cancel
E4036	E4036.MAP:D14>E4036@EA	END	
E4036	E4036.MAP:D14>E4036@106	END	
E4036	E4036.MAP:D14@136	END	
E4036	E4036.3@14C	E4036.MAP:D14>E4036@17E	
E4036	E4036.MAP:D14>E4036@17E	END	
E4037	ENTRY	E4037.MAP:H05@A4	map==I03
E4037	ENTRY	E4037.MAP:H05@C8	map==I02
E4037	ENTRY	E4037.MAP:H05@EC	map==I01
E4037	ENTRY	E4037.MAP:H05@116	map==I00
E4037	ENTRY	E4037.MAP:I03@84	flag[169]>=1 & map!=I00 & map!=I01 & map!=I02 & map!=I03
E4037	ENTRY	E4037.MAP:I02@78	flag[169]==0 & flag[48]>=1 & hour'>=14 & map!=I00 & map!=I01 & map!=I02 & map!=I03
E4037	ENTRY	E4037.MAP:I01@6C	flag[169]==0 & flag[48]>=1 & hour'<14 & map!=I00 & map!=I01 & map!=I02 & map!=I03
E4037	ENTRY	E4037.MAP:I00@52	flag[169]==0 & flag[48]==0 & map!=I00 & map!=I01 & map!=I02 & map!=I03
E4037	E4037.MAP:I00@52	END	
E4037	E4037.MAP:I01@6C	END	
E4037	E4037.MAP:I02@78	END	
E4037	E4037.MAP:I03@84	END	
E4037	E4037.MAP:H05@A4	END	
E4037	E4037.MAP:H05@C8	END	
E4037	E4037.MAP:H05@EC	END	
E4037	E4037.MAP:H05@116	END	
E4038	ENTRY	E4038.0@62	
E4038	E4038.0@62	END	
E4039	ENTRY	E4039.0@10	
E4039	E4039.0@10	END	
E4040	ENTRY	END	
E4041	ENTRY	E4041.1@5A	hour'>=19
E4041	ENTRY	E4041.0@44	hour'<19
E4041	E4041.0@44	END	
E4041	E4041.1@5A	END	
E4042	ENTRY	E4042.3@DC	R'>=30
E4042	ENTRY	E4042.2@B8	R''>=19 & R'<30 & flag[211]>=5
E4042	ENTRY	E4042.1@A2	R''<19 & R'<30 & flag[211]>=5
E4042	ENTRY	E4042.0@58	R'<30 & flag[211]<5
E4042	E4042.0@58	END	
E4042	E4042.1@A2	END	
E4042	E4042.2@B8	END	
E4042	E4042.3@DC	END	
E4044	ENTRY	E4044.MAP:G13@4A	map==I15
E4044	ENTRY	E4044.MAP:I15>E4044@A	map!=I15
E4044	E4044.MAP:I15>E4044@A	END	
E4044	E4044.MAP:G13@4A	END	
E4045	ENTRY	E4045.MAP:A14@3C	map==I23
E4045	ENTRY	E4045.MAP:I23>E4045@10	map!=I23
E4045	E4045.MAP:I23>E4045@10	END	
E4045	E4045.MAP:A14@3C	END	
E4046	ENTRY	E4046.0@20	
E4046	E4046.0@20	END	
E4047	ENTRY	E4047.0@48	
E4047	E4047.0@48	END	
E4048	ENTRY	END	
E4049	ENTRY	E4049.MAP:G04>E4049@4C	map==G05
E4049	ENTRY	END	lflag>=1 & map!=G05
E4049	ENTRY	E4049.MAP:G05@2E	lflag==0 & map!=G05
E4049	E4049.MAP:G05@2E	END	
E4049	E4049.MAP:G04>E4049@4C	END	
E4050	ENTRY	END	
E4051	ENTRY	END	
E4052	ENTRY	END	R<4 | R>=10
E4052	ENTRY	E4052.0@60	R==9
E4052	ENTRY	E4052.1@76	R==8
E4052	ENTRY	E4052.4@C6	R==7
E4052	ENTRY	E4052.5@DC	R==6
E4052	ENTRY	E4052.6@F2	R==5
E4052	ENTRY	E4052.7@108	R==4
E4052	E4052.0@60	END	
E4052	E4052.1@76	END	
E4052	E4052.2@A2	END	
E4052	E4052.3@B4	END	
E4052	E4052.4@C6	END	
E4052	E4052.5@DC	END	
E4052	E4052.6@F2	END	
E4052	E4052.7@108	END	
E4053	ENTRY	END	
E4054	ENTRY	E4054.0@72	lflag>=1
E4054	ENTRY	E4054.MOVIE22:H24>E4054@4A	lflag==0
E4054	E4054.MOVIE22:H24>E4054@4A	END	
E4054	E4054.0@72	END	
E4056	ENTRY	END	map==G03
E4056	ENTRY	E4056.MAP:G03>E4056@A	map!=G03
E4056	E4056.MAP:G03>E4056@A	END	
E4057	ENTRY	E4057.MAP:E02@1A	
E4057	E4057.MAP:E02@1A	END	
E4058	ENTRY	E4058.1@1C8	map==G17
E4058	ENTRY	E4058.0@152	map!=G17
E4058	E4058.0@152	E4058.MAP:G17@17E	
E4058	E4058.MAP:G17@17E	END	
E4058	E4058.1@1C8	E4058.2@1DC	
E4058	E4058.2@1DC	END	
E4059	ENTRY	E4059.1@1C8	map==G17
E4059	ENTRY	E4059.0@152	map!=G17
E4059	E4059.0@152	E4059.MAP:G17@17E	
E4059	E4059.MAP:G17@17E	END	
E4059	E4059.1@1C8	E4059.2@1DC	
E4059	E4059.2@1DC	END	
E4060	ENTRY	E4060.1@1C8	map==G17
E4060	ENTRY	E4060.0@152	map!=G17
E4060	E4060.0@152	E4060.MAP:G17@17E	
E4060	E4060.MAP:G17@17E	END	
E4060	E4060.1@1C8	E4060.2@1DC	
E4060	E4060.2@1DC	END	
E4061	ENTRY	END	
E4062	ENTRY	END	
E4063	ENTRY	END	
E4064	ENTRY	E4064.P16@26	
E4064	E4064.P16@26	E4064.6@A6	flag[1]>=5
E4064	E4064.P16@26	E4064.5@98	flag[1]==4
E4064	E4064.P16@26	E4064.4@8A	flag[1]==3
E4064	E4064.P16@26	E4064.2@72	flag[1]==2
E4064	E4064.P16@26	E4064.0@5A	flag[1]==1
E4064	E4064.P16@26	END	flag[1]==0
E4064	E4064.0@5A	E4064.1@64	
E4064	E4064.1@64	END	
E4064	E4064.2@72	E4064.3@7C	
E4064	E4064.3@7C	END	
E4064	E4064.4@8A	END	
E4064	E4064.5@98	END	
E4064	E4064.6@A6	END	
E4065	ENTRY	END	
E4066	ENTRY	END	
E5000	ENTRY	END	
E5001	ENTRY	END	
E5002	ENTRY	END	
E5003	ENTRY	END	
E5004	ENTRY	END	
E5005	ENTRY	END	
E5006	ENTRY	END	
E5007	ENTRY	END	
E5008	ENTRY	END	
E5009	ENTRY	END	
E5010	ENTRY	END	
E5011	ENTRY	END	
E5012	ENTRY	END	
E5013	ENTRY	END	
E5016	ENTRY	END	
E5017	ENTRY	END	
E5018	ENTRY	END	
E5019	ENTRY	END	
E5020	ENTRY	END	
E5021	ENTRY	END	
E5022	ENTRY	END	
E5023	ENTRY	END	
E5024	ENTRY	END	
E5025	ENTRY	END	
E5026	ENTRY	END	
E5027	ENTRY	END	
E5028	ENTRY	END	
E5029	ENTRY	END	
E5030	ENTRY	END	
E5031	ENTRY	END	
E5032	ENTRY	END	
E5033	ENTRY	END	
E5034	ENTRY	END	
E5035	ENTRY	END	
E5036	ENTRY	END	
E5037	ENTRY	END	
E5038	ENTRY	END	
E5039	ENTRY	END	
E5040	ENTRY	END	
E5041	ENTRY	END	
E5042	ENTRY	END	
E5043	ENTRY	END	
E5044	ENTRY	END	
E5045	ENTRY	END	
E5046	ENTRY	END	
E5047	ENTRY	E5047.0@3C	
E5047	E5047.0@3C	END	
E5048	ENTRY	E5048.0@3C	
E5048	E5048.0@3C	END	
E5049	ENTRY	E5049.0@14	
E5049	E5049.0@14	END	
E5050	ENTRY	E5050.0@3C	
E5050	E5050.0@3C	END	
E5051	ENTRY	END	
E5052	ENTRY	END	
E6000	ENTRY	E6000.0@48	
E6000	E6000.0@48	E6000.1@62	
E6000	E6000.1@62	E6000.2@74	
E6000	E6000.2@74	E6000.3@84	
E6000	E6000.3@84	E6000.4@94	
E6000	E6000.4@94	E6000.5@A4	
E6000	E6000.5@A4	E6000.6@D0	
E6000	E6000.6@D0	E6000.7@EA	
E6000	E6000.7@EA	E6000.8@108	
E6000	E6000.8@108	E6000.9@118	
E6000	E6000.9@118	E6000.10@148	
E6000	E6000.10@148	E6000.11@16E	
E6000	E6000.11@16E	END	
E6001	ENTRY	E6001.0@5A	
E6001	E6001.0@5A	E6001.1@68	
E6001	E6001.1@68	E6001.2@86	
E6001	E6001.2@86	E6001.3@A6	
E6001	E6001.3@A6	E6001.4@B6	
E6001	E6001.4@B6	E6001.5@C0	
E6001	E6001.5@C0	E6001.6@D2	
E6001	E6001.6@D2	E6001.7@E2	
E6001	E6001.7@E2	E6001.8@F2	
E6001	E6001.8@F2	E6001.9@102	
E6001	E6001.9@102	E6001.10@142	
E6001	E6001.10@142	E6001.11@168	
E6001	E6001.11@168	E6001.12@19A	
E6001	E6001.12@19A	E6001.13@1F0	
E6001	E6001.13@1F0	E6001.14@1FE	
E6001	E6001.14@1FE	E6001.15@232	
E6001	E6001.15@232	E6001.16@25A	
E6001	E6001.16@25A	E6001.17@274	
E6001	E6001.17@274	E6001.18@284	
E6001	E6001.18@284	E6001.19@294	
E6001	E6001.19@294	END	
E6002	ENTRY	E6002.0@48	
E6002	E6002.0@48	E6002.1@7E	
E6002	E6002.1@7E	END	
E6003	ENTRY	E6003.0@54	
E6003	E6003.0@54	END	
E6004	ENTRY	E6004.0@48	
E6004	E6004.0@48	E6004.1@58	
E6004	E6004.1@58	E6004.2@72	
E6004	E6004.2@72	E6004.3@84	
E6004	E6004.3@84	E6004.4@94	
E6004	E6004.4@94	E6004.5@9E	
E6004	E6004.5@9E	E6004.6@C8	
E6004	E6004.6@C8	E6004.7@D8	
E6004	E6004.7@D8	E6004.8@E8	
E6004	E6004.8@E8	E6004.9@10C	
E6004	E6004.9@10C	E6004.10@120	
E6004	E6004.10@120	E6004.11@12C	
E6004	E6004.11@12C	E6004.12@140	opt0
E6004	E6004.11@12C	E6004.33@4E6	opt1
E6004	E6004.12@140	E6004.13@150	
E6004	E6004.13@150	E6004.14@16A	
E6004	E6004.14@16A	E6004.15@1E0	
E6004	E6004.15@1E0	E6004.16@200	
E6004	E6004.16@200	E6004.17@21C	
E6004	E6004.17@21C	E6004.18@22C	
E6004	E6004.18@22C	E6004.19@270	
E6004	E6004.19@270	E6004.20@2B2	
E6004	E6004.20@2B2	E6004.21@2CC	
E6004	E6004.21@2CC	E6004.22@2DC	
E6004	E6004.22@2DC	E6004.23@330	
E6004	E6004.23@330	E6004.24@354	
E6004	E6004.24@354	E6004.25@36A	
E6004	E6004.25@36A	E6004.26@37A	
E6004	E6004.26@37A	E6004.27@3B2	
E6004	E6004.27@3B2	E6004.28@3D6	
E6004	E6004.28@3D6	E6004.29@428	
E6004	E6004.29@428	E6004.30@438	
E6004	E6004.30@438	E6004.31@458	
E6004	E6004.31@458	E6004.32@468	
E6004	E6004.32@468	END	
E6004	E6004.33@4E6	E6004.34@4F6	
E6004	E6004.34@4F6	E6004.35@506	
E6004	E6004.35@506	E6004.36@516	
E6004	E6004.36@516	E6004.37@526	
E6004	E6004.37@526	E6004.38@536	
E6004	E6004.38@536	E6004.39@550	
E6004	E6004.39@550	E6004.40@560	
E6004	E6004.40@560	END	
E6005	ENTRY	E6005.1@D8	flag[82]>=1
E6005	ENTRY	E6005.0@5C	flag[82]==0
E6005	E6005.0@5C	END	
E6005	E6005.1@D8	END	flag[89]<2 & flag[90]==0 | flag[90]>=1
E6005	E6005.1@D8	E6005.2@1C0	flag[89]>=2 & flag[90]==0
E6005	E6005.2@1C0	E6005.3@1F6	
E6005	E6005.3@1F6	END	
E6100	ENTRY	E6100.0@32	
E6100	E6100.0@32	E6100.1@4C	
E6100	E6100.1@4C	E6100.2@6A	
E6100	E6100.2@6A	E6100.3@7A	
E6100	E6100.3@7A	E6100.4@8A	
E6100	E6100.4@8A	E6100.5@9A	
E6100	E6100.5@9A	E6100.6@BC	
E6100	E6100.6@BC	E6100.7@F8	
E6100	E6100.7@F8	E6100.8@146	
E6100	E6100.8@146	E6100.9@164	
E6100	E6100.9@164	E6100.10@194	
E6100	E6100.10@194	END	
E6101	ENTRY	E6101.0@52	
E6101	E6101.0@52	E6101.1@70	
E6101	E6101.1@70	E6101.2@FE	
E6101	E6101.2@FE	E6101.3@11E	
E6101	E6101.3@11E	E6101.4@12E	
E6101	E6101.4@12E	E6101.5@138	
E6101	E6101.5@138	E6101.6@14A	
E6101	E6101.6@14A	E6101.7@15A	
E6101	E6101.7@15A	E6101.8@16A	
E6101	E6101.8@16A	E6101.9@17A	
E6101	E6101.9@17A	E6101.10@1BA	
E6101	E6101.10@1BA	E6101.11@1E0	
E6101	E6101.11@1E0	E6101.12@212	
E6101	E6101.12@212	E6101.13@268	
E6101	E6101.13@268	E6101.14@276	
E6101	E6101.14@276	E6101.15@2AA	
E6101	E6101.15@2AA	E6101.16@2D2	
E6101	E6101.16@2D2	E6101.17@2EC	
E6101	E6101.17@2EC	E6101.18@306	
E6101	E6101.18@306	E6101.19@37E	
E6101	E6101.19@37E	END	
E6102	ENTRY	E6102.0@38	
E6102	E6102.0@38	E6102.1@62	
E6102	E6102.1@62	END	
E6103	ENTRY	E6103.0@48	
E6103	E6103.0@48	END	
E6104	ENTRY	E6104.0@32	
E6104	E6104.0@32	E6104.1@3C	
E6104	E6104.1@3C	E6104.2@60	
E6104	E6104.2@60	E6104.3@72	
E6104	E6104.3@72	E6104.4@82	
E6104	E6104.4@82	E6104.5@92	
E6104	E6104.5@92	E6104.6@B0	
E6104	E6104.6@B0	E6104.7@C0	
E6104	E6104.7@C0	E6104.8@D0	
E6104	E6104.8@D0	E6104.9@F4	
E6104	E6104.9@F4	E6104.10@108	
E6104	E6104.10@108	E6104.11@114	
E6104	E6104.11@114	E6104.12@128	opt0
E6104	E6104.11@114	E6104.33@522	opt1
E6104	E6104.12@128	E6104.13@138	
E6104	E6104.13@138	E6104.14@198	
E6104	E6104.14@198	E6104.15@1FC	
E6104	E6104.15@1FC	E6104.16@21C	
E6104	E6104.16@21C	E6104.17@238	
E6104	E6104.17@238	E6104.18@248	
E6104	E6104.18@248	E6104.19@2A2	
E6104	E6104.19@2A2	E6104.20@2E4	
E6104	E6104.20@2E4	E6104.21@2FE	
E6104	E6104.21@2FE	E6104.22@30E	
E6104	E6104.22@30E	E6104.23@378	
E6104	E6104.23@378	E6104.24@39C	
E6104	E6104.24@39C	E6104.25@3B2	
E6104	E6104.25@3B2	E6104.26@3C2	
E6104	E6104.26@3C2	E6104.27@3FA	
E6104	E6104.27@3FA	E6104.28@41E	
E6104	E6104.28@41E	E6104.29@470	
E6104	E6104.29@470	E6104.30@480	
E6104	E6104.30@480	E6104.31@4A0	
E6104	E6104.31@4A0	E6104.32@4B0	
E6104	E6104.32@4B0	END	
E6104	E6104.33@522	E6104.34@540	
E6104	E6104.34@540	E6104.35@556	
E6104	E6104.35@556	E6104.36@566	
E6104	E6104.36@566	E6104.37@580	
E6104	E6104.37@580	E6104.38@590	
E6104	E6104.38@590	E6104.39@5B4	
E6104	E6104.39@5B4	E6104.40@5CC	
E6104	E6104.40@5CC	END	
E6105	ENTRY	E6105.1@C6	flag[82]>=1
E6105	ENTRY	E6105.0@50	flag[82]==0
E6105	E6105.0@50	END	
E6105	E6105.1@C6	END	flag[89]<2 & flag[90]==0 | flag[90]>=1
E6105	E6105.1@C6	E6105.2@1BE	flag[89]>=2 & flag[90]==0
E6105	E6105.2@1BE	E6105.3@1F4	
E6105	E6105.3@1F4	END	
E7000	ENTRY	END	
E8000	ENTRY	E8000.0@16	
E8000	E8000.0@16	END	
E8001	ENTRY	E8001.0@16	
E8001	E8001.0@16	END	
E8002	ENTRY	E8002.0@16	
E8002	E8002.0@16	END	
E8003	ENTRY	E8003.0@1C	
E8003	E8003.0@1C	END	
E8004	ENTRY	E8004.0@16	
E8004	E8004.0@16	END	
E8005	ENTRY	E8005.0@16	
E8005	E8005.0@16	END	
E8006	ENTRY	E8006.0@16	
E8006	E8006.0@16	END	
E8007	ENTRY	E8007.0@16	
E8007	E8007.0@16	END	
E8009	ENTRY	E8009.0@1C	
E8009	E8009.0@1C	END	
E8010	ENTRY	E8010.0@16	
E8010	E8010.0@16	END	
E8011	ENTRY	E8011.0@12	
E8011	E8011.0@12	END	
E8012	ENTRY	E8012.0@1C	
E8012	E8012.0@1C	END	
E8013	ENTRY	E8013.0@20	
E8013	E8013.0@20	END	
E8014	ENTRY	E8014.0@1C	
E8014	E8014.0@1C	END	
E8015	ENTRY	E8015.0@1C	
E8015	E8015.0@1C	END	
E8016	ENTRY	E8016.0@26	
E8016	E8016.0@26	END	
E8017	ENTRY	E8017.0@1C	
E8017	E8017.0@1C	END	
E8018	ENTRY	E8018.0@1C	
E8018	E8018.0@1C	END	
E8019	ENTRY	E8019.0@20	
E8019	E8019.0@20	END	
E8020	ENTRY	E8020.0@1C	
E8020	E8020.0@1C	END	
E8021	ENTRY	E8021.0@22	
E8021	E8021.0@22	END	
E8022	ENTRY	E8022.0@22	
E8022	E8022.0@22	END	
E8023	ENTRY	E8023.0@22	
E8023	E8023.0@22	END	
E8024	ENTRY	E8024.0@22	
E8024	E8024.0@22	END	
E8025	ENTRY	E8025.0@22	
E8025	E8025.0@22	END	
E8026	ENTRY	E8026.0@18	
E8026	E8026.0@18	E8026.1@2A	
E8026	E8026.1@2A	END	
E8027	ENTRY	E8027.0@1E	
E8027	E8027.0@1E	E8027.1@30	
E8027	E8027.1@30	END	
E8028	ENTRY	E8028.0@1E	
E8028	E8028.0@1E	E8028.1@30	
E8028	E8028.1@30	END	
E8029	ENTRY	E8029.0@1E	
E8029	E8029.0@1E	E8029.1@30	
E8029	E8029.1@30	END	
E8050	ENTRY	E8050.0@16	
E8050	E8050.0@16	END	
E8051	ENTRY	E8051.0@1C	
E8051	E8051.0@1C	END	
E8052	ENTRY	E8052.0@1C	
E8052	E8052.0@1C	END	
E8053	ENTRY	E8053.0@16	
E8053	E8053.0@16	END	
E8054	ENTRY	E8054.0@E	
E8054	E8054.0@E	END	
E8055	ENTRY	E8055.0@24	day'<26 & flag[113]==0 | day'>=26
E8055	ENTRY	E8055.1@44	day'<26 & flag[113]>=1
E8055	E8055.0@24	END	
E8055	E8055.1@44	END	
E8056	ENTRY	E8056.0@22	
E8056	E8056.0@22	END	
E8057	ENTRY	E8057.0@E	
E8057	E8057.0@E	END	
E8058	ENTRY	E8058.0@E	
E8058	E8058.0@E	END	
E8059	ENTRY	E8059.0@1C	
E8059	E8059.0@1C	END	
E8060	ENTRY	E8060.0@1C	
E8060	E8060.0@1C	END	
E8061	ENTRY	E8061.0@1C	
E8061	E8061.0@1C	END	
E8062	ENTRY	E8062.0@1C	
E8062	E8062.0@1C	END	
E8063	ENTRY	E8063.0@E	
E8063	E8063.0@E	END	
E8064	ENTRY	E8064.0@22	
E8064	E8064.0@22	END	
E8065	ENTRY	E8065.0@22	
E8065	E8065.0@22	END	
E8066	ENTRY	E8066.0@E	
E8066	E8066.0@E	END	
