event	copies	in_ev	map_bases	time_slots	maps	triggers	day	meal_hour	condition	cast_slot/model	messages	voiced_nodes	play_order	speakers	unreachable	chains
E0001	11		G14,I16	012	G14000,G14002,G14003,G14100,G14102,G14200,G14201,G14202,I16000,I16100,I16200	auto=3 examine:z0=8				0/3	1	1	MAP:I16 0:XAMSG:NARR:s255:0001_00 MAP:G14	NARR=1		MAP>I16 MAP>G14
E0002	2		H16	2	H16200,H16201	zone:z0=2			(hour>=19 & day!=5)	1/0 1/1	4	3	0:XAMSG:OJI:s1:0002_00 1:XAMSG:OJI:s1:0002_01 2:SELECT:SELECT 3:XAMSG:OJI:s1:0002_02	OJI=3		
E0003	18		H26	01	H26000,H26001,H26002,H26003,H26004,H26005,H26006,H26007,H26008,H26009,H26010,H26011,H26100,H26101,H26104,H26105,H26108,H26109	examine:z0=18			(hour<18)	0/1 0/2 1/6	3	2	0:MSG:BOKU 1:XAMSG:OJI:s1:0003_00 2:XAMSG:OJI:s1:0003_01	OJI=2 BOKU=1		
E0004	2		A01	01	A01000,A01100	examine:z0=2				0/2 0/8	1	1	MOVIE22:A01>E0004 0:XAMSG:BOKU:s0:0004_00	BOKU=1		MOVIE22>A01>E0004
E0006	6	EV	G02	0	G02001,G02002,G02003,G02004,G02005	auto=5		7	(hour==7)	0/7 1/6 2/3 3/6 4/6	2	2	0:XAMSG:OJI:s1:0006_00 1:XAMSG:SHI+MOE+BOKU+OBA:s12:0006_01 MAP:G02	OJI=1 SHI+MOE+BOKU+OBA=1		MAP>G02
E0007	1		G02	0	G02000	auto=1		8	(hour==8 & lflag==0)	1/0 2/0 3/0 4/0 0/7 1/9 2/5 3/7 4/7	2	2	0:XAMSG:OJI:s1:0007_00 1:XAMSG:SHI+MOE+BOKU+OBA:s12:0007_01	OJI=1 SHI+MOE+BOKU+OBA=1		
E0009	10		G02	1	G02106,G02107,G02108,G02109,G02110,G02111,G02112,G02113,G02114,G02115	auto=10		18	(hour==18)	0/7 1/6 2/3 3/6 4/6	2	2	0:XAMSG:OJI:s1:0009_00 1:XAMSG:SHI+MOE+BOKU+OBA:s12:0009_01 MOVIE20:G02	OJI=1 SHI+MOE+BOKU+OBA=1		MOVIE20>G02
E0010	2	EV	G02	2	G02200	auto=1		19	(hour==19 & lflag==0)	1/0 2/0 3/0 4/0 0/7 1/9 2/5 3/7 4/7	2	2	0:XAMSG:OJI:s1:0010_00 1:XAMSG:SHI+MOE+BOKU+OBA:s12:0010_01	OJI=1 SHI+MOE+BOKU+OBA=1		
E0020	2		G04,G05	2	G04200,G05200	auto=1 examine:z0=1			((hour>18 & day!=21) | (hour>19 & day==21))	0/3	2	1	0:SELECT:SELECT 1:XA:VOICE:s255 MAP:G05 MAP:G04>E0020			MAP>G05 MAP>G04>E0020
E0022	9		G01	012	G01000,G01003,G01004,G01100,G01102,G01103,G01200,G01201,G01202	examine:z0=9				0/3	1	0	0:SELECT:SELECT			
E0023	5		G14	2	G14200,G14201,G14202,G14204,G14205	talk:MONK=5			(lflag==1)	0/1 1/1	2	2	0:XAMSG:OJI:s1:0017_00 1:XAMSG:BOKU:s0:0017_01	OJI=1 BOKU=1		
E0103	1		G02	1	G02111	auto=1	1	18	(hour==18)	0/7 1/6 2/3 3/6 4/6	3	3	0:XAMSG:OJI:s1:0103_00 1:XAMSG:SHI+MOE+OBA:s13:0103_01 2:XAMSG:BOKU:s0:0103_02 MOVIE20:G02	OJI=1 SHI+MOE+OBA=1 BOKU=1		MOVIE20>G02
E0104	2	EV	G02	2	G02200	auto=1	1	19	(lflag==0 & hour==19)	1/0 2/0 3/0 4/0 0/7 1/6 2/3 3/6 4/6	6	6	0:XAMSG:OJI:s1:0104_00 1:XAMSG:SHI+MOE+OBA:s13:0104_01 2:XAMSG:BOKU:s0:0104_02 3:XAMSG:OJI:s1:0104_03 4:XAMSG:BOKU:s0:0104_04 5:XAMSG:OJI:s1:0104_05	OJI=3 BOKU=2 SHI+MOE+OBA=1		
E0107	5		G14,I19	02	G14200,G14201,G14202,G14205,I19000	auto=1 examine:z1=4	1		(flag[3]==0)	0/3	3	3	0:XAMSG:BOKU:s0:0107_00 MAP:I19 2:XAMSG:NARR:s255:0107_02 1:XAMSG:NARR:s255:0107_01 MAP:G14>E0107	NARR=2 BOKU=1		MAP>I19 MAP>G14>E0107
E0112	2	EV	G01	1	G01103	talk:OJI=1	1		(hour>14 & hour<18)	0/3 1/3	6	5	0:XAMSG:OJI:s1:0112_00 1:SELECT:SELECT 2:XAMSG:OJI:s1:0112_01 3:XAMSG:BOKU:s0:0112_02 4:XAMSG:OJI:s1:0112_03 5:XAMSG:OJI:s1:0112_04	OJI=4 BOKU=1		
E0113	2	EV	G01	2	G01200	talk:OJI=1	1		(hour>=19)	0/3 1/3 4/4	8	8	0:XAMSG:OJI:s1:0113_00 1:XAMSG:OJI:s1:0113_01 2:XAMSG:BOKU:s0:0113_02 3:XAMSG:OBA:s2:0113_03 4:XAMSG:BOKU:s0:0113_04 5:XAMSG:OJI:s1:0113_05 6:XAMSG:OJI:s1:0113_06 7:XAMSG:OBA:s2:0113_07	OJI=4 BOKU=2 OBA=2		
E0114	1		G07	1	G07100	auto=1	1		(lflag==0)	0/3 0/2 1/1	10	10	0:XAMSG:OJI:s1:0114_00 1:XAMSG:OJI:s1:0114_01 2:XAMSG:BOKU:s0:0114_02 3:XAMSG:OJI:s1:0114_03 4:XAMSG:BOKU:s0:0114_04 5:XAMSG:OJI:s1:0114_05 6:XAMSG:BOKU:s0:0114_06 7:XAMSG:OJI:s1:0114_07 8:XAMSG:BOKU:s1:0114_08 9:XAMSG:NARR:s255:0114_09	OJI=5 BOKU=4 NARR=1		
E0121	7		G03	01	G03000,G03001,G03003,G03004,G03100,G03102,G03103	talk:OBA=7	1		(hour>=14 & hour<=17 & lflag==0)	0/3 2/7	8	8	0:XAMSG:OBA:s2:0121_00 1:XAMSG:BOKU:s0:0121_01 2:XAMSG:OBA:s2:0121_02 3:XAMSG:BOKU:s0:0121_03 4:XAMSG:OBA:s2:0121_04 5:XAMSG:OBA:s2:0121_05 6:XAMSG:BOKU:s0:0121_06 7:XAMSG:OBA:s2:0121_07	OBA=5 BOKU=3		
E0122	3	EV	G01	2	G01200,G01201	talk:OBA=2	1		(hour>=19 & lflag==0)	0/3 2/2	1	1	0:XAMSG:OBA:s2:0122_00	OBA=1		
E0140	3	EV	H09	01	H09000,H09100	talk:SHI=2	1		(hour<18)	0/1 4/1 4/4 4/8	12	11	0:XAMSG:BOKU:s0:0140_00 1:XAMSG:SHI:s4:0140_01 2:XAMSG:BOKU:s0:0140_02 3:XAMSG:SHI:s4:0140_03 4:XAMSG:BOKU:s0:0140_04 5:XAMSG:SHI:s4:0140_05 6:XAMSG:BOKU:s0:0140_06 7:XAMSG:SHI:s4:0140_07 8:XAMSG:SHI:s4:0140_08 9:XAMSG:BOKU:s0:0140_09 10:XAMSG:BOKU:s0:0140_10 11:MSG:SHI	BOKU=6 SHI=6		
E0141	2	EV	G06	2	G06200	talk:SHI=1	1		(hour>=19)	0/3 4/4	4	4	0:XAMSG:BOKU:s0:0141_00 1:XAMSG:SHI:s4:0141_01 2:XAMSG:SHI:s4:0141_02 3:XAMSG:SHI:s4:0141_03	SHI=3 BOKU=1		
E0171	1		H02	0	H02001	auto=1	1		(lflag==0)	0/1 1/0 2/0 3/1 4/1 9/0	4	4	0:XAMSG:FATHER:s9:0106_00 1:XAMSG:FATHER:s9:0106_01 2:XAMSG:FATHER:s9:0106_02 3:XAMSG:BOKU:s0:0106_03 MAP:I32	FATHER=3 BOKU=1		MAP>I32
E0172	1		I32	0	I32000	auto=1	1		(flag[255]==2)		0	0	MAP:H03			MAP>H03
E0173	2		H01	0	H01000,H01001	auto=2	1		(flag[255]==3)	0/1 1/1 2/1 3/1 4/1 9/0	1	1	0:XAMSG:BOKU:s0:0106_04 MAP:H03	BOKU=1		MAP>H03
E0174	2		H03	0	H03000,H03001	auto=2	1		(flag[255]==4)	0/1 1/1 2/1 3/1 4/1 9/0	2	2	0:XAMSG:BOKU:s0:0106_04 1:XAMSG:OJI:s1:0106_05 MAP:I31	BOKU=1 OJI=1		MAP>I31
E0175	1		I31	0	I31000	auto=1	1		(flag[255]==5)	1/1 2/0 3/0 4/1 9/0	1	1	0:XAMSG:OJI:s1:0106_06 MAP:H02	OJI=1		MAP>H02
E0176	1		H02	0	H02001	auto=1	1		(flag[255]==6)	0/1 1/1 2/1 3/1 4/0 9/0	1	1	0:XAMSG:OJI:s1:0106_07 MAP:I31	OJI=1		MAP>I31
E0177	1		I31	0	I31000	auto=1	1		(flag[255]==7)	0/1 1/1 2/0 3/1 4/1 9/0	3	3	0:XAMSG:MOE:s3:0106_08 1:XAMSG:SHI:s4:0106_09 2:XAMSG:SHI:s4:0106_10 MAP:H03	SHI=2 MOE=1		MAP>H03
E0178	2		H03	0	H03000,H03001	auto=2	1		(flag[255]==8)	1/0 2/0 3/1 4/1 9/0	0	0	MAP:I31			MAP>I31
E0179	1		I31	0	I31000	auto=1	1		(flag[255]==9)	1/0 2/0 3/0 4/1	2	2	0:XAMSG:SHI:s4:0106_09 1:XAMSG:SHI:s4:0106_10 MAP:H01	SHI=2		MAP>H01
E0180	2		H01	0	H01000,H01001	auto=2	1		(flag[255]==10)	0/1 1/1 2/1 3/1 4/1 9/0	1	1	0:XAMSG:NARR:s255:0106_11 MAP:H03	NARR=1		MAP>H03
E0181	2		H03	0	H03000,H03001	auto=2	1		(flag[255]==11)	0/1 1/1 2/1 3/0 4/0 9/0	1	1	0:XAMSG:OBA:s2:0106_12 MAP:I31	OBA=1		MAP>I31
E0182	1		I31	0	I31000	auto=1	1		(flag[255]==12)	0/1 1/0 2/1 3/0 4/0 9/0	1	1	0:XAMSG:OBA:s2:0106_13 MOVIE26:G13	OBA=1		MOVIE26>G13
E0183	1		G13	1	G13100	auto=1	1		(flag[255]==13 & lflag==0)	2/1	1	1	0:XAMSG:OBA:s2:0106_14 MAP:G14	OBA=1		MAP>G14
E0184	1		G14	1	G14100	auto=1	1		(flag[255]==14 & lflag==0)	0/3 0/4 2/1	4	4	0:XAMSG:OBA:s2:0106_15 1:XAMSG:BOKU:s0:0106_16 2:XA:VOICE:s255 3:XAMSG:BOKU:s0:0106_17 MAP:G13	BOKU=2 OBA=1		MAP>G13
E0185	1		G13	1	G13100	auto=1	1		(flag[255]==15 & lflag==0)	2/1	1	1	0:XAMSG:OBA:s2:0106_18 MAP:G14	OBA=1		MAP>G14
E0186	1		G14	1	G14100	auto=1	1		(flag[255]==16 & lflag==0)		0	0				
E0190	2		A19	01	A19000,A19100	auto=2	1			0/3 1/1	1	1	0:XAMSG:OJI:s1:0008_00 MAP:G02 MAP:G01	OJI=1		MAP>G02 MAP>G01
E0202	2	EV	G02	0	G02000	auto=1	2	8	(lflag==0 & hour==8)	1/0 2/0 3/0 4/0 0/7 1/6 2/3 3/6 4/6	9	8	0:XAMSG:OJI:s1:0007_00 1:XAMSG:SHI+MOE+BOKU+OBA:s12:0007_01 2:XAMSG:OBA:s2:0202_00 3:SELECT:SELECT 4:XAMSG:OBA:s2:0202_01 5:XAMSG:OJI:s1:0202_02 6:XA:VOICE:s255 7:XAMSG:OBA:s2:0202_03 8:XAMSG:NARR:s255:0202_04	OBA=3 OJI=2 SHI+MOE+BOKU+OBA=1 NARR=1		
E0204	2	EV	G02	2	G02200	auto=1	2	19	(lflag==0 & hour==19)	1/0 2/0 3/0 4/0 0/7 1/6 2/3 3/6 4/6	5	5	0:XAMSG:OJI:s1:0010_00 1:XAMSG:SHI+MOE+BOKU+OBA:s12:0010_01 2:XAMSG:OJI:s1:0204_00 3:XAMSG:OJI:s1:0204_01 4:XAMSG:NARR:s255:0204_02	OJI=3 SHI+MOE+BOKU+OBA=1 NARR=1		
E0205	2		A13	01	A13000,A13100	examine:z0=2			(flag[10]==1 & flag[154]==0 & flag[11]==0 & day>=1)	0/1 0/2 0/8	3	3	0:XAMSG:BOKU:s0:0605_01 1:XAMSG:NARR:s255:0205_00 2:XAMSG:BOKU:s0:0807_04 MAP:B05	BOKU=2 NARR=1		MAP>B05
E0206	3		A16	01	A16000,A16004,A16100	auto=3			(flag[12]==0 & day>=2)	0/1	2	2	0:XAMSG:BOKU:s0:0206_00 1:XAMSG:BOKU:s0:0206_01	BOKU=2		
E0207	6		H05	012	H05000,H05001,H05002,H05003,H05100,H05200	examine:z0=6			(day>1 & flag[5]==1)	0/1	0	0				
E0210	7	EV	H26	0	H26002,H26003,H26006,H26007,H26010,H26011	talk:OJI=6	2		(hour<16)	0/1 0/3 1/6	8	8	0:XAMSG:OJI:s1:0210_00 1:XAMSG:OJI:s1:0210_01 2:XAMSG:OJI:s1:0210_02 3:XAMSG:BOKU:s0:0210_03 4:XAMSG:OJI:s1:0210_04 5:XAMSG:BOKU:s0:0210_05 6:XAMSG:OJI:s1:0210_06 7:XAMSG:OJI:s1:0210_07	OJI=6 BOKU=2		
E0212	2	EV	G01	1	G01103	talk:OJI=1	2		(hour>15 & hour<18)	0/3 1/3	2	2	0:XAMSG:OJI:s1:0212_01 1:XAMSG:OJI:s1:0212_00	OJI=2		
E0213	2	EV	G01	2	G01200	talk:OJI=1	2		(hour>=19)	0/3 1/3 2/2	8	8	0:XAMSG:BOKU:s0:0213_00 1:XAMSG:OJI:s1:0213_01 2:XAMSG:BOKU:s0:0213_02 3:XAMSG:OJI:s1:0213_03 4:XAMSG:OBA:s2:0213_04 5:XAMSG:OBA:s2:0213_05 6:XAMSG:BOKU:s0:0213_06 7:XAMSG:OJI:s1:0213_07	BOKU=3 OJI=3 OBA=2		
E0220	3	EV	H06	0	H06000,H06001	talk:OBA=2	2		(hour<14)	0/1 2/1	10	10	0:XAMSG:OBA:s2:0220_00 1:XAMSG:BOKU:s0:0220_01 2:XAMSG:OBA:s2:0220_02 3:XAMSG:BOKU:s0:0220_03 4:XAMSG:OBA:s2:0220_04 5:XAMSG:BOKU:s0:0220_05 6:XAMSG:OBA:s2:0220_06 7:XAMSG:OBA:s2:0220_07 8:XAMSG:OBA:s2:0220_09 9:XAMSG:OBA:s2:0220_08	OBA=7 BOKU=3		
E0221	6		G03	01	G03000,G03001,G03003,G03004,G03102,G03103	talk:OBA=6			((hour>=14 & hour<=17 & day!=4 & day!=3 & day!=15 & day!=30) | (day==3 & hour>15 & hour<18) | (day==4 & flag[21]>0))	0/3 2/7	32	2	0:XAMSG:OBA:s2:0121_08 P15:NSELECT 1:XAMSG:OBA:s2:0121_09	OBA=2	native:2,3,4,5,6,7,8,9,10,11,12,13,14,15,16,17,18,19,20,21,22,23,24,25,26,27,28,29,30,31	
E0240	3	EV	H09	01	H09000,H09100	talk:SHI=2	2		(hour<18)	0/1 4/8	7	5	0:XAMSG:SHI:s4:0240_00 1:MSG:BOKU 2:XAMSG:SHI:s4:0240_02 3:XAMSG:BOKU:s0:0240_03 4:XAMSG:SHI:s4:0240_04 5:XAMSG:SHI:s4:0240_05 6:MSG:BOKU	SHI=4 BOKU=3		
E0241	2	EV	G06	2	G06200	talk:SHI=1	2		(hour>=19)	0/3 4/4	4	4	0:XAMSG:SHI:s4:0241_00 1:XAMSG:BOKU:s0:0241_01 2:XAMSG:SHI:s4:0241_02 3:XAMSG:SHI:s4:0241_03	SHI=3 BOKU=1		
E0254	2		A17	01	A17000,A17100	auto=2			(day>1 & day<5 & flag[9]==0)	0/1	1	1	0:XAMSG:NARR:s255:0254_00	NARR=1		
E0255	7		A18,I04	01	A18001,A18101,I04000	auto=1 examine:z0=2 examine:z1=2 examine:z2=2			(day>1 & day<5 & flag[9]==1)	0/1	2	2	0:XAMSG:BOKU:s0:0255_00 MAP:I04 1:XAMSG:NARR:s255:0255_01 MAP:A18>E0255 MAP:I04 MAP:A18>E0255	BOKU=1 NARR=1		MAP>I04 MAP>A18>E0255 MAP>I04 MAP>A18>E0255
E0301	1		G02	0	G02003	auto=1	3	7	(hour==7)	0/7 1/6 2/3 3/6 4/6	7	7	0:XAMSG:OJI:s1:0301_00 1:XAMSG:BOKU:s0:0301_01 2:XAMSG:OJI:s1:0301_02 3:XAMSG:OJI:s1:0301_03 4:XAMSG:BOKU:s0:0301_04 5:XAMSG:OJI:s1:0006_00 6:XAMSG:SHI+MOE+BOKU+OBA:s12:0006_01 MAP:G02	OJI=4 BOKU=2 SHI+MOE+BOKU+OBA=1		MAP>G02
E0302	2	EV	G02	0	G02000	auto=1	3	8	(hour==8 & lflag==0)	1/0 2/0 3/0 4/0 0/7 1/6 2/3 3/6 4/6	8	8	0:XAMSG:OJI:s1:0007_00 1:XAMSG:SHI+MOE+BOKU+OBA:s12:0007_01 2:XAMSG:OBA:s2:0302_00 3:XAMSG:BOKU:s0:0302_01 4:XAMSG:OBA:s2:0302_02 5:XAMSG:OJI:s1:0302_03 6:XA:VOICE:s255 7:XAMSG:OJI:s1:0302_04	OJI=3 OBA=2 SHI+MOE+BOKU+OBA=1 BOKU=1		
E0303	1		G02	1	G02107	auto=1	3	18	(hour==18)	0/7 1/6 2/3 3/6 4/6	9	9	0:XAMSG:OJI:s1:0303_00 1:XAMSG:BOKU:s0:0303_01 2:XAMSG:SHI:s4:0303_02 3:XAMSG:OJI:s1:0303_03 4:XAMSG:BOKU:s0:0303_04 5:XAMSG:OBA:s2:0303_05 6:XAMSG:OJI:s1:0303_06 7:XAMSG:OJI:s1:0009_00 8:XAMSG:SHI+MOE+BOKU+OBA:s12:0009_01 MOVIE20:G02	OJI=4 BOKU=2 SHI=1 OBA=1 SHI+MOE+BOKU+OBA=1		MOVIE20>G02
E0304	2	EV	G02	2	G02200	auto=1	3	19	(hour==19 & lflag==0)	1/0 2/0 4/0 0/7 1/6 2/3 4/6	2	2	0:XAMSG:OJI:s1:0010_00 1:XAMSG:SHI+MOE+BOKU+OBA:s12:0010_01	OJI=1 SHI+MOE+BOKU+OBA=1		
E0305	4		G06	012	G06000,G06002,G06100,G06200	examine:z0=4	3			0/3	5	5	0:XA:VOICE:s255 1:XA:VOICE:s255 2:XA:VOICE:s255 3:XA:VOICE:s255 4:XA:VOICE:s255			
E0306	2		A09	01	A09000,A09100	auto=2	3		(hour<16 & flag[16]==0)	0/1 2/1 1/1	6	6	0:XAMSG:OBA:s2:0306_00 1:XAMSG:BOKU:s0:0306_01 2:XAMSG:OJI:s1:0306_02 3:XAMSG:OJI:s1:0306_03 4:XAMSG:OBA:s2:0306_04 5:XA:VOICE:s255	OBA=2 OJI=2 BOKU=1		
E0307	3		H18	012	H18001,H18101,H18201	examine:z0=3			(day>=1 & flag[13]==1 & flag[10]==0)	0/1	1	0	0:MSG:NONE	NONE=1		
E0312	2	EV	G01	1	G01103	talk:OJI=1	3		(hour>15 & hour<18)	0/3 1/3	2	2	0:XAMSG:OJI:s1:0312_01 1:XAMSG:OJI:s1:0312_00	OJI=2		
E0313	2	EV	G01	2	G01200	talk:OJI=1	3		(hour>=19)	0/3 1/3	4	3	0:XAMSG:OJI:s1:0313_00 1:SELECT:SELECT 2:XAMSG:OJI:s1:0313_01 3:XAMSG:OJI:s1:0313_02	OJI=3		
E0332	4	EV	G17	2	G17200,G17201,G17202	talk:MOE=3	3		(hour>=19)	0/3 0/4 3/2 3/3	8	8	0:XAMSG:BOKU:s0:0332_00 1:XAMSG:MOE:s3:0332_01 2:XAMSG:BOKU:s0:0332_02 3:XAMSG:MOE:s3:0332_03 4:XAMSG:MOE:s3:0332_04 5:XAMSG:BOKU:s0:0332_05 6:XAMSG:MOE:s3:0332_06 7:XAMSG:MOE:s3:0332_07	MOE=5 BOKU=3		
E0340	3		H04	01	H04000,H04100,H04101	talk:SHI=3	3		(hour<18)	0/1 4/8	12	12	0:XAMSG:SHI:s4:0340_00 1:XAMSG:BOKU:s0:0340_01 2:XAMSG:SHI:s4:0340_02 3:XAMSG:BOKU:s0:0340_03 4:XAMSG:SHI:s4:0340_04 5:XAMSG:BOKU:s0:0340_05 6:XAMSG:SHI:s4:0340_06 7:XAMSG:BOKU:s0:0340_07 8:XAMSG:SHI:s4:0340_08 9:XAMSG:BOKU:s0:0340_09 10:XAMSG:SHI:s4:0340_10 11:XAMSG:SHI:s4:0340_11	SHI=7 BOKU=5		
E0341	2	EV	G06	2	G06200	talk:SHI=1	3		(hour>=19)	0/3 4/4	8	8	0:XAMSG:SHI:s4:0341_00 1:XAMSG:BOKU:s0:0341_01 2:XAMSG:SHI:s4:0341_02 3:XAMSG:BOKU:s0:0341_03 4:XAMSG:SHI:s4:0341_04 5:XAMSG:SHI:s4:0341_05 6:XAMSG:BOKU:s0:0341_06 7:XAMSG:SHI:s4:0341_07	SHI=5 BOKU=3		
E0371	2		A09	01	A09000,A09100	examine:z0=2	3		(flag[133]==0 & flag[131]==0 & hour<16)	0/1	0	0				
E0372	2		A09	01	A09000,A09100	examine:z1=2	3		(flag[134]==0 & flag[131]==0 & hour<16)	0/1	0	0				
E0373	2		A09	01	A09000,A09100	examine:z7=2	3		(flag[135]==0 & flag[131]==0 & hour<16)	0/1	0	0				
E0374	2		A09	01	A09000,A09100	examine:z2=2	3		(flag[136]==0 & flag[131]==0 & hour<16)	0/1	0	0				
E0375	2		A09	01	A09000,A09100	examine:z3=2	3		(flag[137]==0 & flag[131]==0 & hour<16)	0/1	0	0				
E0376	2		A09	01	A09000,A09100	examine:z4=2	3		(flag[138]==0 & flag[131]==0 & hour<16)	0/1	0	0				
E0377	2		A09	01	A09000,A09100	examine:z13=2	3		(flag[139]==0 & flag[131]==0 & hour<16)	0/1	0	0				
E0378	2		A09	01	A09000,A09100	examine:z5=2	3		(flag[140]==0 & flag[131]==0 & hour<16)	0/1	0	0				
E0379	2		A09	01	A09000,A09100	examine:z6=2	3		(flag[141]==0 & flag[131]==0 & hour<16)	0/1	0	0				
E0380	2		A09	01	A09000,A09100	examine:z8=2	3		(flag[142]==0 & flag[131]==0 & hour<16)	0/1	0	0				
E0381	2		A09	01	A09000,A09100	examine:z9=2	3		(flag[143]==0 & flag[131]==0 & hour<16)	0/1	0	0				
E0382	2		A09	01	A09000,A09100	examine:z10=2	3		(flag[144]==0 & flag[131]==0 & hour<16)	0/1	0	0				
E0383	2		A09	01	A09000,A09100	examine:z11=2	3		(flag[145]==0 & flag[131]==0 & hour<16)	0/1	0	0				
E0384	2		A09	01	A09000,A09100	examine:z12=2	3		(flag[131]==1 & hour<16)	0/1 1/1 2/1	2	2	0:XAMSG:OJI:s1:0306_07 1:XAMSG:OBA:s2:0306_08	OJI=1 OBA=1		
E0391	2		A09	01	A09000,A09100	talk:OJI=2	3		(hour<16)	0/1 1/1	2	2	0:XAMSG:OJI:s1:0306_05 1:XAMSG:OJI:s1:0306_09	OJI=2		
E0392	2		A09	01	A09000,A09100	talk:OBA=2	3		(hour<16)	0/1 2/1	2	2	0:XAMSG:OBA:s2:0306_06 1:XAMSG:OBA:s2:0306_10	OBA=2		
E0401	1		G02	0	G02004	auto=1	4	7	(hour==7)	0/7 1/6 2/3 3/6 4/6	7	7	0:XAMSG:SHI:s4:0401_00 1:XAMSG:BOKU:s0:0401_01 2:XAMSG:SHI:s4:0401_02 3:XAMSG:SHI:s4:0401_03 4:XA:VOICE:s255 5:XAMSG:OJI:s1:0006_00 6:XAMSG:SHI+MOE+BOKU+OBA:s12:0006_01 MAP:G02	SHI=3 BOKU=1 OJI=1 SHI+MOE+BOKU+OBA=1		MAP>G02
E0402	2	EV	G02	0	G02000	auto=1	4	8	(hour==8 & lflag==0)	4/1 1/0 2/0 3/0 0/7 1/6 2/3 3/6 4/6	14	14	0:XAMSG:OJI:s1:0007_00 1:XAMSG:SHI+MOE+BOKU+OBA:s12:0007_01 2:XAMSG:BOKU:s0:0402_00 3:XAMSG:SHI:s4:0402_01 4:XAMSG:BOKU:s0:0402_02 5:XAMSG:SHI:s4:0402_03 6:XAMSG:MOE:s3:0402_04 7:XAMSG:SHI:s4:0402_05 8:XAMSG:BOKU:s0:0402_06 9:XAMSG:OBA:s2:0402_07 10:XAMSG:OBA:s2:0402_08 11:XAMSG:MOE:s3:0402_09 12:XAMSG:SHI:s4:0402_10 13:XAMSG:OBA:s2:0402_11 MAP:G17	SHI=4 BOKU=3 OBA=3 MOE=2 OJI=1 SHI+MOE+BOKU+OBA=1		MAP>G17
E0404	2	EV	G02	2	G02200	auto=1	4	19	(hour==19 & lflag==0)	1/0 2/0 3/0 4/0 0/7 1/6 2/3 3/6 4/6	9	7	0:XAMSG:OJI:s1:0010_00 1:XAMSG:SHI+MOE+BOKU+OBA:s12:0010_01 2:XAMSG:OJI:s1:0404_00 3:XAMSG:OBA:s2:0404_01 4:XAMSG:OBA:s2:0404_02 5:XAMSG:BOKU:s0:0404_03 6:SELECT:SELECT 8:XAMSG:OBA:s2:0404_04 7:SELECT:SELECT	OBA=3 OJI=2 SHI+MOE+BOKU+OBA=1 BOKU=1		
E0405	4		A14,D16	01	A14000,A14100,D16000,D16100	auto=4			(day>3 & hour<18 & flag[22]==1 & day!=6)	0/1 6/0	8	8	0:XAMSG:NARR:s255:0405_00 1:XAMSG:BOKU:s0:0405_01 2:XAMSG:GUTS:s6:0405_02 3:XAMSG:BOKU:s0:0405_03 4:XAMSG:NARR:s255:0405_04 MAP:D16 6:XAMSG:GUTS:s6:0405_05 7:XAMSG:NARR:s255:0405_06 5:XA:VOICE:s255 MAP:A14	NARR=3 BOKU=2 GUTS=2		MAP>D16 MAP>A14
E0406	6		G01,I06	02	G01201,I06000,I06001,I06002,I06003,I06004	auto=5 examine:z1=1	4		(hour>18)	0/3 0/5 1/3 2/2 3/4 4/4	15	15	MAP:I06 1:XAMSG:SHI:s4:0406_01 2:XAMSG:OBA:s2:0406_02 3:XAMSG:MOE:s3:0406_03 4:XAMSG:SHI+MOE+BOKU+OBA:s12:0406_04 5:XAMSG:OJI:s1:0406_05 6:XAMSG:BOKU:s0:0406_06 7:XAMSG:BOKU:s0:0406_07 8:XAMSG:OBA:s2:0406_08 9:XAMSG:OBA:s2:0406_09 MAP:I06 11:XAMSG:SHI:s4:0406_11 12:XAMSG:OBA:s2:0406_12 13:XAMSG:SHI+MOE+BOKU+OBA:s12:0406_13 14:XAMSG:BOKU:s0:0406_14 0:XAMSG:BOKU:s0:0406_00 MAP:G01>E0406 10:XAMSG:OBA:s2:0406_10 MAP:G01>E0406	OBA=5 BOKU=4 SHI=2 SHI+MOE+BOKU+OBA=2 MOE=1 OJI=1		MAP>I06 MAP>G01>E0406 MAP>I06 MAP>G01>E0406
E0410	7	EV	H26	0	H26002,H26003,H26006,H26007,H26010,H26011	talk:OJI=6	4		(hour<16)	1/6	2	2	0:XAMSG:OJI:s1:0410_00 1:XAMSG:OJI:s1:0410_01	OJI=2		
E0412	5	EV	G01	12	G01100,G01103,G01200,G01201	talk:OJI=4	4		(hour>=16)	0/3 1/3	2	2	0:XAMSG:OJI:s1:0412_00 1:XAMSG:OJI:s1:0412_01	OJI=2		
E0423	7		G03	01	G03000,G03001,G03003,G03004,G03100,G03102,G03103	talk:OBA=7	4		(flag[21]>0 & lflag==0)	0/3 2/7	1	1	0:XAMSG:OBA:s2:0423_00	OBA=1		
E0433	4	EV	G02	01	G02018,G02021,G02100	talk:MOE=3	4		(flag[17]>0 & hour>=12 & hour<15)	0/3 3/1	2	2	0:XAMSG:MOE:s3:0433_00 1:XAMSG:MOE:s3:0433_01	MOE=2		
E0434	1		G06	2	G06200	talk:MOE=1	4		(hour>=19)	0/3 3/4	2	2	0:XAMSG:MOE:s3:0434_00 1:XAMSG:MOE:s3:0434_01	MOE=2		
E0441	2	EV	G06	2	G06200	talk:SHI=1	4		(hour>18)	0/3 4/4	3	3	0:XAMSG:SHI:s2:0441_00 1:XAMSG:SHI:s2:0441_01 2:XAMSG:SHI:s2:0441_02	SHI=3		
E0442	2		A06	01	A06000,A06100	auto=2	4		(flag[208]>0 & flag[18]==0)	0/1 4/1	16	16	0:XAMSG:SHI:s4:0442_00 1:XAMSG:BOKU:s0:0442_01 2:XAMSG:SHI:s4:0442_02 3:XAMSG:BOKU:s0:0442_03 4:XAMSG:SHI:s4:0442_04 5:XAMSG:BOKU:s0:0442_05 6:XAMSG:SHI:s4:0442_06 7:XAMSG:BOKU:s0:0442_07 8:XAMSG:SHI:s4:0442_08 9:XAMSG:BOKU:s0:0442_09 10:XAMSG:SHI:s4:0442_10 11:XAMSG:BOKU:s0:0442_11 12:XAMSG:SHI:s4:0442_12 13:XAMSG:BOKU:s0:0442_13 14:XAMSG:SHI:s4:0442_14 15:XAMSG:SHI:s4:0442_15	SHI=9 BOKU=7		
E0443	2		A11	01	A11000,A11100	auto=2	4		(flag[18]==1 & flag[19]==0)	0/1 0/2 4/1	9	9	0:XAMSG:SHI:s4:0443_00 1:XA:VOICE:s255 2:XAMSG:SHI:s4:0443_01 3:XAMSG:BOKU:s0:0443_02 4:XAMSG:SHI:s4:0443_03 5:XAMSG:BOKU:s0:0443_04 6:XAMSG:BOKU:s0:0443_05 7:XA:VOICE:s255 8:XAMSG:SHI:s0:0443_06	SHI=4 BOKU=3		
E0444	2		A15	01	A15000,A15100	auto=2	4		(flag[19]==1 & flag[20]==0)	0/1 4/1	11	11	0:XAMSG:SHI:s4:0444_00 1:XAMSG:BOKU:s0:0444_01 2:XAMSG:SHI:s4:0444_02 3:XAMSG:SHI:s4:0444_03 4:XA:VOICE:s255 5:XAMSG:SHI:s4:0444_04 6:XA:VOICE:s255 7:XAMSG:BOKU:s0:0444_05 8:XAMSG:SHI:s4:0444_06 9:XAMSG:BOKU:s0:0444_07 10:XAMSG:SHI:s4:0444_08	SHI=6 BOKU=3		
E0445	2		A03	01	A03000,A03100	auto=2	4		(flag[18]==1 & flag[19]==1 & flag[20]==1 & flag[21]==0)	0/1 2/1 4/1	17	17	0:XAMSG:BOKU:s0:0445_00 1:XAMSG:OBA:s2:0445_01 2:XAMSG:SHI:s4:0445_02 3:XAMSG:BOKU:s0:0445_03 4:XAMSG:OBA:s2:0445_04 5:XAMSG:OBA:s2:0445_05 6:XAMSG:SHI:s4:0445_06 7:XA:VOICE:s255 8:XAMSG:OBA:s2:0445_07 9:XAMSG:SHI:s4:0445_08 10:XAMSG:BOKU:s0:0445_09 11:XAMSG:OBA:s2:0445_10 12:XAMSG:BOKU:s0:0445_11 13:XAMSG:OBA:s2:0445_12 14:XAMSG:SHI:s4:0445_13 15:XAMSG:SHI:s4:0445_14 16:XAMSG:SHI:s4:0445_15	OBA=6 SHI=6 BOKU=4		
E0446	4	EV	G06	012	G06000,G06100,G06200	talk:SHI=3	4		(flag[21]==1)	4/4	1	1	0:XAMSG:SHI:s4:0445_16	SHI=1		
E0471	1		G17	0	G17000	auto=1	4		(hour==8 & lflag==0)	4/1	6	6	0:XAMSG:SHI:s4:0402_12 1:XA:ALL:s11 2:XAMSG:SHI:s4:0402_14 3:XAMSG:SHI:s4:0402_15 4:XAMSG:NARR:s255:0402_16 5:XA:ALL:s11	SHI=3 NARR=1		
E0472	3		G02,I05	0	G02018,G02021,I05000	auto=1 examine:z0=2	4		(flag[17]>0)		0	0	MAP:I05 MAP:G02			MAP>I05 MAP>G02
E0502	2	EV	G02	0	G02000	auto=1	5	8	(lflag==0 & hour==8)	1/0 2/0 3/0 4/0 0/7 1/6 2/3 3/6 4/6	8	8	0:XAMSG:OJI:s1:0007_00 1:XAMSG:SHI+MOE+BOKU+OBA:s12:0007_01 2:XAMSG:OBA:s2:0502_00 3:XAMSG:OJI:s1:0502_01 4:XAMSG:BOKU:s0:0502_02 5:XAMSG:OJI:s1:0502_03 6:XAMSG:BOKU:s0:0502_04 7:XAMSG:NARR:s255:0502_05	OJI=3 BOKU=2 SHI+MOE+BOKU+OBA=1 OBA=1 NARR=1		
E0504	2	EV	G02	2	G02200	auto=1	5	19	(hour==19 & lflag==0)	2/1 3/0 4/0 0/7 3/6 4/6	7	7	0:XA:VOICE:s255 1:XAMSG:OBA:s2:0504_00 2:XAMSG:MOE:s3:0504_01 3:XAMSG:SHI:s4:0504_02 4:XAMSG:OBA:s2:0504_03 5:XAMSG:SHI+MOE+BOKU+OBA:s12:0504_04 6:XAMSG:OBA:s2:0504_05	OBA=3 MOE=1 SHI=1 SHI+MOE+BOKU+OBA=1		
E0505	1		H21	2	H21200	auto=1	5		(flag[26]==0)		0	0				
E0510	7	EV	H26	0	H26002,H26003,H26006,H26007,H26010,H26011	talk:OJI=6	5		(hour<16)	0/1 1/6	6	6	0:XAMSG:BOKU:s0:0510_00 1:XAMSG:OJI:s1:0510_01 2:XAMSG:BOKU:s0:0510_02 3:XAMSG:OJI:s1:0510_03 4:XAMSG:BOKU:s0:0510_04 5:XAMSG:OJI:s1:0510_05	BOKU=3 OJI=3		
E0512	2	EV	G01	1	G01103	talk:OJI=1	5		(hour>15 & hour<18)	0/3 1/3	3	3	0:XAMSG:OJI:s1:0512_00 1:XAMSG:OBA:s2:0512_01 2:XAMSG:OJI:s1:0512_02	OJI=2 OBA=1		
E0520	3	EV	H06	0	H06000,H06001	talk:OBA=2	5		(hour<14)	0/1 0/2 2/1	12	12	0:XAMSG:OBA:s2:0520_10 1:XAMSG:OBA:s2:0520_11 2:XAMSG:OBA:s2:0520_00 3:XAMSG:BOKU:s0:0520_01 4:XAMSG:OBA:s2:0520_02 5:XAMSG:BOKU:s0:0520_03 6:XAMSG:OBA:s2:0520_04 7:XAMSG:BOKU:s0:0520_05 8:XAMSG:OBA:s2:0520_06 9:XAMSG:BOKU:s0:0520_07 10:XAMSG:OBA:s2:0520_08 11:XAMSG:OBA:s2:0520_09	OBA=8 BOKU=4		
E0540	3	EV	H09	01	H09000,H09100	talk:SHI=2	5		(hour<18)	0/1 0/2 4/1 4/4	4	4	0:XAMSG:SHI:s4:0540_03 1:XAMSG:SHI:s4:0540_00 2:XAMSG:BOKU:s0:0540_01 3:XAMSG:SHI:s4:0540_02	SHI=3 BOKU=1		
E0541	2	EV	G06	2	G06200	talk:SHI=1	5		(hour>=19)	0/3 4/4	8	8	0:XAMSG:SHI:s4:0541_00 1:XAMSG:BOKU:s0:0541_01 2:XAMSG:SHI:s4:0541_02 3:XAMSG:BOKU:s0:0541_03 4:XAMSG:SHI:s4:0541_04 5:XAMSG:SHI:s4:0541_07 6:XAMSG:BOKU:s0:0541_05 7:XAMSG:SHI:s4:0541_06	SHI=5 BOKU=3		
E0551	2		A18	01	A18001,A18101	auto=2			(hour<18 & flag[22]==2 & flag[25]==0 & day>4 & day!=15 & day<27)	0/1 6/0 6/1	26	26	0:XAMSG:GUTS:s6:0551_00 1:XAMSG:BOKU:s0:0551_01 2:XAMSG:GUTS:s6:0551_02 3:XAMSG:BOKU:s0:0551_03 4:XAMSG:GUTS:s6:0551_04 5:XAMSG:BOKU:s0:0551_05 6:XAMSG:GUTS:s6:0551_06 7:XAMSG:BOKU:s0:0551_07 8:XAMSG:GUTS:s6:0551_08 9:XAMSG:BOKU:s0:0551_09 10:XAMSG:BOKU:s0:0551_10 11:XAMSG:GUTS:s6:0551_11 12:XAMSG:GUTS:s6:0551_12 13:XAMSG:BOKU:s0:0551_13 14:XAMSG:GUTS:s6:0551_14 15:XAMSG:GUTS:s6:0551_15 16:XAMSG:GUTS:s6:0551_16 17:XAMSG:GUTS:s6:0551_17 18:XAMSG:GUTS:s6:0551_18 19:XAMSG:BOKU:s0:0551_19 20:XAMSG:GUTS:s6:0551_20 21:XAMSG:BOKU:s0:0551_21 22:XAMSG:GUTS:s6:0551_22 23:XAMSG:BOKU:s0:0551_23 24:XAMSG:GUTS:s6:0551_24 25:XAMSG:GUTS:s6:0551_25	GUTS=16 BOKU=10		
E0570	2		A18	01	A18001,A18101	talk:GUTS=2			(hour<18 & flag[25]==1 & day>4 & day!=15 & day<26)	0/1 6/1	1	1	0:XAMSG:GUTS:s6:0551_26	GUTS=1		
E0604	2	EV	G02	2	G02200	auto=1		19	(flag[30]==1 & flag[31]==0 & hour==19 & day>5)	1/0 2/0 3/0 4/0 0/7 1/6 2/3 3/6 4/6	9	9	0:XAMSG:OJI:s1:0010_00 1:XAMSG:SHI+MOE+BOKU+OBA:s12:0010_01 2:XAMSG:BOKU:s0:0604_00 3:XAMSG:OJI:s1:0604_01 4:XAMSG:BOKU:s0:0604_02 5:XAMSG:OBA:s2:0604_03 6:XAMSG:BOKU:s0:0604_04 7:XAMSG:OJI:s1:0604_05 8:XAMSG:BOKU:s0:0604_06	BOKU=4 OJI=3 SHI+MOE+BOKU+OBA=1 OBA=1		
E0605	5		G13,G14	0	G13000,G13001,G14000,G14002,G14003	auto=5	6		(flag[26]==1)	0/15 0/5 4/1	5	5	MAP:G14 3:XAMSG:BOKU:s0:0605_03 4:XAMSG:SHI:s4:0605_04 MAP:G14 0:XAMSG:SHI:s4:0605_00 1:XAMSG:BOKU:s0:0605_01 2:XAMSG:SHI:s4:0605_02 MAP:G13 MAP:G02	SHI=3 BOKU=2		MAP>G14 MAP>G13 MAP>G14 MAP>G02
E0606	3		G06	01	G06000,G06001,G06100	examine:z0=3	6		(hour<18)	0/3	1	1	0:XA:VOICE:s255			
E0607	3		B10,I35	01	B10000,B10100,I35000	auto=3			(day>1 & flag[33]==0)	0/2	3	3	0:XAMSG:BOKU:s0:0607_00 MOVIE18:B10>E0607 MAP:I35 1:XAMSG:NARR:s255:0607_01 2:XAMSG:BOKU:s0:0607_00 MAP:B10	BOKU=2 NARR=1		MOVIE18>B10>E0607 MAP>I35 MAP>B10
E0608	4		B07	01	B07000,B07100	zone:z1=2 zone:z5=2			(flag[30]!=0 & flag[28]==0 & day>0)	0/1	1	1	0:XAMSG:BOKU:s0:0608_00	BOKU=1		
E0609	2		B12	01	B12000,B12100	auto=2			(flag[30]!=0 & flag[29]==0 & day>0)	0/1	1	1	0:XAMSG:BOKU:s0:0608_00	BOKU=1		
E0612	3	EV	G01	12	G01103,G01200	talk:OJI=2	6		(hour>=16)	0/3 1/3	3	3	0:XAMSG:OJI:s1:0612_01 1:XAMSG:OJI:s1:0612_00 2:XAMSG:OJI:s1:0612_02	OJI=3		
E0614	2		A14	01	A14000,A14100	talk:OJI=2	6		(hour<16)	1/1	2	2	0:XAMSG:OJI:s1:0614_00 1:XAMSG:OJI:s1:0614_01	OJI=2		
E0620	3	EV	H06	0	H06000,H06001	talk:OBA=2	6		(hour<14)	0/1 2/1	15	15	0:XAMSG:OBA:s2:0620_14 1:XAMSG:OBA:s2:0620_00 2:XAMSG:BOKU:s0:0620_01 3:XAMSG:OBA:s2:0620_02 4:XAMSG:BOKU:s0:0620_03 5:XAMSG:OBA:s2:0620_04 6:XAMSG:BOKU:s0:0620_05 7:XAMSG:OBA:s2:0620_06 8:XAMSG:BOKU:s0:0620_07 9:XAMSG:OBA:s2:0620_10 10:XAMSG:BOKU:s0:0620_11 11:XAMSG:OBA:s2:0620_12 12:XAMSG:OBA:s2:0620_08 13:XAMSG:BOKU:s0:0620_09 14:XAMSG:OBA:s2:0620_13	OBA=9 BOKU=6		
E0640	3	EV	H09	01	H09000,H09100	talk:SHI=2	6		(hour<18)	0/1 4/8	10	9	0:XAMSG:SHI:s4:0640_00 1:XAMSG:BOKU:s0:0640_01 2:XAMSG:SHI:s4:0640_02 3:XAMSG:BOKU:s0:0640_03 4:XAMSG:SHI:s4:0640_04 5:MSG:BOKU 6:XAMSG:SHI:s4:0640_06 7:XAMSG:BOKU:s0:0640_07 8:XAMSG:SHI:s4:0640_08 9:XAMSG:SHI:s4:0640_09	SHI=6 BOKU=4		
E0641	2	EV	G06	2	G06200	talk:SHI=1	6		(hour>=19)	0/3 4/4	4	4	0:XAMSG:SHI:s4:0641_00 1:XAMSG:BOKU:s0:0641_01 2:XAMSG:SHI:s4:0641_02 3:XAMSG:SHI:s4:0641_03	SHI=3 BOKU=1		
E0650	3	EV	A18	01	A18002,A18102	auto=2			(hour<18 & flag[30]==0 & flag[25]==2 & day!=15 & day<28)	0/1 6/0 6/1 7/0 8/0	19	19	0:XAMSG:MEGANE:s8:0650_00 1:XAMSG:FAT:s7:0650_01 2:XAMSG:GUTS:s6:0650_02 3:XA:GUTS+FAT+MEGANE:s15 4:XAMSG:GUTS:s6:0650_04 5:XAMSG:BOKU:s0:0650_05 6:XAMSG:GUTS:s6:0650_06 7:XAMSG:FAT:s7:0650_07 8:XAMSG:GUTS:s6:0650_08 9:XAMSG:BOKU:s0:0650_09 10:XAMSG:FAT:s7:0650_10 11:XAMSG:GUTS+FAT+MEGANE:s15:0650_11 12:XA:BOKU+GUTS+FAT+MEGANE:s16 13:XAMSG:BOKU:s0:0650_13 14:XAMSG:GUTS:s6:0650_14 15:XAMSG:MEGANE:s8:0650_15 16:XAMSG:BOKU:s0:0650_16 17:XAMSG:GUTS:s6:0650_17 18:XAMSG:BOKU:s0:0650_18	GUTS=6 BOKU=5 FAT=3 MEGANE=2 GUTS+FAT+MEGANE=1		
E0651	3	EV	A18	01	A18002,A18102	talk:GUTS=2			((hour<18 & flag[30]==0 & flag[25]==2 & day!=15 & day<28) | (flag[199]==1 & day>=1))	0/1 6/1 7/0 8/0	11	11	0:XAMSG:GUTS:s6:0650_19 1:XAMSG:BOKU:s0:0650_20 2:XAMSG:GUTS:s6:0650_21 3:XAMSG:GUTS+FAT+MEGANE:s15:0650_22 4:XAMSG:GUTS:s6:0650_23 5:XAMSG:BOKU:s0:0650_24 6:XAMSG:GUTS:s6:0650_25 7:XAMSG:FAT:s7:0650_26 8:XAMSG:MEGANE:s8:0650_27 9:XAMSG:BOKU:s0:0650_28 10:XAMSG:MEGANE:s8:0650_29	GUTS=4 BOKU=3 MEGANE=2 GUTS+FAT+MEGANE=1 FAT=1		
E0652	3	EV	A18	01	A18002,A18102	talk:FAT=2			((hour<18 & flag[30]==0 & flag[25]==2 & day!=15 & day<28) | (flag[199]==1 & day>=1))	0/1 0/2 6/0 7/0 8/0	11	11	0:XAMSG:FAT:s7:0650_30 1:XAMSG:BOKU:s0:0650_31 2:XAMSG:FAT:s7:0650_32 3:XAMSG:BOKU:s0:0650_33 4:XAMSG:FAT:s7:0650_34 5:XAMSG:BOKU:s0:0650_35 6:XAMSG:MEGANE:s8:0650_36 7:XAMSG:BOKU:s0:0650_37 8:XAMSG:FAT:s7:0650_38 9:XAMSG:GUTS:s6:0650_39 10:XAMSG:FAT:s7:0650_40	FAT=5 BOKU=4 MEGANE=1 GUTS=1		
E0653	3	EV	A18	01	A18002,A18102	talk:MEGANE=2			((hour<18 & flag[30]==0 & flag[25]==2 & day!=15 & day<28) | (flag[199]==1 & day>=1))	0/1 6/0 7/0 8/0	4	4	0:XAMSG:MEGANE:s8:0650_41 1:XAMSG:BOKU:s0:0650_42 2:XAMSG:MEGANE:s8:0650_43 3:XAMSG:GUTS+FAT:s17:0650_44	MEGANE=2 BOKU=1 GUTS+FAT=1		
E0670	19		G01,G03,I07	012	G01000,G01003,G01004,G01100,G01102,G01103,G01200,G01201,G01202,G03000,G03001,G03003,G03004,G03100,G03102,G03103,G03200,G03202,I07000	auto=10 examine:z2=9			((day==15 | day==30 | (hour<14 | hour>18)) & flag[30]>0 & flag[32]==0 & (map==G03 | map==I07 | (map==G01 & lflag==1)))	0/3	2	0	MAP:G01 1:MSG:NONE MAP:G03>E0670 0:MSG:NONE MAP:I07	NONE=2		MAP>G01 MAP>I07 MAP>G03>E0670
E0701	6	EV	G02	0	G02001,G02002,G02003,G02004,G02005	auto=5		7	(hour==7 & flag[33]==1 & day>6 & flag[34]==0)	0/7 1/6 2/3 3/6 4/6	9	9	0:XAMSG:BOKU:s0:0701_00 1:XAMSG:MOE:s3:0701_01 2:XAMSG:OJI:s1:0701_02 3:XAMSG:OJI:s1:0701_03 4:XAMSG:BOKU:s0:0701_04 5:XAMSG:OJI:s1:0701_05 6:XAMSG:BOKU:s0:0701_06 7:XAMSG:OJI:s1:0006_00 8:XAMSG:SHI+MOE+BOKU+OBA:s12:0006_01 MAP:G02	OJI=4 BOKU=3 MOE=1 SHI+MOE+BOKU+OBA=1		MAP>G02
E0704	2	EV	G02	2	G02200	auto=1		19	(hour==19 & flag[21]==1 & day>7)	1/0 2/0 3/0 4/0 0/7 1/6 2/3 3/6 4/6	4	4	0:XAMSG:OJI:s1:0010_00 1:XAMSG:SHI+MOE+BOKU+OBA:s12:0010_01 2:XAMSG:OBA:s2:0704_00 3:XAMSG:BOKU:s0:0704_01	OJI=1 SHI+MOE+BOKU+OBA=1 OBA=1 BOKU=1		
E0705	2	EV	G02	2	G02200	auto=1	7	19	(hour==19 & lflag==0)	1/0 2/0 3/0 4/0 0/7 1/6 2/3 3/6 4/6	6	6	0:XAMSG:OJI:s1:0010_00 1:XAMSG:SHI+MOE+BOKU+OBA:s12:0010_01 2:XAMSG:OJI:s1:0705_00 3:XAMSG:OBA:s2:0705_01 4:XAMSG:OJI:s1:0705_02 5:XAMSG:OBA:s2:0705_03	OJI=3 OBA=2 SHI+MOE+BOKU+OBA=1		
E0710	14		H26,I36,I37,I38,I39,I40,I41,I42,I43	0	H26002,H26003,H26006,H26007,H26010,H26011,I36000,I37000,I38000,I39000,I40000,I41000,I42000,I43000	auto=8 talk:OJI=6			((day>6 & day!=30 & hour<16) | (day==30 & hour<11))	0/1 0/3 1/6	39	31	0:XAMSG:BOKU:s0:0710_00 1:XAMSG:OJI:s1:0710_01 2:XAMSG:BOKU:s0:0710_02 3:XAMSG:OJI:s1:0710_03 6:XAMSG:OJI:s1:0710_06 7:XAMSG:BOKU:s0:0710_07 4:XAMSG:BOKU:s0:0710_04 5:XAMSG:OJI:s1:0710_05 8:XAMSG:OJI:s1:0710_09 9:XAMSG:OJI:s1:0710_08 11:XAMSG:OJI:s1:0710_23 10:XAMSG:OJI:s1:0710_10 12:XAMSG:OJI:s1:0710_11 13:XAMSG:OJI:s1:0710_12 14:XAMSG:OJI:s1:0710_13 15:XAMSG:OJI:s1:0710_14 16:XAMSG:OJI:s1:0710_15 17:XAMSG:OJI:s1:0710_16 18:XAMSG:OJI:s1:0710_17 19:XAMSG:OJI:s1:0710_18 20:XAMSG:OJI:s1:0710_19 21:XAMSG:OJI:s1:0710_20 22:XAMSG:OJI:s1:0710_21 23:XAMSG:OJI:s1:0710_22 24:XAMSG:OJI:s1:0710_23 25:XAMSG:OJI:s1:0710_24 26:XAMSG:OJI:s1:0710_25 MAP:I36 MAP:I37 MAP:I38 MAP:I39 MAP:I40 MAP:I41 MAP:I42 MAP:I43 38:MSG:NONE MAP:H26>E0710 37:MSG:NONE MAP:H26>E0710 36:MSG:NONE MAP:H26>E0710 35:MSG:NONE MAP:H26>E0710 34:MSG:NONE MAP:H26>E0710 33:MSG:NONE MAP:H26>E0710 32:MSG:NONE MAP:H26>E0710 31:MSG:NONE MAP:H26>E0710 28:XAMSG:BOKU:s0:0710_26 29:XAMSG:OJI:s1:0710_27 30:XAMSG:BOKU:s0:0710_28 27:XAMSG:OJI:s1:0710_29	OJI=25 NONE=8 BOKU=6		MAP>I36 MAP>I37 MAP>I38 MAP>I39 MAP>I40 MAP>I41 MAP>I42 MAP>I43 MAP>H26>E0710 MAP>H26>E0710 MAP>H26>E0710 MAP>H26>E0710 MAP>H26>E0710 MAP>H26>E0710 MAP>H26>E0710 MAP>H26>E0710
E0712	3	EV	G01	12	G01103,G01200	talk:OJI=2	7		(hour>=16)	0/3 1/3	6	5	0:XAMSG:OJI:s1:0712_00 1:SELECT:SELECT 2:XAMSG:OJI:s1:0712_01 3:XAMSG:BOKU:s0:0712_02 4:XAMSG:OJI:s1:0712_03 5:XAMSG:OJI:s1:0712_04	OJI=4 BOKU=1		
E0720	3	EV	H06	0	H06000,H06001	talk:OBA=2	7		(hour<14)	0/1 2/1	6	6	0:XAMSG:BOKU:s0:0720_00 1:XAMSG:OBA:s2:0720_01 2:XAMSG:BOKU:s0:0720_02 3:XAMSG:OBA:s2:0720_03 4:XAMSG:BOKU:s0:0720_04 5:XAMSG:OBA:s2:0720_05	BOKU=3 OBA=3		
E0733	2		B03	01	B03000,B03100	auto=2	7		(flag[37]==0 & flag[38]==0 & hour<16)	0/1 0/2 3/1 3/4	6	6	0:XAMSG:BOKU:s0:0733_00 1:XAMSG:MOE:s3:0733_01 2:XAMSG:BOKU:s0:0733_02 3:XAMSG:MOE:s3:0733_03 4:XAMSG:BOKU:s0:0733_04 5:XAMSG:MOE:s3:0733_05 MAP:B02>E0780	BOKU=3 MOE=3		MAP>B02>E0780
E0740	3	EV	H09	01	H09000,H09100	talk:SHI=2	7		(hour<18)	0/1 4/8	4	4	0:XAMSG:SHI:s4:0740_02 1:XAMSG:BOKU:s0:0740_00 2:XAMSG:SHI:s4:0740_01 3:XAMSG:SHI:s4:0740_03	SHI=3 BOKU=1		
E0741	2	EV	G06	2	G06200	talk:SHI=1	7		(hour>=19)	0/3 4/4	3	3	0:XAMSG:SHI:s4:0741_00 1:XAMSG:BOKU:s0:0741_01 2:XAMSG:SHI:s4:0741_02	SHI=2 BOKU=1		
E0750	3	EV	A18	01	A18002,A18102	auto=2			(day>1 & hour<18 & flag[215]==1 & lflag==0)	0/1 6/0 6/1 7/0 8/0	2	2	0:XAMSG:FAT:s7:0750_00 1:XAMSG:GUTS:s6:0750_01	FAT=1 GUTS=1		
E0751	3	EV	A18	01	A18002,A18102	talk:GUTS=2			(hour<18 & day<15)	6/1 0/1	3	3	0:XAMSG:GUTS:s6:0021_15 1:XAMSG:GUTS:s6:0021_16 2:XAMSG:GUTS:s6:0021_17	GUTS=3		
E0752	3	EV	A18	01	A18002,A18102	talk:GUTS=2			(hour<18 & day>15 & day<23)	6/1 0/1	4	4	0:XAMSG:GUTS:s6:0021_18 1:XAMSG:GUTS:s6:0021_15 2:XAMSG:GUTS:s6:0021_16 3:XAMSG:GUTS:s6:0021_17	GUTS=4		
E0753	3	EV	A18	01	A18002,A18102	talk:GUTS=2			(hour<18 & day>22)	6/1 0/1	5	5	0:XAMSG:GUTS:s6:0021_19 1:XAMSG:GUTS:s6:0021_18 2:XAMSG:GUTS:s6:0021_15 3:XAMSG:GUTS:s6:0021_16 4:XAMSG:GUTS:s6:0021_17	GUTS=5		
E0761	3	EV	A18	01	A18002,A18102	talk:FAT=2			(hour<18 & day<15)	7/0 0/1	3	3	0:XAMSG:FAT:s7:0021_32 1:XAMSG:FAT:s7:0021_33 2:XAMSG:FAT:s7:0021_35	FAT=3		
E0762	3	EV	A18	01	A18002,A18102	talk:FAT=2			(hour<18 & day>15 & day<23)	7/0 0/1	4	4	0:XAMSG:FAT:s7:0021_34 1:XAMSG:FAT:s7:0021_32 2:XAMSG:FAT:s7:0021_33 3:XAMSG:FAT:s7:0021_35	FAT=4		
E0763	3	EV	A18	01	A18002,A18102	talk:FAT=2			(hour<18 & day>22)	7/0 0/1	5	5	0:XAMSG:FAT:s7:0021_36 1:XAMSG:FAT:s7:0021_34 2:XAMSG:FAT:s7:0021_32 3:XAMSG:FAT:s7:0021_33 4:XAMSG:FAT:s7:0021_35	FAT=5		
E0771	3	EV	A18	01	A18002,A18102	talk:MEGANE=2			(hour<18 & day<15)	8/0 0/1	3	3	0:XAMSG:MEGANE:s8:0021_50 1:XAMSG:MEGANE:s8:0021_51 2:XAMSG:MEGANE:s8:0021_52	MEGANE=3		
E0772	3	EV	A18	01	A18002,A18102	talk:MEGANE=2			(hour<18 & day>15 & day<23)	8/0 0/1	4	4	0:XAMSG:MEGANE:s8:0021_53 1:XAMSG:MEGANE:s8:0021_50 2:XAMSG:MEGANE:s8:0021_51 3:XAMSG:MEGANE:s8:0021_52	MEGANE=4		
E0773	3	EV	A18	01	A18002,A18102	talk:MEGANE=2			(hour<18 & day>22)	8/0 0/1	5	5	0:XAMSG:MEGANE:s8:0021_54 1:XAMSG:MEGANE:s8:0021_53 2:XAMSG:MEGANE:s8:0021_50 3:XAMSG:MEGANE:s8:0021_51 4:XAMSG:MEGANE:s8:0021_52	MEGANE=5		
E0780	4		B02,B03	01	B02000,B02100,B03000,B03100	talk:FATHER=4	7		(flag[37]==0 & flag[38]==0 & lflag==1 & hour<16)	0/1 0/4 3/1 3/2	4	4	0:XAMSG:MOE:s3:0733_06 1:XAMSG:MOE:s3:0733_07 MAP:B03>E0780 2:XAMSG:MOE:s3:0733_08 3:XAMSG:BOKU:s0:0733_09	MOE=3 BOKU=1		MAP>B03>E0780
E0781	2		B03	01	B03000,B03100	examine:z0=2	7		(flag[147]==0 & flag[153]==0)	0/1	0	0				
E0782	2		B03	01	B03000,B03100	examine:z1=2	7		(flag[148]==0 & flag[153]==0)	0/1	0	0				
E0783	2		B03	01	B03000,B03100	examine:z2=2	7		(flag[149]==0 & flag[153]==0)	0/1	0	0				
E0784	2		B03	01	B03000,B03100	examine:z3=2	7		(flag[150]==0 & flag[153]==0)	0/1	0	0				
E0785	2		B03	01	B03000,B03100	examine:z4=2	7		(flag[151]==0 & flag[153]==0)	0/1	0	0				
E0786	2		B03	01	B03000,B03100	talk:MOE=2	7		(flag[37]==1 & flag[38]==0)	3/1 0/1	7	7	0:XAMSG:MOE:s3:0733_11 1:XAMSG:MOE:s3:0733_10 2:XAMSG:MOE:s3:0733_12 3:XAMSG:BOKU:s0:0733_13 4:XAMSG:MOE:s3:0733_14 5:XAMSG:BOKU:s0:0733_15 6:XAMSG:MOE:s3:0733_16	MOE=5 BOKU=2		
E0787	2		B03	01	B03000,B03100	auto=2	7				0	0				
E0805	1		G14	2	G14205	examine:z0=1			(hour>=19 & day==8)	0/3	0	0	MOVIE21:G14			MOVIE21>G14
E0807	4		A16	01	A16000,A16004,A16100,A16104	talk:16=4			(flag[42]<2 & day>=1)	0/2 0/9 16/0	6	6	0:XAMSG:BOKU:s0:0807_00 3:XAMSG:BOKU:s0:0807_03 4:XA:VOICE:s255 MAP:A16>E0807 1:XAMSG:BOKU:s0:0807_01 2:XAMSG:BOKU:s0:0807_02 5:XAMSG:BOKU:s0:0807_04	BOKU=5		MAP>A16>E0807
E0808	4		H25,I09	012	H25001,H25101,H25201,I09000	auto=1 examine:z0=3			(((day==8 & hour>=12) | day>=9) & flag[39]==0)	0/1	1	0	MAP:I09>E0808 0:MSG:NONE MAP:H25	NONE=1		MAP>I09>E0808 MAP>H25
E0809	2		B06	01	B06000,B06100	examine:z0=2			(flag[36]==1 & day>=1)	0/2	0	0	MOVIE8:B06>E0809			MOVIE8>B06>E0809
E0811	7	EV	H26	0	H26002,H26003,H26006,H26007,H26010,H26011	talk:OJI=6	8		(lflag==0 & hour>11 & hour<16)	0/1 1/6	2	2	0:XAMSG:OJI:s1:0811_00 1:XAMSG:OJI:s1:0811_01	OJI=2		
E0812	3	EV	G01	12	G01103,G01200	talk:OJI=2	8		(hour>=16)	0/3 1/3	2	2	0:XAMSG:OJI:s1:0812_00 1:XAMSG:OJI:s1:0812_01	OJI=2		
E0814	4		H13	01	H13000,H13002,H13100,H13102	talk:OJI=4	8		(hour<12)	1/1	2	2	0:XAMSG:OJI:s1:0814_00 1:XAMSG:OJI:s1:0814_01	OJI=2		
E0820	5		H08	01	H08000,H08001,H08100,H08102,H08103	talk:OBA=5	8		(hour<14)	2/1	2	2	0:XAMSG:OBA:s2:0820_00 1:XAMSG:OBA:s0:0820_01	OBA=2		
E0821	7		G03	01	G03000,G03001,G03003,G03004,G03100,G03102,G03103	talk:OBA=7	8		(lflag==0 & flag[40]==0 & hour>13 & hour<=17)	0/3 2/7	1	1	0:XAMSG:OBA:s2:0821_00	OBA=1		
E0830	3		G15	012	G15000,G15100,G15200	auto=3			(flag[40]==0 & day>7 & day<15)	0/14 3/2	10	10	0:XAMSG:MOE:s3:0830_01 1:XAMSG:BOKU:s0:0830_02 2:XAMSG:MOE:s3:0830_03 3:XAMSG:BOKU:s0:0830_04 4:XAMSG:MOE:s3:0830_05 5:XAMSG:BOKU:s0:0830_06 6:XAMSG:MOE:s3:0830_07 7:XAMSG:BOKU:s0:0830_08 8:XAMSG:MOE:s3:0830_09 9:XAMSG:BOKU:s0:0830_10	MOE=5 BOKU=5		
E0831	3		G15	012	G15000,G15100,G15200	talk:MOE=3	8		(hour<18)	0/1 3/2	1	1	0:XAMSG:MOE:s3:0830_11	MOE=1		
E0832	6	EV	G17,H06	2	G17200,G17201,G17202,H06200,H06202	auto=2 talk:MOE=3	8		(hour>18 & ((map==H06 & lflag==1) | map==G17))	0/3 0/4 3/2 3/3	10	10	0:XAMSG:MOE:s3:0832_00 1:XAMSG:BOKU:s0:0832_01 2:XAMSG:MOE:s3:0832_02 3:XAMSG:BOKU:s0:0832_03 4:XAMSG:MOE:s3:0832_04 MAP:H06 7:XAMSG:MOE:s3:0832_07 8:XAMSG:BOKU:s0:0832_08 9:XAMSG:MOE:s3:0832_09 5:XAMSG:MOE:s3:0832_05 6:XAMSG:BOKU:s0:0832_06 MAP:G17	MOE=6 BOKU=4		MAP>H06 MAP>G17
E0833	6		G15,I08	012	G15000,G15001,G15100,G15101,G15200,I08000	auto=1 examine:z0=5			(day>7 & day<11)	0/1	1	0	MAP:I08 0:MSG:NONE MAP:G15	NONE=1		MAP>I08 MAP>G15
E0835	5		G12,I18	012	G12000,G12100,G12200,I18000,I18001	auto=2 examine:z0=3			(day<8 | (day==13 & hour<18) | (day==10 & hour<18) | (day==11 & hour<14) | (day>7 & hour>18 & flag[242]==0))		2	1	MAP:I18 0:XA:VOICE:s255 MAP:G12>E0835 1:MSG:NONE	NONE=1		MAP>I18 MAP>G12>E0835
E0840	2		H10	01	H10000,H10100	talk:SHI=2	8		(hour<18)	0/1 4/0 4/1 4/4 4/8	5	5	0:XAMSG:BOKU:s0:0840_00 1:XAMSG:SHI:s4:0840_01 2:XAMSG:BOKU:s0:0840_02 3:XAMSG:SHI:s4:0840_03 4:XAMSG:SHI:s4:0840_04	SHI=3 BOKU=2		
E0841	2	EV	G06	2	G06200	talk:SHI=1	8		(hour>=19)	0/3 4/4	2	2	0:XAMSG:SHI:s4:0841_00 1:XAMSG:SHI:s4:0841_01	SHI=2		
E0851	3	EV	A18	01	A18002,A18102	talk:GUTS=2			(day>6 & hour<18 & lflag==0 & flag[72]==2)	0/1 6/0	3	3	0:XAMSG:GUTS:s6:0851_00 1:XAMSG:BOKU:s0:0851_01 2:XAMSG:GUTS:s6:0851_02	GUTS=2 BOKU=1		
E0852	3	EV	A18	01	A18002,A18102	talk:FAT=2			(day>6 & hour<18 & lflag==0 & flag[72]==2)	0/1 7/0	1	1	0:XAMSG:FAT:s7:0852_00	FAT=1		
E0853	3	EV	A18	01	A18002,A18102	talk:MEGANE=2			(day>6 & hour<18 & lflag==0 & flag[72]==2)	0/1 8/0	1	1	0:XAMSG:MEGANE:s8:0853_00	MEGANE=1		
E0904	2	EV	G02	2	G02200	auto=1		19	(hour==19 & flag[44]==1 & day>8)	1/0 2/0 3/0 4/0 0/7 1/6 2/3 3/6 4/6	12	12	0:XAMSG:OJI:s1:0010_00 1:XAMSG:SHI+MOE+BOKU+OBA:s12:0010_01 2:XAMSG:BOKU:s0:0904_00 3:XAMSG:OJI:s1:0904_01 4:XAMSG:BOKU:s0:0904_02 5:XAMSG:OJI:s1:0904_03 6:XAMSG:BOKU:s0:0904_04 7:XAMSG:OJI:s1:0904_05 8:XAMSG:BOKU:s0:0904_06 9:XAMSG:OJI:s1:0904_07 10:XAMSG:BOKU:s0:0904_08 11:XAMSG:OJI:s1:0904_09	OJI=6 BOKU=5 SHI+MOE+BOKU+OBA=1		
E0905	3		G06	01	G06000,G06003,G06100	examine:z0=3	9		(hour<18)	0/3	2	2	0:XA:VOICE:s255 1:XA:VOICE:s255			
E0906	2		A01	01	A01000,A01100	auto=2			(day>8 & flag[44]==0 & lflag<2)	0/1 0/2	2	2	0:XAMSG:BOKU:s0:0906_00 MOVIE9:A01 1:XAMSG:BOKU:s0:0906_01	BOKU=2		MOVIE9>A01
E0910	7	EV	H26	0	H26002,H26003,H26006,H26007,H26010,H26011	talk:OJI=6	9		(flag[39]==0 & lflag==0 & hour<16)	0/1 0/3 1/6	1	1	0:XAMSG:OJI:s1:0910_00	OJI=1		
E0912	3	EV	G01	12	G01103,G01200	talk:OJI=2	9		(hour>=16)	0/3 1/3	2	2	0:XAMSG:OJI:s1:0912_00 1:XAMSG:OJI:s1:0912_01	OJI=2		
E0920	3	EV	H06	0	H06000,H06001	talk:OBA=2	9		(hour<14)	0/1 2/1	3	3	0:XAMSG:OBA:s2:0920_01 1:XAMSG:OBA:s2:0920_00 2:XAMSG:OBA:s2:0920_02	OBA=3		
E0923	2		B07	01	B07000,B07100	zone:z2=2			(hour<18 & flag[46]==2 & flag[47]==0 & flag[206]==1 & day>0 & day!=15)	0/1 0/2 2/1	10	10	0:XAMSG:BOKU:s0:0923_00 1:XAMSG:OBA:s2:0923_01 2:XAMSG:BOKU:s0:0923_02 3:XAMSG:OBA:s2:0923_03 4:XAMSG:BOKU:s0:0923_04 5:XAMSG:OBA:s2:0923_05 6:XAMSG:OBA:s2:0923_06 7:XAMSG:BOKU:s0:0923_07 8:XA:VOICE:s255 9:XAMSG:OBA:s2:0923_08	OBA=5 BOKU=4		
E0930	2		G15	01	G15000,G15100	talk:MOE=2	9		(hour<18)	0/1 3/2	7	7	0:XAMSG:MOE:s3:0930_00 1:XAMSG:BOKU:s0:0930_01 2:XAMSG:MOE:s3:0930_02 3:XAMSG:MOE:s3:0930_03 4:XAMSG:BOKU:s0:0930_04 5:XAMSG:MOE:s3:0930_05 6:XAMSG:MOE:s3:0930_06	MOE=5 BOKU=2		
E0931	1		G15	2	G15200	talk:MOE=1	9		(hour>18)	0/1 3/2	3	3	0:XAMSG:MOE:s3:0931_00 1:XAMSG:MOE:s3:0931_01 2:XAMSG:MOE:s3:0931_02	MOE=3		
E0940	2		H10	01	H10000,H10100	talk:SHI=2	9		(hour<18)	0/1 4/8	5	5	0:XAMSG:BOKU:s0:0940_00 1:XAMSG:SHI:s4:0940_01 2:XAMSG:BOKU:s0:0940_02 3:XAMSG:SHI:s4:0940_03 4:XAMSG:SHI:s4:0940_04	SHI=3 BOKU=2		
E0941	2	EV	G06	2	G06200	talk:SHI=1	9		(hour>=19)	0/3 4/4	3	3	0:XAMSG:BOKU:s0:0941_00 1:XAMSG:SHI:s4:0941_01 2:XAMSG:SHI:s4:0941_02	SHI=2 BOKU=1		
E0950	3	EV	A18	01	A18002,A18102	auto=2			(day>1 & hour<18 & flag[72]==3 & lflag==0)	0/1 6/1 7/0 8/0	2	2	0:XAMSG:FAT:s7:0950_00 1:XAMSG:GUTS:s6:0950_01	FAT=1 GUTS=1		
E1005	7		H05,I01	012	H05000,H05001,H05002,H05003,H05100,H05200,I01000	auto=1 examine:z1=6			(flag[48]==1 & day>2 & flag[169]==0 & day!=15 & hour<14)	0/1 2/1	4	4	MAP:I01 1:XAMSG:OBA:s2:1005_01 MAP:I01 3:XAMSG:OBA:s2:1005_03 0:XAMSG:BOKU:s0:1005_00 MAP:H05>E1005 2:XAMSG:OBA:s2:1005_02 MAP:H05>E1005	OBA=3 BOKU=1		MAP>I01 MAP>H05>E1005 MAP>I01 MAP>H05>E1005
E1006	8	EV	H06	012	H06000,H06001,H06002,H06100,H06102,H06200,H06202	talk:11=7			(flag[45]>0 & flag[49]==0 & day!=30 & ((day==11 & hour!=19) | (day!=11 & hour>6)) & (day!=29 | flag[251]!=2 | hour<19))	0/1 0/17 11/0 11/1	4	4	0:XAMSG:BOKU:s0:1006_00 1:XA:VOICE:s255 2:XAMSG:BOKU:s1:1006_02 3:XA:VOICE:s255	BOKU=2		
E1007	3		G15,I20	01	G15001,G15101,I20000	auto=1 examine:z2=2			(hour<18 & day>7)	0/3	1	1	MAP:I20 0:XAMSG:NARR:s255:1007_00 MAP:G15>E1007	NARR=1		MAP>I20 MAP>G15>E1007
E1008	1		B10	0	B10000	auto=1			(day>1 & flag[47]>1 & flag[52]==0)	0/1	2	2	MOVIE10:B10 0:XAMSG:NARR:s255:1008_02 1:XAMSG:NARR:s255:1008_01	NARR=2		MOVIE10>B10
E1010	7	EV	H26	0	H26002,H26003,H26006,H26007,H26010,H26011	talk:OJI=6			(hour<16 & flag[49]==1 & flag[50]==0 & day>5)	0/1 0/16 1/6	3	3	0:XAMSG:BOKU:s0:1010_00 1:XAMSG:OJI:s1:1010_01 2:XAMSG:OJI:s1:1010_02	OJI=2 BOKU=1		
E1012	2	EV	G01	1	G01103	talk:OJI=1	10		(hour>15 & hour<18)	0/3 1/3	4	4	0:XAMSG:OJI:s1:1012_00 1:XAMSG:OBA:s2:1012_01 2:XAMSG:OJI:s1:1012_02 3:XAMSG:OJI:s1:1012_03	OJI=3 OBA=1		
E1013	2	EV	G01	2	G01200	talk:OJI=1	10		(hour>18)	0/3 1/3 2/2	6	6	0:XAMSG:OJI:s1:1013_00 1:XAMSG:OJI:s1:1013_02 2:XAMSG:OBA:s2:1013_03 3:XAMSG:OJI:s1:1013_04 4:XAMSG:OBA:s2:1013_05 5:XAMSG:OJI:s1:1013_06	OJI=4 OBA=2		
E1020	2		H08	0	H08000,H08001	talk:OBA=2	10		(hour<14)	0/1 2/1	3	3	0:XAMSG:OBA:s2:1020_01 1:XAMSG:OBA:s2:1020_00 2:XAMSG:OBA:s2:1020_02	OBA=3		
E1021	7		G03	01	G03000,G03001,G03003,G03004,G03100,G03102,G03103	talk:OBA=7	10		(hour>13 & hour<=17 & lflag==0)	2/7	1	1	0:XAMSG:OBA:s2:1021_00	OBA=1		
E1031	1		G15	2	G15200	talk:MOE=1	10		(hour>18)	0/1 3/2	2	2	0:XAMSG:MOE:s3:1031_00 1:XAMSG:MOE:s3:1031_01	MOE=2		
E1040	3	EV	H09	01	H09000,H09100	talk:SHI=2	10		(hour<18)	0/1 4/8	3	3	0:XAMSG:BOKU:s0:1040_00 1:XAMSG:SHI:s4:1040_01 2:XAMSG:SHI:s4:1040_02	SHI=2 BOKU=1		
E1041	2	EV	G06	2	G06200	talk:SHI=1	10		(hour>=19)	0/3 4/4	5	5	0:XAMSG:BOKU:s0:1041_00 1:XAMSG:SHI:s4:1041_01 2:XAMSG:BOKU:s0:1041_02 3:XAMSG:SHI:s4:1041_03 4:XAMSG:SHI:s4:1041_04	SHI=3 BOKU=2		
E1050	3	EV	A17	01	A17000,A17100	auto=2			(day>1 & hour<18 & day!=15 & day!=30 & flag[44]>0 & flag[51]==0 & flag[30]>0 & flag[209]==1 & flag[117]==0 & ((day!=19 & day!=21 & day!=23 & day!=25) | (hour>9 & (day==19 | day==21 | day==23 | day==25))))	0/1 6/0 7/0 8/0	3	3	0:XAMSG:FAT:s7:1050_00 1:XAMSG:GUTS:s6:1050_01 2:XAMSG:MEGANE:s8:1050_02	FAT=1 GUTS=1 MEGANE=1		
E1051	3	EV	A18	01	A18002,A18102	talk:GUTS=2			(day>6 & hour<18 & lflag==0 & flag[72]==4)	0/1 6/1	1	1	0:XAMSG:GUTS:s6:1051_00	GUTS=1		
E1052	3	EV	A18	01	A18002,A18102	talk:FAT=2			(day>6 & hour<18 & lflag==0 & flag[72]==4)	0/1 0/2 7/0	6	6	0:XAMSG:FAT:s7:1052_00 1:XAMSG:BOKU:s0:1052_01 2:XAMSG:FAT:s7:1052_02 3:XAMSG:BOKU:s0:1052_03 4:XAMSG:FAT:s7:1052_04 5:XAMSG:BOKU:s0:1052_05	FAT=3 BOKU=3		
E1053	3	EV	A18	01	A18002,A18102	talk:MEGANE=2			(day>6 & hour<18 & lflag==0 & flag[72]==4)	0/1 8/0	1	1	0:XAMSG:MEGANE:s8:1053_00	MEGANE=1		
E1101	1		G02	0	G02003	auto=1	11	7	(hour==7)	0/7 1/6 2/3 3/6 4/6	7	7	0:XAMSG:OJI:s1:1101_00 1:XAMSG:BOKU:s0:1101_01 2:XAMSG:OJI:s1:1101_02 3:XAMSG:OBA:s2:1101_03 4:XAMSG:BOKU:s0:1101_04 5:XAMSG:OJI:s1:0006_00 6:XAMSG:SHI+MOE+BOKU+OBA:s12:0006_01 MAP:G02	OJI=3 BOKU=2 OBA=1 SHI+MOE+BOKU+OBA=1		MAP>G02
E1102	2	EV	G02	0	G02000	auto=1	11	8	(hour==8 & lflag==0)	1/0 2/0 3/0 4/0 0/7 1/6 2/3 3/6 4/6	5	5	0:XAMSG:OJI:s1:0007_00 1:XAMSG:SHI+MOE+BOKU+OBA:s12:0007_01 2:XAMSG:MOE:s3:1102_00 3:XAMSG:OBA:s2:1102_01 4:XAMSG:MOE:s3:1102_02	MOE=2 OJI=1 SHI+MOE+BOKU+OBA=1 OBA=1		
E1104	2	EV	G02	2	G02200	auto=1	11	19	(hour==19 & lflag==0)	0/7 1/6 2/3 3/6 4/6	8	8	0:XAMSG:OJI:s1:0010_00 1:XAMSG:SHI+MOE+BOKU+OBA:s12:0010_01 2:XAMSG:MOE:s3:1104_00 3:XAMSG:SHI:s4:1104_01 4:XAMSG:MOE:s3:1104_02 5:XAMSG:SHI:s4:1104_03 6:XAMSG:OBA:s2:1104_04 7:XAMSG:BOKU:s0:1104_05 MAP:G17	MOE=2 SHI=2 OJI=1 SHI+MOE+BOKU+OBA=1 OBA=1 BOKU=1		MAP>G17
E1105	5	EV	G17,H06	2	G17200,G17201,G17202,H06202	auto=4	11		(lflag==0 & flag[251]==0)	0/18 0/19 1/1 3/8 4/10	2	2	0:XAMSG:BOKU:s0:1104_06 1:XAMSG:SHI:s4:1104_07 MAP:H06	BOKU=1 SHI=1		MAP>H06
E1112	3	EV	G01	12	G01103,G01200	talk:OJI=2	11		(hour>=16)	0/3 1/3	3	3	0:XAMSG:OJI:s1:1112_01 1:XAMSG:OJI:s1:1112_00 2:XAMSG:OJI:s1:1112_02	OJI=3		
E1120	3	EV	H06	0	H06000,H06001	talk:OBA=2	11		(hour<14)	0/1 2/1	4	4	0:XAMSG:OBA:s2:1120_00 1:XAMSG:BOKU:s0:1120_01 2:XAMSG:OBA:s2:1120_02 3:XAMSG:OBA:s2:1120_03	OBA=3 BOKU=1		
E1121	7		G03	01	G03000,G03001,G03003,G03004,G03100,G03102,G03103	talk:OBA=7	11		(hour>13 & hour<=17 & lflag==0)	0/3 2/7	1	1	0:XAMSG:OBA:s2:1121_00	OBA=1		
E1130	2		G15	01	G15000,G15100	talk:MOE=2	11		(hour>13 & hour<18)	0/1 3/2	4	4	0:XAMSG:MOE:s3:1130_00 1:XAMSG:BOKU:s0:1130_01 2:XAMSG:MOE:s3:1130_02 3:XAMSG:MOE:s3:1130_03	MOE=3 BOKU=1		
E1131	1		G15	2	G15200	talk:MOE=1	11		(hour>18)	0/1 3/2	6	6	0:XAMSG:MOE:s3:1131_00 1:XAMSG:BOKU:s0:1131_01 2:XAMSG:MOE:s3:1131_02 3:XAMSG:MOE:s3:1131_03 4:XAMSG:BOKU:s0:1131_04 5:XAMSG:MOE:s3:1131_05	MOE=4 BOKU=2		
E1140	3	EV	H09	01	H09000,H09100	talk:SHI=2	11		(hour<18)	0/1 4/8	4	4	0:XAMSG:BOKU:s0:1140_00 1:XAMSG:SHI:s4:1140_01 2:XAMSG:BOKU:s0:1140_02 3:XAMSG:SHI:s4:1140_03	BOKU=2 SHI=2		
E1141	2	EV	G06	2	G06200	talk:SHI=1	11		(hour>18)	0/3 4/4	2	2	0:XAMSG:SHI:s4:1141_00 1:XAMSG:SHI:s4:1141_01	SHI=2		
E1150	3	EV	A18	01	A18002,A18102	auto=2			(day>1 & hour<18 & flag[72]==5 & lflag==0)	0/1 6/1 7/0 8/0	2	2	0:XAMSG:MEGANE:s8:1150_00 1:XAMSG:FAT:s7:1150_01	MEGANE=1 FAT=1		
E1170	1		H06	2	H06200	auto=1	11		(lflag==0 & flag[251]==1)	0/19 3/8 4/10	0	0	MAP:G17			MAP>G17
E1171	1		G17	2	G17201	auto=1	11		(lflag==0 & flag[251]==2)	0/19 3/8 4/10	1	1	0:XAMSG:MOE:s3:1104_08 MAP:I33	MOE=1		MAP>I33
E1172	1		I33	0	I33000	auto=1	11		(lflag==0 & flag[251]==3)		1	1	0:XAMSG:MOE:s3:1104_09 MAP:G17	MOE=1		MAP>G17
E1173	1		G17	2	G17201	auto=1	11		(lflag==0 & flag[251]==4)		0	0				
E1202	3	EV	G02,G09	0	G02000,G09000	auto=2	12	8	(hour==8)	0/7 1/0 2/1 3/6 4/6 10/1	3	3	0:XAMSG:OBA:s255:1202_00 MAP:G09 1:XAMSG:OJI:s1:1202_01 2:XAMSG:MONK:s10:1202_02 MAP:G11	OBA=1 OJI=1 MONK=1		MAP>G09 MAP>G11
E1203	6		C02,G10,G11	01	C02000,C02100,G10000,G10001,G11000,G11001	auto=6	12	18	(hour==8)	0/6 1/4 2/2 3/5 4/5 10/0	12	12	0:XAMSG:MONK:s10:1202_03 1:XA:VOICE:s255 2:XA:VOICE:s255 MAP:C02 5:XAMSG:MONK:s10:1202_04 6:XAMSG:OJI:s1:1202_05 7:XAMSG:MONK:s10:1202_06 8:XAMSG:MONK:s10:1202_07 MAP:G10 3:XA:VOICE:s255 4:XA:VOICE:s255 MAP:G11 9:XAMSG:BOKU:s0:1202_08 10:XAMSG:MONK:s10:1202_09 11:XAMSG:MONK:s10:1202_10 MAP:G06	MONK=6 OJI=1 BOKU=1		MAP>C02 MAP>G11 MAP>G10 MAP>G06
E1204	1		G06	0	G06000	auto=1	12	19	(lflag==0)	0/1 2/1	1	1	0:XAMSG:OBA:s2:1202_11	OBA=1		
E1205	3		C11,I22	01	C11000,C11100,I22000	auto=3			(day>0 & flag[54]==0)	0/2	3	3	MAP:I22 2:XAMSG:NARR:s255:1205_02 0:XAMSG:NARR:s255:1205_00 1:XAMSG:NARR:s255:1205_01 MAP:C11	NARR=3		MAP>I22 MAP>C11
E1210	7	EV	H26	0	H26002,H26003,H26006,H26007,H26010,H26011	talk:OJI=6	12		(lflag==0 & hour<16)	0/1 1/6	3	3	0:XAMSG:OJI:s1:1210_00 1:XAMSG:BOKU:s0:1210_01 2:XAMSG:OJI:s1:1210_02	OJI=2 BOKU=1		
E1212	3	EV	G01	12	G01103,G01200	talk:OJI=2	12		(hour>=16)	0/3 1/3	5	5	0:XAMSG:OJI:s1:1212_01 1:XAMSG:BOKU:s0:1212_02 2:XAMSG:OJI:s1:1212_03 3:XAMSG:OJI:s1:1212_00 4:XAMSG:OJI:s1:1212_04	OJI=4 BOKU=1		
E1214	7	EV	H26	0	H26002,H26003,H26006,H26007,H26010,H26011	talk:OJI=6			(day>2 & hour<16 & flag[50]>2 & flag[53]==0)	0/1 0/2 1/6	2	2	0:XAMSG:OJI:s1:1214_00 1:XAMSG:BOKU:s0:1214_01	OJI=1 BOKU=1		
E1220	2		H08	0	H08000,H08001	talk:OBA=2	12		(hour<14)	0/1 2/1	7	7	0:XAMSG:BOKU:s0:1220_00 1:XAMSG:OBA:s2:1220_01 2:XAMSG:BOKU:s0:1220_02 3:XAMSG:OBA:s2:1220_03 4:XAMSG:BOKU:s0:1220_04 5:XAMSG:OBA:s2:1220_05 6:XAMSG:OBA:s2:1220_06	OBA=4 BOKU=3		
E1230	2		G15	01	G15000,G15100	talk:MOE=2	12		(hour<18)	0/1 3/2	2	2	0:XAMSG:MOE:s3:1230_00 1:XAMSG:MOE:s3:1230_01	MOE=2		
E1232	4	EV	G17	2	G17200,G17201,G17202	talk:MOE=3	12		(hour>18)	0/3 3/2	2	2	0:XAMSG:BOKU:s0:1232_00 1:XAMSG:MOE:s3:1232_01	BOKU=1 MOE=1		
E1240	3		H04	01	H04000,H04100,H04101	talk:SHI=3	12		(hour<18)	0/1 4/4	3	3	0:XAMSG:SHI:s4:1240_00 1:XAMSG:BOKU:s0:1240_01 2:XAMSG:SHI:s4:1240_02	SHI=2 BOKU=1		
E1241	2	EV	G06	2	G06200	talk:SHI=1	12		(hour>18)	0/3 4/4	3	3	0:XAMSG:SHI:s4:1241_00 1:XAMSG:BOKU:s0:1241_01 2:XAMSG:SHI:s4:1241_02	SHI=2 BOKU=1		
E1251	3	EV	A18	01	A18002,A18102	talk:GUTS=2			(day>6 & hour<18 & lflag==0 & flag[72]==6)	0/1 6/1	2	2	0:XAMSG:GUTS:s6:1251_00 1:XAMSG:BOKU:s0:1251_01	GUTS=1 BOKU=1		
E1252	3	EV	A18	01	A18002,A18102	talk:FAT=2			(day>6 & hour<18 & lflag==0 & flag[72]==6)	0/1 7/0	2	2	0:XAMSG:FAT:s7:1252_00 1:XAMSG:BOKU:s0:1252_01	FAT=1 BOKU=1		
E1253	3	EV	A18	01	A18002,A18102	talk:MEGANE=2			(day>6 & hour<18 & lflag==0 & flag[72]==6)	0/1 8/0	1	1	0:XAMSG:MEGANE:s8:1253_00	MEGANE=1		
E1302	2	EV	G02	0	G02000	auto=1	13	8	(hour==8 & lflag==0)	1/0 2/0 3/0 4/0 0/7 1/6 2/3 3/6 4/6	6	5	0:XAMSG:OJI:s1:0007_00 1:XAMSG:SHI+MOE+BOKU+OBA:s12:0007_01 2:XAMSG:OJI:s1:1302_00 3:SELECT:SELECT 4:XAMSG:OJI:s1:1302_01 5:XAMSG:BOKU:s0:1302_02	OJI=3 SHI+MOE+BOKU+OBA=1 BOKU=1		
E1304	2	EV	G02	2	G02200	auto=1	13	19	(flag[42]>0 & flag[55]==0 & hour==19)	1/0 2/0 3/0 4/0 0/7 1/6 2/3 3/6 4/6	14	14	0:XAMSG:OJI:s1:0010_00 1:XAMSG:SHI+MOE+BOKU+OBA:s12:0010_01 2:XAMSG:OJI:s1:1304_00 3:XAMSG:SHI:s4:1304_01 4:XAMSG:OJI:s1:1304_02 5:XAMSG:SHI:s4:1304_03 6:XAMSG:BOKU:s0:1304_04 7:XAMSG:SHI:s4:1304_05 8:XAMSG:BOKU:s0:1304_06 9:XAMSG:OJI:s1:1304_07 10:XAMSG:BOKU+SHI:s18:1304_08 11:XAMSG:SHI:s4:1304_09 12:XAMSG:BOKU:s0:1304_10 13:XAMSG:OBA:s2:1304_11	OJI=4 SHI=4 BOKU=3 SHI+MOE+BOKU+OBA=1 BOKU+SHI=1 OBA=1		
E1305	8		H05,I03	012	H05000,H05001,H05002,H05003,H05100,H05200,I03000,I03200	auto=2 examine:z1=6			(day>10 & flag[48]==0 & flag[169]==1)	0/3	1	1	MAP:I03 0:XAMSG:NARR:s255:1305_00 MAP:H05	NARR=1		MAP>I03 MAP>H05
E1306	2		C05	01	C05000,C05100	auto=2			(flag[56]==0 & day>=13 & day<19)	17/0 0/1 0/2 0/15	2	2	0:XA:VOICE:s255 1:XA:VOICE:s255			
E1312	3	EV	G01	12	G01103,G01200	talk:OJI=2	13		(hour>15)	0/3 1/3	4	3	0:XAMSG:OJI:s1:1312_00 1:SELECT:SELECT 2:XAMSG:OJI:s1:1312_01 3:XAMSG:OJI:s1:1312_02	OJI=3		
E1320	2		H08	0	H08000,H08001	talk:OBA=2	13		(hour<14)	0/1 2/1	6	6	0:XAMSG:OBA:s2:1320_00 1:XAMSG:BOKU:s0:1320_01 2:XAMSG:OBA:s2:1320_02 3:XAMSG:BOKU:s0:1320_03 4:XAMSG:OBA:s2:1320_04 5:XAMSG:OBA:s2:1320_05	OBA=4 BOKU=2		
E1331	1		G15	2	G15200	talk:MOE=1	13		(hour>18)	0/1 3/2	2	2	0:XAMSG:MOE:s3:1331_00 1:XAMSG:MOE:s3:1331_01	MOE=2		
E1340	3		H04	01	H04000,H04100,H04101	talk:SHI=3	13		(hour<18)	0/1 4/4	3	3	0:XAMSG:BOKU:s0:1340_00 1:XAMSG:SHI:s4:1340_01 2:XAMSG:SHI:s4:1340_02	SHI=2 BOKU=1		
E1341	2	EV	G06	2	G06200	talk:SHI=1	13		(hour>18)	0/3 4/4	2	2	0:XAMSG:SHI:s4:1341_00 1:XAMSG:SHI:s4:1341_01	SHI=2		
E1402	2	EV	G02	0	G02000	auto=1	14	8	(hour==8 & flag[55]>0)	1/0 2/0 3/0 4/0 0/7 1/6 2/3 3/6 4/6	8	8	0:XAMSG:OJI:s1:0007_00 1:XAMSG:SHI+MOE+BOKU+OBA:s12:0007_01 2:XAMSG:OJI:s1:1402_00 3:XAMSG:OBA:s2:1402_01 4:XAMSG:SHI:s4:1402_02 5:XAMSG:OJI:s1:1402_03 6:XAMSG:SHI:s4:1402_04 7:XAMSG:SHI:s4:1402_05	OJI=3 SHI=3 SHI+MOE+BOKU+OBA=1 OBA=1		
E1403	2		C04	01	C04000,C04100	auto=2	14	18	(flag[55]>0 & flag[57]==0)	0/1 4/1	6	6	0:XAMSG:SHI:s4:1402_06 1:XAMSG:SHI:s4:1402_07 2:XAMSG:SHI:s4:1402_08 3:XAMSG:BOKU:s0:1402_09 4:XAMSG:SHI:s4:1402_10 5:XAMSG:SHI:s4:1402_11	SHI=5 BOKU=1		
E1404	2		C07	01	C07000,C07100	auto=2	14	19	(flag[55]>0 & flag[58]==0)	0/1 0/2 4/1	17	17	0:XAMSG:SHI:s4:1402_12 1:XAMSG:SHI:s4:1402_13 2:XAMSG:BOKU:s0:1402_14 3:XAMSG:SHI:s4:1402_15 4:XAMSG:SHI:s4:1402_16 5:XAMSG:SHI:s4:1402_17 6:XAMSG:BOKU:s0:1402_18 7:XAMSG:SHI:s4:1402_19 8:XAMSG:SHI:s4:1402_20 9:XAMSG:BOKU:s0:1402_21 10:XAMSG:SHI:s4:1402_22 11:XAMSG:BOKU:s0:1402_23 12:XAMSG:SHI:s4:1402_24 13:XAMSG:BOKU:s0:1402_25 14:XAMSG:SHI:s4:1402_26 15:XAMSG:BOKU:s0:1402_27 16:XAMSG:SHI:s4:1402_28	SHI=11 BOKU=6		
E1405	2		C14	01	C14000,C14100	auto=2	14		(flag[55]>0 & flag[59]==0)	0/1 0/2 4/1	9	7	0:XAMSG:SHI:s4:1402_29 1:MSG:BOKU 2:XAMSG:SHI:s4:1402_30 3:XAMSG:SHI:s4:1402_31 4:XAMSG:BOKU:s0:1402_32 5:XAMSG:SHI:s4:1402_33 6:XAMSG:BOKU:s0:1402_34 7:MSG:SHI 8:XAMSG:SHI:s4:1402_36	SHI=6 BOKU=3		
E1406	3		C18	01	C18000,C18100,C18101	auto=3	14		(flag[55]>0 & flag[60]==0)	0/1 0/2 0/5 4/1 4/4	15	15	0:XAMSG:SHI:s4:1402_37 1:XAMSG:BOKU:s0:1402_38 2:XAMSG:SHI:s4:1402_39 3:XAMSG:BOKU:s0:1402_40 4:XAMSG:SHI:s4:1402_41 5:XAMSG:BOKU:s0:1402_42 MOVIE25:C18 6:XAMSG:BOKU:s0:1402_43 7:XAMSG:SHI:s4:1402_44 8:XAMSG:BOKU:s0:1402_45 9:XAMSG:SHI:s4:1402_46 10:XAMSG:BOKU:s0:1402_47 11:XAMSG:BOKU:s0:1402_48 12:XAMSG:SHI:s4:1402_49 13:XAMSG:BOKU:s0:1402_50 14:XAMSG:SHI:s4:1402_51 MAP:G02	BOKU=8 SHI=7		MOVIE25>C18 MAP>G02
E1412	3	EV	G01	12	G01103,G01200	talk:OJI=2	14		(hour>15)	0/3 1/3	2	2	0:XAMSG:OJI:s1:1412_00 1:XAMSG:OJI:s1:1412_01	OJI=2		
E1420	4	EV	H06,H08	0	H06000,H06001,H08000	auto=1 talk:OBA=2	14		(hour<14 & (map==H06 | (map==H08 & lflag==1)))	0/1 2/1	6	6	0:XAMSG:OBA:s2:1420_00 1:XAMSG:BOKU:s0:1420_01 MAP:H08 3:XAMSG:BOKU:s0:1420_03 4:XAMSG:OBA:s2:1420_04 5:XAMSG:OBA:s2:1420_05 2:XAMSG:OBA:s2:1420_02 MAP:H06	OBA=4 BOKU=2		MAP>H08 MAP>H06
E1430	2		G15	01	G15000,G15100	talk:MOE=2	14		(hour<18)	0/1 3/2	4	4	0:XAMSG:MOE:s3:1430_00 1:XAMSG:BOKU:s0:1430_01 2:XAMSG:MOE:s3:1430_02 3:XAMSG:MOE:s3:1430_03	MOE=3 BOKU=1		
E1431	1		G15	2	G15200	talk:MOE=1	14		(hour>18)	0/1 3/2	6	6	0:XAMSG:MOE:s3:1431_04 1:XAMSG:MOE:s3:1431_05 2:XAMSG:MOE:s3:1431_00 3:XAMSG:BOKU:s0:1431_01 4:XAMSG:MOE:s3:1431_02 5:XAMSG:BOKU:s0:1431_03	MOE=4 BOKU=2		
E1440	2		H10	01	H10000,H10100	talk:SHI=2	14		(hour<18 & flag[55]==0)	0/1 4/4	4	4	0:XAMSG:SHI:s4:1440_00 1:XAMSG:BOKU:s0:1440_01 2:XAMSG:SHI:s4:1440_02 3:XAMSG:SHI:s4:1440_03	SHI=3 BOKU=1		
E1441	2	EV	G06	2	G06200	talk:SHI=1	14		(hour>18)	0/3 4/4	9	9	0:XAMSG:SHI:s4:1441_00 1:XAMSG:BOKU:s0:1441_01 2:XAMSG:SHI:s4:1441_02 3:XAMSG:SHI:s4:1441_03 4:XAMSG:SHI:s4:1441_07 5:XAMSG:BOKU:s0:1441_08 6:XAMSG:BOKU:s0:1441_04 7:XAMSG:SHI:s4:1441_05 8:XAMSG:SHI:s4:1441_06	SHI=6 BOKU=3		
E1451	3	EV	A18	01	A18002,A18102	talk:GUTS=2			(day>6 & hour<18 & lflag==0 & flag[72]==8)	0/1 6/1 8/0	2	2	0:XAMSG:GUTS:s6:1451_00 1:XAMSG:MEGANE:s8:1451_01	GUTS=1 MEGANE=1		
E1452	3	EV	A18	01	A18002,A18102	talk:FAT=2			(day>6 & hour<18 & lflag==0 & flag[72]==8)	0/1 7/0	4	4	0:XAMSG:FAT:s7:1452_00 1:XAMSG:BOKU:s0:1452_01 2:XAMSG:FAT:s7:1452_02 3:XAMSG:BOKU:s0:1452_03	FAT=2 BOKU=2		
E1453	3	EV	A18	01	A18002,A18102	talk:MEGANE=2			(day>6 & hour<18 & lflag==0 & flag[72]==8)	0/1 0/2 8/0	3	3	0:XAMSG:MEGANE:s8:1453_00 1:XAMSG:BOKU:s0:1453_01 2:XAMSG:MEGANE:s8:1453_02	MEGANE=2 BOKU=1		
E1501	1		G02	0	G02005	auto=1	15	7	(hour==7)	0/7 1/6 2/3 3/6 4/6	6	6	0:XAMSG:OBA:s2:1501_00 1:XAMSG:BOKU:s0:1501_01 2:XAMSG:SHI:s4:1501_02 3:XAMSG:OBA:s2:1501_03 4:XAMSG:OJI:s1:0006_00 5:XAMSG:SHI+MOE+BOKU+OBA:s12:0006_01 MAP:G02	OBA=2 BOKU=1 SHI=1 OJI=1 SHI+MOE+BOKU+OBA=1		MAP>G02
E1502	3	EV	G02,G08	0	G02000,G08000	auto=2	15	8	(hour==8 & lflag==0)	0/7 0/1 1/6 2/3 3/6 4/6	8	7	1:XAMSG:OJI:s1:0007_00 2:XAMSG:SHI+MOE+BOKU+OBA:s12:0007_01 3:XAMSG:OBA:s2:1502_00 4:XAMSG:OBA:s2:0121_08 P15:NSELECT 5:XAMSG:OBA:s2:0121_09 6:XAMSG:OJI:s1:1502_01 MAP:G08 7:XA:VOICE:s255	OBA=3 OJI=2 SHI+MOE+BOKU+OBA=1	native:0	MAP>G08
E1503	1		G02	1	G02111	auto=1	15	18	(hour==18)	0/7 1/6 2/3 3/6 4/6	11	10	0:XAMSG:OBA:s2:1503_00 1:XAMSG:OBA:s2:1503_01 4:XAMSG:OJI:s1:1503_04 5:SELECT:SELECT 6:XAMSG:OJI:s1:1503_05 9:XAMSG:OJI:s1:0009_00 10:XAMSG:SHI+MOE+BOKU+OBA:s12:0009_01 MOVIE20:G02 7:XAMSG:OJI:s1:1503_06 8:XAMSG:OJI:s1:1503_07 2:XAMSG:BOKU:s0:1503_02 3:XAMSG:OBA:s2:1503_03	OJI=5 OBA=3 SHI+MOE+BOKU+OBA=1 BOKU=1		MOVIE20>G02
E1504	2	EV	G02	2	G02200	auto=1		19	(day>14 & flag[61]==1)	1/0 2/0 3/0 4/0 0/7 1/6 2/3 3/6 4/6	17	17	0:XAMSG:OJI:s1:0010_00 1:XAMSG:SHI+MOE+BOKU+OBA:s12:0010_01 2:XAMSG:BOKU:s0:1504_00 3:XAMSG:OBA:s2:1504_01 4:XAMSG:SHI:s4:1504_05 5:XAMSG:BOKU:s0:1504_03 6:XAMSG:OJI:s1:1504_04 7:XAMSG:SHI:s4:1504_05 8:XAMSG:OJI:s1:1504_06 9:XAMSG:BOKU:s0:1504_07 10:XAMSG:OJI:s1:1504_08 11:XAMSG:OJI:s1:1504_09 12:XAMSG:BOKU:s0:1504_10 13:XAMSG:OJI:s1:1504_11 14:XAMSG:BOKU:s0:1504_12 15:XAMSG:OJI:s1:1504_13 16:XAMSG:BOKU:s0:1504_14	OJI=7 BOKU=6 SHI=2 SHI+MOE+BOKU+OBA=1 OBA=1		
E1505	4		G06	012	G06000,G06004,G06100,G06200	examine:z0=4	15			0/3	1	1	0:XA:VOICE:s255			
E1506	2		C15	01	C15000,C15100	auto=2			(day>14 & flag[61]==0)	0/2 0/1	1	1	0:XAMSG:BOKU:s0:1506_00	BOKU=1		
E1513	2	EV	G01	2	G01200	talk:OJI=1	15		(hour>18)	1/3	2	2	0:XAMSG:OJI:s1:1513_00 1:XAMSG:OJI:s1:1513_01	OJI=2		
E1522	2	EV	G01	2	G01200	talk:OBA=1	15		(hour>18 & lflag==0)	2/2	1	1	0:XAMSG:OBA:s2:1522_00	OBA=1		
E1531	1		G15	2	G15200	talk:MOE=1	15		(hour>18)	0/1 3/2	2	2	0:XAMSG:MOE:s3:1531_00 1:XAMSG:MOE:s3:1531_01	MOE=2		
E1541	2	EV	G06	2	G06200	talk:SHI=1	15		(hour>18)	0/3 4/4	4	4	0:XAMSG:SHI:s4:1541_00 1:XAMSG:BOKU:s0:1541_01 2:XAMSG:SHI:s4:1541_02 3:XAMSG:SHI:s4:1541_03	SHI=3 BOKU=1		
E1602	2	EV	G02	0	G02000	auto=1	16	8	(hour==8 & lflag==0)	1/0 2/0 3/0 4/0 0/7 1/6 2/3 3/6 4/6	5	5	0:XAMSG:OJI:s1:0007_00 1:XAMSG:SHI+MOE+BOKU+OBA:s12:0007_01 2:XAMSG:OJI:s1:1602_00 3:XAMSG:OBA:s2:1602_01 4:XAMSG:SHI:s4:1602_02	OJI=2 SHI+MOE+BOKU+OBA=1 OBA=1 SHI=1		
E1604	2	EV	G02	2	G02200	auto=1		19	(hour==19 & flag[47]>0 & flag[170]>3 & day>6)	1/0 2/0 3/0 4/0 0/7 1/6 2/3 3/6 4/6	4	4	0:XAMSG:OJI:s1:0010_00 1:XAMSG:SHI+MOE+BOKU+OBA:s12:0010_01 2:XAMSG:OBA:s2:0704_00 3:XAMSG:BOKU:s0:0704_01	OJI=1 SHI+MOE+BOKU+OBA=1 OBA=1 BOKU=1		
E1605	3		H10	012	H10000,H10100,H10200	examine:z0=3			(day>0)	12/0	3	3	0:XA:VOICE:s255 1:XA:VOICE:s255 2:XA:VOICE:s255			
E1606	2		C08	01	C08000,C08100	auto=2			(day>15 & flag[66]==0 & day<30)	0/1 2/1	4	4	0:XAMSG:OBA:s2:1606_00 1:XAMSG:OBA:s2:1606_01 2:XA:VOICE:s255 3:XAMSG:OBA:s2:1606_02	OBA=3		
E1607	6		H06,H08	012	H06002,H06102,H06202,H08002,H08102,H08202	auto=3 talk:19=3			(day>=16 & (map==H08 | (map==H06 & lflag==1)))	0/10 19/0	0	0	MAP:H06 MAP:H08			MAP>H06 MAP>H08
E1610	7	EV	H26	0	H26002,H26003,H26006,H26007,H26010,H26011	talk:OJI=6	16		(hour<16 & lflag==0)	0/1 1/6	4	3	0:XAMSG:OJI:s1:1610_00 1:SELECT:SELECT 2:XAMSG:OJI:s1:1610_01 3:XAMSG:OJI:s1:1610_02	OJI=3		
E1612	3	EV	G01	12	G01103,G01200	talk:OJI=2	16		(hour>15)	0/3 1/3	7	7	0:XA:VOICE:s255 1:XAMSG:OJI:s1:1612_01 2:XAMSG:BOKU:s0:1612_02 3:XAMSG:OJI:s1:1612_03 4:XAMSG:BOKU:s0:1612_04 5:XAMSG:OJI:s1:1612_05 6:XAMSG:OJI:s1:1612_06	OJI=4 BOKU=2		
E1623	1		H08	0	H08002	talk:OBA=1	16		(hour<14)	0/1 2/1	2	2	0:XAMSG:OBA:s2:1623_00 1:XAMSG:OBA:s2:1623_01	OBA=2		
E1630	2		G15	01	G15000,G15100	talk:MOE=2	16		(hour<18)	0/1 3/2	6	6	0:XAMSG:MOE:s3:1630_00 1:XAMSG:BOKU:s0:1630_01 2:XAMSG:MOE:s3:1630_02 3:XAMSG:BOKU:s0:1630_03 4:XAMSG:BOKU:s0:1630_04 5:XAMSG:MOE:s3:1630_05	MOE=3 BOKU=3		
E1632	5	EV	G17,H06	2	G17200,G17202,H06200,H06202	auto=2 talk:MOE=2	16		(hour>18 & (map==G17 | (map==H06 & lflag==1)))	0/3 0/4 3/2 3/3	16	16	0:XAMSG:BOKU:s0:1632_00 1:XAMSG:MOE:s3:1632_01 2:XAMSG:BOKU:s0:1632_02 3:XAMSG:MOE:s3:1632_03 4:XAMSG:BOKU:s0:1632_04 5:XAMSG:MOE:s3:1632_05 6:XAMSG:BOKU:s0:1632_06 7:XAMSG:MOE:s3:1632_07 MAP:H06 15:XAMSG:MOE:s3:1632_15 8:XAMSG:MOE:s3:1632_08 9:XAMSG:MOE:s3:1632_09 10:XAMSG:MOE:s3:1632_10 11:XAMSG:BOKU:s0:1632_11 12:XAMSG:MOE:s3:1632_12 13:XAMSG:BOKU:s3:1632_13 14:XAMSG:MOE:s3:1632_14 MAP:G17	MOE=10 BOKU=6		MAP>H06 MAP>G17
E1641	2	EV	G06	2	G06200	talk:SHI=1	16		(hour>18)	0/3 4/4	2	2	0:XAMSG:SHI:s4:1641_00 1:XAMSG:SHI:s4:1641_01	SHI=2		
E1642	2		H08	01	H08002,H08102	talk:SHI=2	16		(hour<18)	4/1	3	3	0:XAMSG:SHI:s4:1642_00 1:XAMSG:SHI:s4:1642_01 2:XAMSG:SHI:s4:1642_02	SHI=3		
E1650	3	EV	A18	01	A18002,A18102	auto=2			(day>6 & flag[64]==2 & flag[65]==0 & hour<18 & day<29)	0/1 6/0 6/1 7/0 8/0	5	5	0:XAMSG:GUTS:s6:1650_00 1:XAMSG:FAT:s7:1650_01 2:XAMSG:GUTS:s6:1650_02 3:XAMSG:MEGANE:s8:1650_03 4:XAMSG:GUTS+FAT:s17:1650_04	GUTS=2 FAT=1 MEGANE=1 GUTS+FAT=1		
E1651	3	EV	A18	01	A18002,A18102	talk:GUTS=2			(day>6 & hour<18 & lflag==0 & flag[72]==10)	6/1	1	1	0:XAMSG:GUTS:s6:1651_00	GUTS=1		
E1652	3	EV	A18	01	A18002,A18102	talk:FAT=2			(day>6 & hour<18 & lflag==0 & flag[72]==10)	7/0	1	1	0:XAMSG:FAT:s7:1652_00	FAT=1		
E1653	3	EV	A18	01	A18002,A18102	talk:MEGANE=2			(day>6 & hour<18 & lflag==0 & flag[72]==10)	8/0	1	1	0:XAMSG:MEGANE:s8:1653_00	MEGANE=1		
E1701	2	EV	G02	0	G02002	auto=1	17	7	(hour==7)	0/7 1/6 2/3 3/6 4/6	12	12	0:XAMSG:SHI:s4:1701_00 1:XAMSG:OBA:s2:1701_01 2:XAMSG:MOE:s3:1701_02 3:XAMSG:OBA:s2:1701_03 4:XAMSG:BOKU:s0:1701_04 5:XAMSG:OBA:s2:1701_05 6:XAMSG:BOKU:s0:1701_06 7:XAMSG:OJI:s1:1701_07 8:XAMSG:OBA:s2:1701_08 9:XAMSG:OJI:s1:1701_09 10:XAMSG:OJI:s1:0006_00 11:XAMSG:SHI+MOE+BOKU+OBA:s12:0006_01 MAP:G02	OBA=4 OJI=3 BOKU=2 SHI=1 MOE=1 SHI+MOE+BOKU+OBA=1		MAP>G02
E1705	2		G06	2	G06205	talk:MOE=1 talk:SHI=1	17		(hour>18)	0/1 3/4 4/5	5	5	0:XAMSG:BOKU:s0:1705_00 1:XAMSG:MOE:s3:1705_01 2:XAMSG:SHI:s4:1705_02 3:XAMSG:MOE:s3:1705_03 4:XAMSG:SHI:s4:1705_04	MOE=2 SHI=2 BOKU=1		
E1706	2		D06	01	D06000,D06100	examine:z0=2			(hour<18 & day>16 & day<23)	0/1	5	5	MOVIE13:D06>E1706 0:XAMSG:NARR:s255:1706_00 1:XAMSG:BOKU:s0:1706_01 2:XAMSG:NARR:s255:1706_02 3:XAMSG:BOKU:s0:1706_03 4:XAMSG:NARR:s255:1706_04	NARR=3 BOKU=2		MOVIE13>D06>E1706
E1707	3		D11	01	D11000,D11001,D11100	examine:z0=3			(day>0)	0/1	1	1	0:XAMSG:NARR:s255:1707_00	NARR=1		
E1710	7	EV	H26	0	H26002,H26003,H26006,H26007,H26010,H26011	talk:OJI=6	17		(hour<16 & lflag==0)	0/1 0/2 1/6	5	5	0:XAMSG:OJI:s1:1710_00 1:XAMSG:BOKU:s0:1710_01 2:XAMSG:OJI:s1:1710_02 3:XAMSG:BOKU:s0:1710_03 4:XAMSG:OJI:s1:1710_04	OJI=3 BOKU=2		
E1712	3	EV	G01	12	G01103,G01200	talk:OJI=2	17		(hour>15)	1/3	2	2	0:XAMSG:OJI:s1:1712_00 1:XAMSG:OJI:s1:1712_01	OJI=2		
E1720	2		H09	01	H09000,H09100	talk:OBA=2	17		(hour<14)	0/1 2/1	6	6	0:XAMSG:BOKU:s0:1720_00 1:XAMSG:OBA:s2:1720_01 2:XAMSG:BOKU:s0:1720_02 3:XAMSG:OBA:s2:1720_03 4:XAMSG:BOKU:s0:1720_04 5:XAMSG:OBA:s2:1720_05	BOKU=3 OBA=3		
E1730	2		G15	01	G15000,G15100	talk:MOE=2	17		(hour<18)	0/1 3/2	4	4	0:XAMSG:MOE:s3:1730_00 1:XAMSG:BOKU:s0:1730_01 2:XAMSG:MOE:s3:1730_02 3:XAMSG:MOE:s3:1730_03	MOE=3 BOKU=1		
E1740	3	EV	H09	01	H09000,H09100	talk:SHI=2	17		(hour<18)	0/1 4/4	3	3	0:XAMSG:SHI:s4:1740_00 1:XAMSG:BOKU:s0:1740_01 2:XAMSG:SHI:s4:1740_02	SHI=2 BOKU=1		
E1750	3	EV	A18	01	A18002,A18102	auto=2			(day>6 & flag[65]==2 & flag[68]==0 & hour<18)	0/1 6/0 6/1 7/0 8/0	1	1	0:XAMSG:GUTS:s6:1750_00	GUTS=1		
E1751	3	EV	A18	01	A18002,A18102	talk:GUTS=2			(hour<18 & day>15 & flag[70]==1 & lflag==0 & flag[71]==0)	6/1	1	1	0:XAMSG:GUTS:s6:1754_12	GUTS=1		
E1754	9	EV	A07,A18,E02	01	A07000,A07001,A07100,A07101,A18002,A18102,E02000,E02100	auto=8			(day>6 & hour<18 & flag[69]==1 & flag[70]==0)	0/1 6/0 6/1 7/0 8/0	12	12	0:XAMSG:GUTS:s6:1754_00 1:XAMSG:FAT:s7:1754_01 2:XAMSG:MEGANE:s8:1754_02 3:XAMSG:GUTS:s6:1754_03 4:XAMSG:GUTS:s6:1754_04 MAP:A07 11:XAMSG:BOKU:s0:1754_11 5:XAMSG:GUTS:s6:1754_05 6:XAMSG:BOKU:s0:1754_06 7:XAMSG:GUTS:s6:1754_07 8:XAMSG:BOKU:s0:1754_08 9:XAMSG:FAT:s7:1754_09 10:XAMSG:GUTS:s6:1754_10 MAP:E02	GUTS=6 BOKU=3 FAT=2 MEGANE=1		MAP>A07 MAP>E02
E1760	2		D07	01	D07000,D07100	examine:z1=2			(day>16 & flag[94]==0)	0/1	0	0				
E1761	6		B13	01	B13001,B13101	zone:z0=2 zone:z5=2 zone:z6=2			(day>16 & flag[67]==0)	0/1 0/2	2	2	0:XA:VOICE:s255 1:XAMSG:NARR:s255:1761_00	NARR=1		
E1762	2		B13	01	B13001,B13101	examine:z2=2			(day>16)	0/1	1	1	0:XAMSG:BOKU:s0:1762_00	BOKU=1		
E1763	2		B13	01	B13001,B13101	examine:z3=2			(day>16)	0/1	1	1	0:XAMSG:NARR:s255:1763_00	NARR=1		
E1802	2	EV	G02	0	G02000	auto=1	18	8	(lflag==0 & hour==8)	1/0 2/0 3/1 4/0 0/7 1/6 2/3 3/6 4/6	7	7	0:XAMSG:OJI:s1:0007_00 1:XAMSG:SHI+MOE+BOKU+OBA:s12:0007_01 2:XAMSG:NONE:s255:1802_00 3:XAMSG:OBA:s2:1802_01 4:XAMSG:MOE:s3:1802_02 5:XAMSG:MOE:s3:1802_03 6:XAMSG:OBA:s2:1802_04	OBA=2 MOE=2 OJI=1 SHI+MOE+BOKU+OBA=1 NONE=1		
E1803	1		G02	1	G02113	auto=1	18	18	(hour==18)	0/7 1/6 2/3 3/6 4/6	5	5	0:XAMSG:MOE:s3:1803_00 1:XAMSG:BOKU:s0:1803_01 2:XAMSG:SHI:s4:1803_02 3:XAMSG:OJI:s1:0009_00 4:XAMSG:SHI+MOE+BOKU+OBA:s12:0009_01 MOVIE20:G02	MOE=1 BOKU=1 SHI=1 OJI=1 SHI+MOE+BOKU+OBA=1		MOVIE20>G02
E1804	2	EV	G02	2	G02200	auto=1	18	19	(lflag==0 & hour==19)	1/0 2/0 4/0 0/7 1/9 2/5 4/7	2	2	0:XAMSG:OJI:s1:0010_00 1:XAMSG:SHI+MOE+BOKU+OBA:s12:0010_01	OJI=1 SHI+MOE+BOKU+OBA=1		
E1805	8		H05,I03	012	H05000,H05001,H05002,H05003,H05100,H05200,I03000,I03200	auto=2 examine:z1=6			(day>10 & day<29 & flag[48]>0 & flag[169]==1 & flag[105]==0)	0/1 2/1	2	2	MAP:I03 0:XAMSG:BOKU:s0:1805_00 MAP:H05>E1805 1:XAMSG:OBA:s2:1805_01	BOKU=1 OBA=1		MAP>I03 MAP>H05>E1805
E1812	3	EV	G01	12	G01103,G01200	talk:OJI=2	18		(hour>15)	0/3 1/3	2	2	0:XAMSG:OJI:s1:1812_00 1:XAMSG:OJI:s1:1812_01	OJI=2		
E1820	2	EV	H06	0	H06002	talk:OBA=1	18		(hour<14)	0/1 2/1	12	12	0:XAMSG:OBA:s2:1820_08 1:XAMSG:BOKU:s0:1820_09 2:XAMSG:OBA:s2:1820_10 3:XAMSG:OBA:s2:1820_11 4:XAMSG:BOKU:s0:1820_00 5:XAMSG:OBA:s2:1820_01 6:XAMSG:BOKU:s0:1820_02 7:XAMSG:OBA:s2:1820_03 8:XAMSG:BOKU:s0:1820_04 9:XAMSG:OBA:s2:1820_05 10:XAMSG:BOKU:s0:1820_06 11:XAMSG:OBA:s2:1820_07	OBA=7 BOKU=5		
E1821	7		G03	01	G03000,G03001,G03003,G03004,G03100,G03102,G03103	talk:OBA=7	18		(hour>13 & hour<=17 & lflag<2)	0/3 2/7	12	12	0:XAMSG:OBA:s2:1820_08 1:XAMSG:BOKU:s0:1820_09 2:XAMSG:OBA:s2:1820_10 3:XAMSG:OBA:s2:1820_11 4:XAMSG:BOKU:s0:1820_00 5:XAMSG:OBA:s2:1820_01 6:XAMSG:BOKU:s0:1820_02 7:XAMSG:OBA:s2:1820_03 8:XAMSG:BOKU:s0:1820_04 9:XAMSG:OBA:s2:1820_05 10:XAMSG:BOKU:s0:1820_06 11:XAMSG:OBA:s2:1820_07	OBA=7 BOKU=5		
E1830	2		G16	01	G16001,G16101	examine:z2=2	18		(hour<18)	0/3	7	6	0:XAMSG:BOKU:s0:1830_00 1:MSG:MOE 2:XAMSG:BOKU:s0:1830_02 3:XAMSG:MOE:s3:1830_03 4:XAMSG:BOKU:s0:1830_04 5:XAMSG:MOE:s3:1830_05 6:XAMSG:MOE:s3:1830_06	MOE=4 BOKU=3		
E1831	1		G16	2	G16201	examine:z2=1	18		(hour>18)	0/3	2	2	0:XAMSG:MOE:s3:1831_00 1:XAMSG:MOE:s3:1831_01	MOE=2		
E1840	3	EV	H09	01	H09000,H09100	talk:SHI=2	18		(hour<18)	0/1 4/8	4	4	0:XAMSG:SHI:s4:1840_00 1:XAMSG:BOKU:s0:1840_01 2:XAMSG:SHI:s4:1840_02 3:XAMSG:SHI:s4:1840_03	SHI=3 BOKU=1		
E1841	2	EV	G06	2	G06200	talk:SHI=1	18		(hour>18)	0/3 4/4	3	3	0:XAMSG:SHI:s4:1841_00 1:XAMSG:BOKU:s0:1841_01 2:XAMSG:SHI:s4:1841_02	SHI=2 BOKU=1		
E1850	3	EV	A18	01	A18002,A18102	auto=2			(hour<18 & day>1 & flag[72]==12 & lflag==0)	0/1 6/1 7/0 8/0	2	2	0:XAMSG:MEGANE:s8:1850_00 1:XAMSG:FAT:s7:1850_01	MEGANE=1 FAT=1		
E1861	2		B13	01	B13001,B13101	talk:SAORI=2			(flag[67]==2 & flag[76]<2 & day<21)	0/1 0/2 5/0	35	35	0:XAMSG:SAORI:s5:1861_00 1:XAMSG:BOKU:s0:1861_01 2:XAMSG:SAORI:s5:1861_02 3:XAMSG:BOKU:s0:1861_03 4:XAMSG:SAORI:s5:1861_04 5:XAMSG:BOKU:s0:1861_05 6:XAMSG:SAORI:s5:1861_06 7:XAMSG:BOKU:s0:1861_07 8:XAMSG:SAORI:s5:1861_08 9:XAMSG:BOKU:s0:1861_09 10:XAMSG:SAORI:s5:1861_10 11:XAMSG:BOKU:s0:1861_11 12:XAMSG:SAORI:s5:1861_12 13:XAMSG:BOKU:s0:1861_13 14:XAMSG:SAORI:s5:1861_14 15:XA:VOICE:s255 16:XAMSG:BOKU:s0:1861_15 17:XAMSG:SAORI:s5:1861_16 18:XAMSG:BOKU:s0:1861_17 19:XAMSG:SAORI:s5:1861_18 20:XAMSG:BOKU:s0:1861_19 21:XAMSG:SAORI:s5:1861_20 22:XAMSG:BOKU:s0:1861_21 23:XAMSG:SAORI:s5:1861_22 24:XAMSG:BOKU:s0:1861_23 25:XAMSG:SAORI:s5:1861_24 26:XAMSG:SAORI:s5:1861_25 27:XAMSG:BOKU:s0:1861_26 28:XAMSG:SAORI:s5:1861_27 29:XAMSG:SAORI:s5:1861_28 30:XA:VOICE:s255 31:XA:VOICE:s255 32:XA:VOICE:s255 33:XAMSG:SAORI:s5:1861_32 34:XAMSG:SAORI:s5:1861_33	SAORI=18 BOKU=13		
E1901	1		G02	0	G02001	auto=1	19	7	(hour==7)	0/7 1/6 2/3 4/6	6	6	0:XAMSG:SHI:s4:1901_00 1:XAMSG:OBA:s2:1901_01 2:XAMSG:OJI:s1:1901_02 3:XAMSG:OBA:s2:1901_03 4:XAMSG:OJI:s1:0006_00 5:XAMSG:SHI+MOE+BOKU+OBA:s12:0006_01 MAP:G02	OBA=2 OJI=2 SHI=1 SHI+MOE+BOKU+OBA=1		MAP>G02
E1902	2	EV	G02	0	G02000	auto=1	19	8	(lflag==0 & hour==8)	1/0 2/0 4/0 0/7 1/6 2/3 4/6	2	2	0:XAMSG:OJI:s1:0007_00 1:XAMSG:SHI+MOE+BOKU+OBA:s12:0007_01	OJI=1 SHI+MOE+BOKU+OBA=1		
E1903	1		G02	1	G02114	auto=1	19	18	(hour==18)	0/7 1/6 2/3 3/6 4/6	4	4	0:XAMSG:BOKU:s0:1903_00 1:XAMSG:OBA:s2:1903_01 2:XAMSG:OJI:s1:0009_00 3:XAMSG:SHI+MOE+BOKU+OBA:s12:0009_01 MOVIE20:G02	BOKU=1 OBA=1 OJI=1 SHI+MOE+BOKU+OBA=1		MOVIE20>G02
E1904	2	EV	G02	2	G02200	auto=1	19	19	(lflag==0 & flag[88]==1 & hour==19)	1/0 2/0 3/0 4/0 0/7 1/6 2/3 3/6 4/6	12	12	0:XAMSG:OJI:s1:0010_00 1:XAMSG:SHI+MOE+BOKU+OBA:s12:0010_01 2:XAMSG:BOKU:s0:1904_00 3:XAMSG:OJI:s1:1904_01 4:XAMSG:OJI:s1:1904_02 5:XAMSG:OBA:s2:1904_03 6:XAMSG:BOKU:s0:1904_04 7:XAMSG:SHI:s4:1904_05 8:XAMSG:OBA:s2:1904_06 9:XAMSG:OJI:s1:1904_07 10:XAMSG:OBA:s2:1904_08 11:XAMSG:OJI:s1:1904_09	OJI=5 OBA=3 BOKU=2 SHI+MOE+BOKU+OBA=1 SHI=1		
E1905	2		C05	01	C05000,C05100	auto=2	19		(flag[88]==0)	17/0 0/1 0/2 0/15	2	2	0:XA:VOICE:s255 1:XA:VOICE:s255			
E1907	2		A18	01	A18000,A18100	auto=2			(flag[106]==0 & hour<10 & (day==19 | day==21 | day==23 | day==25))	0/1 0/2	1	0	0:MSG:NONE	NONE=1		
E1908	5		H04,H09	01	H04000,H04100,H04101,H09000,H09100	examine:z0=5			(flag[106]==1 & hour<17 & ((map==H04 & day>18 & day<31 & day!=19 & day!=24) | (map==H09 & day>18 & day<31 & day!=20 & day!=21 & day!=29)))	0/1 0/2	2	1	0:MSG:NONE 1:XA:VOICE:s255	NONE=1		
E1909	2		B13	01	B13001,B13101	zone:z4=2			(day>16 & flag[249]==0)		1	1	0:XA:VOICE:s255			
E1910	7	EV	H26	0	H26002,H26003,H26006,H26007,H26010,H26011	talk:OJI=6	19		(hour<16 & flag[96]>0 & lflag==0)	0/1 1/6	4	4	0:XAMSG:BOKU:s0:1910_00 1:XAMSG:OJI:s1:1910_01 2:XAMSG:BOKU:s0:1910_02 3:XAMSG:OJI:s1:1910_03	BOKU=2 OJI=2		
E1912	3	EV	G01	12	G01103,G01200	talk:OJI=2	19		(hour>15)	0/3 1/3	6	6	0:XAMSG:OJI:s1:1912_00 1:XAMSG:BOKU:s0:1912_01 2:XAMSG:OJI:s1:1912_02 3:XAMSG:BOKU:s0:1912_03 4:XAMSG:OJI:s1:1912_04 5:XAMSG:OJI:s1:1912_05	OJI=4 BOKU=2		
E1920	1		H08	0	H08002	talk:OBA=1	19		(hour<14)	0/1 2/1	6	6	0:XAMSG:OBA:s2:1920_00 1:XAMSG:BOKU:s0:1920_01 2:XAMSG:OBA:s2:1920_02 3:XAMSG:BOKU:s0:1920_03 4:XAMSG:OBA:s2:1920_04 5:XAMSG:OBA:s2:1920_05	OBA=4 BOKU=2		
E1921	7		G03	01	G03000,G03001,G03003,G03004,G03100,G03102,G03103	talk:OBA=7	19		(lflag==0 & hour>13 & hour<=17)	2/7	1	1	0:XAMSG:OBA:s2:1921_00	OBA=1		
E1930	2		G16	01	G16001,G16101	examine:z2=2	19		(hour<18)	0/3	8	6	0:XAMSG:BOKU:s0:1930_00 1:XAMSG:MOE:s3:1930_01 2:XAMSG:BOKU:s0:1930_02 3:MSG:MOE 4:XAMSG:BOKU:s0:1930_04 5:XAMSG:MOE:s3:1930_05 6:MSG:BOKU 7:XAMSG:MOE:s3:1930_07	BOKU=4 MOE=4		
E1931	1		G15	2	G15200	talk:MOE=1	19		(hour>18)	0/1 3/2	2	2	0:XAMSG:MOE:s3:1931_00 1:XAMSG:MOE:s3:1931_01	MOE=2		
E1940	3		H04	01	H04000,H04100,H04101	talk:SHI=3	19		(hour<18)	0/1 0/2 4/4	8	8	0:XAMSG:SHI:s4:1940_00 1:XAMSG:BOKU:s0:1940_01 2:XAMSG:SHI:s4:1940_02 3:XAMSG:BOKU:s0:1940_03 4:XAMSG:SHI:s4:1940_04 5:XAMSG:BOKU:s0:1940_05 6:XAMSG:SHI:s4:1940_06 7:XAMSG:BOKU:s0:1940_07	SHI=4 BOKU=4		
E1941	2	EV	G06	2	G06200	talk:SHI=1	19		(hour>18)	0/3 4/4	3	3	0:XAMSG:BOKU:s0:1941_00 1:XAMSG:SHI:s4:1941_01 2:XAMSG:BOKU:s0:1941_02	BOKU=2 SHI=1		
E1951	3	EV	A18	01	A18002,A18102	talk:GUTS=2			(day>6 & hour<18 & lflag==0 & flag[72]==13)	0/1 6/1	1	1	0:XAMSG:GUTS:s6:1951_00	GUTS=1		
E1952	3	EV	A18	01	A18002,A18102	talk:FAT=2			(day>6 & hour<18 & lflag==0 & flag[72]==13)	7/0	1	1	0:XAMSG:FAT:s7:1952_00	FAT=1		
E1953	3	EV	A18	01	A18002,A18102	talk:MEGANE=2			(day>6 & hour<18 & lflag==0 & flag[72]==13)	8/0	1	1	0:XAMSG:MEGANE:s8:1953_00	MEGANE=1		
E1960	3	EV	D07	01	D07000,D07100	talk:SAORI=2			(flag[76]==2 & flag[100]==0 & day<21 & flag[94]<2)	0/1 5/1	12	12	0:XAMSG:SAORI:s5:1960_00 1:XAMSG:BOKU:s0:1960_01 2:XAMSG:SAORI:s5:1960_02 3:XAMSG:SAORI:s5:1960_03 4:XAMSG:BOKU:s0:1960_04 5:XAMSG:BOKU:s0:1962_00 6:XAMSG:SAORI:s5:1962_01 7:XAMSG:BOKU:s0:1962_02 8:XAMSG:SAORI:s5:1962_03 9:XAMSG:SAORI:s5:1962_04 10:XAMSG:BOKU:s0:1962_05 11:XAMSG:SAORI:s5:1962_06	SAORI=7 BOKU=5		
E1961	3		D07,I25	01	D07000,D07100,I25000	auto=1 examine:z1=2			(flag[94]>0 | day>=21)	0/1	1	1	MAP:I25 0:XAMSG:NARR:s255:1961_00 MAP:D07 MAP:D07	NARR=1		MAP>I25 MAP>D07 MAP>D07
E1962	3	EV	D07	01	D07000,D07100	talk:SAORI=2			(flag[76]==2 & flag[100]==1 & day<21 & flag[94]<2)	0/1 5/1	7	7	0:XAMSG:BOKU:s0:1962_00 1:XAMSG:SAORI:s5:1962_01 2:XAMSG:BOKU:s0:1962_02 3:XAMSG:SAORI:s5:1962_03 4:XAMSG:SAORI:s5:1962_04 5:XAMSG:BOKU:s0:1962_05 6:XAMSG:SAORI:s5:1962_06	SAORI=4 BOKU=3		
E1970	2		B13	01	B13001,B13101	examine:z2=2			(day>18 & flag[82]>0)	0/1 0/2	5	5	0:XA:VOICE:s255 1:XA:VOICE:s255 2:XA:VOICE:s255 3:XA:VOICE:s255 4:XA:VOICE:s255			
E2002	2	EV	G02	0	G02000	auto=1	20	8		0/7	1	1	0:XAMSG:OJI:s255:2002_00 MAP:G01	OJI=1		MAP>G01
E2003	10		G02	1	G02106,G02107,G02108,G02109,G02110,G02111,G02112,G02113,G02114,G02115	auto=10		18	(flag[82]==1 & hour==18 & day>17)	0/7 1/6 2/3 3/6 4/6	7	7	0:XAMSG:OJI:s1:2003_00 1:XAMSG:BOKU:s0:2003_01 2:XAMSG:SHI:s4:2003_02 3:XAMSG:BOKU:s0:2003_03 4:XAMSG:SHI:s4:2003_04 5:XAMSG:OJI:s1:0009_00 6:XAMSG:SHI+MOE+BOKU+OBA:s12:0009_01 MOVIE20:G02	OJI=2 BOKU=2 SHI=2 SHI+MOE+BOKU+OBA=1		MOVIE20>G02
E2004	2	EV	G02	2	G02200	auto=1	20	19	(lflag==0 & hour==19)	1/0 2/0 3/0 4/0 5/0 0/7 1/6 2/3 3/6 4/6	15	15	0:XAMSG:OJI:s1:0010_00 1:XAMSG:SHI+MOE+BOKU+OBA:s12:0010_01 2:XAMSG:SAORI:s255:2004_00 3:XAMSG:SAORI:s5:2004_01 4:XAMSG:OBA:s2:2004_02 5:XAMSG:SAORI:s5:2004_03 6:XAMSG:SAORI:s5:2004_07 7:XAMSG:OBA:s2:2004_08 8:XAMSG:BOKU:s0:2004_09 9:XAMSG:SAORI:s5:2004_10 10:XAMSG:BOKU:s0:2004_11 11:XAMSG:SHI:s4:2004_12 12:XAMSG:SAORI:s5:2004_04 13:XAMSG:BOKU:s0:2004_05 14:XAMSG:SHI:s4:2004_06	SAORI=6 BOKU=3 OBA=2 SHI=2 OJI=1 SHI+MOE+BOKU+OBA=1		
E2005	2		A12	01	A12000,A12100	auto=2			((flag[56]!=0 | flag[88]!=0) & flag[89]==0 & day>=20 & flag[247]==1 & flag[32]!=0)	17/0 0/1 0/2 0/15	3	3	0:XAMSG:BOKU:s0:2005_00 1:XAMSG:BOKU:s0:2005_01 2:XA:VOICE:s255	BOKU=2		
E2006	2		G01,G06	0	G01000,G06000	auto=2	20		((map==G01 & lflag<5) | (map==G06 & lflag<3))	1/3 2/2 3/4	14	13	0:XAMSG:MOE:s3:2002_01 1:XAMSG:OBA:s2:2002_02 MAP:G06 2:XAMSG:MOE:s3:2002_06 3:XAMSG:OJI:s1:2002_07 4:XAMSG:MOE:s3:2002_08 MAP:G06 5:XAMSG:OBA:s2:2002_10 MAP:G06 6:XAMSG:OJI:s1:2002_13 7:XAMSG:MOE:s3:2002_14 MAP:G01 8:XAMSG:OJI:s1:2002_03 9:MSG:MOE 10:XAMSG:OJI:s1:2002_05 MAP:G01 11:XAMSG:OJI:s1:2002_09 MAP:G01 12:XAMSG:OJI:s1:2002_11 13:XAMSG:MOE:s3:2002_12 MAP:G01	MOE=6 OJI=6 OBA=2		MAP>G06 MAP>G06 MAP>G06 MAP>G01 MAP>G01 MAP>G01 MAP>G01
E2010	7	EV	H26	0	H26002,H26003,H26006,H26007,H26010,H26011	talk:OJI=6	20		(hour<16 & lflag==0)	0/1 1/6	2	2	0:XAMSG:OJI:s1:2010_00 1:XAMSG:BOKU:s0:2010_01	OJI=1 BOKU=1		
E2012	3	EV	G01	12	G01103,G01200	talk:OJI=2	20		(hour>15)	0/3 1/3	8	8	0:XAMSG:OJI:s1:2012_00 1:XAMSG:BOKU:s0:2012_01 2:XAMSG:OJI:s1:2012_02 3:XAMSG:BOKU:s0:2012_03 4:XAMSG:OJI:s1:2012_04 5:XAMSG:BOKU:s0:2012_05 6:XAMSG:OJI:s1:2012_06 7:XAMSG:OJI:s1:2012_07	OJI=5 BOKU=3		
E2020	1		H07	0	H07000	talk:OBA=1	20		(hour<14)	0/1 2/1	2	2	0:XAMSG:OBA:s2:2020_00 1:XAMSG:OBA:s2:2020_01	OBA=2		
E2031	1		G16	2	G16201	examine:z2=1	20		(hour>18)	0/3	4	4	0:XAMSG:MOE:s3:2031_00 1:XAMSG:BOKU:s0:2031_01 2:XAMSG:MOE:s3:2031_02 3:XAMSG:MOE:s3:2031_03	MOE=3 BOKU=1		
E2040	3	EV	H09	01	H09000,H09100	talk:SHI=2	20		(hour<18)	0/1 4/8	5	4	0:XAMSG:SHI:s4:2040_00 1:XAMSG:BOKU:s0:2040_01 2:XAMSG:SHI:s4:2040_02 3:MSG:BOKU 4:XAMSG:SHI:s4:2040_04	SHI=3 BOKU=2		
E2041	2	EV	G06	2	G06200	talk:SHI=1	20		(hour>18)	0/1 4/4	3	3	0:XAMSG:BOKU:s0:2041_00 1:XAMSG:SHI:s4:2041_01 2:XAMSG:SHI:s4:2041_02	SHI=2 BOKU=1		
E2050	3	EV	A18	01	A18002,A18102	auto=2			(day>1 & hour<18 & flag[72]==14 & lflag==0)	0/1 6/1 7/0 8/0	2	2	0:XAMSG:MEGANE:s8:2050_00 1:XAMSG:FAT:s7:2050_01	MEGANE=1 FAT=1		
E2060	3	EV	D07	01	D07000,D07100	talk:SAORI=2	20		(flag[94]>=2)	0/1 5/1	7	7	0:XAMSG:BOKU:s0:2060_01 1:XAMSG:SAORI:s5:2060_02 2:XAMSG:BOKU:s0:2060_03 3:XAMSG:SAORI:s5:2060_04 4:XAMSG:BOKU:s0:2060_05 5:XAMSG:SAORI:s5:2060_06 6:XAMSG:SAORI:s5:2060_10	SAORI=4 BOKU=3		
E2061	1		G04	2	G04204	examine:z0=1	20		(hour==19)	0/1	2	2	0:XA:VOICE:s255 1:XAMSG:SAORI:s255:2061_00	SAORI=1		
E2101	2	EV	G02	0	G02002	auto=1	21	7	(hour==7)	0/7 1/6 2/3 3/6 4/6	9	9	0:XAMSG:SHI:s4:2101_00 1:XAMSG:OBA:s2:2101_01 2:XAMSG:SHI:s4:2101_02 3:XAMSG:BOKU:s0:2101_03 4:XAMSG:OBA:s2:2101_04 5:XAMSG:SHI:s4:2101_05 6:XAMSG:OBA:s2:2101_06 7:XAMSG:OJI:s1:0006_00 8:XAMSG:SHI+MOE+BOKU+OBA:s12:0006_01 MAP:G02	SHI=3 OBA=3 BOKU=1 OJI=1 SHI+MOE+BOKU+OBA=1		MAP>G02
E2104	2	EV	G02	2	G02200	auto=1	21	19	(lflag==0 & hour==19)	1/0 2/0 4/0 0/7 1/6 2/3 3/6 4/6	8	8	0:XAMSG:OJI:s1:0010_00 1:XAMSG:SHI+MOE+BOKU+OBA:s12:0010_01 2:XAMSG:MOE:s3:2104_00 3:XAMSG:BOKU:s0:2104_01 4:XAMSG:MOE:s3:2104_02 5:XAMSG:BOKU:s0:2104_03 6:XAMSG:MOE:s3:2104_04 7:XA:VOICE:s255 MAP:G05	MOE=3 BOKU=2 OJI=1 SHI+MOE+BOKU+OBA=1		MAP>G05
E2105	1		G13	2	G13200	talk:MOE=1	21		(hour>18 & flag[128]==0)	0/1 0/2 3/1	11	9	0:XAMSG:MOE:s3:2105_00 1:XAMSG:BOKU:s0:2105_01 2:XAMSG:MOE:s3:2105_02 3:XAMSG:BOKU:s0:2105_03 4:XAMSG:MOE:s3:2105_04 5:MSG:BOKU 6:XAMSG:MOE:s3:2105_06 7:MSG:BOKU 8:XAMSG:MOE:s3:2105_08 9:XAMSG:BOKU:s0:2105_09 10:XAMSG:MOE:s3:2105_10	MOE=6 BOKU=5		
E2106	1		G07	2	G07200	auto=1	21		(flag[128]==0)	0/1 0/2 2/1	10	9	0:XAMSG:OBA:s2:2106_00 1:MSG:BOKU 2:XAMSG:OBA:s2:2106_02 3:XAMSG:BOKU:s0:2106_03 4:XAMSG:BOKU:s0:2106_04 5:XAMSG:OBA:s2:2106_05 6:XAMSG:OBA:s2:2106_06 7:XAMSG:OBA:s2:2106_07 8:XAMSG:BOKU:s0:2106_08 9:XAMSG:OBA:s2:2106_09	OBA=6 BOKU=4		
E2107	2		B15	01	B15000,B15100	auto=2			(flag[108]==0 & day>20)	0/1	1	1	0:XAMSG:NARR:s255:2107_00	NARR=1		
E2108	3		G05,G14	2	G05200,G14200,G14202	auto=3	21		(lflag==0 & hour==19)	0/4 0/15 3/2	4	4	0:XAMSG:MOE:s3:2104_05 1:XAMSG:BOKU:s0:2104_06 2:XAMSG:MOE:s3:2104_07 3:XAMSG:MOE:s3:2104_08 MOVIE12:G14	MOE=3 BOKU=1		MOVIE12>G14
E2109	1		G15	2	G15200	talk:MOE=1	21		(hour>18 & flag[128]==1)	0/1 3/2	4	3	0:XAMSG:MOE:s3:2105_11 1:MSG:BOKU 2:XAMSG:MOE:s3:2105_13 3:XAMSG:MOE:s3:2105_14	MOE=3 BOKU=1		
E2112	2	EV	G01	1	G01103	talk:OJI=1	21		(hour>15 & hour<18)	1/3	2	2	0:XAMSG:OJI:s1:2112_00 1:XAMSG:OJI:s1:2112_01	OJI=2		
E2113	2	EV	G01	2	G01200	talk:OJI=1	21		(hour>18)	0/3 1/3	4	4	0:XAMSG:OJI:s1:2113_00 1:XAMSG:BOKU:s0:2113_01 2:XAMSG:OJI:s1:2113_02 3:XAMSG:OJI:s1:2113_03	OJI=3 BOKU=1		
E2120	1		H11	0	H11000	talk:OBA=1	21		(hour<14)	0/1 2/1	4	4	0:XAMSG:OBA:s2:2120_00 1:XAMSG:BOKU:s0:2120_01 2:XAMSG:OBA:s2:2120_02 3:XAMSG:OBA:s2:2120_03	OBA=3 BOKU=1		
E2122	2	EV	G01	2	G01200	talk:OBA=1	21		(hour>18 & lflag==0)	0/3 2/2	4	4	0:XAMSG:BOKU:s0:2122_00 1:XAMSG:OBA:s2:2122_01 2:XAMSG:BOKU:s0:2122_02 3:XAMSG:OBA:s2:2122_03	BOKU=2 OBA=2		
E2130	2		G16	01	G16001,G16101	examine:z2=2	21		(hour<18)	0/3	3	3	0:XAMSG:MOE:s3:2130_00 1:XAMSG:MOE:s3:2130_01 2:XAMSG:BOKU:s0:2130_02	MOE=2 BOKU=1		
E2140	3	EV	H09	01	H09000,H09100	talk:SHI=2	21		(hour<18)	0/1 0/2 0/3 4/1	5	5	0:XAMSG:SHI:s4:2140_00 1:XAMSG:BOKU:s0:2140_01 2:XAMSG:SHI:s4:2140_02 3:XAMSG:BOKU:s0:2140_03 4:XAMSG:SHI:s4:2140_04	SHI=3 BOKU=2		
E2141	2	EV	G06	2	G06200	talk:SHI=1	21		(hour>18)	0/3 4/4	3	3	0:XAMSG:SHI:s4:2141_00 1:XAMSG:BOKU:s0:2141_01 2:XAMSG:SHI:s4:2141_02	SHI=2 BOKU=1		
E2160	3	EV	D07	01	D07000,D07100	talk:SAORI=2	21		(flag[248]==1)	0/1 0/2 5/1	2	2	0:XAMSG:BOKU:s0:2160_19 1:XAMSG:SAORI:s5:2160_20	BOKU=1 SAORI=1		
E2161	2		B13	01	B13001,B13101	examine:z2=2			(flag[90]!=0 & flag[91]==0 & flag[32]!=0 & day>1)	0/2	1	1	0:XAMSG:BOKU:s0:2161_00	BOKU=1		
E2202	2	EV	G02	0	G02000	auto=1	22	8	(lflag==0 & hour==8)	1/0 2/0 3/0 4/0 0/7 1/6 2/3 3/6 4/6	8	8	0:XAMSG:OJI:s1:0007_00 1:XAMSG:SHI+MOE+BOKU+OBA:s12:0007_01 2:XAMSG:OJI:s1:2202_00 3:XAMSG:SHI:s4:2202_01 4:XAMSG:BOKU:s0:2202_02 5:XAMSG:OJI:s1:2202_03 6:XAMSG:MOE:s3:2202_04 7:XA:ALL:s11	OJI=3 SHI+MOE+BOKU+OBA=1 SHI=1 BOKU=1 MOE=1		
E2203	1		G02	1	G02116	auto=1	22	18	(hour==18)	0/7 1/6 2/3 3/6 4/6	22	22	0:XAMSG:BOKU:s0:2203_00 1:XAMSG:OBA:s2:2203_01 2:XAMSG:BOKU:s0:2203_02 3:XAMSG:OJI:s1:2203_03 4:XAMSG:OBA:s2:2203_04 5:XAMSG:SHI:s4:2203_05 6:XAMSG:BOKU:s0:2203_06 7:XAMSG:SHI:s4:2203_07 8:XAMSG:BOKU:s0:2203_08 9:XAMSG:SHI:s4:2203_09 10:XAMSG:BOKU:s0:2203_10 11:XAMSG:OBA:s2:2203_11 12:XAMSG:BOKU:s0:2203_12 13:XAMSG:MOE:s3:2203_13 14:XAMSG:BOKU:s0:2203_14 15:XAMSG:SHI:s4:2203_15 16:XAMSG:BOKU:s0:2203_16 17:XAMSG:SHI:s4:2203_17 18:XAMSG:BOKU:s0:2203_18 19:XAMSG:MOE:s3:2203_19 20:XAMSG:OJI:s1:2203_20 21:XAMSG:SHI+MOE+BOKU+OBA:s12:2203_21 MOVIE20:G02	BOKU=9 SHI=5 OBA=3 OJI=2 MOE=2 SHI+MOE+BOKU+OBA=1		MOVIE20>G02
E2204	3	EV	G02	2	G02200,G02217	auto=2	22	19	(lflag==0 & hour==19)	1/0 2/0 3/0 4/0 0/7 1/6 2/3 3/6 4/6	12	12	0:XAMSG:OJI:s1:0010_00 1:XAMSG:SHI+MOE+BOKU+OBA:s12:0010_01 2:XAMSG:OBA:s2:2204_00 3:XAMSG:MOE:s3:2204_01 4:XAMSG:OJI:s1:2204_02 5:XAMSG:MOE:s3:2204_03 6:XAMSG:MOE:s3:2204_04 7:XAMSG:SHI:s4:2204_05 8:XAMSG:OJI:s1:2204_06 9:XAMSG:MOE:s3:2204_07 10:XAMSG:SHI:s4:2204_08 11:XA:ALL:s11	MOE=4 OJI=3 SHI=2 SHI+MOE+BOKU+OBA=1 OBA=1		
E2205	4		G06	01	G06005,G06105	talk:MOE=2 talk:SHI=2	22		(hour<18)	0/1 0/2 3/4 4/5	6	6	0:XAMSG:BOKU:s1:2205_00 1:XAMSG:MOE:s3:2205_01 2:XAMSG:SHI:s4:2205_02 3:XAMSG:SHI:s4:2205_03 4:XAMSG:BOKU:s0:2205_04 5:XAMSG:MOE:s3:2205_05	BOKU=2 MOE=2 SHI=2		
E2206	2		A10	01	A10001,A10101	auto=2			(day>21 & flag[102]==0 & flag[207]>0)	0/1 0/2 1/1 18/0	8	7	0:XAMSG:BOKU:s0:2206_00 1:XAMSG:BOKU:s0:2206_01 2:XAMSG:OJI:s1:2206_02 3:XAMSG:OJI:s1:2206_03 4:MSG:BOKU 5:XAMSG:OJI:s1:2206_05 6:XAMSG:BOKU:s0:2206_06 7:XAMSG:OJI:s1:2206_07	BOKU=4 OJI=4		
E2207	2		A10	01	A10002,A10102	examine:z0=2			(day>21 & flag[102]==1 & flag[110]==0)	0/2	2	1	0:XAMSG:NARR:s255:2206_08 1:MSG:NONE	NARR=1 NONE=1		
E2210	7	EV	H26	0	H26002,H26003,H26006,H26007,H26010,H26011	talk:OJI=6	22		(hour<16 & lflag==0)	0/1 1/6	7	6	0:XAMSG:OJI:s1:2210_00 1:SELECT:SELECT 2:XAMSG:OJI:s1:2210_01 3:XAMSG:OJI:s1:2210_02 4:XAMSG:OJI:s1:2210_03 5:XAMSG:BOKU:s0:2210_04 6:XAMSG:OJI:s1:2210_05	OJI=5 BOKU=1		
E2212	5	EV	G01	12	G01102,G01103,G01200,G01202	talk:OJI=4	22		(hour>15)	1/3	3	3	0:XAMSG:BOKU:s0:2212_00 1:XAMSG:OJI:s1:2212_01 2:XAMSG:OJI:s1:2212_02	OJI=2 BOKU=1		
E2220	2	EV	H06	0	H06002	talk:OBA=1	22		(hour<14)	0/1 2/1	2	2	0:XAMSG:OBA:s2:2220_00 1:XAMSG:OBA:s2:2220_01	OBA=2		
E2221	7		G03	01	G03000,G03001,G03003,G03004,G03100,G03102,G03103	talk:OBA=7	22		(hour>13 & hour<=17 & flag[129]==1 & lflag==0)	0/3 2/7	2	2	0:XAMSG:BOKU:s0:2221_00 1:XAMSG:OBA:s2:2221_01	BOKU=1 OBA=1		
E2231	1		G15	2	G15200	talk:MOE=1	22		(hour>18)	0/1 3/2	7	6	0:XAMSG:MOE:s3:2231_00 1:MSG:BOKU 2:XAMSG:BOKU:s0:2231_01 3:XAMSG:MOE:s3:2231_02 4:XAMSG:BOKU:s0:2231_03 5:XAMSG:MOE:s3:2231_04 6:XAMSG:MOE:s3:2231_05	MOE=4 BOKU=3		
E2241	2	EV	G06	2	G06200	talk:SHI=1	22		(hour>18)	0/3 4/4	2	2	0:XAMSG:SHI:s4:2241_00 1:XAMSG:SHI:s4:2241_01	SHI=2		
E2251	3	EV	A18	01	A18002,A18102	talk:GUTS=2			(day>6 & hour<18 & lflag==0 & flag[72]==16)	0/1 6/1	1	1	0:XAMSG:GUTS:s6:2251_00	GUTS=1		
E2252	3	EV	A18	01	A18002,A18102	talk:FAT=2			(day>6 & hour<18 & lflag==0 & flag[72]==16)	0/1 7/0	4	4	0:XAMSG:FAT:s7:2252_00 1:XAMSG:BOKU:s0:2252_01 2:XAMSG:FAT:s7:2252_02 3:XAMSG:BOKU:s0:2252_03	FAT=2 BOKU=2		
E2253	3	EV	A18	01	A18002,A18102	talk:MEGANE=2			(day>6 & hour<18 & lflag==0 & flag[72]==16)	0/1 8/0	1	1	0:XAMSG:MEGANE:s8:2253_00	MEGANE=1		
E2260	3	EV	D07	01	D07000,D07100	talk:SAORI=2	22			0/1 5/0	2	2	0:XAMSG:SAORI:s5:2260_02 1:XAMSG:SAORI:s5:2260_03	SAORI=2		
E2261	6		B13	01	B13001,B13101	zone:z0=2 zone:z5=2 zone:z6=2			(flag[91]>1 & flag[92]==0 & day>1)	0/1	1	1	0:XAMSG:NARR:s255:2261_00	NARR=1		
E2302	2	EV	G02	0	G02000	auto=1		8	(hour==8 & flag[91]>2 & flag[93]==0 & day<28)	1/0 2/0 3/0 4/0 0/7 1/6 2/3 3/6 4/6	4	4	0:XAMSG:OJI:s1:0007_00 1:XAMSG:SHI+MOE+BOKU+OBA:s12:0007_01 2:XAMSG:OJI:s255:2302_00 3:XAMSG:SAORI:s255:2302_01 MAP:G17	OJI=2 SHI+MOE+BOKU+OBA=1 SAORI=1		MAP>G17
E2303	10		G02	1	G02106,G02107,G02108,G02109,G02110,G02111,G02112,G02113,G02114,G02115	auto=10		18	(flag[84]==0 & flag[83]>0 & hour==18 & day>10)	0/7 1/6 2/3 3/6 4/6	12	11	0:XAMSG:BOKU:s0:2303_00 1:XAMSG:MOE:s3:2303_01 2:XAMSG:SHI:s4:2303_02 3:MSG:MOE 4:XAMSG:MOE:s3:2303_03 5:XAMSG:SHI:s4:2303_04 6:XAMSG:MOE:s3:2303_05 7:XAMSG:MOE:s3:2303_06 8:XAMSG:OJI:s1:2303_09 9:XAMSG:MOE:s3:2303_10 10:XAMSG:OJI:s1:2303_11 11:XAMSG:OBA:s2:2303_12 MOVIE20:G02	MOE=6 SHI=2 OJI=2 BOKU=1 OBA=1		MOVIE20>G02
E2304	2	EV	G02	2	G02200	auto=1		19	(hour==19 & flag[66]==1 & flag[171]>3 & day>6)	1/0 2/0 3/0 4/0 0/7 1/6 2/3 3/6 4/6	4	4	0:XAMSG:OJI:s1:0010_00 1:XAMSG:SHI+MOE+BOKU+OBA:s12:0010_01 2:XAMSG:OBA:s2:0704_00 3:XAMSG:BOKU:s0:0704_01	OJI=1 SHI+MOE+BOKU+OBA=1 OBA=1 BOKU=1		
E2305	4		D06	01	D06000,D06001,D06100,D06101	examine:z0=2 talk:MONK=2			(hour<18 & day>22 & day<28 & flag[79]==0)	0/1 0/2	2	2	MOVIE13:D06>E2305 0:XA:VOICE:s255 1:XAMSG:NARR:s255:2305_01	NARR=1		MOVIE13>D06>E2305
E2306	2		G17,I34	0	G17000,I34000	auto=2			(day<28 & flag[91]>2 & flag[93]==0 & flag[205]>0)	5/0 0/16 1/1 2/0 3/0 4/1	11	11	0:XAMSG:OJI:s1:2302_02 1:XAMSG:SAORI:s5:2302_03 2:XAMSG:OJI:s1:2302_04 3:XAMSG:OJI:s1:2302_05 4:XAMSG:SAORI:s5:2302_06 5:XAMSG:SAORI:s5:2302_07 6:XAMSG:BOKU:s0:2302_08 7:XAMSG:SAORI:s5:2302_09 MAP:I34 8:XAMSG:BOKU:s0:2302_10 9:XAMSG:SAORI:s5:2302_11 10:XAMSG:BOKU:s0:2302_12 MOVIE18:G17 MAP:G17	SAORI=5 OJI=3 BOKU=3		MAP>I34 MAP>G17 MOVIE18>G17
E2312	3	EV	G01	12	G01103,G01200	talk:OJI=2	23		(hour>15)	0/3 1/3	4	4	0:XAMSG:OJI:s1:2312_00 1:XAMSG:BOKU:s0:2312_01 2:XAMSG:OJI:s1:2312_02 3:XAMSG:OJI:s1:2312_03	OJI=3 BOKU=1		
E2320	2		H10	01	H10000,H10100	talk:OBA=2	23		(hour<14)	0/1 2/1	2	2	0:XAMSG:OBA:s2:2320_00 1:XAMSG:OBA:s2:2320_01	OBA=2		
E2330	2		G16	01	G16001,G16101	examine:z2=2	23		(hour<18)	0/3	20	20	0:XAMSG:MOE:s3:2330_17 1:XAMSG:MOE:s3:2330_18 2:XAMSG:MOE:s3:2330_00 3:XAMSG:BOKU:s0:2330_01 4:XAMSG:MOE:s3:2330_02 5:XAMSG:BOKU:s0:2330_03 6:XAMSG:MOE:s3:2330_04 7:XAMSG:BOKU:s0:2330_05 8:XAMSG:MOE:s3:2330_06 9:XAMSG:MOE:s3:2330_07 10:XAMSG:BOKU:s0:2330_08 11:XA:VOICE:s255 12:XAMSG:MOE:s3:2330_09 13:XAMSG:BOKU:s0:2330_10 14:XAMSG:MOE:s3:2330_11 15:XAMSG:BOKU:s0:2330_12 16:XAMSG:MOE:s3:2330_13 17:XAMSG:MOE:s3:2330_14 18:XAMSG:BOKU:s0:2330_15 19:XAMSG:MOE:s3:2330_16	MOE=12 BOKU=7		
E2331	1		G15	2	G15200	talk:MOE=1	23		(hour>18)	0/1 3/2	11	11	0:XAMSG:MOE:s3:2331_06 1:XAMSG:MOE:s3:2331_07 2:XAMSG:BOKU:s0:2331_08 3:XAMSG:MOE:s3:2331_09 4:XAMSG:MOE:s3:2331_10 5:XAMSG:MOE:s3:2331_00 6:XAMSG:BOKU:s0:2331_01 7:XAMSG:MOE:s3:2331_02 8:XAMSG:MOE:s3:2331_03 9:XAMSG:BOKU:s0:2331_04 10:XAMSG:MOE:s3:2331_05	MOE=8 BOKU=3		
E2340	2		H10	01	H10000,H10100	talk:SHI=2	23		(hour<18)	0/1 4/8	5	5	0:XAMSG:SHI:s4:2340_02 1:XAMSG:BOKU:s0:2340_03 2:XAMSG:SHI:s4:2340_04 3:XAMSG:SHI:s4:2340_00 4:XAMSG:SHI:s4:2340_01	SHI=4 BOKU=1		
E2341	2	EV	G06	2	G06200	talk:SHI=1	23		(hour>18)	0/3 4/4	4	4	0:XAMSG:SHI:s4:2341_00 1:XAMSG:BOKU:s0:2341_01 2:XAMSG:SHI:s4:2341_02 3:XAMSG:BOKU:s0:2341_03	SHI=2 BOKU=2		
E2360	3	EV	D07	01	D07000,D07100	talk:SAORI=2	23			0/1 0/2 5/1	8	8	0:XAMSG:SAORI:s5:2360_12 1:XAMSG:BOKU:s0:2360_13 2:XAMSG:SAORI:s5:2360_14 3:XAMSG:BOKU:s0:2360_15 4:XAMSG:SAORI:s5:2360_16 5:XAMSG:BOKU:s0:2360_17 6:XAMSG:SAORI:s5:2360_18 7:XAMSG:BOKU:s0:2360_19	SAORI=4 BOKU=4		
E2401	6	EV	G02	0	G02001,G02002,G02003,G02004,G02005	auto=5		7	(flag[84]>0 & hour<8 & day>18 & flag[235]==0)	0/7 1/6 2/3 3/6 4/6	19	19	0:XAMSG:MOE:s3:2401_00 1:XAMSG:OJI:s1:2401_01 2:XAMSG:MOE:s3:2401_02 3:XAMSG:OBA:s2:2401_03 4:XAMSG:MOE:s3:2401_04 5:XAMSG:OJI:s1:2401_05 6:XAMSG:OBA:s2:2401_06 7:XAMSG:MOE:s3:2401_07 8:XAMSG:OJI:s1:2401_08 9:XAMSG:MOE:s3:2401_09 10:XAMSG:OJI:s1:2401_10 11:XAMSG:MOE:s3:2401_11 12:XAMSG:SHI:s4:2401_12 13:XAMSG:MOE:s3:2401_13 14:XAMSG:SHI:s4:2401_14 15:XAMSG:BOKU:s0:2401_15 16:XAMSG:SHI:s4:2401_16 17:XAMSG:OJI:s1:0006_00 18:XAMSG:SHI+MOE+BOKU+OBA:s12:0006_01 MAP:G02	MOE=7 OJI=5 SHI=3 OBA=2 BOKU=1 SHI+MOE+BOKU+OBA=1		MAP>G02
E2405	3		E08,I12	01	E08000,E08100,I12000	examine:z0=2 talk:FATHER=1			(day>0)	0/3	1	1	MAP:I12>E2405 MAP:E08>E2405 MAP:I12>E2405 0:XAMSG:NARR:s255:2405_00 MAP:E09 MAP:E08>E2405 MAP:E09	NARR=1		MAP>I12>E2405 MAP>E08>E2405 MAP>I12>E2405 MAP>E08>E2405 MAP>E09 MAP>E09
E2406	2		E09	01	E09000,E09100	auto=2			(flag[219]>0 & day>0)	0/1	0	0				
E2412	3	EV	G01	12	G01103,G01200	talk:OJI=2	24		(hour>15)	0/3 1/3	4	4	0:XAMSG:OJI:s1:2412_00 1:XAMSG:BOKU:s0:2412_01 2:XAMSG:OJI:s1:2412_02 3:XAMSG:OJI:s1:2412_03	OJI=3 BOKU=1		
E2420	1		H07	0	H07000	talk:OBA=1	24		(hour<14)	0/2 2/0 2/1	2	2	0:XAMSG:OBA:s2:2420_00 1:XAMSG:OBA:s2:2420_01	OBA=2		
E2430	2		G16	01	G16001,G16101	examine:z2=2	24		(hour<18)	0/3	22	22	0:XAMSG:MOE:s3:2430_00 1:XAMSG:BOKU:s0:2430_01 2:XAMSG:MOE:s3:2430_02 3:XAMSG:MOE:s3:2430_03 4:XAMSG:MOE:s3:2330_00 5:XAMSG:BOKU:s0:2330_01 6:XAMSG:MOE:s3:2330_02 7:XAMSG:BOKU:s0:2330_03 8:XAMSG:MOE:s3:2330_04 9:XAMSG:BOKU:s0:2330_05 10:XAMSG:MOE:s3:2330_06 11:XAMSG:MOE:s3:2330_07 12:XAMSG:BOKU:s0:2330_08 13:XA:VOICE:s255 14:XAMSG:MOE:s3:2330_09 15:XAMSG:BOKU:s0:2330_10 16:XAMSG:MOE:s3:2330_11 17:XAMSG:BOKU:s0:2330_12 18:XAMSG:MOE:s3:2330_13 19:XAMSG:MOE:s3:2330_14 20:XAMSG:BOKU:s0:2330_15 21:XAMSG:MOE:s3:2330_16	MOE=13 BOKU=8		
E2432	2	EV	G17	2	G17200	talk:MOE=1	24		(hour>18)	0/3 0/4 3/2 3/3	24	23	0:XAMSG:BOKU:s0:2432_00 1:XAMSG:MOE:s3:2432_01 2:XAMSG:BOKU:s0:2432_02 3:XAMSG:MOE:s3:2432_03 4:XAMSG:BOKU:s0:2432_04 5:XAMSG:MOE:s3:2432_05 6:XAMSG:BOKU:s0:2432_06 7:XAMSG:MOE:s3:2432_07 8:MSG:BOKU 9:XAMSG:MOE:s3:2432_09 10:XA:VOICE:s255 11:XAMSG:MOE:s3:2432_11 12:XAMSG:BOKU:s0:2432_12 13:XAMSG:MOE:s3:2432_13 14:XA:VOICE:s255 15:XAMSG:MOE:s3:2432_17 16:XAMSG:BOKU:s0:2432_14 17:XAMSG:MOE:s3:2432_15 18:XAMSG:MOE:s3:2331_00 19:XAMSG:BOKU:s0:2331_01 20:XAMSG:MOE:s3:2331_02 21:XAMSG:MOE:s3:2331_03 22:XAMSG:BOKU:s0:2331_04 23:XAMSG:MOE:s3:2331_05	MOE=13 BOKU=9		
E2440	3		H04	01	H04000,H04100,H04101	talk:SHI=3	24		(hour<18)	0/1 4/8	3	3	0:XAMSG:BOKU:s0:2440_00 1:XAMSG:SHI:s4:2440_01 2:XAMSG:SHI:s4:2440_02	SHI=2 BOKU=1		
E2441	2	EV	G06	2	G06200	talk:SHI=1	24		(hour>18)	0/3 4/4	4	4	0:XAMSG:SHI:s4:2441_02 1:XAMSG:SHI:s4:2441_03 2:XAMSG:SHI:s4:2441_00 3:XAMSG:SHI:s4:2441_01	SHI=4		
E2451	3	EV	A18	01	A18002,A18102	talk:GUTS=2			(day>6 & hour<18 & lflag==0 & flag[72]==18)	0/1 6/1	1	1	0:XAMSG:GUTS:s6:2451_00	GUTS=1		
E2452	3	EV	A18	01	A18002,A18102	talk:FAT=2			(day>6 & hour<18 & lflag==0 & flag[72]==18)	7/0	1	1	0:XAMSG:FAT:s7:2452_00	FAT=1		
E2453	3	EV	A18	01	A18002,A18102	talk:MEGANE=2			(day>6 & hour<18 & lflag==0 & flag[72]==18)	8/0	1	1	0:XAMSG:MEGANE:s8:2453_00	MEGANE=1		
E2460	3	EV	D07	01	D07000,D07100	talk:SAORI=2	24			0/1 0/2 5/1	6	6	0:XAMSG:BOKU:s0:2460_00 1:XAMSG:SAORI:s5:2460_01 2:XAMSG:BOKU:s0:2460_02 3:XAMSG:BOKU:s0:2460_03 4:XAMSG:SAORI:s5:2460_04 5:XAMSG:BOKU:s0:2460_05	BOKU=4 SAORI=2		
E2502	2	EV	G02	0	G02000	auto=1	25	8	(hour==8 & lflag==0)	0/7 1/6 2/3 3/6 4/6	4	4	0:XAMSG:OJI:s1:0007_00 1:XAMSG:SHI+MOE+BOKU+OBA:s12:0007_01 2:XAMSG:OBA:s2:2502_00 3:XAMSG:OJI:s1:2502_01 MAP:I13	OJI=2 SHI+MOE+BOKU+OBA=1 OBA=1		MAP>I13
E2504	2	EV	G02	2	G02200	auto=1		19	(hour==19 & flag[85]==1 & day>20)	1/0 2/0 3/0 4/0 0/7 1/6 2/3 3/6 4/6	15	15	0:XAMSG:BOKU:s0:2504_00 1:XAMSG:OJI:s1:2504_01 2:XAMSG:BOKU:s0:2504_02 3:XAMSG:OBA:s2:2504_03 4:XAMSG:BOKU:s0:2504_04 5:XAMSG:OBA:s2:2504_05 6:XAMSG:NARR:s255:2504_06 7:XAMSG:BOKU:s0:2504_07 8:XAMSG:OBA:s2:2504_08 9:XAMSG:SHI:s4:2504_09 10:XAMSG:BOKU:s0:2504_10 11:XAMSG:SHI:s4:2504_11 12:XAMSG:OBA:s2:2504_12 13:XAMSG:OJI:s1:0010_00 14:XAMSG:SHI+MOE+BOKU+OBA:s12:0010_01	BOKU=5 OBA=4 OJI=2 SHI=2 NARR=1 SHI+MOE+BOKU+OBA=1		
E2505	2		D16	01	D16000,D16100	auto=2			(flag[22]==2 & flag[85]==0 & day>1)	0/1	4	4	0:XAMSG:BOKU:s0:2505_00 1:XAMSG:NARR:s255:2505_01 2:XAMSG:NARR:s255:2505_02 3:XAMSG:NARR:s255:2505_03	NARR=3 BOKU=1		
E2506	2		D16	01	D16000,D16100	examine:z0=2			(day>1)		1	1	0:XAMSG:NARR:s255:2506_00	NARR=1		
E2507	3	EV	G02,I13	0	G02000,I13000	auto=1 talk:FATHER=1	25		(hour==8 & lflag==0)	1/0 2/0 3/0 4/0 0/7 1/6 2/3 3/6 4/6	8	8	0:XAMSG:OJI:s255:2502_02 1:XAMSG:BOKU:s255:2502_03 MAP:G02 2:XAMSG:OJI:s1:2502_04 3:XAMSG:OBA:s2:2502_05 4:XAMSG:OJI:s1:2502_06 5:XAMSG:MOE:s3:2502_07 6:XAMSG:OBA:s2:2502_08 7:XAMSG:OJI:s1:2502_09	OJI=4 OBA=2 BOKU=1 MOE=1		MAP>G02
E2510	7	EV	H26	0	H26002,H26003,H26006,H26007,H26010,H26011	talk:OJI=6	25		(lflag==0 & hour<16)	0/1 1/6	2	2	0:XAMSG:OJI:s1:2510_00 1:XAMSG:BOKU:s0:2510_01	OJI=1 BOKU=1		
E2514	2		H15	1	H15100,H15101	talk:OJI=2	25		(hour>15 & hour<18)	0/1 1/1	12	12	0:XAMSG:OJI:s1:2514_00 1:XAMSG:OJI:s1:2514_01 2:XAMSG:BOKU:s0:2514_02 3:XAMSG:OJI:s1:2514_03 4:XAMSG:BOKU:s0:2514_04 5:XAMSG:OJI:s1:2514_05 6:XAMSG:BOKU:s0:2514_06 7:XAMSG:OJI:s1:2514_07 8:XAMSG:BOKU:s0:2514_08 9:XAMSG:OJI:s1:2514_09 10:XAMSG:BOKU:s0:2514_10 11:XAMSG:OJI:s1:2514_11	OJI=7 BOKU=5		
E2515	1		H15	2	H15201	talk:OJI=1	25		(hour>18)	0/1 1/1	6	5	0:XAMSG:OJI:s1:2515_00 1:XAMSG:OJI:s1:2515_01 2:XAMSG:BOKU:s0:2515_02 3:XAMSG:OJI:s1:2515_03 4:XAMSG:OJI:s1:2515_04 5:MSG:BOKU	OJI=4 BOKU=2		
E2520	1		H17	0	H17000	talk:OBA=1	25		(hour<14)	2/1 0/1	3	3	0:XAMSG:OBA:s2:2520_00 1:XAMSG:OBA:s2:2520_01 2:XAMSG:OBA:s2:2520_02	OBA=3		
E2530	2		G16	01	G16001,G16101	examine:z2=2	25		(hour<18)	0/3	22	22	0:XAMSG:MOE:s3:2530_00 1:XAMSG:MOE:s3:2530_01 4:XAMSG:MOE:s3:2330_00 5:XAMSG:BOKU:s0:2330_01 6:XAMSG:MOE:s3:2330_02 7:XAMSG:BOKU:s0:2330_03 8:XAMSG:MOE:s3:2330_04 9:XAMSG:BOKU:s0:2330_05 10:XAMSG:MOE:s3:2330_06 11:XAMSG:MOE:s3:2330_07 12:XAMSG:BOKU:s0:2330_08 13:XA:VOICE:s255 14:XAMSG:MOE:s3:2330_09 15:XAMSG:BOKU:s0:2330_10 16:XAMSG:MOE:s3:2330_11 17:XAMSG:BOKU:s0:2330_12 18:XAMSG:MOE:s3:2330_13 19:XAMSG:MOE:s3:2330_14 20:XAMSG:BOKU:s0:2330_15 21:XAMSG:MOE:s3:2330_16 2:XAMSG:MOE:s3:2530_02 3:XAMSG:MOE:s3:2530_03	MOE=14 BOKU=7		
E2532	2	EV	G17	2	G17200	talk:MOE=1	25		(hour>18)	0/3 0/4 3/2 3/3	17	16	0:XAMSG:MOE:s3:2532_00 1:MSG:BOKU 2:XAMSG:MOE:s3:2532_02 3:XAMSG:BOKU:s0:2532_03 4:XAMSG:MOE:s3:2532_04 5:XAMSG:BOKU:s0:2532_05 6:XAMSG:MOE:s3:2532_06 7:XAMSG:MOE:s3:2532_07 8:XAMSG:BOKU:s0:2532_08 9:XAMSG:BOKU:s0:2432_14 10:XAMSG:MOE:s3:2432_15 11:XAMSG:MOE:s3:2331_00 12:XAMSG:BOKU:s0:2331_01 13:XAMSG:MOE:s3:2331_02 14:XAMSG:MOE:s3:2331_03 15:XAMSG:BOKU:s0:2331_04 16:XAMSG:MOE:s3:2331_05	MOE=10 BOKU=7		
E2540	2		H10	01	H10000,H10100	talk:SHI=2	25		(hour<18)	0/1 4/4	7	7	0:XAMSG:SHI:s4:2540_05 1:XAMSG:SHI:s4:2540_06 2:XAMSG:SHI:s4:2540_00 3:XAMSG:BOKU:s0:2540_01 4:XAMSG:SHI:s4:2540_02 5:XAMSG:BOKU:s0:2540_03 6:XAMSG:SHI:s4:2540_04	SHI=5 BOKU=2		
E2541	2	EV	G06	2	G06200	talk:SHI=1	25		(hour>18)	4/4	2	2	0:XAMSG:SHI:s4:2541_00 1:XAMSG:SHI:s4:2541_01	SHI=2		
E2560	3	EV	D07	01	D07000,D07100	talk:SAORI=2	25			0/1 5/1	8	8	0:XAMSG:BOKU:s0:2560_00 1:XAMSG:SAORI:s5:2560_01 2:XAMSG:BOKU:s0:2560_02 3:XAMSG:SAORI:s5:2560_03 4:XAMSG:BOKU:s0:2560_04 5:XAMSG:SAORI:s5:2560_05 6:XAMSG:BOKU:s0:2560_06 7:XAMSG:SAORI:s5:2560_07	BOKU=4 SAORI=4		
E2605	2		A05	01	A05000,A05100	auto=2			(flag[78]==0 & (day==26 | day==27))	0/1	1	1	0:XAMSG:NARR:s255:2605_00 MOVIE14:A05	NARR=1		MOVIE14>A05
E2606	2		E05	01	E05000,E05100	auto=2			(day>=26 & flag[114]==0)	0/1	0	0	MOVIE11:E05>E2606			MOVIE11>E05>E2606
E2607	2		E05	01	E05000,E05100	examine:z0=2			(day>=1 & flag[114]==1)	0/1	0	0	MOVIE11:E05>E2607			MOVIE11>E05>E2607
E2613	2	EV	G01	2	G01200	talk:OJI=1	26		(hour>18)	0/3 1/3	1	1	0:XAMSG:OJI:s1:2613_00	OJI=1		
E2614	1		H13	0	H13003	talk:OJI=1	26		(hour<10)	0/1 1/1	5	5	0:XAMSG:BOKU:s0:2614_00 1:XAMSG:OJI:s1:2614_01 2:XAMSG:BOKU:s0:2614_02 3:XAMSG:OJI:s1:2614_03 4:XAMSG:OJI:s1:2614_04	OJI=3 BOKU=2		
E2615	1		H15	0	H15003	talk:OJI=1	26		(hour>9 & hour<12)	0/1 1/1	4	4	0:XAMSG:OJI:s1:2615_00 1:XAMSG:BOKU:s0:2615_01 2:XAMSG:OJI:s1:2615_02 3:XAMSG:OJI:s1:2615_03	OJI=3 BOKU=1		
E2616	1		H15	0	H15003	talk:OJI=1	26		(hour>11 & hour<14)	1/1	3	3	0:XAMSG:OJI:s1:2616_00 1:XAMSG:OJI:s1:2616_02 2:XAMSG:OJI:s1:2616_01	OJI=3		
E2617	2		H13	01	H13001,H13100	talk:OJI=2	26		(hour>13 & hour<18)	0/1 1/3 1/4	4	4	0:XAMSG:OJI:s1:2617_00 1:XAMSG:BOKU:s0:2617_01 2:XAMSG:OJI:s1:2617_02 3:XAMSG:OJI:s1:2617_03	OJI=3 BOKU=1		
E2623	1		H13	0	H13003	talk:OBA=1	26		(hour<10)	2/1	2	2	0:XAMSG:OBA:s2:2623_00 1:XAMSG:OBA:s2:2623_01	OBA=2		
E2624	1		H15	0	H15003	talk:OBA=1	26		(hour>9 & hour<14)	2/1	2	2	0:XAMSG:OBA:s2:2623_00 1:XAMSG:OBA:s2:2623_01	OBA=2		
E2630	2		G15	01	G15000,G15100	talk:MOE=2	26		(hour<18)	0/1 3/2	24	24	0:XAMSG:MOE:s3:2630_00 1:XAMSG:MOE:s3:2630_01 6:XAMSG:MOE:s3:2330_00 7:XAMSG:BOKU:s0:2330_01 8:XAMSG:MOE:s3:2330_02 9:XAMSG:BOKU:s0:2330_03 10:XAMSG:MOE:s3:2330_04 11:XAMSG:BOKU:s0:2330_05 12:XAMSG:MOE:s3:2330_06 13:XAMSG:MOE:s3:2330_07 14:XAMSG:BOKU:s0:2330_08 15:XA:VOICE:s255 16:XAMSG:MOE:s3:2330_09 17:XAMSG:BOKU:s0:2330_10 18:XAMSG:MOE:s3:2330_11 19:XAMSG:BOKU:s0:2330_12 20:XAMSG:MOE:s3:2330_13 21:XAMSG:MOE:s3:2330_14 22:XAMSG:BOKU:s0:2330_15 23:XAMSG:MOE:s3:2330_16 2:XAMSG:MOE:s3:2630_02 3:XAMSG:BOKU:s0:2630_03 4:XAMSG:MOE:s3:2630_04 5:XAMSG:MOE:s3:2630_05	MOE=15 BOKU=8		
E2632	4	EV	G17,H06	2	G17200,H06200,H06202	auto=2 talk:MOE=1	26		(hour>18 & (map==G17 | (map==H06 & lflag==1)))	0/3 0/4 3/2 3/3	16	16	0:XAMSG:MOE:s3:2632_00 1:XAMSG:MOE:s3:2632_01 2:XAMSG:BOKU:s0:2632_02 MAP:H06 6:XAMSG:BOKU:s0:2632_06 7:XAMSG:MOE:s3:2632_07 8:XAMSG:BOKU:s0:2432_14 9:XAMSG:MOE:s3:2432_15 10:XAMSG:MOE:s3:2331_00 11:XAMSG:BOKU:s0:2331_01 12:XAMSG:MOE:s3:2331_02 13:XAMSG:MOE:s3:2331_03 14:XAMSG:BOKU:s0:2331_04 15:XAMSG:MOE:s3:2331_05 3:XAMSG:MOE:s3:2632_03 4:XAMSG:BOKU:s0:2632_04 5:XAMSG:MOE:s3:2632_05 MAP:G17	MOE=10 BOKU=6		MAP>H06 MAP>G17
E2640	2		H17	01	H17000,H17100	talk:SHI=2	26		(hour<18)	0/1 4/8	4	4	0:XAMSG:SHI:s4:2640_00 1:XAMSG:SHI:s4:2640_01 2:XAMSG:SHI:s4:2640_02 3:XAMSG:SHI:s4:2640_03	SHI=4		
E2641	2	EV	G06	2	G06200	talk:SHI=1	26		(hour>18)	0/3 4/4	5	5	0:XAMSG:BOKU:s0:2641_02 1:XAMSG:SHI:s4:2641_03 2:XAMSG:SHI:s4:2641_04 3:XAMSG:SHI:s4:2641_00 4:XAMSG:SHI:s4:2641_01	SHI=4 BOKU=1		
E2651	3	EV	A18	01	A18002,A18102	talk:GUTS=2			(day>6 & hour<18 & lflag==0 & flag[72]==20)	0/1 6/1	3	3	0:XAMSG:GUTS:s6:2651_00 1:XAMSG:BOKU:s0:2651_01 2:XAMSG:GUTS:s6:2651_02	GUTS=2 BOKU=1		
E2652	3	EV	A18	01	A18002,A18102	talk:FAT=2			(day>6 & hour<18 & lflag==0 & flag[72]==20)	0/1 7/0	1	1	0:XAMSG:FAT:s7:2652_00	FAT=1		
E2653	3	EV	A18	01	A18002,A18102	talk:MEGANE=2			(day>6 & hour<18 & lflag==0 & flag[72]==20)	0/1 8/0	1	1	0:XAMSG:MEGANE:s8:2653_00	MEGANE=1		
E2660	3	EV	D07	01	D07000,D07100	talk:SAORI=2	26			0/1 5/0	6	5	0:XAMSG:SAORI:s5:2660_37 1:XAMSG:BOKU:s0:2660_38 2:XAMSG:SAORI:s5:2660_39 3:MSG:BOKU 4:XAMSG:BOKU:s0:2660_41 5:XAMSG:SAORI:s5:2660_42	SAORI=3 BOKU=3		
E2710	7	EV	H26	0	H26002,H26003,H26006,H26007,H26010,H26011	talk:OJI=6	27		(hour<16 & lflag==0)	0/1 1/6	7	7	0:XAMSG:OJI:s1:2710_06 1:XAMSG:OJI:s1:2710_00 2:XAMSG:BOKU:s0:2710_01 3:XAMSG:OJI:s1:2710_02 4:XAMSG:BOKU:s0:2710_03 5:XAMSG:OJI:s1:2710_04 6:XAMSG:OJI:s1:2710_05	OJI=5 BOKU=2		
E2712	2	EV	G01	1	G01103	talk:OJI=1	27		(hour>15 & hour<18)	1/3	2	2	0:XAMSG:OJI:s1:2712_00 1:XAMSG:OJI:s1:2712_01	OJI=2		
E2714	1		H13	2	H13204	talk:OJI=1	27		(hour>18)	1/1	2	2	0:XAMSG:OJI:s1:2714_00 1:XAMSG:OJI:s1:2714_01	OJI=2		
E2720	1		H08	0	H08002	talk:OBA=1	27		(hour<14)	0/1 2/1	3	3	0:XAMSG:BOKU:s0:2720_00 1:XAMSG:OBA:s2:2720_01 2:XAMSG:OBA:s2:2720_02	OBA=2 BOKU=1		
E2730	2		G16	01	G16001,G16101	examine:z2=2	27		(hour<18)	0/3	20	20	0:XAMSG:BOKU:s0:2730_00 1:XAMSG:MOE:s3:2730_01 2:XAMSG:MOE:s3:2330_00 3:XAMSG:BOKU:s0:2330_01 4:XAMSG:MOE:s3:2330_02 5:XAMSG:BOKU:s0:2330_03 6:XAMSG:MOE:s3:2330_04 7:XAMSG:BOKU:s0:2330_05 8:XAMSG:MOE:s3:2330_06 9:XAMSG:MOE:s3:2330_07 10:XAMSG:BOKU:s0:2330_08 11:XA:VOICE:s255 12:XAMSG:MOE:s3:2330_09 13:XAMSG:BOKU:s0:2330_10 14:XAMSG:MOE:s3:2330_11 15:XAMSG:BOKU:s0:2330_12 16:XAMSG:MOE:s3:2330_13 17:XAMSG:MOE:s3:2330_14 18:XAMSG:BOKU:s0:2330_15 19:XAMSG:MOE:s3:2330_16	MOE=11 BOKU=8		
E2732	4	EV	G17,H06	2	G17200,H06200,H06202	auto=2 talk:MOE=1	27		(hour>18 & (map==G17 | (map==H06 & lflag==1)))	0/3 0/4 3/2 3/3	14	12	0:MSG:BOKU 1:XAMSG:MOE:s3:2732_01 2:XAMSG:BOKU:s0:2732_02 3:XAMSG:MOE:s3:2732_03 MAP:H06 4:MSG:BOKU 6:XAMSG:MOE:s3:2732_06 7:XAMSG:MOE:s3:2732_07 8:XAMSG:MOE:s3:2331_00 9:XAMSG:BOKU:s0:2331_01 10:XAMSG:MOE:s3:2331_02 11:XAMSG:MOE:s3:2331_03 12:XAMSG:BOKU:s0:2331_04 13:XAMSG:MOE:s3:2331_05 5:XAMSG:MOE:s3:2732_05 MAP:G17	MOE=9 BOKU=5		MAP>H06 MAP>G17
E2740	2		H17	01	H17000,H17100	talk:SHI=2	27		(hour<18)	0/1 4/8	2	2	0:XAMSG:SHI:s4:2740_00 1:XAMSG:SHI:s4:2740_01	SHI=2		
E2741	2	EV	G06	2	G06200	talk:SHI=1	27		(hour>18)	0/2 0/3 4/4	4	4	0:XAMSG:SHI:s4:2741_00 1:XAMSG:BOKU:s0:2741_01 2:XAMSG:SHI:s4:2741_02 3:XAMSG:SHI:s4:2741_03	SHI=3 BOKU=1		
E2760	3	EV	D07	01	D07000,D07100	talk:SAORI=2	27			0/1 0/2 5/1	20	19	0:XAMSG:SAORI:s5:2760_00 1:XAMSG:BOKU:s0:2760_01 2:XAMSG:SAORI:s5:2760_02 3:XAMSG:BOKU:s0:2760_03 4:XAMSG:SAORI:s5:2760_04 5:XAMSG:BOKU:s0:2760_05 6:XAMSG:SAORI:s5:2760_06 7:XAMSG:BOKU:s0:2760_07 8:XAMSG:SAORI:s5:2760_08 9:XAMSG:SAORI:s5:2760_09 10:XAMSG:BOKU:s0:2760_11 11:XAMSG:SAORI:s5:2760_12 12:XAMSG:BOKU:s0:2760_13 13:XAMSG:SAORI:s5:2760_14 14:XAMSG:BOKU:s0:2760_15 15:XAMSG:SAORI:s5:2760_16 16:MSG:BOKU 17:XAMSG:SAORI:s5:2760_18 18:XAMSG:BOKU:s0:2760_19 19:XAMSG:SAORI:s5:2760_20	SAORI=11 BOKU=9		
E2803	1		G02	1	G02113	auto=1	28	18	(hour==18)	0/7 1/6 2/3 3/6 4/6	7	7	0:XAMSG:OBA:s2:2803_00 1:XAMSG:BOKU:s0:2803_01 2:XAMSG:OJI:s1:2803_02 3:XAMSG:BOKU:s0:2803_03 4:XAMSG:OJI:s1:2803_04 5:XAMSG:SHI:s4:2803_05 6:XAMSG:OBA:s2:2803_06 MOVIE20:I30>E2805	OBA=2 BOKU=2 OJI=2 SHI=1		MOVIE20>I30>E2805
E2805	2		G14,I30	02	G14204,I30000	auto=1 talk:FATHER=1	28		(hour>=19)	0/3 0/15 2/1	18	18	MAP:G14>E2805 0:XAMSG:OBA:s2:2803_07 1:XAMSG:BOKU:s0:2803_08 2:XAMSG:OBA:s2:2803_09 3:XAMSG:OBA:s2:2803_10 4:XAMSG:BOKU:s0:2803_11 5:XAMSG:OBA:s2:2803_12 6:XAMSG:BOKU:s0:2803_13 7:XAMSG:OBA:s2:2803_14 8:XAMSG:BOKU:s0:2803_15 9:XAMSG:OBA:s2:2803_16 10:XAMSG:BOKU:s0:2803_17 11:XAMSG:OBA:s2:2803_18 12:XAMSG:NARR:s255:2803_19 13:XAMSG:BOKU:s0:2803_20 14:XAMSG:OBA:s2:2803_21 15:XAMSG:BOKU:s0:2803_22 16:XAMSG:OBA:s2:2803_23 17:XAMSG:OBA:s2:2803_24	OBA=10 BOKU=7 NARR=1		MAP>G14>E2805
E2812	2	EV	G01	1	G01103	talk:OJI=1	28		(hour>15 & hour<18)	1/3	2	2	0:XAMSG:OJI:s1:2812_00 1:XAMSG:OJI:s1:2812_01	OJI=2		
E2820	2	EV	H06	0	H06002	talk:OBA=1	28		(hour<14)	0/1 2/1	5	5	0:XAMSG:OBA:s2:2820_00 1:XAMSG:BOKU:s0:2820_01 2:XAMSG:OBA:s2:2820_02 3:XAMSG:BOKU:s0:2820_03 4:XAMSG:OBA:s2:2820_04	OBA=3 BOKU=2		
E2830	2		G15	01	G15000,G15100	talk:MOE=2	28		(hour<18)	0/1 3/2	7	7	0:XAMSG:BOKU:s0:2830_02 1:XAMSG:MOE:s3:2830_03 2:XAMSG:BOKU:s0:2830_04 3:XAMSG:MOE:s3:2830_05 4:XAMSG:BOKU:s0:2830_00 5:XAMSG:MOE:s3:2830_01 6:XAMSG:MOE:s3:2830_06	MOE=4 BOKU=3		
E2840	3		H08	01	H08000,H08002,H08102	talk:SHI=3	28		(hour<18)	0/1 4/8	5	4	0:XAMSG:SHI:s4:2840_02 1:XAMSG:BOKU:s0:2840_00 2:XAMSG:SHI:s4:2840_01 3:XAMSG:SHI:s4:2840_03 4:MSG:BOKU	SHI=3 BOKU=2		
E2850	3	EV	A18	01	A18002,A18102	auto=2	28		(hour<18 & flag[30]>0 & lflag==0)	0/1 6/1 7/0 8/0	5	5	0:XAMSG:MEGANE:s8:2850_00 1:XAMSG:BOKU:s0:2850_01 2:XAMSG:FAT:s7:2850_02 3:XAMSG:GUTS:s6:2850_03 4:XAMSG:BOKU:s6:2850_04	BOKU=2 MEGANE=1 FAT=1 GUTS=1		
E2851	3	EV	A18	01	A18002,A18102	talk:GUTS=2	28		(hour<18 & flag[30]>0 & lflag==0)	0/1 6/0	5	5	0:XAMSG:GUTS:s6:2851_00 1:XAMSG:BOKU:s0:2851_01 2:XAMSG:GUTS:s6:2851_02 3:XAMSG:BOKU:s0:2851_03 4:XAMSG:GUTS:s6:2851_04	GUTS=3 BOKU=2		
E2852	3	EV	A18	01	A18002,A18102	talk:FAT=2	28		(hour<18 & flag[30]>0 & lflag==0)	0/1 7/0	2	2	0:XAMSG:FAT:s7:2852_00 1:XAMSG:BOKU:s0:2852_01	FAT=1 BOKU=1		
E2853	3	EV	A18	01	A18002,A18102	talk:MEGANE=2	28		(hour<18 & flag[30]>0 & lflag==0)	0/1 8/0	2	2	0:XAMSG:MEGANE:s8:2853_00 1:XAMSG:MEGANE:s0:2853_01	MEGANE=2		
E2860	3		D07,I14	01	D07001,D07101,I14000	auto=1 examine:z0=2			(day>27 & flag[96]>0)	0/1	0	0	MAP:I14 MAP:D07			MAP>I14 MAP>D07
E2901	1		G02	0	G02004	auto=1	29	7	(hour<8)	0/7 1/6 2/3 3/6 4/6	10	10	0:XAMSG:OBA:s2:2901_00 1:XAMSG:BOKU:s0:2901_01 2:XAMSG:OBA:s2:2901_02 3:XAMSG:OJI:s1:2901_03 4:XAMSG:OBA:s2:2901_04 5:XAMSG:BOKU:s0:2901_05 6:XAMSG:SHI:s4:2901_06 7:XA:ALL:s11 8:XAMSG:OJI:s1:0006_00 9:XAMSG:SHI+MOE+BOKU+OBA:s12:0006_01 MAP:G02	OBA=3 BOKU=2 OJI=2 SHI=1 SHI+MOE+BOKU+OBA=1		MAP>G02
E2902	2	EV	G02	0	G02000	auto=1	29	8	(hour==8 & lflag==0)	1/0 2/0 3/0 4/0 0/7 1/6 2/3 3/6 4/6	17	17	0:XAMSG:OJI:s1:0007_00 1:XAMSG:SHI+MOE+BOKU+OBA:s12:0007_01 2:XAMSG:OBA:s2:2902_08 3:XAMSG:OJI:s1:2902_09 4:XAMSG:OBA:s2:2902_10 5:XAMSG:BOKU:s0:2902_11 6:XAMSG:OBA:s2:2902_12 7:XAMSG:SHI:s4:2902_13 8:XAMSG:OBA:s2:2902_14 9:XAMSG:OBA:s2:2902_00 10:XAMSG:OBA:s2:2902_01 11:XAMSG:BOKU:s0:2902_02 12:XAMSG:OBA:s2:2902_03 13:XAMSG:BOKU:s0:2902_04 14:XAMSG:SHI:s4:2902_05 15:XAMSG:BOKU:s0:2902_06 16:XAMSG:OBA:s2:2902_07	OBA=8 BOKU=4 OJI=2 SHI=2 SHI+MOE+BOKU+OBA=1		
E2904	2	EV	G02	2	G02200	auto=1	29	19	(hour==19 & lflag==0)	0/7 1/6 2/3 4/6	3	3	0:XAMSG:MOE:s255:2904_00 1:XAMSG:MOE:s255:2904_01 2:XAMSG:MOE:s255:2904_02 MAP:G06	MOE=3		MAP>G06
E2906	5	EV	G01,G02,G06,G08	2	G01200,G02200,G06200,G08200	auto=4	29		(flag[251]==1)	0/1 0/20 3/1 1/6 2/3 4/6	3	3	0:XAMSG:MOE:s3:2904_03 MAP:G08 2:XAMSG:BOKU:s0:2904_05 MAP:G06 1:XAMSG:BOKU:s0:2904_04 MAP:G02	BOKU=2 MOE=1		MAP>G08 MAP>G02 MAP>G06
E2907	6	EV	G06,G17,H06,H24	2	G06200,G17200,H06200,H06202,H24200	auto=5	29		(flag[251]==2)	0/1 0/4 3/2 3/3	4	4	0:XAMSG:BOKU:s0:2904_06 MAP:H06 2:XAMSG:MOE:s3:2904_08 3:XAMSG:BOKU:s0:2904_09 MAP:G17 1:XAMSG:NONE:s255:2904_07 MAP:H24	BOKU=2 MOE=1 NONE=1		MAP>H06 MAP>H24 MAP>G17
E2912	2	EV	G01	1	G01103	talk:OJI=1	29		(hour>15 & hour<18)	0/3 1/3	2	2	0:XAMSG:OJI:s1:2912_00 1:XAMSG:OJI:s1:2912_01	OJI=2		
E2913	2	EV	G01	2	G01200	talk:OJI=1	29		(hour>18)	0/3 1/3	6	6	0:XAMSG:OJI:s1:2913_00 1:XAMSG:BOKU:s0:2913_01 2:XAMSG:OJI:s1:2913_02 3:XAMSG:BOKU:s0:2913_03 4:XAMSG:OJI:s1:2913_04 5:XAMSG:OJI:s1:2913_05	OJI=4 BOKU=2		
E2920	6		H05	012	H05000,H05001,H05002,H05003,H05100,H05200	talk:OBA=6	29		(hour<14)	0/1 2/1	5	5	0:XAMSG:OBA:s2:2920_00 1:XAMSG:BOKU:s0:2920_01 2:XAMSG:OBA:s2:2920_02 3:XAMSG:BOKU:s0:2920_03 4:XAMSG:OBA:s2:2920_04	OBA=3 BOKU=2		
E2922	2	EV	G01	2	G01200	talk:OBA=1	29		(hour>18 & lflag==0)	2/2 0/3	1	1	0:XAMSG:OBA:s2:2922_00	OBA=1		
E2930	2		G15	01	G15000,G15100	talk:MOE=2	29		(hour<18)	0/1 3/2	6	6	0:XAMSG:MOE:s3:2930_00 1:XAMSG:BOKU:s0:2930_01 2:XAMSG:MOE:s3:2930_02 3:XAMSG:BOKU:s0:2830_00 4:XAMSG:MOE:s3:2830_01 5:XAMSG:BOKU:s0:2930_03	MOE=3 BOKU=3		
E2932	2	EV	G17	2	G17200	talk:MOE=1	29		(hour>18)	0/3 0/4 3/2 3/3	3	3	0:XAMSG:MOE:s3:2932_00 1:XAMSG:BOKU:s0:2932_01 2:XAMSG:MOE:s3:2932_02	MOE=2 BOKU=1		
E2940	3	EV	H09	01	H09000,H09100	talk:SHI=2	29		(hour<18)	0/1 4/8	10	10	6:XAMSG:SHI:s4:2940_06 7:XAMSG:BOKU:s0:2940_07 8:XAMSG:SHI:s4:2940_08 9:XAMSG:SHI:s4:2940_09 0:XAMSG:SHI:s4:2940_00 1:XAMSG:BOKU:s0:2940_01 2:XAMSG:SHI:s4:2940_02 3:XAMSG:SHI:s4:2940_03 4:XAMSG:SHI:s4:2940_04 5:XAMSG:SHI:s4:2940_05	SHI=8 BOKU=2		
E2941	2	EV	G06	2	G06200	talk:SHI=1	29		(hour>19)	0/3 4/4	6	6	0:XAMSG:SHI:s4:2941_00 1:XAMSG:BOKU:s0:2941_01 2:XAMSG:SHI:s4:2941_02 3:XAMSG:BOKU:s0:2941_03 4:XAMSG:SHI:s4:2941_04 5:XAMSG:SHI:s4:2941_05	SHI=4 BOKU=2		
E2950	3	EV	A18	01	A18002,A18102	auto=2	29		(hour<18 & flag[30]>0 & lflag==0)	0/1 6/1 7/0 8/0	7	7	0:XAMSG:GUTS:s6:2950_00 1:XAMSG:BOKU:s0:2950_01 2:XAMSG:GUTS:s6:2950_02 3:XAMSG:FAT:s7:2950_03 4:XAMSG:BOKU:s0:2950_04 5:XAMSG:MEGANE:s8:2950_05 6:XAMSG:BOKU:s0:2950_06	BOKU=3 GUTS=2 FAT=1 MEGANE=1		
E2951	3	EV	A18	01	A18002,A18102	talk:GUTS=2	29		(hour<18 & flag[30]>0 & lflag==0)	0/1 6/1	4	3	0:XAMSG:GUTS:s6:2951_00 1:XAMSG:BOKU:s0:2951_01 2:XAMSG:GUTS:s6:2951_02 3:MSG:BOKU	GUTS=2 BOKU=2		
E2952	3	EV	A18	01	A18002,A18102	talk:FAT=2	29		(hour<18 & flag[30]>0 & lflag==0)	0/1 7/0	3	3	0:XAMSG:FAT:s7:2952_00 1:XAMSG:BOKU:s0:2952_01 2:XAMSG:FAT:s7:2952_02	FAT=2 BOKU=1		
E2953	3	EV	A18	01	A18002,A18102	talk:MEGANE=2	29		(hour<18 & flag[30]>0 & lflag==0)	0/1 8/0	2	2	0:XAMSG:MEGANE:s8:2953_00 1:XAMSG:BOKU:s0:2953_01	MEGANE=1 BOKU=1		
E3001	2	EV	G02	0	G02002	auto=1	30	7	(hour<8)	0/7 1/6 2/3 3/6 4/6	13	12	0:XAMSG:OJI:s1:3001_00 1:XAMSG:BOKU:s0:3001_01 2:XAMSG:OBA:s2:3001_02 3:XAMSG:BOKU:s0:3001_03 4:XAMSG:SHI:s4:3001_04 5:XAMSG:OBA:s2:3001_05 6:XAMSG:SHI:s4:3001_06 7:XAMSG:OBA:s2:3001_07 8:XAMSG:SHI:s4:3001_08 9:XAMSG:BOKU:s0:3001_09 10:MSG:SHI 11:XAMSG:OJI:s1:0006_00 12:XAMSG:SHI+MOE+BOKU+OBA:s12:0006_01 MAP:G02	SHI=4 BOKU=3 OBA=3 OJI=2 SHI+MOE+BOKU+OBA=1		MAP>G02
E3002	2	EV	G02	0	G02000	auto=1	30	8	(hour==8 & lflag==0)	1/0 2/0 3/0 0/7 1/6 2/3 3/6	3	3	0:XAMSG:OJI:s1:0007_00 1:XAMSG:SHI+MOE+BOKU+OBA:s12:0007_01 2:XAMSG:OBA:s2:3002_00 MAP:G17	OJI=1 SHI+MOE+BOKU+OBA=1 OBA=1		MAP>G17
E3003	4		G01,G02	1	G01100,G01102,G01103,G02109	auto=4	30	18	(hour==18)	2/2 3/1	2	1	0:XAMSG:MOE:s3:3003_00 MAP:G17 1:MSG:OBA	MOE=1 OBA=1		MAP>G17
E3004	2	EV	G02	2	G02200	auto=1	30	19	(hour==19 & lflag==0)	1/0 2/0 3/0 4/0 0/7 1/6 2/3 3/6 4/6	14	12	0:XAMSG:OJI:s1:0010_00 1:XAMSG:SHI+MOE+BOKU+OBA:s12:0010_01 2:XAMSG:OBA:s2:3004_00 3:XAMSG:BOKU:s0:3004_01 4:XAMSG:OBA:s2:3004_02 5:MSG:BOKU 6:XAMSG:OBA:s2:3004_04 7:SELECT:SELECT 8:XAMSG:OBA:s2:3004_05 9:XAMSG:OBA:s2:3004_06 10:XAMSG:BOKU:s0:3004_07 11:XAMSG:OBA:s2:3004_08 12:XAMSG:BOKU:s0:3004_09 13:XAMSG:OBA:s2:3004_10	OBA=7 BOKU=4 OJI=1 SHI+MOE+BOKU+OBA=1		
E3005	2		G17	1	G17100,G17102	auto=2	30		(hour==18)	0/1 1/1 2/1 3/1 4/9	11	10	0:XAMSG:OJI:s1:3003_02 1:XAMSG:MOE:s3:3003_03 2:XAMSG:OBA:s2:3003_04 3:XAMSG:SHI:s4:3003_05 4:XAMSG:OJI:s1:3003_06 5:XAMSG:SHI:s4:3003_07 6:XAMSG:MOE:s3:3003_08 7:XAMSG:SHI:s4:3003_09 8:XAMSG:BOKU:s0:3003_10 9:XAMSG:SHI:s4:3003_11 10:MSG:BOKU MOVIE20:G02	SHI=4 OJI=2 MOE=2 BOKU=2 OBA=1		MOVIE20>G02
E3006	1		G17	0	G17000	auto=1	30		(lflag==0)	0/2	1	0	0:MSG:NONE	NONE=1		
E3007	2		C04	01	C04000,C04100	auto=2	30		(flag[119]==1)	0/3 1/1	1	1	0:XAMSG:OJI:s1:0008_00 MAP:G02 MAP:G01	OJI=1		MAP>G02 MAP>G01
E3013	2	EV	G01	2	G01200	talk:OJI=1	30		(hour>18)	0/3 1/3	1	1	0:XAMSG:OJI:s1:3013_00	OJI=1		
E3014	2		A15	01	A15000,A15100	talk:OJI=2	30		(hour>10)	0/1 1/1	7	6	0:XAMSG:OJI:s1:3014_00 1:XAMSG:OJI:s1:3014_01 2:XAMSG:BOKU:s0:3014_02 3:XAMSG:OJI:s1:3014_03 4:XAMSG:BOKU:s0:3014_04 5:MSG:OJI 6:XAMSG:OJI:s1:3014_07	OJI=5 BOKU=2		
E3022	2	EV	G01	2	G01200	talk:OBA=1	30		(hour>18 & lflag==0)	2/2	1	1	0:XAMSG:OBA:s2:3022_00	OBA=1		
E3023	3	EV	H06	01	H06002,H06102	talk:OBA=2	30		(flag[118]==0)	0/1 0/3 2/1	34	4	0:XAMSG:OBA:s2:3023_00 1:XAMSG:OBA:s2:3023_01 32:XAMSG:OBA:s2:0121_08 P15:NSELECT 33:XAMSG:OBA:s2:0121_09	OBA=4	native:2,3,4,5,6,7,8,9,10,11,12,13,14,15,16,17,18,19,20,21,22,23,24,25,26,27,28,29,30,31	
E3024	2		A06	01	A06000,A06100	talk:OBA=2	30		(flag[118]==1)	0/1 2/1	10	10	0:XAMSG:OBA:s2:3024_00 1:XAMSG:OBA:s2:3024_01 2:XAMSG:BOKU:s0:3024_02 3:XAMSG:OBA:s2:3024_03 4:XAMSG:BOKU:s0:3024_04 5:XAMSG:OBA:s2:3024_05 6:XAMSG:BOKU:s0:3024_06 7:XAMSG:OBA:s2:3024_07 8:XAMSG:BOKU:s0:3024_08 9:XAMSG:OBA:s2:3024_09	OBA=6 BOKU=4		
E3030	1		G15	0	G15000	talk:MOE=1	30		(hour<11)	0/1 3/2	3	3	0:XAMSG:MOE:s3:3030_00 1:XAMSG:BOKU:s0:3030_01 2:XAMSG:MOE:s3:3030_02	MOE=2 BOKU=1		
E3031	1		G15	2	G15200	talk:MOE=1	30		(hour>18)	0/1 3/2	9	8	0:XAMSG:MOE:s3:3031_05 1:XAMSG:BOKU:s0:3031_06 8:XAMSG:MOE:s3:3031_07 2:XAMSG:MOE:s3:3031_03 3:XAMSG:BOKU:s0:3031_04 4:XAMSG:MOE:s3:3031_00 5:XAMSG:MOE:s3:3031_01 6:MSG:NONE 7:XAMSG:MOE:s3:3031_02	MOE=6 BOKU=2 NONE=1		
E3033	2		H12	01	H12000,H12100	talk:MOE=2	30		(hour>10 & flag[118]==0)	0/1 3/1	2	2	0:XAMSG:MOE:s3:3033_00 1:XAMSG:MOE:s3:3033_01	MOE=2		
E3034	2		B05	01	B05000,B05100	talk:MOE=2	30		(flag[118]==1)	0/1 3/1	3	3	0:XAMSG:MOE:s3:3034_00 1:XAMSG:MOE:s3:3034_01 2:XAMSG:MOE:s3:3034_02	MOE=3		
E3042	2		C02	01	C02000,C02100	talk:SHI=2	30		(hour>13)	0/1 0/2 4/1 4/2	16	16	0:XAMSG:SHI:s4:3042_00 1:XAMSG:BOKU:s0:3042_01 2:XAMSG:SHI:s4:3042_02 3:XAMSG:BOKU:s0:3042_03 4:XAMSG:SHI:s4:3042_04 5:XAMSG:BOKU:s0:3042_05 6:XAMSG:SHI:s4:3042_06 7:XAMSG:BOKU:s0:3042_07 8:XAMSG:SHI:s4:3042_08 9:XAMSG:BOKU:s0:3042_09 10:XAMSG:SHI:s4:3042_10 11:XAMSG:BOKU:s0:3042_11 12:XAMSG:SHI:s4:3042_12 13:XAMSG:BOKU:s0:3042_13 14:XAMSG:SHI:s4:3042_14 15:XAMSG:BOKU:s0:3042_15	SHI=8 BOKU=8		
E3043	1		G07	2	G07200	talk:SHI=1	30		(hour>18)	0/3 4/4	2	2	0:XAMSG:SHI:s4:3043_00 1:XAMSG:SHI:s4:3043_01	SHI=2		
E3050	4		A07,A18	01	A07000,A07100,A18000,A18100	auto=4	30		(flag[30]>0 & lflag<2 & (map==A18 | (map==A07 & lflag==1)))	0/1	2	2	0:XAMSG:NARR:s255:3050_00 MAP:A07 1:XAMSG:NARR:s255:3050_01 MAP:A18	NARR=2		MAP>A07 MAP>A18
E3101	1		G02	0	G02001	auto=1	31	7	(hour<8)	0/7 1/6 2/3 3/6 4/6	9	9	0:XAMSG:OJI:s1:3101_00 1:XAMSG:MOE:s3:3101_01 2:XAMSG:OJI:s1:3101_02 3:XAMSG:OBA:s2:3101_03 4:XAMSG:OJI:s1:3101_04 5:XAMSG:MOE:s3:3101_05 6:XAMSG:OJI:s1:3101_06 7:XAMSG:OJI:s1:0006_00 8:XAMSG:SHI+MOE+BOKU+OBA:s12:0006_01 MAP:G02	OJI=5 MOE=2 OBA=1 SHI+MOE+BOKU+OBA=1		MAP>G02
E3102	2	EV	G02	0	G02000	auto=1	31	8	(hour==8 & lflag==0)	1/0 2/0 3/0 4/0 0/7 1/6 2/3 3/6 4/6	4	4	0:XAMSG:OJI:s1:0007_00 1:XAMSG:SHI+MOE+BOKU+OBA:s12:0007_01 2:XA:VOICE:s255 3:XAMSG:OBA:s255:3102_00 MAP:H02	OJI=1 SHI+MOE+BOKU+OBA=1 OBA=1		MAP>H02
E3171	1		H02	0	H02001	auto=1			(day==31 & flag[251]==1)	0/3 1/0 2/0 3/0 4/1 9/0	2	2	0:XAMSG:FATHER:s9:3102_01 1:XAMSG:NARR:s255:3102_02 MAP:I31	FATHER=1 NARR=1		MAP>I31
E3172	1		H01	0	H01000	auto=1			(day==31 & flag[251]==2)	1/0 2/0 3/0 4/0 0/1 9/0	1	1	0:XAMSG:NARR:s255:3102_02 MAP:I31	NARR=1		MAP>I31
E3173	1		I31	0	I31000	auto=1			(day==31 & flag[251]==3)	0/1 1/1 2/1 3/0 9/0	1	1	0:XAMSG:OJI:s1:3102_03 MAP:H02	OJI=1		MAP>H02
E3174	1		H02	0	H02001	auto=1			(day==31 & flag[251]==4)	0/1 1/1 2/1 3/1 4/1 9/0	7	7	0:XAMSG:FATHER:s9:3102_04 1:XAMSG:OBA:s2:3102_05 2:XAMSG:FATHER:s9:3102_06 3:XA:VOICE:s255 4:XAMSG:OBA:s2:3102_07 5:XAMSG:FATHER:s9:3102_08 6:XAMSG:OBA:s2:3102_09 MAP:I31	FATHER=3 OBA=3		MAP>I31
E3175	1		I31	0	I31000	auto=1			(day==31 & flag[251]==5)	1/0 2/0 3/0 4/0 1/1	1	1	0:XA:VOICE:s255 MAP:H02			MAP>H02
E3176	1		H02	0	H02001	auto=1			(day==31 & flag[251]==6)	0/1 2/1 3/1 4/1 9/0 1/1	3	3	0:XAMSG:OBA:s2:3102_07 1:XAMSG:FATHER:s9:3102_08 2:XAMSG:OBA:s2:3102_09 MAP:I31	OBA=2 FATHER=1		MAP>I31
E3177	1		I31	0	I31000	auto=1			(day==31 & flag[251]==7)	0/1 1/1 2/1 3/1 9/0	6	6	0:XAMSG:MOE:s3:3102_10 1:XAMSG:OJI:s1:3102_11 2:XAMSG:MOE:s3:3102_12 3:XAMSG:OJI:s1:3102_13 4:XAMSG:OBA:s2:3102_14 5:XAMSG:MOE:s3:3102_15 MAP:H02	MOE=3 OJI=2 OBA=1		MAP>H02
E3178	1		H03	0	H03000	auto=1			(day==31 & flag[251]==8)	4/1 1/0 2/0 3/1 9/0	1	1	0:XA:VOICE:s22 MAP:H02			MAP>H02
E3179	1		H02	0	H02001	auto=1			(day==31 & flag[251]==9)	0/16 1/1 2/6 3/1 4/1 9/0	8	8	0:XA:VOICE:s22 1:XAMSG:FATHER:s9:3102_17 2:XAMSG:BOKU:s0:3102_18 3:XAMSG:OBA:s2:3102_19 4:XAMSG:BOKU:s0:3102_20 5:XAMSG:OBA:s2:3102_21 6:XAMSG:BOKU:s0:3102_22 7:XAMSG:BOKU:s0:3102_23 MAP:H01	BOKU=4 OBA=2 FATHER=1		MAP>H01
E3180	1		H01	0	H01000	auto=1			(day==31 & flag[251]==10)	1/1 2/6 3/1 4/0 0/16 9/0	1	1	0:XAMSG:OBA:s2:3102_24 MAP:D09	OBA=1		MAP>D09
E3181	1		D09	0	D09001	auto=1			(day==31 & flag[251]==11)		0	0	MAP:H02			MAP>H02
E3182	1		H02	0	H02001	auto=1			(day==31 & flag[251]==12)	0/16 1/1 2/6 3/1 4/1 9/0	0	0	MOVIE24:H02			MOVIE24>H02
E4000	11		G12,G13	012	G12000,G12001,G12100,G12101,G12200,G12201,G13000,G13001,G13100,G13200,G13202	examine:z1=6 talk:MONK=5			(hour!=7 & hour!=18)		0	0	MAP:G13>E4000			MAP>G13>E4000
E4001	3		G12	012	G12001,G12101,G12201	examine:z0=3			(day>7 & (hour<18 | (hour>18 & flag[242]==1)))		1	1	0:XAMSG:NARR:s0:0830_00 MAP:G15 MAP:G15	NARR=1		MAP>G15 MAP>G15
E4002	11		G12,G13	012	G12000,G12001,G12100,G12101,G12200,G12201,G13000,G13001,G13100,G13200,G13202	examine:z1=5 talk:MONK=6			(hour!=7 & hour!=18)		0	0	MAP:G12>E4002			MAP>G12>E4002
E4003	18		G12,G15	012	G12000,G12001,G12100,G12101,G12200,G12201,G15000,G15001,G15002,G15003,G15100,G15101,G15102,G15103,G15200,G15201,G15202,G15203	examine:z1=12 talk:MONK=6			(hour!=7 & hour!=18)		0	0	MAP:G12>E4003			MAP>G12>E4003
E4004	9		G03	012	G03000,G03001,G03003,G03004,G03100,G03102,G03103,G03200,G03202	examine:z1=9					0	0	MAP:G04			MAP>G04
E4006	11		H11,H19	01	H11000,H11100,H19000,H19001,H19002,H19003,H19004,H19005,H19100,H19102,H19104	examine:z0=2 talk:MONK=9			(hour!=7 & hour<18)		0	0	MAP:H19>E4006			MAP>H19>E4006
E4007	11		H11,H19	01	H11000,H11100,H19000,H19001,H19002,H19003,H19004,H19005,H19100,H19102,H19104	examine:z0=9 talk:MONK=2			(hour!=7 & hour<18)		0	0	MAP:H11>E4007			MAP>H11>E4007
E4008	29		G02,H07	012	G02000,G02001,G02002,G02003,G02004,G02005,G02018,G02019,G02021,G02100,G02106,G02107,G02108,G02109,G02110,G02111,G02112,G02113,G02114,G02115,G02116,G02119,G02120,G02200,G02217,G02220,H07000,H07100,H07200	examine:z1=26 talk:MONK=3			(hour!=7 & hour!=18)		0	0	MAP:H07>E4008			MAP>H07>E4008
E4009	29		G02,H07	012	G02000,G02001,G02002,G02003,G02004,G02005,G02018,G02019,G02021,G02100,G02106,G02107,G02108,G02109,G02110,G02111,G02112,G02113,G02114,G02115,G02116,G02119,G02120,G02200,G02217,G02220,H07000,H07100,H07200	examine:z0=3 talk:MONK=26			(hour!=7 & hour!=18)		0	0	MAP:G02>E4009			MAP>G02>E4009
E4010	7		G17	012	G17000,G17002,G17100,G17102,G17200,G17201,G17202	examine:z0=7			(hour!=7 & hour!=18)	0/1	0	0	MAP:H06			MAP>H06
E4011	7		H06	012	H06000,H06001,H06002,H06100,H06102,H06200,H06202	examine:z0=7			(hour!=7 & hour!=18)	0/3	0	0	MAP:G17			MAP>G17
E4012	3		G08	012	G08000,G08100,G08200	examine:z0=3			(hour!=7 & hour!=18)	0/3	0	0	MAP:G09			MAP>G09
E4013	3		G09	012	G09000,G09100,G09200	examine:z0=3			(hour!=7 & hour!=18)	0/3	0	0	MAP:G08			MAP>G08
E4014	7		G17	012	G17000,G17002,G17100,G17102,G17200,G17201,G17202	examine:z1=7			(hour!=7 & hour!=18)		1	1	0:XA:VOICE:s255			
E4015	6		G07,G18	012	G07000,G07100,G07200,G18000,G18100,G18200	examine:z0=3 talk:FATHER=3				0/3	0	0	MOVIE2:G18>E4015 MOVIE3:G18>E4015			MOVIE2>G18>E4015 MOVIE3>G18>E4015
E4016	3		G18	012	G18000,G18100,G18200	examine:z0=3				0/3	0	0	MOVIE4:G07 MOVIE5:G07			MOVIE4>G07 MOVIE5>G07
E4017	2		A11	01	A11000,A11100	examine:z0=2			(flag[19]>0 | day>4)	0/2	1	1	0:XA:VOICE:s255			
E4019	2		B15	01	B15000,B15100	examine:z0=2				0/2 0/8	1	1	MOVIE22:B15>E4019 0:XAMSG:BOKU:s0:0004_00	BOKU=1		MOVIE22>B15>E4019
E4020	2		D03	01	D03000,D03100	examine:z0=2				0/2 0/8	1	1	MOVIE22:D03>E4020 0:XAMSG:BOKU:s0:0004_00	BOKU=1		MOVIE22>D03>E4020
E4021	2		H24	01	H24000,H24100	examine:z0=2			(flag[10]!=0)	0/8	0	0				
E4022	7		A13,G17	01	A13002,A13101,A13102,G17000,G17002,G17100,G17102	auto=4 examine:z0=3			(day!=15 & flag[10]==1 & flag[11]==2 & (map==A13 | (map==G17 & lflag==1)))	0/1 0/2 0/8 0/15 2/2	5	5	0:XAMSG:BOKU:s0:0005_00 MAP:G17 1:XAMSG:BOKU:s0:0005_01 2:XAMSG:OBA:s2:0005_02 3:XAMSG:OBA:s2:0005_03 4:XAMSG:OBA:s2:0005_04	OBA=3 BOKU=2		MAP>G17
E4023	6		C04,G17	01	C04000,C04100,G17000,G17002,G17100,G17102	auto=4 examine:z0=2			(day!=15 & flag[10]>0 & (map==C04 | (map==G17 & lflag==1)))	0/1 0/2 0/8 0/15 2/2	5	5	0:XAMSG:BOKU:s0:0005_00 MAP:G17 1:XAMSG:BOKU:s0:0005_01 2:XAMSG:OBA:s2:0005_02 3:XAMSG:OBA:s2:0005_03 4:XAMSG:OBA:s2:0005_04	OBA=3 BOKU=2		MAP>G17
E4024	6		D10,G17	01	D10000,D10100,G17000,G17002,G17100,G17102	auto=4 examine:z0=2			(day!=15 & flag[10]>0 & (map==D10 | (map==G17 & lflag==1)))	0/1 0/2 0/8 0/15 2/2	5	5	0:XAMSG:BOKU:s0:0005_00 MAP:G17 1:XAMSG:BOKU:s0:0005_01 2:XAMSG:OBA:s2:0005_02 3:XAMSG:OBA:s2:0005_03 4:XAMSG:OBA:s2:0005_04	OBA=3 BOKU=2		MAP>G17
E4025	6		A18	01	A18002,A18102	examine:z0=2 examine:z1=2 examine:z2=2			((hour<18 & flag[30]>0 & flag[25]==2 & day!=15 & day<28) | (flag[168]!=0))	0/1	0	0				
E4026	8		B10	01	B10000,B10100	examine:z0=8			(flag[234]>0)		1	0	0:SELECT:SELECT			
E4027	7		G14	012	G14002,G14003,G14102,G14200,G14201,G14202,G14205	examine:z1=7			(flag[3]==1)	0/3	1	0	0:SELECT:SELECT			
E4028	4	EV	G01	2	G01200,G01201,G01202	talk:OBA=3			(hour>=19 & day!=27)	0/3 2/2 2/0	18	7	P16:NMSG 0:XAMSG:OBA:s2:0122_12 1:XA:VOICE:s255 2:XAMSG:OBA:s2:0122_14 3:XA:VOICE:s255 4:XAMSG:OBA:s2:0122_16 5:XAMSG:OBA:s2:0122_17 6:XAMSG:OBA:s2:0122_18	OBA=16	native:7,8,9,10,11,12,13,14,15,16,17	
E4029	19		G03,I21	012	G03000,G03001,G03003,G03004,G03100,G03102,G03103,G03200,G03202,I21000,I21010,I21020,I21030,I21040,I21200,I21210,I21220,I21230,I21240	auto=10 examine:z0=9				0/3 0/21	5	4	0:XA:VOICE:s255 MAP:I21>E4029 2:XA:VOICE:s255 3:XA:VOICE:s255 4:XA:VOICE:s255 MAP:G03>E4029 1:SELECT:SELECT			MAP>I21>E4029 MAP>G03>E4029
E4030	2		G16	1	G16100,G16101	examine:z0=2				0/2	0	0	MOVIE6:G16			MOVIE6>G16
E4031	6		G16	012	G16000,G16001,G16100,G16101,G16200,G16201	examine:z1=6				0/2	0	0				
E4032	4		A09	01	A09000,A09001,A09100,A09101	auto=4					0	0				
E4033	4		B12,I26	01	B12000,B12100,I26000,I26100	auto=2 examine:z0=2			(flag[30]!=0)	0/1	4	3	0:XAMSG:BOKU:s0:0018_00 MAP:I26 1:XAMSG:BOKU:s0:0018_02 MAP:B12>E4033 2:SELECT:SELECT MAP:B12 MAP:B12>E4033 MAP:B12>E4033 3:XAMSG:BOKU:s0:0018_01 MAP:B12>E4033	BOKU=3		MAP>I26 MAP>B12>E4033 MAP>B12>E4033 MAP>B12>E4033 MAP>B12 MAP>B12>E4033
E4034	4		B07,I27	01	B07000,B07100,I27000,I27100	auto=2 examine:z4=2			(flag[30]!=0)	0/1	4	3	0:XAMSG:BOKU:s0:0018_00 MAP:I27 1:XAMSG:BOKU:s0:0018_02 MAP:B07>E4034 2:SELECT:SELECT MAP:B07 MAP:B07>E4034 MAP:B07>E4034 3:XAMSG:BOKU:s0:0018_01 MAP:B07>E4034	BOKU=3		MAP>I27 MAP>B07>E4034 MAP>B07>E4034 MAP>B07>E4034 MAP>B07 MAP>B07>E4034
E4035	4		C11,I28	01	C11000,C11100,I28000,I28100	auto=2 examine:z0=2			(flag[30]!=0)	0/1	4	3	0:XAMSG:BOKU:s0:0018_00 MAP:I28 1:XAMSG:BOKU:s0:0018_02 MAP:C11>E4035 2:SELECT:SELECT MAP:C11 MAP:C11>E4035 MAP:C11>E4035 3:XAMSG:BOKU:s0:0018_01 MAP:C11>E4035	BOKU=3		MAP>I28 MAP>C11>E4035 MAP>C11>E4035 MAP>C11>E4035 MAP>C11 MAP>C11>E4035
E4036	4		D14,I29	01	D14000,D14100,I29000,I29100	auto=2 examine:z0=2			(flag[30]!=0)	0/1	4	3	0:XAMSG:BOKU:s0:0018_00 MAP:I29 1:XAMSG:BOKU:s0:0018_02 MAP:D14>E4036 2:SELECT:SELECT MAP:D14 MAP:D14>E4036 MAP:D14>E4036 3:XAMSG:BOKU:s0:0018_01 MAP:D14>E4036	BOKU=3		MAP>I29 MAP>D14>E4036 MAP>D14>E4036 MAP>D14>E4036 MAP>D14 MAP>D14>E4036
E4037	13		H05,I00,I01,I02,I03	012	H05000,H05001,H05002,H05003,H05100,H05200,I00000,I00200,I01000,I02000,I02200,I03000,I03200	auto=7 examine:z1=6				0/3	0	0	MAP:I00 MAP:I01 MAP:I02 MAP:I03 MAP:H05 MAP:H05 MAP:H05 MAP:H05			MAP>I00 MAP>I01 MAP>I02 MAP>I03 MAP>H05 MAP>H05 MAP>H05 MAP>H05
E4038	2		A13	01	A13000,A13100	zone:z1=2			(flag[11]==0)	0/1 0/2	1	0	0:MSG:BOKU	BOKU=1		
E4039	2		A13	01	A13000,A13100	zone:z2=2			(flag[11]==0 & flag[154]!=0)		1	0	0:MSG:BOKU	BOKU=1		
E4040	2		A13	01	A13000,A13100	auto=2			(flag[154]!=0)		0	0				
E4041	8	EV	H06	012	H06000,H06001,H06002,H06100,H06102,H06200,H06202	talk:11=7			(flag[45]==0 | (day==11 & hour==19 & flag[49]==0))	0/1 11/0	2	2	0:XA:VOICE:s255 1:XA:VOICE:s255			
E4042	8	EV	H06	012	H06000,H06001,H06002,H06100,H06102,H06200,H06202	talk:11=7			(flag[45]>0)	0/1 11/1	4	4	0:XA:VOICE:s255 1:XA:VOICE:s255 2:XA:VOICE:s255 3:XA:VOICE:s255			
E4044	6		G13,I15	012	G13000,G13001,G13100,G13200,G13202,I15000	examine:z0=5 talk:MONK=1				0/3	0	0	MAP:I15>E4044 MAP:G13			MAP>I15>E4044 MAP>G13
E4045	3		A14,I23	01	A14000,A14100,I23000	examine:z0=2 talk:MONK=1					0	0	MAP:I23>E4045 MAP:A14			MAP>I23>E4045 MAP>A14
E4046	10		G14	012	G14000,G14002,G14003,G14100,G14102,G14200,G14201,G14202,G14204,G14205	examine:z2=10				0/4 0/3 0/2	1	1	0:XA:VOICE:s255			
E4047	2		A15	01	A15000,A15100	examine:z0=2			(flag[20]>0 | day>4)	0/1	1	1	0:XA:VOICE:s255			
E4048	2		B02	01	B02000,B02100	examine:z0=2				0/1 0/4	0	0				
E4049	4		G04,G05	01	G04000,G04100,G05000,G05100	auto=2 examine:z0=2			(hour<18)		0	0	MAP:G05 MAP:G04>E4049			MAP>G05 MAP>G04>E4049
E4050	2		B13	01	B13001,B13101	auto=2			(flag[91]==1)		0	0				
E4051	3		H08	012	H08002,H08102,H08202	auto=3			(day>=16 & lflag==1)	0/10 19/0	0	0				
E4052	10		G06	012	G06000,G06001,G06002,G06003,G06004,G06005,G06100,G06105,G06200,G06205	examine:z0=10				0/3	8	8	7:XA:VOICE:s255 6:XA:VOICE:s255 5:XA:VOICE:s255 2:XA:VOICE:s255 3:XA:VOICE:s255 4:XA:VOICE:s255 1:XA:VOICE:s255 0:XA:VOICE:s255			
E4053	10		G09,H06	012	G09000,G09100,G09200,H06000,H06001,H06002,H06100,H06102,H06200,H06202	auto=10			(flag[228]==1)	0/16	0	0				
E4054	2		H24	01	H24000,H24100	examine:z0=2			(flag[10]==0)	0/2	1	1	MOVIE22:H24>E4054 0:XAMSG:BOKU:s0:0004_00	BOKU=1		MOVIE22>H24>E4054
E4056	13		G03,G04	012	G03000,G03001,G03003,G03004,G03100,G03102,G03103,G03200,G03202,G04000,G04100,G04200,G04204	talk:MONK=9 zone:z2=4					0	0	MAP:G03>E4056			MAP>G03>E4056
E4057	4		A07	01	A07000,A07001,A07100,A07101	examine:z0=4			(flag[70]>0)		0	0	MAP:E02			MAP>E02
E4058	7		A13,G17	01	A13002,A13101,A13102,G17000,G17002,G17100,G17102	auto=4 examine:z0=3			(day==15 & flag[10]==1 & flag[11]==2 & (map==A13 | (map==G17 & lflag==1)))	0/1 0/2 0/8 0/15	3	3	0:XAMSG:BOKU:s0:0005_00 MAP:G17 1:XA:VOICE:s255 2:XAMSG:BOKU:s0:0005_01	BOKU=2		MAP>G17
E4059	6		C04,G17	01	C04000,C04100,G17000,G17002,G17100,G17102	auto=4 examine:z0=2			(day==15 & flag[10]>0 & (map==C04 | (map==G17 & lflag==1)))	0/1 0/2 0/8 0/15	3	3	0:XAMSG:BOKU:s0:0005_00 MAP:G17 1:XA:VOICE:s255 2:XAMSG:BOKU:s0:0005_01	BOKU=2		MAP>G17
E4060	6		D10,G17	01	D10000,D10100,G17000,G17002,G17100,G17102	auto=4 examine:z0=2			(day==15 & flag[10]>0 & (map==D10 | (map==G17 & lflag==1)))	0/1 0/2 0/8 0/15	3	3	0:XAMSG:BOKU:s0:0005_00 MAP:G17 1:XA:VOICE:s255 2:XAMSG:BOKU:s0:0005_01	BOKU=2		MAP>G17
E4061	1		C18	1	C18100	auto=1			(flag[55]==0 | day!=14)		0	0				
E4062	12		G15	012	G15000,G15001,G15002,G15003,G15100,G15101,G15102,G15103,G15200,G15201,G15202,G15203	auto=12			(flag[216]==1)		0	0				
E4063	10		G08,G17	012	G08000,G08100,G08200,G17000,G17002,G17100,G17102,G17200,G17201,G17202	auto=10			(flag[228]==1)	0/1	0	0				
E4064	1		H13	2	H13204	talk:OBA=1			(hour>=19 & day==27)	0/3 2/2 2/0	18	7	P16:NMSG 0:XAMSG:OBA:s2:0122_12 1:XA:VOICE:s255 2:XAMSG:OBA:s2:0122_14 3:XA:VOICE:s255 4:XAMSG:OBA:s2:0122_16 5:XAMSG:OBA:s2:0122_17 6:XAMSG:OBA:s2:0122_18	OBA=16	native:7,8,9,10,11,12,13,14,15,16,17	
E4065	19		G01,G14	012	G01000,G01003,G01004,G01100,G01102,G01103,G01200,G01201,G01202,G14000,G14002,G14003,G14100,G14102,G14200,G14201,G14202,G14204,G14205	auto=19			(flag[213]!=0)		0	0				
E4066	3	EV	A18	01	A18002,A18102	talk:MONK=2			(day>6 & flag[65]==2 & flag[69]==0 & hour<18)	6/0	0	0				
E5000	4		G01	01	G01003,G01004,G01102,G01103	talk:OBA=4			((hour>=14 & hour<=17 & day!=4 & day!=3 & day!=15) | (day==3 & hour>15 & hour<18) | (day==4 & flag[21]>0))	2/7	0	0				
E5001	5		G02	01	G02018,G02019,G02021,G02119,G02120	talk:OBA=5			((hour>=14 & hour<=17 & day!=4 & day!=3 & day!=15) | (day==3 & hour>15 & hour<18) | (day==4 & flag[21]>0))	2/7	0	0				
E5002	8		H08	012	H08000,H08001,H08002,H08100,H08102,H08103,H08200,H08202	talk:11=8				11/0	0	0				
E5003	4	EV	H09	012	H09000,H09100,H09200	talk:12=3			(day>0)	12/0	0	0				
E5004	3		G02	1	G02100,G02119,G02120	talk:OJI=3			((hour>15 & hour<18 & day!=15 & day!=25 & day!=26 & day!=30) | (day==1 & hour>14 & hour<18))	1/3	0	0				
E5005	3		G02	2	G02200,G02217,G02220	talk:OJI=3			(hour>18 & day!=5 & day!=25 & day!=27 & day!=28)	1/3	0	0				
E5006	2		G10	1	G10100,G10101	talk:OJI=2			((hour>15 & hour<18 & day!=15 & day!=25 & day!=26 & day!=30) | (day==1 & hour>14 & hour<18))	1/3	0	0				
E5007	3		G10	2	G10200,G10201,G10202	talk:OJI=3			(hour>18 & day!=5 & day!=25 & day!=27 & day!=28)	1/3	0	0				
E5008	2		G17	1	G17100,G17102	talk:OJI=2			((hour>15 & hour<18 & day!=15 & day!=25 & day!=26 & day!=30) | (day==1 & hour>14 & hour<18))	1/3	0	0				
E5009	3		G17	2	G17200,G17201,G17202	talk:OJI=3			((hour>18 & day!=5 & day!=25 & day!=27 & day!=28 & day!=11) | (day==11 & hour>19))	1/3	0	0				
E5010	2		H06	1	H06100,H06102	talk:OJI=2			((hour>15 & hour<18 & day!=15 & day!=25 & day!=26 & day!=30) | (day==1 & hour>14 & hour<18))	1/3	0	0				
E5011	3	EV	H06	2	H06200,H06202	talk:OJI=2			(hour>18 & day!=5 & day!=25 & day!=27 & day!=28)	1/3	0	0				
E5012	3		H19	0	H19001,H19003,H19005	talk:OJI=3			(flag[4]>0)	1/6	0	0				
E5013	4		H14	012	H14003,H14100,H14101,H14201	talk:OJI=4			((day==25 & hour>15) | (day==26 & hour>9 & hour<14))	1/1	0	0				
E5016	2		H08	0	H08000,H08002	talk:OBA=2			(hour<14 & (day==2 | day==5 | day==6 | day==7 | day==9 | day==11 | day==14 | day==18 | day==22 | day==28))	2/0	0	0				
E5017	1		H08	0	H08002	talk:OBA=1			(hour<14 & day==17)	2/0	0	0				
E5018	1		H14	0	H14003	talk:OBA=1			(hour>9 & hour<14 & day==26)	2/0	0	0				
E5019	1		H04	0	H04000	talk:OBA=1			(hour<14 & day==21)	2/1	0	0				
E5020	3	EV	H09	01	H09000,H09100	talk:OBA=2			(hour<14 & day==23)	2/0	0	0				
E5021	1		H13	0	H13003	talk:OBA=1			(hour<14 & day==25)	2/0	0	0				
E5022	1		H06	0	H06002	talk:OBA=1			(hour<14 & day==29)	2/0	0	0				
E5023	2		H08	01	H08002,H08102	talk:OBA=2			(day==30 & hour<18 & flag[118]==0)	2/0	0	0				
E5024	6		H05	012	H05000,H05001,H05002,H05003,H05100,H05200	talk:OBA=6			(day==30 & hour<18 & flag[118]==0)	2/0	0	0				
E5025	1		H06	0	H06002	talk:OBA=1			(day==16 & hour<14)	2/0	0	0				
E5026	2		H06	01	H06002,H06102	talk:SHI=2			(day==16 & hour<18)	4/0 4/1	0	0				
E5027	1		G01	2	G01200	talk:MOE=1			(hour>18 & (day==3 | day==8 | day==16 | day==24 | day==25 | day==26 | day==29))	3/3	0	0				
E5028	1		G01	2	G01200	talk:MOE=1			(hour>18 & (day==12 | day==27))	3/2	0	0				
E5029	3		G10	2	G10200,G10201,G10202	talk:MOE=3			(hour>18 & (day==3 | day==8 | day==16 | day==24 | day==25 | day==26 | day==29))	3/3	0	0				
E5030	3		G10	2	G10200,G10201,G10202	talk:MOE=3			(hour>18 & (day==12 | day==27))	3/2	0	0				
E5031	3	EV	H06	2	H06200,H06202	talk:MOE=2			(hour>18 & (day==3 | day==8 | day==16 | day==24 | day==25 | day==26 | day==29))	3/3	0	0				
E5032	3	EV	H06	2	H06200,H06202	talk:MOE=2			(hour>18 & (day==12 | day==27))	3/2	0	0				
E5033	1		G01	0	G01004	talk:MOE=1			(flag[17]>0 & day==4 & hour>11 & hour<15)	3/0	0	0				
E5034	2		G03	0	G03001,G03004	talk:MOE=2			(flag[17]>0 & day==4 & hour>11 & hour<15)	3/0	0	0				
E5035	2		H03	01	H03000,H03100	talk:SHI=2			(hour<18 & (day==3 | day==24))	4/8	0	0				
E5036	2		H03	01	H03000,H03100	talk:SHI=2			(hour<18 & (day==12 | day==13 | day==19))	4/4	0	0				
E5037	3	EV	H09	01	H09000,H09100	talk:SHI=2			(hour<18 & (day==9 | day==23))	4/8	0	0				
E5038	3	EV	H09	01	H09000,H09100	talk:SHI=2			(hour<18 & (day==8 | day==25 | (day==14 & flag[55]==0)))	4/4	0	0				
E5039	4		H13	01	H13000,H13001,H13003,H13100	talk:SHI=4			(hour<18 & (day==26 | day==27))	4/8	0	0				
E5040	6		H08	01	H08000,H08001,H08002,H08100,H08102,H08103	talk:SHI=6			(hour<18 & (day==2 | day==6 | day==7 | day==10 | day==11 | day==18 | day==20 | day==29))	4/8	0	0				
E5041	6		H08	01	H08000,H08001,H08002,H08100,H08102,H08103	talk:SHI=6			(hour<18 & (day==1 | day==5 | day==17))	4/4	0	0				
E5042	6		H08	01	H08000,H08001,H08002,H08100,H08102,H08103	talk:SHI=6			(hour<18 & day==21)	4/0	0	0				
E5043	4		G01	012	G01000,G01003,G01102,G01200	talk:MOE=1 talk:SHI=3			((hour>18 & day==17) | (hour<18 & day==22))	3/4 4/5	0	0				
E5044	6		G01	012	G01003,G01004,G01103,G01200,G01201,G01202	talk:SHI=6			((hour>18 & day!=17 & day!=28 & day!=30) | (day==4 & flag[21]>0 & hour<18))	4/4	0	0				
E5045	1		G17	2	G17200	talk:MOE=1			(hour>18 & day==4)	3/4	0	0				
E5046	2	EV	H06	2	H06200	talk:MOE=1			(hour>18 & day==4)	3/4	0	0				
E5047	3	EV	H09	01	H09000,H09100	talk:13=2				13/0 0/1	1	1	0:XA:VOICE:s255			
E5048	3	EV	H09	01	H09000,H09100	talk:14=2				14/0	1	1	0:XA:VOICE:s255			
E5049	3	EV	H09	01	H09000,H09100	talk:15=2				15/0	1	1	0:XA:VOICE:s255			
E5050	2		H10	01	H10000,H10100	talk:15=2				15/0 0/1	1	1	0:XA:VOICE:s255			
E5051	1		H10	2	H10200	examine:z1=1				13/0 14/0 15/0	0	0				
E5052	4	EV	H06	012	H06002,H06102,H06202	talk:19=3			(day>15 & flag[229]==0)	19/0	0	0				
E6000	3	EV	D07	01	D07000,D07100	talk:SAORI=2			(flag[93]==1 & flag[97]==0 & flag[248]==0 & day!=22 & day!=26)	0/1 5/1	12	10	0:XAMSG:BOKU:s0:2360_00 1:MSG:SAORI 2:XAMSG:BOKU:s0:2360_02 3:XAMSG:SAORI:s5:2360_03 4:XAMSG:BOKU:s0:2360_04 5:XAMSG:SAORI:s5:2360_05 6:XAMSG:BOKU:s0:2360_06 7:XAMSG:SAORI:s5:2360_07 8:XAMSG:BOKU:s0:2360_08 9:XAMSG:SAORI:s5:2360_09 10:XAMSG:SAORI:s5:2360_10 11:MSG:BOKU	BOKU=6 SAORI=6		
E6001	3	EV	D07	01	D07000,D07100	talk:SAORI=2			(day>20 & flag[98]==0 & flag[248]==0 & day!=22 & day!=26)	0/1 0/2 5/1	20	18	0:XAMSG:BOKU:s0:2160_00 1:MSG:SAORI 2:XAMSG:BOKU:s0:2160_02 3:XAMSG:SAORI:s5:2160_03 4:XAMSG:BOKU:s0:2160_04 5:MSG:SAORI 6:XAMSG:BOKU:s0:2160_06 7:XAMSG:SAORI:s5:2160_07 8:XAMSG:SAORI:s5:2160_08 9:XAMSG:BOKU:s0:2160_09 10:XAMSG:SAORI:s5:2160_10 11:XAMSG:SAORI:s5:2160_11 12:XAMSG:SAORI:s5:2160_12 13:XAMSG:BOKU:s0:2160_13 14:XA:VOICE:s255 15:XAMSG:SAORI:s5:2160_14 16:XAMSG:BOKU:s0:2160_15 17:XAMSG:SAORI:s5:2160_16 18:XAMSG:BOKU:s0:2160_17 19:XAMSG:SAORI:s5:2160_18	SAORI=11 BOKU=8		
E6002	3	EV	D07	01	D07000,D07100	talk:SAORI=2			(flag[91]>0 & flag[93]==0 & flag[99]==0 & flag[248]==0 & day!=22 & day!=26)	0/1 5/1	2	2	0:XAMSG:BOKU:s0:2260_00 1:XAMSG:SAORI:s5:2260_01	BOKU=1 SAORI=1		
E6003	3	EV	D07	01	D07000,D07100	talk:SAORI=2			(flag[100]==0 & flag[101]==0 & flag[248]==0 & flag[94]>=2 & day!=22 & day!=26)	0/1 5/1	1	1	0:XAMSG:SAORI:s5:2060_00	SAORI=1		
E6004	3	EV	D07	01	D07000,D07100	talk:SAORI=2			(flag[102]==1 & flag[103]==0 & flag[248]==0 & day!=22 & day!=26)	0/1 0/16 5/0 5/1	41	37	0:XAMSG:BOKU:s0:2660_00 1:XAMSG:SAORI:s5:2660_01 2:MSG:BOKU 3:XAMSG:SAORI:s5:2660_03 4:XAMSG:BOKU:s0:2660_04 5:XAMSG:SAORI:s5:2660_05 6:XAMSG:BOKU:s0:2660_06 7:XAMSG:SAORI:s5:2660_07 8:XAMSG:BOKU:s0:2660_08 9:XAMSG:SAORI:s5:2660_09 10:MSG:BOKU 11:SELECT:SELECT 12:XAMSG:SAORI:s5:2660_11 13:XAMSG:BOKU:s0:2660_12 14:XAMSG:SAORI:s5:2660_13 15:XAMSG:SAORI:s5:2660_43 16:XAMSG:SAORI:s5:2660_14 17:XAMSG:BOKU:s0:2660_15 18:XAMSG:BOKU:s0:0405_01 19:XAMSG:SAORI:s5:2660_16 20:XAMSG:BOKU:s0:2660_17 21:XAMSG:BOKU:s0:0405_01 22:XAMSG:SAORI:s5:2660_18 23:XAMSG:SAORI:s5:2660_19 24:XAMSG:BOKU:s0:2660_20 25:XAMSG:BOKU:s0:0405_01 26:XAMSG:SAORI:s5:2660_21 27:MSG:BOKU 28:XAMSG:SAORI:s5:2660_23 29:XAMSG:SAORI:s5:2660_24 30:XAMSG:BOKU:s0:2660_25 31:XAMSG:SAORI:s5:2660_26 32:XAMSG:BOKU:s0:2660_27 33:XAMSG:SAORI:s5:2660_28 34:XAMSG:BOKU:s0:2660_29 35:XAMSG:SAORI:s5:2660_30 36:XAMSG:BOKU:s0:2660_31 37:XAMSG:SAORI:s5:2660_32 38:XAMSG:BOKU:s0:2660_33 39:XAMSG:SAORI:s5:2660_34 40:XAMSG:BOKU:s0:2660_35	BOKU=20 SAORI=20		
E6005	3	EV	D07	01	D07000,D07100	talk:SAORI=2			(flag[94]>=2 & flag[248]==1 & flag[158]==2 & day!=22 & day!=26)	0/1 5/1	4	4	0:XAMSG:SAORI:s5:2060_07 1:XAMSG:SAORI:s5:2060_07 2:XAMSG:NARR:s255:2060_08 3:XAMSG:NARR:s255:2060_09	SAORI=2 NARR=2		
E6100	3	EV	D07	01	D07000,D07100	talk:SAORI=2			(flag[93]==1 & flag[97]==0 & flag[248]==0 & (day==22 | day==26))	0/1 5/0	11	10	0:XAMSG:BOKU:s0:2360_00 1:MSG:SAORI 2:XAMSG:BOKU:s0:2360_02 3:XAMSG:SAORI:s5:2360_03 4:XAMSG:BOKU:s0:2360_04 5:XAMSG:SAORI:s5:2360_05 6:XAMSG:BOKU:s0:2360_06 7:XAMSG:SAORI:s5:2360_07 8:XAMSG:BOKU:s0:2360_08 9:XAMSG:SAORI:s5:2360_09 10:XAMSG:SAORI:s5:2360_10	SAORI=6 BOKU=5		
E6101	3	EV	D07	01	D07000,D07100	talk:SAORI=2			(flag[98]==0 & flag[248]==0 & (day==22 | day==26))	0/1 0/2 0/3 5/0 5/1	20	18	0:XAMSG:BOKU:s0:2160_00 1:MSG:SAORI 2:XAMSG:BOKU:s0:2160_02 3:XAMSG:SAORI:s5:2160_03 4:XAMSG:BOKU:s0:2160_04 5:MSG:SAORI 6:XAMSG:BOKU:s0:2160_06 7:XAMSG:SAORI:s5:2160_07 8:XAMSG:SAORI:s5:2160_08 9:XAMSG:BOKU:s0:2160_09 10:XAMSG:SAORI:s5:2160_10 11:XAMSG:SAORI:s5:2160_11 12:XAMSG:SAORI:s5:2160_12 13:XAMSG:BOKU:s0:2160_13 14:XA:VOICE:s255 15:XAMSG:SAORI:s5:2160_14 16:XAMSG:BOKU:s0:2160_15 17:XAMSG:SAORI:s5:2160_16 18:XAMSG:BOKU:s0:2160_17 19:XAMSG:SAORI:s5:2160_18	SAORI=11 BOKU=8		
E6102	3	EV	D07	01	D07000,D07100	talk:SAORI=2			(flag[91]>0 & flag[93]==0 & flag[99]==0 & flag[248]==0 & (day==22 | day==26))	0/1 5/0	2	2	0:XAMSG:BOKU:s0:2260_00 1:XAMSG:SAORI:s5:2260_01	BOKU=1 SAORI=1		
E6103	3	EV	D07	01	D07000,D07100	talk:SAORI=2			(flag[100]==0 & flag[101]==0 & flag[248]==0 & (day==22 | day==26))	0/1 5/0	1	1	0:XAMSG:SAORI:s5:2060_00	SAORI=1		
E6104	3	EV	D07	01	D07000,D07100	talk:SAORI=2			(flag[102]==1 & flag[103]==0 & flag[248]==0 & (day==22 | day==26))	0/1 0/16 5/0	41	37	0:XAMSG:BOKU:s0:2660_00 1:XAMSG:SAORI:s5:2660_01 2:MSG:BOKU 3:XAMSG:SAORI:s5:2660_03 4:XAMSG:BOKU:s0:2660_04 5:XAMSG:SAORI:s5:2660_05 6:XAMSG:BOKU:s0:2660_06 7:XAMSG:SAORI:s5:2660_07 8:XAMSG:BOKU:s0:2660_08 9:XAMSG:SAORI:s5:2660_09 10:MSG:BOKU 11:SELECT:SELECT 12:XAMSG:SAORI:s5:2660_11 13:XAMSG:BOKU:s0:2660_12 14:XAMSG:SAORI:s5:2660_13 15:XAMSG:SAORI:s5:2660_43 16:XAMSG:SAORI:s5:2660_14 17:XAMSG:BOKU:s0:2660_15 18:XAMSG:BOKU:s0:0405_01 19:XAMSG:SAORI:s5:2660_16 20:XAMSG:BOKU:s0:2660_17 21:XAMSG:BOKU:s0:0405_01 22:XAMSG:SAORI:s5:2660_18 23:XAMSG:SAORI:s5:2660_19 24:XAMSG:BOKU:s0:2660_20 25:XAMSG:BOKU:s0:0405_01 26:XAMSG:SAORI:s5:2660_21 27:MSG:BOKU 28:XAMSG:SAORI:s5:2660_23 29:XAMSG:SAORI:s5:2660_24 30:XAMSG:BOKU:s0:2660_25 31:XAMSG:SAORI:s5:2660_26 32:XAMSG:BOKU:s0:2660_27 33:XAMSG:SAORI:s5:2660_28 34:XAMSG:BOKU:s0:2660_29 35:XAMSG:SAORI:s5:2660_30 36:XAMSG:BOKU:s0:2660_31 37:XAMSG:SAORI:s5:2660_32 38:XAMSG:BOKU:s0:2660_33 39:XAMSG:SAORI:s5:2660_34 40:XAMSG:BOKU:s0:2660_35	BOKU=20 SAORI=20		
E6105	3	EV	D07	01	D07000,D07100	talk:SAORI=2			(flag[248]==1 & flag[158]==2 & (day==22 | day==26))	0/1 5/0	4	4	0:XAMSG:SAORI:s5:2060_07 1:XAMSG:SAORI:s5:2060_07 2:XAMSG:NARR:s255:2060_08 3:XAMSG:NARR:s255:2060_09	SAORI=2 NARR=2		
E7000	2		D07	01	D07001,D07101	talk:MONK=2					0	0				
E8000	26		G02	012	G02000,G02001,G02002,G02003,G02004,G02005,G02018,G02019,G02021,G02100,G02106,G02107,G02108,G02109,G02110,G02111,G02112,G02113,G02114,G02115,G02116,G02119,G02120,G02200,G02217,G02220	examine:z3=26					1	0	0:MSG:NONE	NONE=1		
E8001	26		G02	012	G02000,G02001,G02002,G02003,G02004,G02005,G02018,G02019,G02021,G02100,G02106,G02107,G02108,G02109,G02110,G02111,G02112,G02113,G02114,G02115,G02116,G02119,G02120,G02200,G02217,G02220	examine:z4=26					1	0	0:MSG:NONE	NONE=1		
E8002	26		G02	012	G02000,G02001,G02002,G02003,G02004,G02005,G02018,G02019,G02021,G02100,G02106,G02107,G02108,G02109,G02110,G02111,G02112,G02113,G02114,G02115,G02116,G02119,G02120,G02200,G02217,G02220	examine:z5=26					1	0	0:MSG:NONE	NONE=1		
E8003	9		G03	012	G03000,G03001,G03003,G03004,G03100,G03102,G03103,G03200,G03202	examine:z3=9				0/3	1	0	0:MSG:NONE	NONE=1		
E8004	9		G03	012	G03000,G03001,G03003,G03004,G03100,G03102,G03103,G03200,G03202	examine:z4=9				0/3	1	0	0:MSG:NONE	NONE=1		
E8005	7		G04	012	G04000,G04100,G04200,G04201,G04202,G04203,G04204	examine:z1=7					1	0	0:MSG:NONE	NONE=1		
E8006	3		G07	012	G07000,G07100,G07200	examine:z1=3					1	0	0:MSG:NONE	NONE=1		
E8007	3		G08	012	G08000,G08100,G08200	examine:z1=3					1	0	0:MSG:NONE	NONE=1		
E8009	3		G08	012	G08000,G08100,G08200	examine:z2=3				0/3	1	0	0:MSG:NONE	NONE=1		
E8010	6		G11	012	G11000,G11001,G11100,G11101,G11200,G11201	examine:z1=6					1	0	0:MSG:NONE	NONE=1		
E8011	3		G11	012	G11000,G11100,G11200	examine:z0=3					1	0	0:MSG:NONE	NONE=1		
E8012	5		G13	012	G13000,G13001,G13100,G13200,G13202	examine:z3=5				0/3	1	0	0:MSG:NONE	NONE=1		
E8013	10		G14	012	G14000,G14002,G14003,G14100,G14102,G14200,G14201,G14202,G14204,G14205	examine:z3=10				0/3	1	0	0:MSG:NONE	NONE=1		
E8014	12		G15	012	G15000,G15001,G15002,G15003,G15100,G15101,G15102,G15103,G15200,G15201,G15202,G15203	examine:z3=12				0/1	1	0	0:MSG:NONE	NONE=1		
E8015	3		H17	012	H17000,H17100,H17200	examine:z0=3				0/1	1	0	0:MSG:NONE	NONE=1		
E8016	6		H18	012	H18000,H18001,H18100,H18101,H18200,H18201	examine:z1=6				0/1	1	0	0:MSG:NONE	NONE=1		
E8017	9		H19	01	H19000,H19001,H19002,H19003,H19004,H19005,H19100,H19102,H19104	examine:z1=9				0/1	1	0	0:MSG:NONE	NONE=1		
E8018	9		H19	01	H19000,H19001,H19002,H19003,H19004,H19005,H19100,H19102,H19104	examine:z2=9				0/1	1	0	0:MSG:NONE	NONE=1		
E8019	6		H25	012	H25000,H25001,H25100,H25101,H25200,H25201	examine:z1=6					1	0	0:MSG:NONE	NONE=1		
E8020	18		H26	01	H26000,H26001,H26002,H26003,H26004,H26005,H26006,H26007,H26008,H26009,H26010,H26011,H26100,H26101,H26104,H26105,H26108,H26109	examine:z1=18				0/1	1	0	0:MSG:NONE	NONE=1		
E8021	2		A17	01	A17000,A17100	examine:z1=2				0/2	1	0	0:MSG:NONE	NONE=1		
E8022	2		A17	01	A17000,A17100	examine:z2=2				0/2	1	0	0:MSG:NONE	NONE=1		
E8023	2		A17	01	A17000,A17100	examine:z3=2				0/1	1	0	0:MSG:NONE	NONE=1		
E8024	2		A17	01	A17000,A17100	examine:z4=2				0/1	1	0	0:MSG:NONE	NONE=1		
E8025	2		A17	01	A17000,A17100	examine:z5=2				0/1	1	0	0:MSG:NONE	NONE=1		
E8026	1		G09	2	G09200	examine:z1=1					2	1	0:XA:VOICE:s255 1:MSG:NONE	NONE=1		
E8027	7		H02	012	H02000,H02001,H02002,H02100,H02102,H02200,H02202	examine:z0=7					2	1	0:XA:VOICE:s255 1:MSG:NONE	NONE=1		
E8028	1		H04	2	H04200	examine:z1=1					2	1	0:XA:VOICE:s255 1:MSG:NONE	NONE=1		
E8029	1		H11	2	H11200	examine:z0=1					2	1	0:XA:VOICE:s255 1:MSG:NONE	NONE=1		
E8050	26		G02	012	G02000,G02001,G02002,G02003,G02004,G02005,G02018,G02019,G02021,G02100,G02106,G02107,G02108,G02109,G02110,G02111,G02112,G02113,G02114,G02115,G02116,G02119,G02120,G02200,G02217,G02220	examine:z2=26					1	0	0:MSG:NONE	NONE=1		
E8051	9		G03	012	G03000,G03001,G03003,G03004,G03100,G03102,G03103,G03200,G03202	examine:z2=9			(flag[31]==0 | flag[32]>0)	0/3	1	0	0:MSG:NONE	NONE=1		
E8052	10		G06	012	G06000,G06001,G06002,G06003,G06004,G06005,G06100,G06105,G06200,G06205	examine:z1=10				0/1	1	0	0:MSG:NONE	NONE=1		
E8053	6		H05	012	H05000,H05001,H05002,H05003,H05100,H05200	examine:z0=6			(flag[5]==0)		1	0	0:MSG:NONE	NONE=1		
E8054	4		H13	0	H13000,H13002	examine:z0=2 examine:z1=2					1	0	0:MSG:NONE	NONE=1		
E8055	5		H15	012	H15000,H15004,H15100,H15104,H15200	examine:z0=5					2	0	0:MSG:NONE 1:MSG:NONE	NONE=2		
E8056	2		A11	01	A11000,A11100	examine:z0=2			(day<4)	0/2	1	0	0:MSG:NONE	NONE=1		
E8057	4		A07	01	A07000,A07001,A07100,A07101	examine:z1=4					1	0	0:MSG:NONE	NONE=1		
E8058	4		A07	01	A07000,A07001,A07100,A07101	examine:z2=4					1	0	0:MSG:NONE	NONE=1		
E8059	2		C14	01	C14000,C14100	examine:z0=2				0/1	1	0	0:MSG:NONE	NONE=1		
E8060	2		C14	01	C14000,C14100	examine:z1=2				0/1	1	0	0:MSG:NONE	NONE=1		
E8061	2		C14	01	C14000,C14100	examine:z2=2					1	0	0:MSG:NONE	NONE=1		
E8062	2		B06	01	B06000,B06100	examine:z0=2			(flag[36]==0)	0/2	1	0	0:MSG:NONE	NONE=1		
E8063	6		B07,B12,C11	01	B07000,B07100,B12000,B12100,C11000,C11100	examine:z0=4 examine:z4=2			(flag[31]==0)		1	0	0:MSG:NONE	NONE=1		
E8064	2		D07	01	D07000,D07100	examine:z2=2				0/1	1	0	0:MSG:NONE	NONE=1		
E8065	2		D07	01	D07000,D07100	examine:z3=2				0/1	1	0	0:MSG:NONE	NONE=1		
E8066	4		H15	012	H15002,H15003,H15101,H15201	examine:z0=4					1	0	0:MSG:NONE	NONE=1		
