id	copies	where	bpp	w	h	cluts	has_text	category	amount	style	difficulty	notes
_DATA_M_FILES.BIN_M_H24100.BIN__0057dc	1	\_DATA\M_FILES.BIN\M_H24100.BIN	8	764	256	4	no	other	none	n/a	n/a	map pack artwork: background strip atlas or a 98x79 watercolour minimap, no lettering seen
_DATA_M_FILES.BIN_M_A09000.BIN__004a88	2	\_DATA\M_FILES.BIN\M_A09000.BIN;\_DATA\M_FILES.BIN\M_A09001.BIN	8	760	256	6	no	other	none	n/a	n/a	map pack artwork: background strip atlas or a 98x79 watercolour minimap, no lettering seen
_DATA_M_FILES.BIN_M_H23200.BIN__005794	1	\_DATA\M_FILES.BIN\M_H23200.BIN	8	760	256	4	no	other	none	n/a	n/a	map pack artwork: background strip atlas or a 98x79 watercolour minimap, no lettering seen
_DATA_M_FILES.BIN_M_H26004.BIN__00295c	4	\_DATA\M_FILES.BIN\M_H26004.BIN;\_DATA\M_FILES.BIN\M_H26005.BIN;\_DATA\M_FILES.BIN\M_H26006.BIN;\_DATA\M_FILES.BIN\M_H26007.BIN	8	760	256	6	no	other	none	n/a	n/a	map pack artwork: background strip atlas or a 98x79 watercolour minimap, no lettering seen
_DATA_M_FILES.BIN_M_A09100.BIN__004a88	2	\_DATA\M_FILES.BIN\M_A09100.BIN;\_DATA\M_FILES.BIN\M_A09101.BIN	8	752	256	5	no	other	none	n/a	n/a	map pack artwork: background strip atlas or a 98x79 watercolour minimap, no lettering seen
_DATA_M_FILES.BIN_M_A13000.BIN__003a0c	3	\_DATA\M_FILES.BIN\M_A13000.BIN;\_DATA\M_FILES.BIN\M_A13001.BIN;\_DATA\M_FILES.BIN\M_A13002.BIN	8	748	256	4	no	other	none	n/a	n/a	map pack artwork: background strip atlas or a 98x79 watercolour minimap, no lettering seen
_DATA_M_FILES.BIN_M_A13100.BIN__003a34	3	\_DATA\M_FILES.BIN\M_A13100.BIN;\_DATA\M_FILES.BIN\M_A13101.BIN;\_DATA\M_FILES.BIN\M_A13102.BIN	8	748	256	4	no	other	none	n/a	n/a	map pack artwork: background strip atlas or a 98x79 watercolour minimap, no lettering seen
_DATA_M_FILES.BIN_M_D04000.BIN__002c30	1	\_DATA\M_FILES.BIN\M_D04000.BIN	8	736	256	9	no	other	none	n/a	n/a	map pack artwork: background strip atlas or a 98x79 watercolour minimap, no lettering seen
_DATA_M_FILES.BIN_M_D04100.BIN__002c30	1	\_DATA\M_FILES.BIN\M_D04100.BIN	8	736	256	9	no	other	none	n/a	n/a	map pack artwork: background strip atlas or a 98x79 watercolour minimap, no lettering seen
_DATA_M_FILES.BIN_M_A06000.BIN__003be4	1	\_DATA\M_FILES.BIN\M_A06000.BIN	8	752	250	4	no	other	none	n/a	n/a	map pack artwork: background strip atlas or a 98x79 watercolour minimap, no lettering seen
_DATA_M_FILES.BIN_M_A06100.BIN__003be4	1	\_DATA\M_FILES.BIN\M_A06100.BIN	8	752	250	4	no	other	none	n/a	n/a	map pack artwork: background strip atlas or a 98x79 watercolour minimap, no lettering seen
_DATA_M_FILES.BIN_M_G02100.BIN__002fbc	3	\_DATA\M_FILES.BIN\M_G02100.BIN;\_DATA\M_FILES.BIN\M_G02119.BIN;\_DATA\M_FILES.BIN\M_G02120.BIN	8	734	256	20	no	other	none	n/a	n/a	map pack artwork: background strip atlas or a 98x79 watercolour minimap, no lettering seen
_DATA_M_FILES.BIN_M_H20100.BIN__0035fc	1	\_DATA\M_FILES.BIN\M_H20100.BIN	8	732	256	5	no	other	none	n/a	n/a	map pack artwork: background strip atlas or a 98x79 watercolour minimap, no lettering seen
_DATA_M_FILES.BIN_M_H16000.BIN__003424	1	\_DATA\M_FILES.BIN\M_H16000.BIN	8	740	252	3	no	other	none	n/a	n/a	map pack artwork: background strip atlas or a 98x79 watercolour minimap, no lettering seen
_DATA_M_FILES.BIN_M_H16001.BIN__00342c	2	\_DATA\M_FILES.BIN\M_H16001.BIN;\_DATA\M_FILES.BIN\M_H16002.BIN	8	740	252	3	no	other	none	n/a	n/a	map pack artwork: background strip atlas or a 98x79 watercolour minimap, no lettering seen
_DATA_M_FILES.BIN_M_C03000.BIN__0034a0	1	\_DATA\M_FILES.BIN\M_C03000.BIN	8	728	256	8	no	other	none	n/a	n/a	map pack artwork: background strip atlas or a 98x79 watercolour minimap, no lettering seen
_DATA_M_FILES.BIN_M_C03100.BIN__0034a0	1	\_DATA\M_FILES.BIN\M_C03100.BIN	8	728	256	8	no	other	none	n/a	n/a	map pack artwork: background strip atlas or a 98x79 watercolour minimap, no lettering seen
_DATA_M_FILES.BIN_M_H20200.BIN__0035d4	1	\_DATA\M_FILES.BIN\M_H20200.BIN	8	732	252	4	no	other	none	n/a	n/a	map pack artwork: background strip atlas or a 98x79 watercolour minimap, no lettering seen
_DATA_M_FILES.BIN_M_H15000.BIN__003210	4	\_DATA\M_FILES.BIN\M_H15000.BIN;\_DATA\M_FILES.BIN\M_H15002.BIN;\_DATA\M_FILES.BIN\M_H15003.BIN;\_DATA\M_FILES.BIN\M_H15004.BIN	8	720	256	4	no	other	none	n/a	n/a	map pack artwork: background strip atlas or a 98x79 watercolour minimap, no lettering seen
_DATA_M_FILES.BIN_M_G13000.BIN__002cf0	2	\_DATA\M_FILES.BIN\M_G13000.BIN;\_DATA\M_FILES.BIN\M_G13001.BIN	8	716	256	7	no	other	none	n/a	n/a	map pack artwork: background strip atlas or a 98x79 watercolour minimap, no lettering seen
_DATA_M_FILES.BIN_M_I17000.BIN__0000e0	1	\_DATA\M_FILES.BIN\M_I17000.BIN	8	762	240	2	no	other	none	n/a	n/a	map pack artwork: background strip atlas or a 98x79 watercolour minimap, no lettering seen
_DATA_M_FILES.BIN_M_H24000.BIN__0057c8	1	\_DATA\M_FILES.BIN\M_H24000.BIN	8	714	254	4	no	other	none	n/a	n/a	map pack artwork: background strip atlas or a 98x79 watercolour minimap, no lettering seen
_DATA_M_FILES.BIN_M_G02106.BIN__003b58	1	\_DATA\M_FILES.BIN\M_G02106.BIN	8	706	256	18	no	other	none	n/a	n/a	map pack artwork: background strip atlas or a 98x79 watercolour minimap, no lettering seen
_DATA_M_FILES.BIN_M_G02109.BIN__003c80	1	\_DATA\M_FILES.BIN\M_G02109.BIN	8	706	256	18	no	other	none	n/a	n/a	map pack artwork: background strip atlas or a 98x79 watercolour minimap, no lettering seen
_DATA_M_FILES.BIN_M_G02107.BIN__0041e0	1	\_DATA\M_FILES.BIN\M_G02107.BIN	8	704	256	18	no	other	none	n/a	n/a	map pack artwork: background strip atlas or a 98x79 watercolour minimap, no lettering seen
_DATA_M_FILES.BIN_M_G02112.BIN__003b58	1	\_DATA\M_FILES.BIN\M_G02112.BIN	8	702	256	18	no	other	none	n/a	n/a	map pack artwork: background strip atlas or a 98x79 watercolour minimap, no lettering seen
_DATA_M_FILES.BIN_M_G02113.BIN__0041a0	1	\_DATA\M_FILES.BIN\M_G02113.BIN	8	698	256	18	no	other	none	n/a	n/a	map pack artwork: background strip atlas or a 98x79 watercolour minimap, no lettering seen
_DATA_M_FILES.BIN_M_H06000.BIN__003704	3	\_DATA\M_FILES.BIN\M_H06000.BIN;\_DATA\M_FILES.BIN\M_H06001.BIN;\_DATA\M_FILES.BIN\M_H06002.BIN	8	698	256	7	no	other	none	n/a	n/a	map pack artwork: background strip atlas or a 98x79 watercolour minimap, no lettering seen
_DATA_M_FILES.BIN_M_H06100.BIN__0034f8	2	\_DATA\M_FILES.BIN\M_H06100.BIN;\_DATA\M_FILES.BIN\M_H06102.BIN	8	698	256	6	no	other	none	n/a	n/a	map pack artwork: background strip atlas or a 98x79 watercolour minimap, no lettering seen
_DATA_M_FILES.BIN_M_H24200.BIN__0058f4	1	\_DATA\M_FILES.BIN\M_H24200.BIN	8	708	252	5	no	other	none	n/a	n/a	map pack artwork: background strip atlas or a 98x79 watercolour minimap, no lettering seen
_DATA_M_FILES.BIN_M_A10000.BIN__0033ac	3	\_DATA\M_FILES.BIN\M_A10000.BIN;\_DATA\M_FILES.BIN\M_A10001.BIN;\_DATA\M_FILES.BIN\M_A10002.BIN	8	696	256	3	no	other	none	n/a	n/a	map pack artwork: background strip atlas or a 98x79 watercolour minimap, no lettering seen
_DATA_M_FILES.BIN_M_G02115.BIN__003b58	1	\_DATA\M_FILES.BIN\M_G02115.BIN	8	694	256	18	no	other	none	n/a	n/a	map pack artwork: background strip atlas or a 98x79 watercolour minimap, no lettering seen
_DATA_M_FILES.BIN_M_G02114.BIN__003e6c	1	\_DATA\M_FILES.BIN\M_G02114.BIN	8	692	256	18	no	other	none	n/a	n/a	map pack artwork: background strip atlas or a 98x79 watercolour minimap, no lettering seen
_DATA_M_FILES.BIN_M_G02116.BIN__003504	1	\_DATA\M_FILES.BIN\M_G02116.BIN	8	690	256	18	no	other	none	n/a	n/a	map pack artwork: background strip atlas or a 98x79 watercolour minimap, no lettering seen
_DATA_M_FILES.BIN_M_C05000.BIN__002ff0	1	\_DATA\M_FILES.BIN\M_C05000.BIN	8	712	248	7	no	other	none	n/a	n/a	map pack artwork: background strip atlas or a 98x79 watercolour minimap, no lettering seen
_DATA_M_FILES.BIN_M_C05100.BIN__002ff0	1	\_DATA\M_FILES.BIN\M_C05100.BIN	8	712	248	7	no	other	none	n/a	n/a	map pack artwork: background strip atlas or a 98x79 watercolour minimap, no lettering seen
_DATA_M_FILES.BIN_M_G02111.BIN__0043f4	1	\_DATA\M_FILES.BIN\M_G02111.BIN	8	686	256	18	no	other	none	n/a	n/a	map pack artwork: background strip atlas or a 98x79 watercolour minimap, no lettering seen
_DATA_M_FILES.BIN_M_A10100.BIN__0033d4	3	\_DATA\M_FILES.BIN\M_A10100.BIN;\_DATA\M_FILES.BIN\M_A10101.BIN;\_DATA\M_FILES.BIN\M_A10102.BIN	8	680	256	4	no	other	none	n/a	n/a	map pack artwork: background strip atlas or a 98x79 watercolour minimap, no lettering seen
_DATA_M_FILES.BIN_M_H20000.BIN__0035fc	1	\_DATA\M_FILES.BIN\M_H20000.BIN	8	684	254	4	no	other	none	n/a	n/a	map pack artwork: background strip atlas or a 98x79 watercolour minimap, no lettering seen
_DATA_M_FILES.BIN_M_G02001.BIN__004570	1	\_DATA\M_FILES.BIN\M_G02001.BIN	8	678	256	20	no	other	none	n/a	n/a	map pack artwork: background strip atlas or a 98x79 watercolour minimap, no lettering seen
_DATA_M_FILES.BIN_M_H26000.BIN__00295c	4	\_DATA\M_FILES.BIN\M_H26000.BIN;\_DATA\M_FILES.BIN\M_H26001.BIN;\_DATA\M_FILES.BIN\M_H26002.BIN;\_DATA\M_FILES.BIN\M_H26003.BIN	8	720	240	6	no	other	none	n/a	n/a	map pack artwork: background strip atlas or a 98x79 watercolour minimap, no lettering seen
_DATA_M_FILES.BIN_M_H26008.BIN__00295c	4	\_DATA\M_FILES.BIN\M_H26008.BIN;\_DATA\M_FILES.BIN\M_H26009.BIN;\_DATA\M_FILES.BIN\M_H26010.BIN;\_DATA\M_FILES.BIN\M_H26011.BIN	8	720	240	6	no	other	none	n/a	n/a	map pack artwork: background strip atlas or a 98x79 watercolour minimap, no lettering seen
_DATA_M_FILES.BIN_M_H26100.BIN__002950	2	\_DATA\M_FILES.BIN\M_H26100.BIN;\_DATA\M_FILES.BIN\M_H26101.BIN	8	720	240	3	yes	signage or label	a line	calligraphy	hard (over artwork)	pottery workshop: a calligraphy banner over the bench ('failure is the root of success')
_DATA_M_FILES.BIN_M_H26104.BIN__002940	2	\_DATA\M_FILES.BIN\M_H26104.BIN;\_DATA\M_FILES.BIN\M_H26105.BIN	8	720	240	3	yes	signage or label	a line	calligraphy	hard (over artwork)	pottery workshop: a calligraphy banner over the bench ('failure is the root of success')
_DATA_M_FILES.BIN_M_H26108.BIN__002950	1	\_DATA\M_FILES.BIN\M_H26108.BIN	8	720	240	3	yes	signage or label	a line	calligraphy	hard (over artwork)	pottery workshop: a calligraphy banner over the bench ('failure is the root of success')
_DATA_M_FILES.BIN_M_G02005.BIN__0040f4	1	\_DATA\M_FILES.BIN\M_G02005.BIN	8	674	256	21	no	other	none	n/a	n/a	map pack artwork: background strip atlas or a 98x79 watercolour minimap, no lettering seen
_DATA_M_FILES.BIN_M_G14200.BIN__002f40	4	\_DATA\M_FILES.BIN\M_G14200.BIN;\_DATA\M_FILES.BIN\M_G14201.BIN;\_DATA\M_FILES.BIN\M_G14202.BIN;\_DATA\M_FILES.BIN\M_G14204.BIN	8	674	256	5	no	other	none	n/a	n/a	map pack artwork: background strip atlas or a 98x79 watercolour minimap, no lettering seen
_DATA_M_FILES.BIN_M_G02004.BIN__004628	1	\_DATA\M_FILES.BIN\M_G02004.BIN	8	670	256	20	no	other	none	n/a	n/a	map pack artwork: background strip atlas or a 98x79 watercolour minimap, no lettering seen
_DATA_M_FILES.BIN_M_G13200.BIN__002d9c	2	\_DATA\M_FILES.BIN\M_G13200.BIN;\_DATA\M_FILES.BIN\M_G13202.BIN	8	668	256	10	no	other	none	n/a	n/a	map pack artwork: background strip atlas or a 98x79 watercolour minimap, no lettering seen
_DATA_M_FILES.BIN_M_G02002.BIN__002ed8	1	\_DATA\M_FILES.BIN\M_G02002.BIN	8	660	256	20	no	other	none	n/a	n/a	map pack artwork: background strip atlas or a 98x79 watercolour minimap, no lettering seen
_DATA_M_FILES.BIN_M_H04100.BIN__0043c4	2	\_DATA\M_FILES.BIN\M_H04100.BIN;\_DATA\M_FILES.BIN\M_H04101.BIN	8	660	256	3	no	other	none	n/a	n/a	map pack artwork: background strip atlas or a 98x79 watercolour minimap, no lettering seen
_DATA_M_FILES.BIN_M_G02003.BIN__004638	1	\_DATA\M_FILES.BIN\M_G02003.BIN	8	658	256	20	no	other	none	n/a	n/a	map pack artwork: background strip atlas or a 98x79 watercolour minimap, no lettering seen
_DATA_M_FILES.BIN_M_B13000.BIN__003048	2	\_DATA\M_FILES.BIN\M_B13000.BIN;\_DATA\M_FILES.BIN\M_B13001.BIN	8	656	256	4	no	other	none	n/a	n/a	map pack artwork: background strip atlas or a 98x79 watercolour minimap, no lettering seen
_DATA_M_FILES.BIN_M_B13100.BIN__003048	2	\_DATA\M_FILES.BIN\M_B13100.BIN;\_DATA\M_FILES.BIN\M_B13101.BIN	8	656	256	4	no	other	none	n/a	n/a	map pack artwork: background strip atlas or a 98x79 watercolour minimap, no lettering seen
_DATA_M_FILES.BIN_M_G02110.BIN__003b58	1	\_DATA\M_FILES.BIN\M_G02110.BIN	8	656	256	18	no	other	none	n/a	n/a	map pack artwork: background strip atlas or a 98x79 watercolour minimap, no lettering seen
_DATA_M_FILES.BIN_M_B07000.BIN__003f74	1	\_DATA\M_FILES.BIN\M_B07000.BIN	8	650	256	2	no	other	none	n/a	n/a	map pack artwork: background strip atlas or a 98x79 watercolour minimap, no lettering seen
_DATA_M_FILES.BIN_M_G02108.BIN__003b58	1	\_DATA\M_FILES.BIN\M_G02108.BIN	8	650	256	18	no	other	none	n/a	n/a	map pack artwork: background strip atlas or a 98x79 watercolour minimap, no lettering seen
_DATA_M_FILES.BIN_M_C11000.BIN__0039dc	1	\_DATA\M_FILES.BIN\M_C11000.BIN	8	662	250	10	no	other	none	n/a	n/a	map pack artwork: background strip atlas or a 98x79 watercolour minimap, no lettering seen
_DATA_M_FILES.BIN_M_C11100.BIN__0039dc	1	\_DATA\M_FILES.BIN\M_C11100.BIN	8	662	250	10	no	other	none	n/a	n/a	map pack artwork: background strip atlas or a 98x79 watercolour minimap, no lettering seen
_DATA_M_FILES.BIN_M_H26109.BIN__002940	1	\_DATA\M_FILES.BIN\M_H26109.BIN	8	646	256	2	yes	signage or label	a line	calligraphy	hard (over artwork)	pottery workshop: a calligraphy banner over the bench ('failure is the root of success')
_DATA_M_FILES.BIN_M_B07100.BIN__003f74	1	\_DATA\M_FILES.BIN\M_B07100.BIN	8	642	256	2	no	other	none	n/a	n/a	map pack artwork: background strip atlas or a 98x79 watercolour minimap, no lettering seen
_DATA_M_FILES.BIN_M_D07000.BIN__0052a0	1	\_DATA\M_FILES.BIN\M_D07000.BIN	8	640	256	3	no	other	none	n/a	n/a	map pack artwork: background strip atlas or a 98x79 watercolour minimap, no lettering seen
_DATA_M_FILES.BIN_M_G13100.BIN__002cac	1	\_DATA\M_FILES.BIN\M_G13100.BIN	8	640	256	9	no	other	none	n/a	n/a	map pack artwork: background strip atlas or a 98x79 watercolour minimap, no lettering seen
_DATA_M_FILES.BIN_M_G14003.BIN__002e34	1	\_DATA\M_FILES.BIN\M_G14003.BIN	8	640	256	5	maybe	signage or label	a word	print	hard (over artwork)	study room: a poster and a chart pinned over the desk, lettering too small to read
_DATA_M_FILES.BIN_M_G14100.BIN__002db4	2	\_DATA\M_FILES.BIN\M_G14100.BIN;\_DATA\M_FILES.BIN\M_G14102.BIN	8	636	256	5	no	other	none	n/a	n/a	map pack artwork: background strip atlas or a 98x79 watercolour minimap, no lettering seen
_DATA_M_FILES.BIN_M_D10000.BIN__0041bc	1	\_DATA\M_FILES.BIN\M_D10000.BIN	8	634	256	11	no	other	none	n/a	n/a	map pack artwork: background strip atlas or a 98x79 watercolour minimap, no lettering seen
_DATA_M_FILES.BIN_M_D10100.BIN__0041bc	1	\_DATA\M_FILES.BIN\M_D10100.BIN	8	634	256	11	no	other	none	n/a	n/a	map pack artwork: background strip atlas or a 98x79 watercolour minimap, no lettering seen
_DATA_M_FILES.BIN_M_H09000.BIN__003fe0	1	\_DATA\M_FILES.BIN\M_H09000.BIN	8	634	256	4	no	other	none	n/a	n/a	map pack artwork: background strip atlas or a 98x79 watercolour minimap, no lettering seen
_DATA_M_FILES.BIN_M_H09100.BIN__003fe0	1	\_DATA\M_FILES.BIN\M_H09100.BIN	8	634	256	4	no	other	none	n/a	n/a	map pack artwork: background strip atlas or a 98x79 watercolour minimap, no lettering seen
_DATA_M_FILES.BIN_M_A12000.BIN__00378c	1	\_DATA\M_FILES.BIN\M_A12000.BIN	8	632	256	3	no	other	none	n/a	n/a	map pack artwork: background strip atlas or a 98x79 watercolour minimap, no lettering seen
_DATA_M_FILES.BIN_M_A12100.BIN__00378c	1	\_DATA\M_FILES.BIN\M_A12100.BIN	8	632	256	3	no	other	none	n/a	n/a	map pack artwork: background strip atlas or a 98x79 watercolour minimap, no lettering seen
_DATA_M_FILES.BIN_M_G14000.BIN__002d38	2	\_DATA\M_FILES.BIN\M_G14000.BIN;\_DATA\M_FILES.BIN\M_G14002.BIN	8	632	256	5	maybe	signage or label	a word	print	hard (over artwork)	study room: a poster and a chart pinned over the desk, lettering too small to read
_DATA_M_FILES.BIN_M_G11200.BIN__00269c	2	\_DATA\M_FILES.BIN\M_G11200.BIN;\_DATA\M_FILES.BIN\M_G11201.BIN	8	664	242	4	no	other	none	n/a	n/a	map pack artwork: background strip atlas or a 98x79 watercolour minimap, no lettering seen
_DATA_M_FILES.BIN_M_G02000.BIN__0036f4	4	\_DATA\M_FILES.BIN\M_G02000.BIN;\_DATA\M_FILES.BIN\M_G02018.BIN;\_DATA\M_FILES.BIN\M_G02019.BIN;\_DATA\M_FILES.BIN\M_G02021.BIN	8	626	256	20	no	other	none	n/a	n/a	map pack artwork: background strip atlas or a 98x79 watercolour minimap, no lettering seen
_DATA_M_FILES.BIN_M_G17200.BIN__0033d0	2	\_DATA\M_FILES.BIN\M_G17200.BIN;\_DATA\M_FILES.BIN\M_G17202.BIN	8	626	256	11	no	other	none	n/a	n/a	map pack artwork: background strip atlas or a 98x79 watercolour minimap, no lettering seen
_DATA_M_FILES.BIN_M_G17201.BIN__003ec0	1	\_DATA\M_FILES.BIN\M_G17201.BIN	8	626	256	11	no	other	none	n/a	n/a	map pack artwork: background strip atlas or a 98x79 watercolour minimap, no lettering seen
_DATA_M_FILES.BIN_M_H15100.BIN__003a34	3	\_DATA\M_FILES.BIN\M_H15100.BIN;\_DATA\M_FILES.BIN\M_H15101.BIN;\_DATA\M_FILES.BIN\M_H15104.BIN	8	626	256	4	no	other	none	n/a	n/a	map pack artwork: background strip atlas or a 98x79 watercolour minimap, no lettering seen
_DATA_M_FILES.BIN_M_A15000.BIN__0035d0	1	\_DATA\M_FILES.BIN\M_A15000.BIN	8	624	256	3	no	other	none	n/a	n/a	map pack artwork: background strip atlas or a 98x79 watercolour minimap, no lettering seen
_DATA_M_FILES.BIN_M_E03000.BIN__0034c8	1	\_DATA\M_FILES.BIN\M_E03000.BIN	8	624	256	3	no	other	none	n/a	n/a	map pack artwork: background strip atlas or a 98x79 watercolour minimap, no lettering seen
_DATA_M_FILES.BIN_M_H23000.BIN__0057a8	1	\_DATA\M_FILES.BIN\M_H23000.BIN	8	624	256	4	no	other	none	n/a	n/a	map pack artwork: background strip atlas or a 98x79 watercolour minimap, no lettering seen
_DATA_M_FILES.BIN_M_H23100.BIN__0057a8	1	\_DATA\M_FILES.BIN\M_H23100.BIN	8	624	256	4	no	other	none	n/a	n/a	map pack artwork: background strip atlas or a 98x79 watercolour minimap, no lettering seen
_DATA_M_FILES.BIN_M_A18000.BIN__002fa0	3	\_DATA\M_FILES.BIN\M_A18000.BIN;\_DATA\M_FILES.BIN\M_A18001.BIN;\_DATA\M_FILES.BIN\M_A18002.BIN	8	616	256	3	no	other	none	n/a	n/a	map pack artwork: background strip atlas or a 98x79 watercolour minimap, no lettering seen
_DATA_M_FILES.BIN_M_A18100.BIN__002fc8	3	\_DATA\M_FILES.BIN\M_A18100.BIN;\_DATA\M_FILES.BIN\M_A18101.BIN;\_DATA\M_FILES.BIN\M_A18102.BIN	8	616	256	3	no	other	none	n/a	n/a	map pack artwork: background strip atlas or a 98x79 watercolour minimap, no lettering seen
_DATA_M_FILES.BIN_M_E03100.BIN__0034c8	1	\_DATA\M_FILES.BIN\M_E03100.BIN	8	616	256	2	no	other	none	n/a	n/a	map pack artwork: background strip atlas or a 98x79 watercolour minimap, no lettering seen
_DATA_M_FILES.BIN_M_H06200.BIN__003890	1	\_DATA\M_FILES.BIN\M_H06200.BIN	8	616	256	9	maybe	signage or label	a word	shop sign	hard (over artwork)	a shop front with a signboard; CLUT 0 does not resolve the lettering
_DATA_M_FILES.BIN_M_H06202.BIN__003af0	1	\_DATA\M_FILES.BIN\M_H06202.BIN	8	616	256	9	maybe	signage or label	a word	shop sign	hard (over artwork)	a shop front with a signboard; CLUT 0 does not resolve the lettering
_DATA_M_FILES.BIN_M_D02000.BIN__002d40	1	\_DATA\M_FILES.BIN\M_D02000.BIN	8	614	256	8	no	other	none	n/a	n/a	map pack artwork: background strip atlas or a 98x79 watercolour minimap, no lettering seen
_DATA_M_FILES.BIN_M_D02100.BIN__002d40	1	\_DATA\M_FILES.BIN\M_D02100.BIN	8	614	256	8	no	other	none	n/a	n/a	map pack artwork: background strip atlas or a 98x79 watercolour minimap, no lettering seen
_DATA_M_FILES.BIN_M_G02200.BIN__003678	3	\_DATA\M_FILES.BIN\M_G02200.BIN;\_DATA\M_FILES.BIN\M_G02217.BIN;\_DATA\M_FILES.BIN\M_G02220.BIN	8	614	256	19	no	other	none	n/a	n/a	map pack artwork: background strip atlas or a 98x79 watercolour minimap, no lettering seen
_DATA_M_FILES.BIN_M_A14000.BIN__00388c	1	\_DATA\M_FILES.BIN\M_A14000.BIN	8	610	256	3	no	other	none	n/a	n/a	map pack artwork: background strip atlas or a 98x79 watercolour minimap, no lettering seen
_DATA_M_FILES.BIN_M_A14100.BIN__00388c	1	\_DATA\M_FILES.BIN\M_A14100.BIN	8	610	256	3	no	other	none	n/a	n/a	map pack artwork: background strip atlas or a 98x79 watercolour minimap, no lettering seen
_DATA_M_FILES.BIN_M_A07000.BIN__004420	2	\_DATA\M_FILES.BIN\M_A07000.BIN;\_DATA\M_FILES.BIN\M_A07001.BIN	8	608	256	3	no	other	none	n/a	n/a	map pack artwork: background strip atlas or a 98x79 watercolour minimap, no lettering seen
_DATA_M_FILES.BIN_M_A07100.BIN__004420	2	\_DATA\M_FILES.BIN\M_A07100.BIN;\_DATA\M_FILES.BIN\M_A07101.BIN	8	608	256	3	no	other	none	n/a	n/a	map pack artwork: background strip atlas or a 98x79 watercolour minimap, no lettering seen
_DATA_M_FILES.BIN_M_D01000.BIN__003330	3	\_DATA\M_FILES.BIN\M_D01000.BIN;\_DATA\M_FILES.BIN\M_D01001.BIN;\_DATA\M_FILES.BIN\M_D01002.BIN	8	608	256	11	no	other	none	n/a	n/a	map pack artwork: background strip atlas or a 98x79 watercolour minimap, no lettering seen
_DATA_M_FILES.BIN_M_D01100.BIN__003330	3	\_DATA\M_FILES.BIN\M_D01100.BIN;\_DATA\M_FILES.BIN\M_D01101.BIN;\_DATA\M_FILES.BIN\M_D01102.BIN	8	608	256	11	no	other	none	n/a	n/a	map pack artwork: background strip atlas or a 98x79 watercolour minimap, no lettering seen
_DATA_M_FILES.BIN_M_H05000.BIN__003ae8	4	\_DATA\M_FILES.BIN\M_H05000.BIN;\_DATA\M_FILES.BIN\M_H05001.BIN;\_DATA\M_FILES.BIN\M_H05002.BIN;\_DATA\M_FILES.BIN\M_H05003.BIN	8	604	256	5	no	other	none	n/a	n/a	map pack artwork: background strip atlas or a 98x79 watercolour minimap, no lettering seen
_DATA_M_FILES.BIN_M_C14000.BIN__002fe4	1	\_DATA\M_FILES.BIN\M_C14000.BIN	8	612	252	9	no	other	none	n/a	n/a	map pack artwork: background strip atlas or a 98x79 watercolour minimap, no lettering seen
_DATA_M_FILES.BIN_M_C14100.BIN__002fe4	1	\_DATA\M_FILES.BIN\M_C14100.BIN	8	612	252	9	no	other	none	n/a	n/a	map pack artwork: background strip atlas or a 98x79 watercolour minimap, no lettering seen
_DATA_M_FILES.BIN_M_A05000.BIN__003930	1	\_DATA\M_FILES.BIN\M_A05000.BIN	8	600	256	3	no	other	none	n/a	n/a	map pack artwork: background strip atlas or a 98x79 watercolour minimap, no lettering seen
_DATA_M_FILES.BIN_M_A05100.BIN__003930	1	\_DATA\M_FILES.BIN\M_A05100.BIN	8	600	256	2	no	other	none	n/a	n/a	map pack artwork: background strip atlas or a 98x79 watercolour minimap, no lettering seen
_DATA_M_FILES.BIN_M_B16000.BIN__003028	1	\_DATA\M_FILES.BIN\M_B16000.BIN	8	600	256	2	no	other	none	n/a	n/a	map pack artwork: background strip atlas or a 98x79 watercolour minimap, no lettering seen
_DATA_M_FILES.BIN_M_B16100.BIN__003050	1	\_DATA\M_FILES.BIN\M_B16100.BIN	8	600	256	2	no	other	none	n/a	n/a	map pack artwork: background strip atlas or a 98x79 watercolour minimap, no lettering seen
_DATA_M_FILES.BIN_M_I25000.BIN__0003e4	1	\_DATA\M_FILES.BIN\M_I25000.BIN	8	640	240	2	maybe	signage or label	a word	print	hard (over artwork)	an attic of stacked books, papers and posters; lettering suggested, not resolved
_DATA_M_FILES.BIN_M_J00004.BIN__0000f4	2	\_DATA\M_FILES.BIN\M_J00004.BIN;\_DATA\OTI03.BIN	8	616	248	4	no	other	none	n/a	n/a	map pack artwork: background strip atlas or a 98x79 watercolour minimap, no lettering seen
_DATA_M_FILES.BIN_M_D07100.BIN__0051ac	1	\_DATA\M_FILES.BIN\M_D07100.BIN	8	596	256	3	no	other	none	n/a	n/a	map pack artwork: background strip atlas or a 98x79 watercolour minimap, no lettering seen
_DATA_M_FILES.BIN_M_G10200.BIN__00287c	3	\_DATA\M_FILES.BIN\M_G10200.BIN;\_DATA\M_FILES.BIN\M_G10201.BIN;\_DATA\M_FILES.BIN\M_G10202.BIN	8	596	256	8	no	other	none	n/a	n/a	map pack artwork: background strip atlas or a 98x79 watercolour minimap, no lettering seen
_DATA_M_FILES.BIN_M_H16200.BIN__0036d4	2	\_DATA\M_FILES.BIN\M_H16200.BIN;\_DATA\M_FILES.BIN\M_H16201.BIN	8	594	256	3	no	other	none	n/a	n/a	map pack artwork: background strip atlas or a 98x79 watercolour minimap, no lettering seen
_DATA_M_FILES.BIN_M_A15100.BIN__0035d0	1	\_DATA\M_FILES.BIN\M_A15100.BIN	8	592	256	3	no	other	none	n/a	n/a	map pack artwork: background strip atlas or a 98x79 watercolour minimap, no lettering seen
_DATA_M_FILES.BIN_M_B12000.BIN__003814	1	\_DATA\M_FILES.BIN\M_B12000.BIN	8	592	256	2	no	other	none	n/a	n/a	map pack artwork: background strip atlas or a 98x79 watercolour minimap, no lettering seen
_DATA_M_FILES.BIN_M_B12100.BIN__003814	1	\_DATA\M_FILES.BIN\M_B12100.BIN	8	592	256	2	no	other	none	n/a	n/a	map pack artwork: background strip atlas or a 98x79 watercolour minimap, no lettering seen
_DATA_M_FILES.BIN_M_C16000.BIN__00242c	1	\_DATA\M_FILES.BIN\M_C16000.BIN	8	592	256	7	no	other	none	n/a	n/a	map pack artwork: background strip atlas or a 98x79 watercolour minimap, no lettering seen
_DATA_M_FILES.BIN_M_C16100.BIN__002454	1	\_DATA\M_FILES.BIN\M_C16100.BIN	8	592	256	9	no	other	none	n/a	n/a	map pack artwork: background strip atlas or a 98x79 watercolour minimap, no lettering seen
_DATA_M_FILES.BIN_M_H15200.BIN__003190	2	\_DATA\M_FILES.BIN\M_H15200.BIN;\_DATA\M_FILES.BIN\M_H15201.BIN	8	592	256	3	no	other	none	n/a	n/a	map pack artwork: background strip atlas or a 98x79 watercolour minimap, no lettering seen
_DATA_M_FILES.BIN_M_H16100.BIN__003410	2	\_DATA\M_FILES.BIN\M_H16100.BIN;\_DATA\M_FILES.BIN\M_H16101.BIN	8	594	254	3	no	other	none	n/a	n/a	map pack artwork: background strip atlas or a 98x79 watercolour minimap, no lettering seen
_DATA_M_FILES.BIN_M_H13000.BIN__003cd4	4	\_DATA\M_FILES.BIN\M_H13000.BIN;\_DATA\M_FILES.BIN\M_H13001.BIN;\_DATA\M_FILES.BIN\M_H13002.BIN;\_DATA\M_FILES.BIN\M_H13003.BIN	8	588	256	10	no	other	none	n/a	n/a	map pack artwork: background strip atlas or a 98x79 watercolour minimap, no lettering seen
_DATA_M_FILES.BIN_M_H13100.BIN__003d8c	2	\_DATA\M_FILES.BIN\M_H13100.BIN;\_DATA\M_FILES.BIN\M_H13102.BIN	8	588	256	10	no	other	none	n/a	n/a	map pack artwork: background strip atlas or a 98x79 watercolour minimap, no lettering seen
_DATA_M_FILES.BIN_M_H17000.BIN__004208	1	\_DATA\M_FILES.BIN\M_H17000.BIN	8	588	256	4	no	other	none	n/a	n/a	map pack artwork: background strip atlas or a 98x79 watercolour minimap, no lettering seen
_DATA_M_FILES.BIN_M_H17100.BIN__003f4c	1	\_DATA\M_FILES.BIN\M_H17100.BIN	8	588	256	4	no	other	none	n/a	n/a	map pack artwork: background strip atlas or a 98x79 watercolour minimap, no lettering seen
_DATA_M_FILES.BIN_M_E01000.BIN__003398	1	\_DATA\M_FILES.BIN\M_E01000.BIN	8	586	256	3	no	other	none	n/a	n/a	map pack artwork: background strip atlas or a 98x79 watercolour minimap, no lettering seen
_DATA_M_FILES.BIN_M_E01100.BIN__003398	1	\_DATA\M_FILES.BIN\M_E01100.BIN	8	586	256	3	no	other	none	n/a	n/a	map pack artwork: background strip atlas or a 98x79 watercolour minimap, no lettering seen
_DATA_M_FILES.BIN_M_H14000.BIN__0036d8	4	\_DATA\M_FILES.BIN\M_H14000.BIN;\_DATA\M_FILES.BIN\M_H14002.BIN;\_DATA\M_FILES.BIN\M_H14003.BIN;\_DATA\M_FILES.BIN\M_H14004.BIN	8	586	256	4	no	other	none	n/a	n/a	map pack artwork: background strip atlas or a 98x79 watercolour minimap, no lettering seen
_DATA_M_FILES.BIN_M_H14100.BIN__003760	3	\_DATA\M_FILES.BIN\M_H14100.BIN;\_DATA\M_FILES.BIN\M_H14101.BIN;\_DATA\M_FILES.BIN\M_H14104.BIN	8	586	256	4	no	other	none	n/a	n/a	map pack artwork: background strip atlas or a 98x79 watercolour minimap, no lettering seen
_DATA_M_FILES.BIN_M_I17100.BIN__0000e0	1	\_DATA\M_FILES.BIN\M_I17100.BIN	8	762	196	2	no	other	none	n/a	n/a	map pack artwork: background strip atlas or a 98x79 watercolour minimap, no lettering seen
_DATA_M_FILES.BIN_M_G03200.BIN__002e90	2	\_DATA\M_FILES.BIN\M_G03200.BIN;\_DATA\M_FILES.BIN\M_G03202.BIN	8	580	256	13	no	other	none	n/a	n/a	map pack artwork: background strip atlas or a 98x79 watercolour minimap, no lettering seen
_DATA_M_FILES.BIN_M_A11000.BIN__0031b0	1	\_DATA\M_FILES.BIN\M_A11000.BIN	8	578	256	3	no	other	none	n/a	n/a	map pack artwork: background strip atlas or a 98x79 watercolour minimap, no lettering seen
_DATA_M_FILES.BIN_M_A11100.BIN__0031b0	1	\_DATA\M_FILES.BIN\M_A11100.BIN	8	578	256	3	no	other	none	n/a	n/a	map pack artwork: background strip atlas or a 98x79 watercolour minimap, no lettering seen
_DATA_M_FILES.BIN_M_C01000.BIN__0032b4	1	\_DATA\M_FILES.BIN\M_C01000.BIN	8	576	256	8	no	other	none	n/a	n/a	map pack artwork: background strip atlas or a 98x79 watercolour minimap, no lettering seen
_DATA_M_FILES.BIN_M_C01100.BIN__0032b4	1	\_DATA\M_FILES.BIN\M_C01100.BIN	8	576	256	8	no	other	none	n/a	n/a	map pack artwork: background strip atlas or a 98x79 watercolour minimap, no lettering seen
_DATA_M_FILES.BIN_M_H04000.BIN__0043e8	1	\_DATA\M_FILES.BIN\M_H04000.BIN	8	580	254	3	no	other	none	n/a	n/a	map pack artwork: background strip atlas or a 98x79 watercolour minimap, no lettering seen
_DATA_M_FILES.BIN_M_H11100.BIN__004114	1	\_DATA\M_FILES.BIN\M_H11100.BIN	8	592	248	3	no	other	none	n/a	n/a	map pack artwork: background strip atlas or a 98x79 watercolour minimap, no lettering seen
_DATA_M_FILES.BIN_M_A03000.BIN__003fb0	1	\_DATA\M_FILES.BIN\M_A03000.BIN	8	586	250	5	no	other	none	n/a	n/a	map pack artwork: background strip atlas or a 98x79 watercolour minimap, no lettering seen
_DATA_M_FILES.BIN_M_A03100.BIN__003fb0	1	\_DATA\M_FILES.BIN\M_A03100.BIN	8	586	250	2	no	other	none	n/a	n/a	map pack artwork: background strip atlas or a 98x79 watercolour minimap, no lettering seen
_DATA_M_FILES.BIN_M_A16000.BIN__003528	2	\_DATA\M_FILES.BIN\M_A16000.BIN;\_DATA\M_FILES.BIN\M_A16004.BIN	8	572	256	6	no	other	none	n/a	n/a	map pack artwork: background strip atlas or a 98x79 watercolour minimap, no lettering seen
_DATA_M_FILES.BIN_M_A16100.BIN__003528	2	\_DATA\M_FILES.BIN\M_A16100.BIN;\_DATA\M_FILES.BIN\M_A16104.BIN	8	572	256	6	no	other	none	n/a	n/a	map pack artwork: background strip atlas or a 98x79 watercolour minimap, no lettering seen
_DATA_M_FILES.BIN_M_B14000.BIN__003598	1	\_DATA\M_FILES.BIN\M_B14000.BIN	8	572	256	2	no	other	none	n/a	n/a	map pack artwork: background strip atlas or a 98x79 watercolour minimap, no lettering seen
_DATA_M_FILES.BIN_M_H11000.BIN__0042d4	1	\_DATA\M_FILES.BIN\M_H11000.BIN	8	590	248	3	no	other	none	n/a	n/a	map pack artwork: background strip atlas or a 98x79 watercolour minimap, no lettering seen
_DATA_M_FILES.BIN_M_H09200.BIN__0033d0	1	\_DATA\M_FILES.BIN\M_H09200.BIN	8	576	254	2	no	other	none	n/a	n/a	map pack artwork: background strip atlas or a 98x79 watercolour minimap, no lettering seen
_DATA_M_FILES.BIN_M_H13200.BIN__00391c	3	\_DATA\M_FILES.BIN\M_H13200.BIN;\_DATA\M_FILES.BIN\M_H13202.BIN;\_DATA\M_FILES.BIN\M_H13204.BIN	8	570	256	10	no	other	none	n/a	n/a	map pack artwork: background strip atlas or a 98x79 watercolour minimap, no lettering seen
_DATA_M_FILES.BIN_M_I06000.BIN__000af4	1	\_DATA\M_FILES.BIN\M_I06000.BIN	8	588	248	6	yes	signage or label	a word	package lettering	medium	shaved ice on a table with a strawberry-syrup bottle; the label is two kana
_DATA_M_FILES.BIN_M_I06001.BIN__000af4	1	\_DATA\M_FILES.BIN\M_I06001.BIN	8	588	248	6	yes	signage or label	a word	package lettering	medium	shaved ice on a table with a strawberry-syrup bottle; the label is two kana
_DATA_M_FILES.BIN_M_I06002.BIN__000af4	1	\_DATA\M_FILES.BIN\M_I06002.BIN	8	588	248	6	yes	signage or label	a word	package lettering	medium	shaved ice on a table with a strawberry-syrup bottle; the label is two kana
_DATA_M_FILES.BIN_M_I06003.BIN__000af4	1	\_DATA\M_FILES.BIN\M_I06003.BIN	8	588	248	6	yes	signage or label	a word	package lettering	medium	shaved ice on a table with a strawberry-syrup bottle; the label is two kana
_DATA_M_FILES.BIN_M_I06004.BIN__000af4	1	\_DATA\M_FILES.BIN\M_I06004.BIN	8	588	248	6	yes	signage or label	a word	package lettering	medium	shaved ice on a table with a strawberry-syrup bottle; the label is two kana
_DATA_M_FILES.BIN_M_A08000.BIN__0032cc	2	\_DATA\M_FILES.BIN\M_A08000.BIN;\_DATA\M_FILES.BIN\M_A08001.BIN	8	568	256	3	no	other	none	n/a	n/a	map pack artwork: background strip atlas or a 98x79 watercolour minimap, no lettering seen
_DATA_M_FILES.BIN_M_A08100.BIN__0032cc	2	\_DATA\M_FILES.BIN\M_A08100.BIN;\_DATA\M_FILES.BIN\M_A08101.BIN	8	568	256	3	no	other	none	n/a	n/a	map pack artwork: background strip atlas or a 98x79 watercolour minimap, no lettering seen
_DATA_M_FILES.BIN_M_G01000.BIN__00391c	3	\_DATA\M_FILES.BIN\M_G01000.BIN;\_DATA\M_FILES.BIN\M_G01003.BIN;\_DATA\M_FILES.BIN\M_G01004.BIN	8	568	256	14	no	other	none	n/a	n/a	map pack artwork: background strip atlas or a 98x79 watercolour minimap, no lettering seen
_DATA_M_FILES.BIN_M_G03000.BIN__0048c0	4	\_DATA\M_FILES.BIN\M_G03000.BIN;\_DATA\M_FILES.BIN\M_G03001.BIN;\_DATA\M_FILES.BIN\M_G03003.BIN;\_DATA\M_FILES.BIN\M_G03004.BIN	8	572	254	10	no	other	none	n/a	n/a	map pack artwork: background strip atlas or a 98x79 watercolour minimap, no lettering seen
_DATA_M_FILES.BIN_M_G03100.BIN__004028	2	\_DATA\M_FILES.BIN\M_G03100.BIN;\_DATA\M_FILES.BIN\M_G03102.BIN	8	572	254	9	no	other	none	n/a	n/a	map pack artwork: background strip atlas or a 98x79 watercolour minimap, no lettering seen
_DATA_M_FILES.BIN_M_G03103.BIN__0048d4	1	\_DATA\M_FILES.BIN\M_G03103.BIN	8	572	254	10	no	other	none	n/a	n/a	map pack artwork: background strip atlas or a 98x79 watercolour minimap, no lettering seen
_DATA_M_FILES.BIN_M_G01200.BIN__003a18	3	\_DATA\M_FILES.BIN\M_G01200.BIN;\_DATA\M_FILES.BIN\M_G01201.BIN;\_DATA\M_FILES.BIN\M_G01202.BIN	8	566	256	10	no	other	none	n/a	n/a	map pack artwork: background strip atlas or a 98x79 watercolour minimap, no lettering seen
_DATA_M_FILES.BIN_M_G14205.BIN__003068	1	\_DATA\M_FILES.BIN\M_G14205.BIN	8	566	256	5	no	other	none	n/a	n/a	map pack artwork: background strip atlas or a 98x79 watercolour minimap, no lettering seen
_DATA_M_FILES.BIN_M_H05200.BIN__003a30	1	\_DATA\M_FILES.BIN\M_H05200.BIN	8	562	256	5	no	other	none	n/a	n/a	map pack artwork: background strip atlas or a 98x79 watercolour minimap, no lettering seen
_DATA_M_FILES.BIN_M_D05000.BIN__0026dc	1	\_DATA\M_FILES.BIN\M_D05000.BIN	8	574	250	6	no	other	none	n/a	n/a	map pack artwork: background strip atlas or a 98x79 watercolour minimap, no lettering seen
_DATA_M_FILES.BIN_M_D05100.BIN__0026dc	1	\_DATA\M_FILES.BIN\M_D05100.BIN	8	574	250	6	no	other	none	n/a	n/a	map pack artwork: background strip atlas or a 98x79 watercolour minimap, no lettering seen
_DATA_M_FILES.BIN_M_B14100.BIN__00355c	1	\_DATA\M_FILES.BIN\M_B14100.BIN	8	560	256	2	no	other	none	n/a	n/a	map pack artwork: background strip atlas or a 98x79 watercolour minimap, no lettering seen
_DATA_M_FILES.BIN_M_H05100.BIN__003a58	1	\_DATA\M_FILES.BIN\M_H05100.BIN	8	560	256	4	no	other	none	n/a	n/a	map pack artwork: background strip atlas or a 98x79 watercolour minimap, no lettering seen
_DATA_M_FILES.BIN_M_G09200.BIN__00263c	1	\_DATA\M_FILES.BIN\M_G09200.BIN	8	556	256	4	no	other	none	n/a	n/a	map pack artwork: background strip atlas or a 98x79 watercolour minimap, no lettering seen
_DATA_M_FILES.BIN_M_D12000.BIN__002f24	1	\_DATA\M_FILES.BIN\M_D12000.BIN	8	554	256	11	no	other	none	n/a	n/a	map pack artwork: background strip atlas or a 98x79 watercolour minimap, no lettering seen
_DATA_M_FILES.BIN_M_D12100.BIN__002f24	1	\_DATA\M_FILES.BIN\M_D12100.BIN	8	554	256	11	no	other	none	n/a	n/a	map pack artwork: background strip atlas or a 98x79 watercolour minimap, no lettering seen
_DATA_M_FILES.BIN_M_H02000.BIN__0037d8	3	\_DATA\M_FILES.BIN\M_H02000.BIN;\_DATA\M_FILES.BIN\M_H02001.BIN;\_DATA\M_FILES.BIN\M_H02002.BIN	8	562	252	7	no	other	none	n/a	n/a	map pack artwork: background strip atlas or a 98x79 watercolour minimap, no lettering seen
_DATA_M_FILES.BIN_M_H02100.BIN__003738	2	\_DATA\M_FILES.BIN\M_H02100.BIN;\_DATA\M_FILES.BIN\M_H02102.BIN	8	562	252	4	no	other	none	n/a	n/a	map pack artwork: background strip atlas or a 98x79 watercolour minimap, no lettering seen
_DATA_M_FILES.BIN_M_A02100.BIN__002b3c	1	\_DATA\M_FILES.BIN\M_A02100.BIN	8	548	256	4	no	other	none	n/a	n/a	map pack artwork: background strip atlas or a 98x79 watercolour minimap, no lettering seen
_DATA_M_FILES.BIN_M_A02000.BIN__002ad0	1	\_DATA\M_FILES.BIN\M_A02000.BIN	8	584	240	3	no	other	none	n/a	n/a	map pack artwork: background strip atlas or a 98x79 watercolour minimap, no lettering seen
_DATA_M_FILES.BIN_M_A17000.BIN__0033b8	1	\_DATA\M_FILES.BIN\M_A17000.BIN	8	544	256	3	no	other	none	n/a	n/a	map pack artwork: background strip atlas or a 98x79 watercolour minimap, no lettering seen
_DATA_M_FILES.BIN_M_A17100.BIN__0033b8	1	\_DATA\M_FILES.BIN\M_A17100.BIN	8	544	256	3	no	other	none	n/a	n/a	map pack artwork: background strip atlas or a 98x79 watercolour minimap, no lettering seen
_DATA_M_FILES.BIN_M_C10000.BIN__00310c	1	\_DATA\M_FILES.BIN\M_C10000.BIN	8	544	256	6	no	other	none	n/a	n/a	map pack artwork: background strip atlas or a 98x79 watercolour minimap, no lettering seen
_DATA_M_FILES.BIN_M_C10100.BIN__00310c	1	\_DATA\M_FILES.BIN\M_C10100.BIN	8	544	256	6	no	other	none	n/a	n/a	map pack artwork: background strip atlas or a 98x79 watercolour minimap, no lettering seen
_DATA_M_FILES.BIN_M_D15100.BIN__0030d8	1	\_DATA\M_FILES.BIN\M_D15100.BIN	8	558	248	6	no	other	none	n/a	n/a	map pack artwork: background strip atlas or a 98x79 watercolour minimap, no lettering seen
_DATA_M_FILES.BIN_M_B02000.BIN__003570	1	\_DATA\M_FILES.BIN\M_B02000.BIN	8	536	256	2	no	other	none	n/a	n/a	map pack artwork: background strip atlas or a 98x79 watercolour minimap, no lettering seen
_DATA_M_FILES.BIN_M_G16200.BIN__00270c	2	\_DATA\M_FILES.BIN\M_G16200.BIN;\_DATA\M_FILES.BIN\M_G16201.BIN	8	536	256	8	no	other	none	n/a	n/a	map pack artwork: background strip atlas or a 98x79 watercolour minimap, no lettering seen
_DATA_M_FILES.BIN_M_H01000.BIN__003c48	2	\_DATA\M_FILES.BIN\M_H01000.BIN;\_DATA\M_FILES.BIN\M_H01001.BIN	8	540	254	5	no	other	none	n/a	n/a	map pack artwork: background strip atlas or a 98x79 watercolour minimap, no lettering seen
_DATA_M_FILES.BIN_M_H01100.BIN__00366c	2	\_DATA\M_FILES.BIN\M_H01100.BIN;\_DATA\M_FILES.BIN\M_H01101.BIN	8	540	254	5	no	other	none	n/a	n/a	map pack artwork: background strip atlas or a 98x79 watercolour minimap, no lettering seen
_DATA_M_FILES.BIN_M_H12000.BIN__0036f0	1	\_DATA\M_FILES.BIN\M_H12000.BIN	8	544	252	3	no	other	none	n/a	n/a	map pack artwork: background strip atlas or a 98x79 watercolour minimap, no lettering seen
_DATA_M_FILES.BIN_M_H12100.BIN__0036f0	1	\_DATA\M_FILES.BIN\M_H12100.BIN	8	544	252	3	no	other	none	n/a	n/a	map pack artwork: background strip atlas or a 98x79 watercolour minimap, no lettering seen
_DATA_M_FILES.BIN_M_H02200.BIN__003768	2	\_DATA\M_FILES.BIN\M_H02200.BIN;\_DATA\M_FILES.BIN\M_H02202.BIN	8	546	250	4	no	other	none	n/a	n/a	map pack artwork: background strip atlas or a 98x79 watercolour minimap, no lettering seen
_DATA_M_FILES.BIN_M_A01000.BIN__003c88	1	\_DATA\M_FILES.BIN\M_A01000.BIN	8	532	256	5	no	other	none	n/a	n/a	map pack artwork: background strip atlas or a 98x79 watercolour minimap, no lettering seen
_DATA_M_FILES.BIN_M_A01100.BIN__003c88	1	\_DATA\M_FILES.BIN\M_A01100.BIN	8	532	256	3	no	other	none	n/a	n/a	map pack artwork: background strip atlas or a 98x79 watercolour minimap, no lettering seen
_DATA_M_FILES.BIN_M_G06200.BIN__003bd0	2	\_DATA\M_FILES.BIN\M_G06200.BIN;\_DATA\M_FILES.BIN\M_G06205.BIN	8	532	254	9	no	other	none	n/a	n/a	map pack artwork: background strip atlas or a 98x79 watercolour minimap, no lettering seen
_DATA_M_FILES.BIN_M_H14200.BIN__003660	2	\_DATA\M_FILES.BIN\M_H14200.BIN;\_DATA\M_FILES.BIN\M_H14201.BIN	8	560	240	3	no	other	none	n/a	n/a	map pack artwork: background strip atlas or a 98x79 watercolour minimap, no lettering seen
_DATA_M_FILES.BIN_M_C02000.BIN__003f90	1	\_DATA\M_FILES.BIN\M_C02000.BIN	8	524	256	9	no	other	none	n/a	n/a	map pack artwork: background strip atlas or a 98x79 watercolour minimap, no lettering seen
_DATA_M_FILES.BIN_M_E08000.BIN__003614	1	\_DATA\M_FILES.BIN\M_E08000.BIN	8	524	256	3	no	other	none	n/a	n/a	map pack artwork: background strip atlas or a 98x79 watercolour minimap, no lettering seen
_DATA_M_FILES.BIN_M_E08100.BIN__003614	1	\_DATA\M_FILES.BIN\M_E08100.BIN	8	522	256	3	no	other	none	n/a	n/a	map pack artwork: background strip atlas or a 98x79 watercolour minimap, no lettering seen
_DATA_M_FILES.BIN_M_B08000.BIN__003508	1	\_DATA\M_FILES.BIN\M_B08000.BIN	8	520	256	2	no	other	none	n/a	n/a	map pack artwork: background strip atlas or a 98x79 watercolour minimap, no lettering seen
_DATA_M_FILES.BIN_M_B08100.BIN__003508	1	\_DATA\M_FILES.BIN\M_B08100.BIN	8	520	256	2	no	other	none	n/a	n/a	map pack artwork: background strip atlas or a 98x79 watercolour minimap, no lettering seen
_DATA_M_FILES.BIN_M_H27100.BIN__003434	1	\_DATA\M_FILES.BIN\M_H27100.BIN	8	520	256	5	no	other	none	n/a	n/a	map pack artwork: background strip atlas or a 98x79 watercolour minimap, no lettering seen
_DATA_M_FILES.BIN_M_H27000.BIN__003434	1	\_DATA\M_FILES.BIN\M_H27000.BIN	8	520	254	5	no	other	none	n/a	n/a	map pack artwork: background strip atlas or a 98x79 watercolour minimap, no lettering seen
_DATA_M_FILES.BIN_M_I04000.BIN__00056c	1	\_DATA\M_FILES.BIN\M_I04000.BIN	8	512	256	2	no	other	none	n/a	n/a	map pack artwork: background strip atlas or a 98x79 watercolour minimap, no lettering seen
_DATA_M_FILES.BIN_M_I35000.BIN__000518	1	\_DATA\M_FILES.BIN\M_I35000.BIN	8	512	256	2	no	other	none	n/a	n/a	map pack artwork: background strip atlas or a 98x79 watercolour minimap, no lettering seen
_DATA_M_FILES.BIN_M_G01100.BIN__003074	3	\_DATA\M_FILES.BIN\M_G01100.BIN;\_DATA\M_FILES.BIN\M_G01102.BIN;\_DATA\M_FILES.BIN\M_G01103.BIN	8	510	256	15	no	other	none	n/a	n/a	map pack artwork: background strip atlas or a 98x79 watercolour minimap, no lettering seen
_DATA_M_FILES.BIN_M_B06000.BIN__002ec0	1	\_DATA\M_FILES.BIN\M_B06000.BIN	8	508	256	3	no	other	none	n/a	n/a	map pack artwork: background strip atlas or a 98x79 watercolour minimap, no lettering seen
_DATA_M_FILES.BIN_M_B06100.BIN__002ec0	1	\_DATA\M_FILES.BIN\M_B06100.BIN	8	508	256	3	no	other	none	n/a	n/a	map pack artwork: background strip atlas or a 98x79 watercolour minimap, no lettering seen
_DATA_M_FILES.BIN_M_G06000.BIN__003d94	6	\_DATA\M_FILES.BIN\M_G06000.BIN;\_DATA\M_FILES.BIN\M_G06001.BIN;\_DATA\M_FILES.BIN\M_G06002.BIN;\_DATA\M_FILES.BIN\M_G06003.BIN;\_DATA\M_FILES.BIN\M_G06004.BIN;\_DATA\M_FILES.BIN\M_G06005.BIN	8	520	250	8	no	other	none	n/a	n/a	map pack artwork: background strip atlas or a 98x79 watercolour minimap, no lettering seen
_DATA_M_FILES.BIN_M_G06100.BIN__002fa0	2	\_DATA\M_FILES.BIN\M_G06100.BIN;\_DATA\M_FILES.BIN\M_G06105.BIN	8	520	250	9	no	other	none	n/a	n/a	map pack artwork: background strip atlas or a 98x79 watercolour minimap, no lettering seen
_DATA_T_MEMORY.BIN__00d634	1	\_DATA\T_MEMORY.BIN	8	640	202	6	yes	title/menu/UI art	a line	stylised plate	medium	'summer memories' album: heading plate plus thumbnails of the diary and collections
_DATA_M_FILES.BIN_M_B05000.BIN__002e9c	1	\_DATA\M_FILES.BIN\M_B05000.BIN	8	504	256	2	no	other	none	n/a	n/a	map pack artwork: background strip atlas or a 98x79 watercolour minimap, no lettering seen
_DATA_M_FILES.BIN_M_B05100.BIN__002e9c	1	\_DATA\M_FILES.BIN\M_B05100.BIN	8	504	256	2	no	other	none	n/a	n/a	map pack artwork: background strip atlas or a 98x79 watercolour minimap, no lettering seen
_DATA_M_FILES.BIN_M_H11200.BIN__003fd0	1	\_DATA\M_FILES.BIN\M_H11200.BIN	8	504	256	2	no	other	none	n/a	n/a	map pack artwork: background strip atlas or a 98x79 watercolour minimap, no lettering seen
_DATA_M_FILES.BIN_M_H27200.BIN__00326c	1	\_DATA\M_FILES.BIN\M_H27200.BIN	8	514	250	4	no	other	none	n/a	n/a	map pack artwork: background strip atlas or a 98x79 watercolour minimap, no lettering seen
_DATA_MDLTIM.RTM__00a32c	1	\_DATA\MDLTIM.RTM	4	500	256	16	no	other	none	n/a	n/a	shared model texture atlas: faces, insects, clothing
_DATA_M_FILES.BIN_M_H08000.BIN__00516c	3	\_DATA\M_FILES.BIN\M_H08000.BIN;\_DATA\M_FILES.BIN\M_H08001.BIN;\_DATA\M_FILES.BIN\M_H08002.BIN	8	498	256	7	no	other	none	n/a	n/a	map pack artwork: background strip atlas or a 98x79 watercolour minimap, no lettering seen
_DATA_M_FILES.BIN_M_D11100.BIN__002ddc	1	\_DATA\M_FILES.BIN\M_D11100.BIN	8	514	248	10	no	other	none	n/a	n/a	map pack artwork: background strip atlas or a 98x79 watercolour minimap, no lettering seen
_DATA_M_FILES.BIN_M_E02000.BIN__003e4c	1	\_DATA\M_FILES.BIN\M_E02000.BIN	8	496	256	2	no	other	none	n/a	n/a	map pack artwork: background strip atlas or a 98x79 watercolour minimap, no lettering seen
_DATA_M_FILES.BIN_M_E02100.BIN__003e24	1	\_DATA\M_FILES.BIN\M_E02100.BIN	8	496	256	2	no	other	none	n/a	n/a	map pack artwork: background strip atlas or a 98x79 watercolour minimap, no lettering seen
_DATA_M_FILES.BIN_M_D06000.BIN__002aec	2	\_DATA\M_FILES.BIN\M_D06000.BIN;\_DATA\M_FILES.BIN\M_D06001.BIN	8	494	256	8	no	other	none	n/a	n/a	map pack artwork: background strip atlas or a 98x79 watercolour minimap, no lettering seen
_DATA_M_FILES.BIN_M_D06100.BIN__002aec	2	\_DATA\M_FILES.BIN\M_D06100.BIN;\_DATA\M_FILES.BIN\M_D06101.BIN	8	494	256	8	no	other	none	n/a	n/a	map pack artwork: background strip atlas or a 98x79 watercolour minimap, no lettering seen
_DATA_M_FILES.BIN_M_D11000.BIN__002dc8	2	\_DATA\M_FILES.BIN\M_D11000.BIN;\_DATA\M_FILES.BIN\M_D11001.BIN	8	514	246	9	no	other	none	n/a	n/a	map pack artwork: background strip atlas or a 98x79 watercolour minimap, no lettering seen
_DATA_M_FILES.BIN_M_E04000.BIN__0032b0	1	\_DATA\M_FILES.BIN\M_E04000.BIN	8	504	248	2	no	other	none	n/a	n/a	map pack artwork: background strip atlas or a 98x79 watercolour minimap, no lettering seen
_DATA_M_FILES.BIN_M_E04100.BIN__0032b0	1	\_DATA\M_FILES.BIN\M_E04100.BIN	8	504	248	2	no	other	none	n/a	n/a	map pack artwork: background strip atlas or a 98x79 watercolour minimap, no lettering seen
_DATA_M_FILES.BIN_M_C17000.BIN__0026e8	1	\_DATA\M_FILES.BIN\M_C17000.BIN	8	488	256	9	no	other	none	n/a	n/a	map pack artwork: background strip atlas or a 98x79 watercolour minimap, no lettering seen
_DATA_M_FILES.BIN_M_C17100.BIN__0026e8	1	\_DATA\M_FILES.BIN\M_C17100.BIN	8	488	256	9	no	other	none	n/a	n/a	map pack artwork: background strip atlas or a 98x79 watercolour minimap, no lettering seen
_DATA_M_FILES.BIN_M_D09000.BIN__003410	2	\_DATA\M_FILES.BIN\M_D09000.BIN;\_DATA\M_FILES.BIN\M_D09001.BIN	8	520	240	7	no	other	none	n/a	n/a	map pack artwork: background strip atlas or a 98x79 watercolour minimap, no lettering seen
_DATA_M_FILES.BIN_M_G17000.BIN__004d70	2	\_DATA\M_FILES.BIN\M_G17000.BIN;\_DATA\M_FILES.BIN\M_G17002.BIN	8	494	252	6	no	other	none	n/a	n/a	map pack artwork: background strip atlas or a 98x79 watercolour minimap, no lettering seen
_DATA_M_FILES.BIN_M_G17100.BIN__0047e8	2	\_DATA\M_FILES.BIN\M_G17100.BIN;\_DATA\M_FILES.BIN\M_G17102.BIN	8	494	252	6	no	other	none	n/a	n/a	map pack artwork: background strip atlas or a 98x79 watercolour minimap, no lettering seen
_DATA_M_FILES.BIN_M_C04000.BIN__004380	1	\_DATA\M_FILES.BIN\M_C04000.BIN	8	488	254	8	no	other	none	n/a	n/a	map pack artwork: background strip atlas or a 98x79 watercolour minimap, no lettering seen
_DATA_M_FILES.BIN_M_C04100.BIN__004380	1	\_DATA\M_FILES.BIN\M_C04100.BIN	8	488	254	8	no	other	none	n/a	n/a	map pack artwork: background strip atlas or a 98x79 watercolour minimap, no lettering seen
_DATA_M_FILES.BIN_M_H19100.BIN__00291c	1	\_DATA\M_FILES.BIN\M_H19100.BIN	8	484	256	6	no	other	none	n/a	n/a	map pack artwork: background strip atlas or a 98x79 watercolour minimap, no lettering seen
_DATA_M_FILES.BIN_M_H19104.BIN__00291c	1	\_DATA\M_FILES.BIN\M_H19104.BIN	8	484	256	5	no	other	none	n/a	n/a	map pack artwork: background strip atlas or a 98x79 watercolour minimap, no lettering seen
_DATA_M_FILES.BIN_M_C15000.BIN__00305c	1	\_DATA\M_FILES.BIN\M_C15000.BIN	8	490	252	8	no	other	none	n/a	n/a	map pack artwork: background strip atlas or a 98x79 watercolour minimap, no lettering seen
_DATA_M_FILES.BIN_M_C15100.BIN__00305c	1	\_DATA\M_FILES.BIN\M_C15100.BIN	8	490	252	8	yes	signage or label	several lines	print on a board	hard (over artwork)	beach notice board about tides and the swimming season
_DATA_M_FILES.BIN_M_B17000.BIN__002770	1	\_DATA\M_FILES.BIN\M_B17000.BIN	8	482	256	2	no	other	none	n/a	n/a	map pack artwork: background strip atlas or a 98x79 watercolour minimap, no lettering seen
_DATA_M_FILES.BIN_M_B17100.BIN__002770	1	\_DATA\M_FILES.BIN\M_B17100.BIN	8	482	256	2	no	other	none	n/a	n/a	map pack artwork: background strip atlas or a 98x79 watercolour minimap, no lettering seen
_DATA_M_FILES.BIN_M_G15200.BIN__00564c	4	\_DATA\M_FILES.BIN\M_G15200.BIN;\_DATA\M_FILES.BIN\M_G15201.BIN;\_DATA\M_FILES.BIN\M_G15202.BIN;\_DATA\M_FILES.BIN\M_G15203.BIN	8	482	256	9	no	other	none	n/a	n/a	map pack artwork: background strip atlas or a 98x79 watercolour minimap, no lettering seen
_DATA_M_FILES.BIN_M_H19000.BIN__002908	2	\_DATA\M_FILES.BIN\M_H19000.BIN;\_DATA\M_FILES.BIN\M_H19001.BIN	8	482	256	7	no	other	none	n/a	n/a	map pack artwork: background strip atlas or a 98x79 watercolour minimap, no lettering seen
_DATA_M_FILES.BIN_M_H19004.BIN__002908	2	\_DATA\M_FILES.BIN\M_H19004.BIN;\_DATA\M_FILES.BIN\M_H19005.BIN	8	482	256	7	no	other	none	n/a	n/a	map pack artwork: background strip atlas or a 98x79 watercolour minimap, no lettering seen
_DATA_M_FILES.BIN_M_A04000.BIN__0034cc	2	\_DATA\M_FILES.BIN\M_A04000.BIN;\_DATA\M_FILES.BIN\M_A04001.BIN	8	480	256	4	no	other	none	n/a	n/a	map pack artwork: background strip atlas or a 98x79 watercolour minimap, no lettering seen
_DATA_M_FILES.BIN_M_A04100.BIN__0034cc	2	\_DATA\M_FILES.BIN\M_A04100.BIN;\_DATA\M_FILES.BIN\M_A04101.BIN	8	480	256	6	no	other	none	n/a	n/a	map pack artwork: background strip atlas or a 98x79 watercolour minimap, no lettering seen
_DATA_M_FILES.BIN_M_C12000.BIN__00304c	1	\_DATA\M_FILES.BIN\M_C12000.BIN	8	480	256	6	no	other	none	n/a	n/a	map pack artwork: background strip atlas or a 98x79 watercolour minimap, no lettering seen
_DATA_M_FILES.BIN_M_C12100.BIN__00304c	1	\_DATA\M_FILES.BIN\M_C12100.BIN	8	480	256	6	no	other	none	n/a	n/a	map pack artwork: background strip atlas or a 98x79 watercolour minimap, no lettering seen
_DATA_M_FILES.BIN_M_D09100.BIN__003410	2	\_DATA\M_FILES.BIN\M_D09100.BIN;\_DATA\M_FILES.BIN\M_D09101.BIN	8	480	256	7	no	other	none	n/a	n/a	map pack artwork: background strip atlas or a 98x79 watercolour minimap, no lettering seen
_DATA_M_FILES.BIN_M_D14000.BIN__003610	1	\_DATA\M_FILES.BIN\M_D14000.BIN	8	480	256	8	no	other	none	n/a	n/a	map pack artwork: background strip atlas or a 98x79 watercolour minimap, no lettering seen
_DATA_M_FILES.BIN_M_D14100.BIN__003610	1	\_DATA\M_FILES.BIN\M_D14100.BIN	8	480	256	8	no	other	none	n/a	n/a	map pack artwork: background strip atlas or a 98x79 watercolour minimap, no lettering seen
_DATA_M_FILES.BIN_M_C09000.BIN__003324	1	\_DATA\M_FILES.BIN\M_C09000.BIN	8	480	254	9	no	other	none	n/a	n/a	map pack artwork: background strip atlas or a 98x79 watercolour minimap, no lettering seen
_DATA_M_FILES.BIN_M_C09100.BIN__003324	1	\_DATA\M_FILES.BIN\M_C09100.BIN	8	480	254	9	no	other	none	n/a	n/a	map pack artwork: background strip atlas or a 98x79 watercolour minimap, no lettering seen
_DATA_M_FILES.BIN_M_C13000.BIN__002ff4	1	\_DATA\M_FILES.BIN\M_C13000.BIN	8	476	256	7	no	other	none	n/a	n/a	map pack artwork: background strip atlas or a 98x79 watercolour minimap, no lettering seen
_DATA_M_FILES.BIN_M_C13100.BIN__002ff4	1	\_DATA\M_FILES.BIN\M_C13100.BIN	8	476	256	7	no	other	none	n/a	n/a	map pack artwork: background strip atlas or a 98x79 watercolour minimap, no lettering seen
_DATA_M_FILES.BIN_M_H08200.BIN__003b04	2	\_DATA\M_FILES.BIN\M_H08200.BIN;\_DATA\M_FILES.BIN\M_H08202.BIN	8	476	256	7	no	other	none	n/a	n/a	map pack artwork: background strip atlas or a 98x79 watercolour minimap, no lettering seen
_DATA_M_FILES.BIN_M_C02100.BIN__003fa8	1	\_DATA\M_FILES.BIN\M_C02100.BIN	8	474	256	8	no	other	none	n/a	n/a	map pack artwork: background strip atlas or a 98x79 watercolour minimap, no lettering seen
_DATA_M_FILES.BIN_M_G12200.BIN__0029b8	2	\_DATA\M_FILES.BIN\M_G12200.BIN;\_DATA\M_FILES.BIN\M_G12201.BIN	8	474	256	6	no	other	none	n/a	n/a	map pack artwork: background strip atlas or a 98x79 watercolour minimap, no lettering seen
_DATA_M_FILES.BIN_M_G15000.BIN__005628	4	\_DATA\M_FILES.BIN\M_G15000.BIN;\_DATA\M_FILES.BIN\M_G15001.BIN;\_DATA\M_FILES.BIN\M_G15002.BIN;\_DATA\M_FILES.BIN\M_G15003.BIN	8	476	254	8	no	other	none	n/a	n/a	map pack artwork: background strip atlas or a 98x79 watercolour minimap, no lettering seen
_DATA_M_FILES.BIN_M_G15100.BIN__0053b4	4	\_DATA\M_FILES.BIN\M_G15100.BIN;\_DATA\M_FILES.BIN\M_G15101.BIN;\_DATA\M_FILES.BIN\M_G15102.BIN;\_DATA\M_FILES.BIN\M_G15103.BIN	8	476	254	9	no	other	none	n/a	n/a	map pack artwork: background strip atlas or a 98x79 watercolour minimap, no lettering seen
_DATA_M_FILES.BIN_M_H07200.BIN__002b84	1	\_DATA\M_FILES.BIN\M_H07200.BIN	8	476	254	1	no	other	none	n/a	n/a	map pack artwork: background strip atlas or a 98x79 watercolour minimap, no lettering seen
_DATA_M_FILES.BIN_M_C18100.BIN__003638	2	\_DATA\M_FILES.BIN\M_C18100.BIN;\_DATA\M_FILES.BIN\M_C18101.BIN	8	472	256	10	no	other	none	n/a	n/a	map pack artwork: background strip atlas or a 98x79 watercolour minimap, no lettering seen
_DATA_M_FILES.BIN_M_H08100.BIN__003e00	3	\_DATA\M_FILES.BIN\M_H08100.BIN;\_DATA\M_FILES.BIN\M_H08102.BIN;\_DATA\M_FILES.BIN\M_H08103.BIN	8	472	256	7	no	other	none	n/a	n/a	map pack artwork: background strip atlas or a 98x79 watercolour minimap, no lettering seen
_DATA_M_FILES.BIN_M_I26000.BIN__000564	1	\_DATA\M_FILES.BIN\M_I26000.BIN	8	472	256	3	no	other	none	n/a	n/a	map pack artwork: background strip atlas or a 98x79 watercolour minimap, no lettering seen
_DATA_M_FILES.BIN_M_I26100.BIN__000564	1	\_DATA\M_FILES.BIN\M_I26100.BIN	8	472	256	3	no	other	none	n/a	n/a	map pack artwork: background strip atlas or a 98x79 watercolour minimap, no lettering seen
_DATA_M_FILES.BIN_M_I27000.BIN__000564	1	\_DATA\M_FILES.BIN\M_I27000.BIN	8	472	256	3	no	other	none	n/a	n/a	map pack artwork: background strip atlas or a 98x79 watercolour minimap, no lettering seen
_DATA_M_FILES.BIN_M_I27100.BIN__000564	1	\_DATA\M_FILES.BIN\M_I27100.BIN	8	472	256	3	no	other	none	n/a	n/a	map pack artwork: background strip atlas or a 98x79 watercolour minimap, no lettering seen
_DATA_M_FILES.BIN_M_I28000.BIN__0004bc	1	\_DATA\M_FILES.BIN\M_I28000.BIN	8	472	256	3	no	other	none	n/a	n/a	map pack artwork: background strip atlas or a 98x79 watercolour minimap, no lettering seen
_DATA_M_FILES.BIN_M_I28100.BIN__0004bc	1	\_DATA\M_FILES.BIN\M_I28100.BIN	8	472	256	3	no	other	none	n/a	n/a	map pack artwork: background strip atlas or a 98x79 watercolour minimap, no lettering seen
_DATA_M_FILES.BIN_M_I29000.BIN__0005ac	1	\_DATA\M_FILES.BIN\M_I29000.BIN	8	472	256	3	no	other	none	n/a	n/a	map pack artwork: background strip atlas or a 98x79 watercolour minimap, no lettering seen
_DATA_M_FILES.BIN_M_I29100.BIN__0005ac	1	\_DATA\M_FILES.BIN\M_I29100.BIN	8	472	256	3	no	other	none	n/a	n/a	map pack artwork: background strip atlas or a 98x79 watercolour minimap, no lettering seen
_DATA_M_FILES.BIN_M_C18000.BIN__003584	1	\_DATA\M_FILES.BIN\M_C18000.BIN	8	470	256	8	no	other	none	n/a	n/a	map pack artwork: background strip atlas or a 98x79 watercolour minimap, no lettering seen
_DATA_M_FILES.BIN_M_H19102.BIN__00291c	1	\_DATA\M_FILES.BIN\M_H19102.BIN	8	470	256	9	no	other	none	n/a	n/a	map pack artwork: background strip atlas or a 98x79 watercolour minimap, no lettering seen
_DATA_M_FILES.BIN_M_H07000.BIN__002e5c	1	\_DATA\M_FILES.BIN\M_H07000.BIN	8	472	254	1	no	other	none	n/a	n/a	map pack artwork: background strip atlas or a 98x79 watercolour minimap, no lettering seen
_DATA_M_FILES.BIN_M_H07100.BIN__002b84	1	\_DATA\M_FILES.BIN\M_H07100.BIN	8	472	254	1	no	other	none	n/a	n/a	map pack artwork: background strip atlas or a 98x79 watercolour minimap, no lettering seen
_DATA_M_FILES.BIN_M_D16100.BIN__003f64	1	\_DATA\M_FILES.BIN\M_D16100.BIN	8	468	256	10	no	other	none	n/a	n/a	map pack artwork: background strip atlas or a 98x79 watercolour minimap, no lettering seen
_DATA_M_FILES.BIN_M_G16000.BIN__0026dc	2	\_DATA\M_FILES.BIN\M_G16000.BIN;\_DATA\M_FILES.BIN\M_G16001.BIN	8	468	256	7	no	other	none	n/a	n/a	map pack artwork: background strip atlas or a 98x79 watercolour minimap, no lettering seen
_DATA_M_FILES.BIN_M_G16100.BIN__00275c	2	\_DATA\M_FILES.BIN\M_G16100.BIN;\_DATA\M_FILES.BIN\M_G16101.BIN	8	468	256	7	no	other	none	n/a	n/a	map pack artwork: background strip atlas or a 98x79 watercolour minimap, no lettering seen
_DATA_M_FILES.BIN_M_H19002.BIN__0028f4	2	\_DATA\M_FILES.BIN\M_H19002.BIN;\_DATA\M_FILES.BIN\M_H19003.BIN	8	468	256	9	no	other	none	n/a	n/a	map pack artwork: background strip atlas or a 98x79 watercolour minimap, no lettering seen
_DATA_M_FILES.BIN_M_G18200.BIN__002648	1	\_DATA\M_FILES.BIN\M_G18200.BIN	8	498	240	7	no	other	none	n/a	n/a	map pack artwork: background strip atlas or a 98x79 watercolour minimap, no lettering seen
_DATA_M_FILES.BIN_M_B02100.BIN__003688	1	\_DATA\M_FILES.BIN\M_B02100.BIN	8	466	256	2	no	other	none	n/a	n/a	map pack artwork: background strip atlas or a 98x79 watercolour minimap, no lettering seen
_DATA_M_FILES.BIN_M_D03000.BIN__002ca4	1	\_DATA\M_FILES.BIN\M_D03000.BIN	8	466	256	8	no	other	none	n/a	n/a	map pack artwork: background strip atlas or a 98x79 watercolour minimap, no lettering seen
_DATA_M_FILES.BIN_M_D03100.BIN__002ca4	1	\_DATA\M_FILES.BIN\M_D03100.BIN	8	466	256	8	no	other	none	n/a	n/a	map pack artwork: background strip atlas or a 98x79 watercolour minimap, no lettering seen
_DATA_M_FILES.BIN_M_G05200.BIN__002774	1	\_DATA\M_FILES.BIN\M_G05200.BIN	8	488	244	4	no	other	none	n/a	n/a	map pack artwork: background strip atlas or a 98x79 watercolour minimap, no lettering seen
_DATA_M_FILES.BIN_M_I32000.BIN__000180	1	\_DATA\M_FILES.BIN\M_I32000.BIN	8	480	248	2	no	other	none	n/a	n/a	map pack artwork: background strip atlas or a 98x79 watercolour minimap, no lettering seen
_DATA_M_FILES.BIN_M_E07000.BIN__003800	1	\_DATA\M_FILES.BIN\M_E07000.BIN	8	464	256	2	no	other	none	n/a	n/a	map pack artwork: background strip atlas or a 98x79 watercolour minimap, no lettering seen
_DATA_M_FILES.BIN_M_E07100.BIN__003800	1	\_DATA\M_FILES.BIN\M_E07100.BIN	8	464	256	2	no	other	none	n/a	n/a	map pack artwork: background strip atlas or a 98x79 watercolour minimap, no lettering seen
_DATA_M_FILES.BIN_M_H01200.BIN__003640	1	\_DATA\M_FILES.BIN\M_H01200.BIN	8	492	241	5	no	other	none	n/a	n/a	map pack artwork: background strip atlas or a 98x79 watercolour minimap, no lettering seen
_DATA_M_FILES.BIN_M_H01201.BIN__003634	1	\_DATA\M_FILES.BIN\M_H01201.BIN	8	492	241	4	no	other	none	n/a	n/a	map pack artwork: background strip atlas or a 98x79 watercolour minimap, no lettering seen
_DATA_M_FILES.BIN_M_C07000.BIN__003e14	1	\_DATA\M_FILES.BIN\M_C07000.BIN	8	462	256	9	no	other	none	n/a	n/a	map pack artwork: background strip atlas or a 98x79 watercolour minimap, no lettering seen
_DATA_M_FILES.BIN_M_C07100.BIN__003e14	1	\_DATA\M_FILES.BIN\M_C07100.BIN	8	462	256	9	no	other	none	n/a	n/a	map pack artwork: background strip atlas or a 98x79 watercolour minimap, no lettering seen
_DATA_M_FILES.BIN_M_G18000.BIN__0026c0	1	\_DATA\M_FILES.BIN\M_G18000.BIN	8	468	252	7	no	other	none	n/a	n/a	map pack artwork: background strip atlas or a 98x79 watercolour minimap, no lettering seen
_DATA_M_FILES.BIN_M_G18100.BIN__0026c0	1	\_DATA\M_FILES.BIN\M_G18100.BIN	8	468	252	7	no	other	none	n/a	n/a	map pack artwork: background strip atlas or a 98x79 watercolour minimap, no lettering seen
_DATA_M_FILES.BIN_M_G12000.BIN__002a30	2	\_DATA\M_FILES.BIN\M_G12000.BIN;\_DATA\M_FILES.BIN\M_G12001.BIN	8	460	256	8	no	other	none	n/a	n/a	map pack artwork: background strip atlas or a 98x79 watercolour minimap, no lettering seen
_DATA_M_FILES.BIN_M_G12100.BIN__002a30	2	\_DATA\M_FILES.BIN\M_G12100.BIN;\_DATA\M_FILES.BIN\M_G12101.BIN	8	460	256	8	no	other	none	n/a	n/a	map pack artwork: background strip atlas or a 98x79 watercolour minimap, no lettering seen
_DATA_M_FILES.BIN_M_I31000.BIN__000f48	1	\_DATA\M_FILES.BIN\M_I31000.BIN	8	488	240	2	maybe	signage or label	a word	print	hard (over artwork)	a house front with a post box and a door plate
_DATA_M_FILES.BIN_M_E06000.BIN__003c2c	1	\_DATA\M_FILES.BIN\M_E06000.BIN	8	456	256	2	no	other	none	n/a	n/a	map pack artwork: background strip atlas or a 98x79 watercolour minimap, no lettering seen
_DATA_M_FILES.BIN_M_E06100.BIN__003c2c	1	\_DATA\M_FILES.BIN\M_E06100.BIN	8	456	256	2	no	other	none	n/a	n/a	map pack artwork: background strip atlas or a 98x79 watercolour minimap, no lettering seen
_DATA_M_FILES.BIN_M_G09000.BIN__002850	1	\_DATA\M_FILES.BIN\M_G09000.BIN	8	456	256	6	no	other	none	n/a	n/a	map pack artwork: background strip atlas or a 98x79 watercolour minimap, no lettering seen
_DATA_M_FILES.BIN_M_G09100.BIN__0025a0	1	\_DATA\M_FILES.BIN\M_G09100.BIN	8	456	256	7	no	other	none	n/a	n/a	map pack artwork: background strip atlas or a 98x79 watercolour minimap, no lettering seen
_DATA_M_FILES.BIN_M_H03000.BIN__003e88	2	\_DATA\M_FILES.BIN\M_H03000.BIN;\_DATA\M_FILES.BIN\M_H03001.BIN	8	462	252	7	no	other	none	n/a	n/a	map pack artwork: background strip atlas or a 98x79 watercolour minimap, no lettering seen
_DATA_M_FILES.BIN_M_H03100.BIN__003920	2	\_DATA\M_FILES.BIN\M_H03100.BIN;\_DATA\M_FILES.BIN\M_H03101.BIN	8	462	252	7	no	other	none	n/a	n/a	map pack artwork: background strip atlas or a 98x79 watercolour minimap, no lettering seen
_DATA_M_FILES.BIN_M_J00005.BIN__0000f4	2	\_DATA\M_FILES.BIN\M_J00005.BIN;\_DATA\OTI04.BIN	8	500	232	3	no	other	none	n/a	n/a	map pack artwork: background strip atlas or a 98x79 watercolour minimap, no lettering seen
_DATA_M_FILES.BIN_M_B15000.BIN__003520	1	\_DATA\M_FILES.BIN\M_B15000.BIN	8	450	256	3	no	other	none	n/a	n/a	map pack artwork: background strip atlas or a 98x79 watercolour minimap, no lettering seen
_DATA_M_FILES.BIN_M_B15100.BIN__003520	1	\_DATA\M_FILES.BIN\M_B15100.BIN	8	450	256	3	no	other	none	n/a	n/a	map pack artwork: background strip atlas or a 98x79 watercolour minimap, no lettering seen
_DATA_M_FILES.BIN_M_C06000.BIN__003844	2	\_DATA\M_FILES.BIN\M_C06000.BIN;\_DATA\M_FILES.BIN\M_C06001.BIN	8	480	240	6	no	other	none	n/a	n/a	map pack artwork: background strip atlas or a 98x79 watercolour minimap, no lettering seen
_DATA_M_FILES.BIN_M_C06100.BIN__003844	2	\_DATA\M_FILES.BIN\M_C06100.BIN;\_DATA\M_FILES.BIN\M_C06101.BIN	8	480	240	6	no	other	none	n/a	n/a	map pack artwork: background strip atlas or a 98x79 watercolour minimap, no lettering seen
_DATA_M_FILES.BIN_M_D16000.BIN__003f34	1	\_DATA\M_FILES.BIN\M_D16000.BIN	8	448	256	8	no	other	none	n/a	n/a	map pack artwork: background strip atlas or a 98x79 watercolour minimap, no lettering seen
_DATA_M_FILES.BIN_M_G10000.BIN__002c40	2	\_DATA\M_FILES.BIN\M_G10000.BIN;\_DATA\M_FILES.BIN\M_G10001.BIN	8	448	256	7	no	other	none	n/a	n/a	map pack artwork: background strip atlas or a 98x79 watercolour minimap, no lettering seen
_DATA_M_FILES.BIN_M_G10100.BIN__0026ec	2	\_DATA\M_FILES.BIN\M_G10100.BIN;\_DATA\M_FILES.BIN\M_G10101.BIN	8	448	256	5	no	other	none	n/a	n/a	map pack artwork: background strip atlas or a 98x79 watercolour minimap, no lettering seen
_DATA_M_FILES.BIN_M_G11000.BIN__002c54	2	\_DATA\M_FILES.BIN\M_G11000.BIN;\_DATA\M_FILES.BIN\M_G11001.BIN	8	472	242	5	no	other	none	n/a	n/a	map pack artwork: background strip atlas or a 98x79 watercolour minimap, no lettering seen
_DATA_M_FILES.BIN_M_G11100.BIN__002658	2	\_DATA\M_FILES.BIN\M_G11100.BIN;\_DATA\M_FILES.BIN\M_G11101.BIN	8	472	242	4	no	other	none	n/a	n/a	map pack artwork: background strip atlas or a 98x79 watercolour minimap, no lettering seen
_DATA_M_FILES.BIN_M_B09000.BIN__002f90	1	\_DATA\M_FILES.BIN\M_B09000.BIN	8	444	256	2	no	other	none	n/a	n/a	map pack artwork: background strip atlas or a 98x79 watercolour minimap, no lettering seen
_DATA_M_FILES.BIN_M_G04200.BIN__00285c	5	\_DATA\M_FILES.BIN\M_G04200.BIN;\_DATA\M_FILES.BIN\M_G04201.BIN;\_DATA\M_FILES.BIN\M_G04202.BIN;\_DATA\M_FILES.BIN\M_G04203.BIN;\_DATA\M_FILES.BIN\M_G04204.BIN	8	448	252	7	no	other	none	n/a	n/a	map pack artwork: background strip atlas or a 98x79 watercolour minimap, no lettering seen
_DATA_M_FILES.BIN_M_B04000.BIN__002fac	1	\_DATA\M_FILES.BIN\M_B04000.BIN	8	440	256	3	no	other	none	n/a	n/a	map pack artwork: background strip atlas or a 98x79 watercolour minimap, no lettering seen
_DATA_M_FILES.BIN_M_B04100.BIN__002fac	1	\_DATA\M_FILES.BIN\M_B04100.BIN	8	440	256	3	no	other	none	n/a	n/a	map pack artwork: background strip atlas or a 98x79 watercolour minimap, no lettering seen
_DATA_M_FILES.BIN_M_G07200.BIN__002fb8	1	\_DATA\M_FILES.BIN\M_G07200.BIN	8	440	256	3	no	other	none	n/a	n/a	map pack artwork: background strip atlas or a 98x79 watercolour minimap, no lettering seen
_DATA_M_FILES.BIN_M_G07000.BIN__002798	1	\_DATA\M_FILES.BIN\M_G07000.BIN	8	438	256	4	no	other	none	n/a	n/a	map pack artwork: background strip atlas or a 98x79 watercolour minimap, no lettering seen
_DATA_M_FILES.BIN_M_G07100.BIN__002bec	1	\_DATA\M_FILES.BIN\M_G07100.BIN	8	438	256	5	no	other	none	n/a	n/a	map pack artwork: background strip atlas or a 98x79 watercolour minimap, no lettering seen
_DATA_M_FILES.BIN_M_C08100.BIN__00397c	1	\_DATA\M_FILES.BIN\M_C08100.BIN	8	444	252	8	no	other	none	n/a	n/a	map pack artwork: background strip atlas or a 98x79 watercolour minimap, no lettering seen
_DATA_M_FILES.BIN_M_H03200.BIN__0037d4	2	\_DATA\M_FILES.BIN\M_H03200.BIN;\_DATA\M_FILES.BIN\M_H03201.BIN	8	464	240	5	no	other	none	n/a	n/a	map pack artwork: background strip atlas or a 98x79 watercolour minimap, no lettering seen
_DATA_M_FILES.BIN_M_C08000.BIN__00397c	1	\_DATA\M_FILES.BIN\M_C08000.BIN	8	438	254	8	no	other	none	n/a	n/a	map pack artwork: background strip atlas or a 98x79 watercolour minimap, no lettering seen
_DATA_M_FILES.BIN_M_H18100.BIN__0025b0	2	\_DATA\M_FILES.BIN\M_H18100.BIN;\_DATA\M_FILES.BIN\M_H18101.BIN	8	458	242	3	no	other	none	n/a	n/a	map pack artwork: background strip atlas or a 98x79 watercolour minimap, no lettering seen
_DATA_M_FILES.BIN_M_D07001.BIN__00347c	1	\_DATA\M_FILES.BIN\M_D07001.BIN	8	432	256	3	no	other	none	n/a	n/a	map pack artwork: background strip atlas or a 98x79 watercolour minimap, no lettering seen
_DATA_M_FILES.BIN_M_D07101.BIN__00347c	1	\_DATA\M_FILES.BIN\M_D07101.BIN	8	430	256	3	no	other	none	n/a	n/a	map pack artwork: background strip atlas or a 98x79 watercolour minimap, no lettering seen
_DATA_M_FILES.BIN_M_H18000.BIN__0025b0	2	\_DATA\M_FILES.BIN\M_H18000.BIN;\_DATA\M_FILES.BIN\M_H18001.BIN	8	458	240	3	no	other	none	n/a	n/a	map pack artwork: background strip atlas or a 98x79 watercolour minimap, no lettering seen
_DATA_M_FILES.BIN_M_H18200.BIN__002600	2	\_DATA\M_FILES.BIN\M_H18200.BIN;\_DATA\M_FILES.BIN\M_H18201.BIN	8	458	240	3	no	other	none	n/a	n/a	map pack artwork: background strip atlas or a 98x79 watercolour minimap, no lettering seen
_DATA_M_FILES.BIN_M_B09100.BIN__002f90	1	\_DATA\M_FILES.BIN\M_B09100.BIN	8	428	256	2	no	other	none	n/a	n/a	map pack artwork: background strip atlas or a 98x79 watercolour minimap, no lettering seen
_DATA_T_TITLE.BIN__00c804	1	\_DATA\T_TITLE.BIN	8	456	240	1	no	other	none	n/a	n/a	title-screen atlas: the picture frame and shelf the menu sits on, no lettering
_DATA_M_FILES.BIN_M_D13000.BIN__002c94	1	\_DATA\M_FILES.BIN\M_D13000.BIN	8	422	256	8	no	other	none	n/a	n/a	map pack artwork: background strip atlas or a 98x79 watercolour minimap, no lettering seen
_DATA_M_FILES.BIN_M_D13100.BIN__002c94	1	\_DATA\M_FILES.BIN\M_D13100.BIN	8	422	256	8	no	other	none	n/a	n/a	map pack artwork: background strip atlas or a 98x79 watercolour minimap, no lettering seen
_DATA_M_FILES.BIN_M_H21000.BIN__0053c4	1	\_DATA\M_FILES.BIN\M_H21000.BIN	8	422	256	4	no	other	none	n/a	n/a	map pack artwork: background strip atlas or a 98x79 watercolour minimap, no lettering seen
_DATA_M_FILES.BIN_M_H21100.BIN__0053c4	1	\_DATA\M_FILES.BIN\M_H21100.BIN	8	422	256	4	no	other	none	n/a	n/a	map pack artwork: background strip atlas or a 98x79 watercolour minimap, no lettering seen
_DATA_M_FILES.BIN_M_G04000.BIN__00264c	1	\_DATA\M_FILES.BIN\M_G04000.BIN	8	448	240	4	no	other	none	n/a	n/a	map pack artwork: background strip atlas or a 98x79 watercolour minimap, no lettering seen
_DATA_M_FILES.BIN_M_G04100.BIN__00264c	1	\_DATA\M_FILES.BIN\M_G04100.BIN	8	448	240	4	no	other	none	n/a	n/a	map pack artwork: background strip atlas or a 98x79 watercolour minimap, no lettering seen
_DATA_M_FILES.BIN_M_G08200.BIN__002a78	1	\_DATA\M_FILES.BIN\M_G08200.BIN	8	418	256	5	yes	signage or label	a word	calligraphy	hard (over artwork)	a hanging scroll with four characters of calligraphy
_DATA_M_FILES.BIN_M_G08000.BIN__002ba8	1	\_DATA\M_FILES.BIN\M_G08000.BIN	8	420	254	5	no	other	none	n/a	n/a	map pack artwork: background strip atlas or a 98x79 watercolour minimap, no lettering seen
_DATA_M_FILES.BIN_M_G08100.BIN__002748	1	\_DATA\M_FILES.BIN\M_G08100.BIN	8	420	254	5	no	other	none	n/a	n/a	map pack artwork: background strip atlas or a 98x79 watercolour minimap, no lettering seen
_DATA_M_FILES.BIN_M_H21200.BIN__005408	1	\_DATA\M_FILES.BIN\M_H21200.BIN	8	410	256	3	no	other	none	n/a	n/a	map pack artwork: background strip atlas or a 98x79 watercolour minimap, no lettering seen
_DATA_M_FILES.BIN_M_B10000.BIN__002f58	1	\_DATA\M_FILES.BIN\M_B10000.BIN	8	408	256	2	no	other	none	n/a	n/a	map pack artwork: background strip atlas or a 98x79 watercolour minimap, no lettering seen
_DATA_M_FILES.BIN_M_D15000.BIN__0030c4	1	\_DATA\M_FILES.BIN\M_D15000.BIN	8	404	256	6	no	other	none	n/a	n/a	map pack artwork: background strip atlas or a 98x79 watercolour minimap, no lettering seen
_DATA_M_FILES.BIN_M_H25200.BIN__00268c	2	\_DATA\M_FILES.BIN\M_H25200.BIN;\_DATA\M_FILES.BIN\M_H25201.BIN	8	410	252	4	no	other	none	n/a	n/a	map pack artwork: background strip atlas or a 98x79 watercolour minimap, no lettering seen
_DATA_M_FILES.BIN_M_H10000.BIN__0044f8	1	\_DATA\M_FILES.BIN\M_H10000.BIN	8	416	246	4	no	other	none	n/a	n/a	map pack artwork: background strip atlas or a 98x79 watercolour minimap, no lettering seen
_DATA_M_FILES.BIN_M_H10100.BIN__0044f8	1	\_DATA\M_FILES.BIN\M_H10100.BIN	8	416	246	4	no	other	none	n/a	n/a	map pack artwork: background strip atlas or a 98x79 watercolour minimap, no lettering seen
_DATA_M_FILES.BIN_M_H17200.BIN__0037f0	1	\_DATA\M_FILES.BIN\M_H17200.BIN	8	404	248	1	no	other	none	n/a	n/a	map pack artwork: background strip atlas or a 98x79 watercolour minimap, no lettering seen
_DATA_M_FILES.BIN_M_H22000.BIN__005304	1	\_DATA\M_FILES.BIN\M_H22000.BIN	8	400	250	2	no	other	none	n/a	n/a	map pack artwork: background strip atlas or a 98x79 watercolour minimap, no lettering seen
_DATA_M_FILES.BIN_M_H22100.BIN__005304	1	\_DATA\M_FILES.BIN\M_H22100.BIN	8	400	250	4	no	other	none	n/a	n/a	map pack artwork: background strip atlas or a 98x79 watercolour minimap, no lettering seen
_DATA_M_FILES.BIN_M_J00002.BIN__0000e0	2	\_DATA\M_FILES.BIN\M_J00002.BIN;\_DATA\OTI01.BIN	8	480	208	2	no	other	none	n/a	n/a	map pack artwork: background strip atlas or a 98x79 watercolour minimap, no lettering seen
_DATA_M_FILES.BIN_M_E09000.BIN__00247c	1	\_DATA\M_FILES.BIN\M_E09000.BIN	8	388	256	1	no	other	none	n/a	n/a	map pack artwork: background strip atlas or a 98x79 watercolour minimap, no lettering seen
_DATA_M_FILES.BIN_M_E09100.BIN__00247c	1	\_DATA\M_FILES.BIN\M_E09100.BIN	8	388	256	1	no	other	none	n/a	n/a	map pack artwork: background strip atlas or a 98x79 watercolour minimap, no lettering seen
_DATA_M_FILES.BIN_M_H22200.BIN__005174	1	\_DATA\M_FILES.BIN\M_H22200.BIN	8	388	254	2	no	other	none	n/a	n/a	map pack artwork: background strip atlas or a 98x79 watercolour minimap, no lettering seen
_DATA_M_FILES.BIN_M_B03000.BIN__00470c	2	\_DATA\M_FILES.BIN\M_B03000.BIN;\_DATA\M_FILES.BIN\M_B03001.BIN	8	384	256	3	no	other	none	n/a	n/a	map pack artwork: background strip atlas or a 98x79 watercolour minimap, no lettering seen
_DATA_M_FILES.BIN_M_B03100.BIN__00470c	2	\_DATA\M_FILES.BIN\M_B03100.BIN;\_DATA\M_FILES.BIN\M_B03101.BIN	8	384	256	1	no	other	none	n/a	n/a	map pack artwork: background strip atlas or a 98x79 watercolour minimap, no lettering seen
_DATA_M_FILES.BIN_M_H25100.BIN__0025d4	2	\_DATA\M_FILES.BIN\M_H25100.BIN;\_DATA\M_FILES.BIN\M_H25101.BIN	8	408	240	3	no	other	none	n/a	n/a	map pack artwork: background strip atlas or a 98x79 watercolour minimap, no lettering seen
_DATA_M_FILES.BIN_M_B10100.BIN__002d54	1	\_DATA\M_FILES.BIN\M_B10100.BIN	8	382	256	3	no	other	none	n/a	n/a	map pack artwork: background strip atlas or a 98x79 watercolour minimap, no lettering seen
_DATA_SUB.BIN__002050	2	\_DATA\SUB.BIN;\_DATA\SUB.TIM	8	382	256	6	yes	title/menu/UI art	several lines	plain type and stylised buttons	medium	in-game UI atlas: action buttons ('back', 'look', 'net', …), settings screen (voice only / voice+subtitles, mono / stereo, on / off)
_DATA_M_FILES.BIN_M_H25000.BIN__0025d4	2	\_DATA\M_FILES.BIN\M_H25000.BIN;\_DATA\M_FILES.BIN\M_H25001.BIN	8	404	240	2	no	other	none	n/a	n/a	map pack artwork: background strip atlas or a 98x79 watercolour minimap, no lettering seen
_DATA_M_FILES.BIN_M_I16100.BIN__000414	1	\_DATA\M_FILES.BIN\M_I16100.BIN	8	480	200	2	no	other	none	n/a	n/a	map pack artwork: background strip atlas or a 98x79 watercolour minimap, no lettering seen
_DATA_M_FILES.BIN_M_E05000.BIN__003194	1	\_DATA\M_FILES.BIN\M_E05000.BIN	8	366	256	1	no	other	none	n/a	n/a	map pack artwork: background strip atlas or a 98x79 watercolour minimap, no lettering seen
_DATA_M_FILES.BIN_M_E05100.BIN__003194	1	\_DATA\M_FILES.BIN\M_E05100.BIN	8	366	256	1	no	other	none	n/a	n/a	map pack artwork: background strip atlas or a 98x79 watercolour minimap, no lettering seen
_DATA_M_FILES.BIN_M_B01000.BIN__002c44	1	\_DATA\M_FILES.BIN\M_B01000.BIN	8	368	254	2	no	other	none	n/a	n/a	map pack artwork: background strip atlas or a 98x79 watercolour minimap, no lettering seen
_DATA_M_FILES.BIN_M_B01100.BIN__002c44	1	\_DATA\M_FILES.BIN\M_B01100.BIN	8	368	254	2	no	other	none	n/a	n/a	map pack artwork: background strip atlas or a 98x79 watercolour minimap, no lettering seen
_DATA_M_FILES.BIN_M_H10200.BIN__003098	1	\_DATA\M_FILES.BIN\M_H10200.BIN	8	386	242	2	no	other	none	n/a	n/a	map pack artwork: background strip atlas or a 98x79 watercolour minimap, no lettering seen
_DATA_T_CONFIG.BIN__000014	1	\_DATA\T_CONFIG.BIN	8	384	240	5	yes	title/menu/UI art	several lines	plain type and stylised buttons	medium	in-game UI atlas: action buttons ('back', 'look', 'net', …), settings screen (voice only / voice+subtitles, mono / stereo, on / off)
_DATA_M_FILES.BIN_M_I19000.BIN__00058c	1	\_DATA\M_FILES.BIN\M_I19000.BIN	8	376	244	2	yes	signage or label	several lines	print	medium	a model-aeroplane kit box: Japanese product name over Latin specification lines
_DATA_M_FILES.BIN_M_A19000.BIN__003290	1	\_DATA\M_FILES.BIN\M_A19000.BIN	8	382	240	2	no	other	none	n/a	n/a	map pack artwork: background strip atlas or a 98x79 watercolour minimap, no lettering seen
_DATA_M_FILES.BIN_M_A19100.BIN__003290	1	\_DATA\M_FILES.BIN\M_A19100.BIN	8	382	240	3	no	other	none	n/a	n/a	map pack artwork: background strip atlas or a 98x79 watercolour minimap, no lettering seen
_DATA_M_S01000.BIN__017d24	1	\_DATA\M_S01000.BIN	8	382	240	4	maybe	title/menu/UI art	a word	unknown	unknown	UI atlas page whose small labels CLUT 0 does not resolve
_DATA_M_S01100.BIN__000014	1	\_DATA\M_S01100.BIN	8	376	240	2	yes	title/menu/UI art	several lines	plain type and stylised buttons	medium	in-game UI atlas: action buttons ('back', 'look', 'net', …), settings screen (voice only / voice+subtitles, mono / stereo, on / off)
_DATA_M_S02000.BIN__000024	1	\_DATA\M_S02000.BIN	8	376	240	6	maybe	title/menu/UI art	a word	unknown	unknown	UI atlas page whose small labels CLUT 0 does not resolve
_DATA_M_FILES.BIN_M_H04200.BIN__003008	1	\_DATA\M_FILES.BIN\M_H04200.BIN	8	374	240	1	no	other	none	n/a	n/a	map pack artwork: background strip atlas or a 98x79 watercolour minimap, no lettering seen
_DATA_M_S01100.BIN__0164b4	1	\_DATA\M_S01100.BIN	8	348	256	6	yes	title/menu/UI art	several lines	plain type and stylised buttons	medium	in-game UI atlas: action buttons ('back', 'look', 'net', …), settings screen (voice only / voice+subtitles, mono / stereo, on / off)
_DATA_T_BUMPER.BIN__00000c	1	\_DATA\T_BUMPER.BIN	8	470	187	2	no	credits	none	Latin logotype	n/a	publisher and developer logo screen; several lines of it, but all Latin logotype, so there is no Japanese to translate
_DATA_T_CONFIG.BIN__017234	1	\_DATA\T_CONFIG.BIN	8	384	228	8	yes	title/menu/UI art	several lines	plain type and stylised buttons	medium	in-game UI atlas: action buttons ('back', 'look', 'net', …), settings screen (voice only / voice+subtitles, mono / stereo, on / off)
_DATA_MZ00.BIN__000350	1	\_DATA\MZ00.BIN	8	364	240	4	yes	title/menu/UI art	several lines	plain type and stylised buttons	medium	in-game UI atlas: action buttons ('back', 'look', 'net', …), settings screen (voice only / voice+subtitles, mono / stereo, on / off)
_DATA_SAMP.BIN__014e48	1	\_DATA\SAMP.BIN	8	384	224	7	yes	title/menu/UI art	several lines	plain type and stylised buttons	medium	in-game UI atlas: action buttons ('back', 'look', 'net', …), settings screen (voice only / voice+subtitles, mono / stereo, on / off)
_DATA_M_S02000.BIN__016cc4	1	\_DATA\M_S02000.BIN	8	352	240	6	yes	title/menu/UI art	several lines	plain type and stylised buttons	medium	in-game UI atlas: action buttons ('back', 'look', 'net', …), settings screen (voice only / voice+subtitles, mono / stereo, on / off)
_DATA_TBG00.BIN__01e95c	1	\_DATA\TBG00.BIN	8	346	238	2	no	other	none	n/a	n/a	kite-flying sky and mountain backdrop
_DATA_MZ02.BIN__000000	2	\_DATA\MZ02.BIN;\_DATA\SAMP.BIN	8	380	216	6	yes	title/menu/UI art	several lines	plain type and stylised buttons	medium	in-game UI atlas: action buttons ('back', 'look', 'net', …), settings screen (voice only / voice+subtitles, mono / stereo, on / off)
_DATA_M_FILES.BIN_M_J00003.BIN__0000e0	2	\_DATA\M_FILES.BIN\M_J00003.BIN;\_DATA\OTI02.BIN	8	320	256	2	no	other	none	n/a	n/a	map pack artwork: background strip atlas or a 98x79 watercolour minimap, no lettering seen
_DATA_M_FILES.BIN_M_G05000.BIN__0023b8	1	\_DATA\M_FILES.BIN\M_G05000.BIN	8	322	244	3	no	other	none	n/a	n/a	map pack artwork: background strip atlas or a 98x79 watercolour minimap, no lettering seen
_DATA_M_FILES.BIN_M_G05100.BIN__0023b8	1	\_DATA\M_FILES.BIN\M_G05100.BIN	8	322	244	3	no	other	none	n/a	n/a	map pack artwork: background strip atlas or a 98x79 watercolour minimap, no lettering seen
_DATA_DOPA1.BIN__00006c	2	\_DATA\DOPA1.BIN;\_DATA\Z_A01.BIN	8	320	240	2	yes	insect/fish/item book	several lines	stylised cover type	hard (over artwork)	book-opening animation frame with the cover legible: diary 'picture-diary book', insect book 'rare insect encyclopedia' plus author/photographer credits, kite book
_DATA_DOPA2.BIN__0000a8	2	\_DATA\DOPA2.BIN;\_DATA\Z_A02.BIN	8	320	240	3	yes	insect/fish/item book	several lines	stylised cover type	hard (over artwork)	book-opening animation frame with the cover legible: diary 'picture-diary book', insect book 'rare insect encyclopedia' plus author/photographer credits, kite book
_DATA_DOPA3.BIN__0000e4	2	\_DATA\DOPA3.BIN;\_DATA\Z_A03.BIN	8	320	240	3	yes	insect/fish/item book	several lines	stylised cover type	hard (over artwork)	book-opening animation frame with the cover legible: diary 'picture-diary book', insect book 'rare insect encyclopedia' plus author/photographer credits, kite book
_DATA_DOPA4.BIN__000174	2	\_DATA\DOPA4.BIN;\_DATA\Z_A04.BIN	8	320	240	4	no	other	none	n/a	n/a	book-opening animation frame, blank pages only
_DATA_DOPA5.BIN__000114	2	\_DATA\DOPA5.BIN;\_DATA\Z_A05.BIN	8	320	240	3	no	other	none	n/a	n/a	book-opening animation frame, blank pages only
_DATA_DOPA6.BIN__0000a8	1	\_DATA\DOPA6.BIN	8	320	240	5	no	other	none	n/a	n/a	book-opening animation frame, blank pages only
_DATA_DOPN1.BIN__000078	2	\_DATA\DOPN1.BIN;\_DATA\Z_N01.BIN	8	320	240	2	yes	insect/fish/item book	several lines	stylised cover type	hard (over artwork)	book-opening animation frame with the cover legible: diary 'picture-diary book', insect book 'rare insect encyclopedia' plus author/photographer credits, kite book
_DATA_DOPN3.BIN__0000d8	1	\_DATA\DOPN3.BIN	8	320	240	3	yes	insect/fish/item book	several lines	stylised cover type	hard (over artwork)	book-opening animation frame with the cover legible: diary 'picture-diary book', insect book 'rare insect encyclopedia' plus author/photographer credits, kite book
_DATA_DOPN4.BIN__0000fc	2	\_DATA\DOPN4.BIN;\_DATA\Z_N04.BIN	8	320	240	4	no	other	none	n/a	n/a	book-opening animation frame, blank pages only
_DATA_DOPN5.BIN__000114	2	\_DATA\DOPN5.BIN;\_DATA\Z_N05.BIN	8	320	240	4	no	other	none	n/a	n/a	book-opening animation frame, blank pages only
_DATA_DOPN6.BIN__000084	2	\_DATA\DOPN6.BIN;\_DATA\Z_N06.BIN	8	320	240	3	no	other	none	n/a	n/a	book-opening animation frame, blank pages only
_DATA_MOPA1.BIN__00006c	1	\_DATA\MOPA1.BIN	8	320	240	2	yes	insect/fish/item book	several lines	stylised cover type	hard (over artwork)	book-opening animation frame with the cover legible: diary 'picture-diary book', insect book 'rare insect encyclopedia' plus author/photographer credits, kite book
_DATA_MOPA2.BIN__0000c0	1	\_DATA\MOPA2.BIN	8	320	240	3	yes	insect/fish/item book	several lines	stylised cover type	hard (over artwork)	book-opening animation frame with the cover legible: diary 'picture-diary book', insect book 'rare insect encyclopedia' plus author/photographer credits, kite book
_DATA_MOPA3.BIN__0000d8	1	\_DATA\MOPA3.BIN	8	320	240	3	yes	insect/fish/item book	several lines	stylised cover type	hard (over artwork)	book-opening animation frame with the cover legible: diary 'picture-diary book', insect book 'rare insect encyclopedia' plus author/photographer credits, kite book
_DATA_MOPA4.BIN__000138	1	\_DATA\MOPA4.BIN	8	320	240	4	no	other	none	n/a	n/a	book-opening animation frame, blank pages only
_DATA_MOPA5.BIN__0001a4	1	\_DATA\MOPA5.BIN	8	320	240	5	no	other	none	n/a	n/a	book-opening animation frame, blank pages only
_DATA_MOPA6.BIN__0000e4	1	\_DATA\MOPA6.BIN	8	320	240	5	no	other	none	n/a	n/a	book-opening animation frame, blank pages only
_DATA_MOPN1.BIN__000078	1	\_DATA\MOPN1.BIN	8	320	240	2	yes	insect/fish/item book	several lines	stylised cover type	hard (over artwork)	book-opening animation frame with the cover legible: diary 'picture-diary book', insect book 'rare insect encyclopedia' plus author/photographer credits, kite book
_DATA_MOPN2.BIN__0000cc	1	\_DATA\MOPN2.BIN	8	320	240	3	yes	insect/fish/item book	several lines	stylised cover type	hard (over artwork)	book-opening animation frame with the cover legible: diary 'picture-diary book', insect book 'rare insect encyclopedia' plus author/photographer credits, kite book
_DATA_MOPN3.BIN__0000e4	1	\_DATA\MOPN3.BIN	8	320	240	3	yes	insect/fish/item book	several lines	stylised cover type	hard (over artwork)	book-opening animation frame with the cover legible: diary 'picture-diary book', insect book 'rare insect encyclopedia' plus author/photographer credits, kite book
_DATA_MOPN4.BIN__00012c	1	\_DATA\MOPN4.BIN	8	320	240	3	no	other	none	n/a	n/a	book-opening animation frame, blank pages only
_DATA_MOPN5.BIN__0001a4	1	\_DATA\MOPN5.BIN	8	320	240	4	no	other	none	n/a	n/a	book-opening animation frame, blank pages only
_DATA_MOPN6.BIN__000084	1	\_DATA\MOPN6.BIN	8	320	240	3	no	other	none	n/a	n/a	book-opening animation frame, blank pages only
_DATA_MZ_A01.BIN__00006c	3	\_DATA\MZ_A01.BIN;\_DATA\MZ_N01.BIN;\_DATA\MZ_N08.BIN	8	320	240	2	yes	insect/fish/item book	several lines	stylised cover type	hard (over artwork)	another book-opening frame with the cover legible (diary / insect encyclopedia)
_DATA_MZ_A08.BIN__0000b4	1	\_DATA\MZ_A08.BIN	8	320	240	3	no	other	none	n/a	n/a	book-opening frame, blank pages only
_DATA_M_FILES.BIN_M_D07002.BIN__003294	1	\_DATA\M_FILES.BIN\M_D07002.BIN	8	320	240	1	no	other	none	n/a	n/a	map pack artwork: background strip atlas or a 98x79 watercolour minimap, no lettering seen
_DATA_M_FILES.BIN_M_D07102.BIN__003294	1	\_DATA\M_FILES.BIN\M_D07102.BIN	8	320	240	1	no	other	none	n/a	n/a	map pack artwork: background strip atlas or a 98x79 watercolour minimap, no lettering seen
_DATA_M_FILES.BIN_M_I00000.BIN__0004e4	1	\_DATA\M_FILES.BIN\M_I00000.BIN	8	320	240	1	no	other	none	n/a	n/a	map pack artwork: background strip atlas or a 98x79 watercolour minimap, no lettering seen
_DATA_M_FILES.BIN_M_I00200.BIN__0004e4	1	\_DATA\M_FILES.BIN\M_I00200.BIN	8	320	240	1	no	other	none	n/a	n/a	map pack artwork: background strip atlas or a 98x79 watercolour minimap, no lettering seen
_DATA_M_FILES.BIN_M_I01000.BIN__000844	1	\_DATA\M_FILES.BIN\M_I01000.BIN	8	320	240	1	no	other	none	n/a	n/a	map pack artwork: background strip atlas or a 98x79 watercolour minimap, no lettering seen
_DATA_M_FILES.BIN_M_I02000.BIN__0004e4	1	\_DATA\M_FILES.BIN\M_I02000.BIN	8	320	240	1	no	other	none	n/a	n/a	map pack artwork: background strip atlas or a 98x79 watercolour minimap, no lettering seen
_DATA_M_FILES.BIN_M_I02200.BIN__0004e4	1	\_DATA\M_FILES.BIN\M_I02200.BIN	8	320	240	1	no	other	none	n/a	n/a	map pack artwork: background strip atlas or a 98x79 watercolour minimap, no lettering seen
_DATA_M_FILES.BIN_M_I03000.BIN__0008b4	1	\_DATA\M_FILES.BIN\M_I03000.BIN	8	320	240	1	no	other	none	n/a	n/a	map pack artwork: background strip atlas or a 98x79 watercolour minimap, no lettering seen
_DATA_M_FILES.BIN_M_I03200.BIN__0008b4	1	\_DATA\M_FILES.BIN\M_I03200.BIN	8	320	240	1	no	other	none	n/a	n/a	map pack artwork: background strip atlas or a 98x79 watercolour minimap, no lettering seen
_DATA_M_FILES.BIN_M_I05000.BIN__00036c	1	\_DATA\M_FILES.BIN\M_I05000.BIN	8	320	240	1	no	other	none	n/a	n/a	map pack artwork: background strip atlas or a 98x79 watercolour minimap, no lettering seen
_DATA_M_FILES.BIN_M_I07000.BIN__000528	1	\_DATA\M_FILES.BIN\M_I07000.BIN	8	320	240	1	no	other	none	n/a	n/a	map pack artwork: background strip atlas or a 98x79 watercolour minimap, no lettering seen
_DATA_M_FILES.BIN_M_I08000.BIN__0003dc	1	\_DATA\M_FILES.BIN\M_I08000.BIN	8	320	240	1	no	other	none	n/a	n/a	map pack artwork: background strip atlas or a 98x79 watercolour minimap, no lettering seen
_DATA_M_FILES.BIN_M_I09000.BIN__0003e8	1	\_DATA\M_FILES.BIN\M_I09000.BIN	8	320	240	1	no	other	none	n/a	n/a	map pack artwork: background strip atlas or a 98x79 watercolour minimap, no lettering seen
_DATA_M_FILES.BIN_M_I11000.BIN__0000b8	1	\_DATA\M_FILES.BIN\M_I11000.BIN	8	320	240	1	no	other	none	n/a	n/a	map pack artwork: background strip atlas or a 98x79 watercolour minimap, no lettering seen
_DATA_M_FILES.BIN_M_I12000.BIN__00044c	1	\_DATA\M_FILES.BIN\M_I12000.BIN	8	320	240	1	no	other	none	n/a	n/a	map pack artwork: background strip atlas or a 98x79 watercolour minimap, no lettering seen
_DATA_M_FILES.BIN_M_I13000.BIN__0008f4	1	\_DATA\M_FILES.BIN\M_I13000.BIN	8	320	240	1	yes	calendar/clock	several lines	print	medium	wall calendar for August: weekday heads and day numbers are Latin/numerals, but a printed sheet beside it is Japanese and very small
_DATA_M_FILES.BIN_M_I14000.BIN__000214	1	\_DATA\M_FILES.BIN\M_I14000.BIN	8	320	240	1	yes	signage or label	several lines	handwritten	hard (over artwork)	a notepad page left on a log - a plot-bearing farewell note, vertical handwriting
_DATA_M_FILES.BIN_M_I15000.BIN__000388	1	\_DATA\M_FILES.BIN\M_I15000.BIN	8	320	240	1	yes	signage or label	a word	stylised poster type	hard (over artwork)	a superhero poster on the wall, katakana title
_DATA_M_FILES.BIN_M_I16000.BIN__0003ec	1	\_DATA\M_FILES.BIN\M_I16000.BIN	8	320	240	1	no	other	none	n/a	n/a	map pack artwork: background strip atlas or a 98x79 watercolour minimap, no lettering seen
_DATA_M_FILES.BIN_M_I16200.BIN__0003ec	1	\_DATA\M_FILES.BIN\M_I16200.BIN	8	320	240	1	maybe	signage or label	a word	package lettering	hard (over artwork)	the open refrigerator: many printed food packages, individually illegible
_DATA_M_FILES.BIN_M_I18000.BIN__000450	2	\_DATA\M_FILES.BIN\M_I18000.BIN;\_DATA\M_FILES.BIN\M_I18001.BIN	8	320	240	2	yes	signage or label	a line	handwritten	hard (over artwork)	a hand-lettered 'keep out!' sign hanging on a door
_DATA_M_FILES.BIN_M_I20000.BIN__000458	1	\_DATA\M_FILES.BIN\M_I20000.BIN	8	320	240	1	no	other	none	n/a	n/a	map pack artwork: background strip atlas or a 98x79 watercolour minimap, no lettering seen
_DATA_M_FILES.BIN_M_I21000.BIN__000544	1	\_DATA\M_FILES.BIN\M_I21000.BIN	8	320	240	1	maybe	signage or label	a word	package lettering	hard (over artwork)	the open refrigerator: many printed food packages, individually illegible
_DATA_M_FILES.BIN_M_I21010.BIN__000544	1	\_DATA\M_FILES.BIN\M_I21010.BIN	8	320	240	1	no	other	none	n/a	n/a	map pack artwork: background strip atlas or a 98x79 watercolour minimap, no lettering seen
_DATA_M_FILES.BIN_M_I21020.BIN__000544	1	\_DATA\M_FILES.BIN\M_I21020.BIN	8	320	240	1	maybe	signage or label	a word	package lettering	hard (over artwork)	the open refrigerator: many printed food packages, individually illegible
_DATA_M_FILES.BIN_M_I21030.BIN__000544	1	\_DATA\M_FILES.BIN\M_I21030.BIN	8	320	240	1	no	other	none	n/a	n/a	map pack artwork: background strip atlas or a 98x79 watercolour minimap, no lettering seen
_DATA_M_FILES.BIN_M_I21040.BIN__000544	1	\_DATA\M_FILES.BIN\M_I21040.BIN	8	320	240	1	no	other	none	n/a	n/a	map pack artwork: background strip atlas or a 98x79 watercolour minimap, no lettering seen
_DATA_M_FILES.BIN_M_I21200.BIN__000544	1	\_DATA\M_FILES.BIN\M_I21200.BIN	8	320	240	1	no	other	none	n/a	n/a	map pack artwork: background strip atlas or a 98x79 watercolour minimap, no lettering seen
_DATA_M_FILES.BIN_M_I21210.BIN__000544	1	\_DATA\M_FILES.BIN\M_I21210.BIN	8	320	240	1	no	other	none	n/a	n/a	map pack artwork: background strip atlas or a 98x79 watercolour minimap, no lettering seen
_DATA_M_FILES.BIN_M_I21220.BIN__000544	1	\_DATA\M_FILES.BIN\M_I21220.BIN	8	320	240	1	no	other	none	n/a	n/a	map pack artwork: background strip atlas or a 98x79 watercolour minimap, no lettering seen
_DATA_M_FILES.BIN_M_I21230.BIN__000544	1	\_DATA\M_FILES.BIN\M_I21230.BIN	8	320	240	1	no	other	none	n/a	n/a	map pack artwork: background strip atlas or a 98x79 watercolour minimap, no lettering seen
_DATA_M_FILES.BIN_M_I21240.BIN__000544	1	\_DATA\M_FILES.BIN\M_I21240.BIN	8	320	240	1	no	other	none	n/a	n/a	map pack artwork: background strip atlas or a 98x79 watercolour minimap, no lettering seen
_DATA_M_FILES.BIN_M_I22000.BIN__000490	1	\_DATA\M_FILES.BIN\M_I22000.BIN	8	320	240	1	no	other	none	n/a	n/a	map pack artwork: background strip atlas or a 98x79 watercolour minimap, no lettering seen
_DATA_M_FILES.BIN_M_I23000.BIN__000354	1	\_DATA\M_FILES.BIN\M_I23000.BIN	8	320	240	1	yes	signage or label	several lines	hand-painted	hard (over artwork)	a weathered hunting-association warning board, large painted text plus a cartoon
_DATA_M_FILES.BIN_M_I30000.BIN__0009c0	1	\_DATA\M_FILES.BIN\M_I30000.BIN	8	320	240	1	no	other	none	n/a	n/a	map pack artwork: background strip atlas or a 98x79 watercolour minimap, no lettering seen
_DATA_M_FILES.BIN_M_I33000.BIN__0001b8	1	\_DATA\M_FILES.BIN\M_I33000.BIN	8	320	240	1	no	other	none	n/a	n/a	map pack artwork: background strip atlas or a 98x79 watercolour minimap, no lettering seen
_DATA_M_FILES.BIN_M_I34000.BIN__0006e8	1	\_DATA\M_FILES.BIN\M_I34000.BIN	8	320	240	1	no	other	none	n/a	n/a	map pack artwork: background strip atlas or a 98x79 watercolour minimap, no lettering seen
_DATA_M_FILES.BIN_M_I36000.BIN__0018cc	1	\_DATA\M_FILES.BIN\M_I36000.BIN	8	320	240	2	no	other	none	n/a	n/a	map pack artwork: background strip atlas or a 98x79 watercolour minimap, no lettering seen
_DATA_M_FILES.BIN_M_I37000.BIN__0018cc	1	\_DATA\M_FILES.BIN\M_I37000.BIN	8	320	240	2	no	other	none	n/a	n/a	map pack artwork: background strip atlas or a 98x79 watercolour minimap, no lettering seen
_DATA_M_FILES.BIN_M_I38000.BIN__0018cc	1	\_DATA\M_FILES.BIN\M_I38000.BIN	8	320	240	2	no	other	none	n/a	n/a	map pack artwork: background strip atlas or a 98x79 watercolour minimap, no lettering seen
_DATA_M_FILES.BIN_M_I39000.BIN__0018cc	1	\_DATA\M_FILES.BIN\M_I39000.BIN	8	320	240	2	no	other	none	n/a	n/a	map pack artwork: background strip atlas or a 98x79 watercolour minimap, no lettering seen
_DATA_M_FILES.BIN_M_I40000.BIN__0018cc	1	\_DATA\M_FILES.BIN\M_I40000.BIN	8	320	240	1	no	other	none	n/a	n/a	map pack artwork: background strip atlas or a 98x79 watercolour minimap, no lettering seen
_DATA_M_FILES.BIN_M_I41000.BIN__0018cc	1	\_DATA\M_FILES.BIN\M_I41000.BIN	8	320	240	2	no	other	none	n/a	n/a	map pack artwork: background strip atlas or a 98x79 watercolour minimap, no lettering seen
_DATA_M_FILES.BIN_M_I42000.BIN__0018cc	1	\_DATA\M_FILES.BIN\M_I42000.BIN	8	320	240	2	no	other	none	n/a	n/a	map pack artwork: background strip atlas or a 98x79 watercolour minimap, no lettering seen
_DATA_M_FILES.BIN_M_I43000.BIN__0018cc	1	\_DATA\M_FILES.BIN\M_I43000.BIN	8	320	240	2	no	other	none	n/a	n/a	map pack artwork: background strip atlas or a 98x79 watercolour minimap, no lettering seen
_DATA_M_FILES.BIN_M_J00000.BIN__0000e0	6	\_DATA\M_FILES.BIN\M_J00000.BIN;\_DATA\OTI00.BIN;\_DATA\OTI01.BIN;\_DATA\OTI02.BIN;\_DATA\OTI03.BIN;\_DATA\OTI04.BIN	8	320	240	3	no	other	none	n/a	n/a	map pack artwork: background strip atlas or a 98x79 watercolour minimap, no lettering seen
_DATA_M_FILES.BIN_M_J00001.BIN__0000b8	2	\_DATA\M_FILES.BIN\M_J00001.BIN;\_DATA\OTI00.BIN	8	320	240	1	no	other	none	n/a	n/a	map pack artwork: background strip atlas or a 98x79 watercolour minimap, no lettering seen
_DATA_M_S01001.BIN__011364	1	\_DATA\M_S01001.BIN	8	320	240	1	no	other	none	n/a	n/a	UI atlas page with no lettering (a framed picture wall; the insect sprite strip)
_DATA_TOPA1.BIN__000060	1	\_DATA\TOPA1.BIN	8	320	240	2	yes	insect/fish/item book	several lines	stylised cover type	hard (over artwork)	book-opening animation frame with the cover legible: diary 'picture-diary book', insect book 'rare insect encyclopedia' plus author/photographer credits, kite book
_DATA_TOPA2.BIN__0000b4	1	\_DATA\TOPA2.BIN	8	320	240	3	yes	insect/fish/item book	several lines	stylised cover type	hard (over artwork)	book-opening animation frame with the cover legible: diary 'picture-diary book', insect book 'rare insect encyclopedia' plus author/photographer credits, kite book
_DATA_TOPA3.BIN__0000c0	1	\_DATA\TOPA3.BIN	8	320	240	3	yes	insect/fish/item book	several lines	stylised cover type	hard (over artwork)	book-opening animation frame with the cover legible: diary 'picture-diary book', insect book 'rare insect encyclopedia' plus author/photographer credits, kite book
_DATA_TOPA4.BIN__000138	1	\_DATA\TOPA4.BIN	8	320	240	3	no	other	none	n/a	n/a	book-opening animation frame, blank pages only
_DATA_TOPA5.BIN__00015c	1	\_DATA\TOPA5.BIN	8	320	240	5	no	other	none	n/a	n/a	book-opening animation frame, blank pages only
_DATA_TOPA6.BIN__0000f0	1	\_DATA\TOPA6.BIN	8	320	240	4	no	other	none	n/a	n/a	book-opening animation frame, blank pages only
_DATA_TOPN1.BIN__000060	1	\_DATA\TOPN1.BIN	8	320	240	2	yes	insect/fish/item book	several lines	stylised cover type	hard (over artwork)	book-opening animation frame with the cover legible: diary 'picture-diary book', insect book 'rare insect encyclopedia' plus author/photographer credits, kite book
_DATA_TOPN2.BIN__0000b4	1	\_DATA\TOPN2.BIN	8	320	240	3	yes	insect/fish/item book	several lines	stylised cover type	hard (over artwork)	book-opening animation frame with the cover legible: diary 'picture-diary book', insect book 'rare insect encyclopedia' plus author/photographer credits, kite book
_DATA_TOPN3.BIN__0000f0	1	\_DATA\TOPN3.BIN	8	320	240	4	yes	insect/fish/item book	several lines	stylised cover type	hard (over artwork)	book-opening animation frame with the cover legible: diary 'picture-diary book', insect book 'rare insect encyclopedia' plus author/photographer credits, kite book
_DATA_TOPN4.BIN__00012c	1	\_DATA\TOPN4.BIN	8	320	240	3	no	other	none	n/a	n/a	book-opening animation frame, blank pages only
_DATA_TOPN5.BIN__00015c	1	\_DATA\TOPN5.BIN	8	320	240	4	no	other	none	n/a	n/a	book-opening animation frame, blank pages only
_DATA_TOPN6.BIN__0000f0	1	\_DATA\TOPN6.BIN	8	320	240	3	no	other	none	n/a	n/a	book-opening animation frame, blank pages only
_DATA_Z_A06.BIN__000084	1	\_DATA\Z_A06.BIN	8	320	240	5	no	other	none	n/a	n/a	book-opening frame, blank pages only
_DATA_Z_N02.BIN__0000d8	1	\_DATA\Z_N02.BIN	8	320	240	3	yes	insect/fish/item book	several lines	stylised cover type	hard (over artwork)	another book-opening frame with the cover legible (diary / insect encyclopedia)
_DATA_Z_N03.BIN__0000d8	1	\_DATA\Z_N03.BIN	8	320	240	3	yes	insect/fish/item book	several lines	stylised cover type	hard (over artwork)	another book-opening frame with the cover legible (diary / insect encyclopedia)
_DATA_FS_WAL.BIN__0000d8	1	\_DATA\FS_WAL.BIN	8	304	250	4	yes	title/menu/UI art	several lines	plain type	easy (flat/transparent)	collection record screen: size / average / largest / cm / count, and bait and tackle names; renders faint at CLUT 0
_DATA_M_S01001.BIN__000014	1	\_DATA\M_S01001.BIN	8	360	190	4	maybe	title/menu/UI art	a word	Latin logotype	easy (transparent)	'PLAYTIME' in Latin plus small marks that may be labels
_DATA_TBG00.BIN__00e53c	1	\_DATA\TBG00.BIN	8	256	256	2	no	other	none	n/a	n/a	kite-flying sky and mountain backdrop
_DATA_TBG01.BIN__00e53c	1	\_DATA\TBG01.BIN	8	256	256	2	no	other	none	n/a	n/a	kite-flying sky and mountain backdrop
_DATA_DOPN2.BIN__0000cc	1	\_DATA\DOPN2.BIN	8	272	240	3	yes	insect/fish/item book	several lines	stylised cover type	hard (over artwork)	book-opening animation frame with the cover legible: diary 'picture-diary book', insect book 'rare insect encyclopedia' plus author/photographer credits, kite book
_DATA_TBG01.BIN__01e95c	1	\_DATA\TBG01.BIN	8	346	174	2	no	other	none	n/a	n/a	kite-flying sky and mountain backdrop
_DATA_PK_WAL.BIN__0000e4	1	\_DATA\PK_WAL.BIN	8	240	240	6	yes	title/menu/UI art	several lines	plain type	easy (flat/transparent)	collection record screen: size / average / largest / cm / count, and bait and tackle names; renders faint at CLUT 0
_DATA_TBG00.BIN__00001c	1	\_DATA\TBG00.BIN	8	240	240	2	maybe	title/menu/UI art	a word	unknown	unknown	kite-flying HUD atlas: digits and m / m/s are Latin, but small marks beside them were not resolved
_DATA_TBG01.BIN__00001c	1	\_DATA\TBG01.BIN	8	240	240	2	maybe	title/menu/UI art	a word	unknown	unknown	kite-flying HUD atlas: digits and m / m/s are Latin, but small marks beside them were not resolved
_DATA_TK_WAL.BIN__00009c	1	\_DATA\TK_WAL.BIN	8	240	240	3	yes	title/menu/UI art	several lines	plain type	easy (flat/transparent)	collection record screen: size / average / largest / cm / count, and bait and tackle names; renders faint at CLUT 0
_DATA_BOX.BIN__000734	1	\_DATA\BOX.BIN	4	256	224	5	no	other	none	n/a	n/a	no lettering seen on the contact sheet
_DATA_ONMEM.BIN__004aa0	1	\_DATA\ONMEM.BIN	4	252	224	8	yes	font/glyph sheet	a paragraph	bitmap glyphs	n/a	THE GLYPH SHEET (research/font.md: ONMEM.BIN child 2, four 1bpp planes, 12x12 cells, 1512 slots). The only glyph-sheet TIM on the disc; CLUT 0 shows one plane only
_DATA_T_MEMORY.BIN__000014	1	\_DATA\T_MEMORY.BIN	8	224	240	2	yes	title/menu/UI art	a line	stylised plate	medium	'summer memories' album: heading plate plus thumbnails of the diary and collections
_DATA_T_TITLE.BIN__000014	1	\_DATA\T_TITLE.BIN	8	248	198	4	yes	title/menu/UI art	several lines	plain type, outlined	easy (transparent)	the title screen's menu: new game / continue / summer memories / settings, plus the copyright line and PRESS START BUTTON
_DATA_MZKAN0.BIN__00004c	1	\_DATA\MZKAN0.BIN	8	252	188	1	yes	insect/fish/item book	a paragraph	plain type, vertical + horizontal	easy (flat page)	insect encyclopedia spread: species name, family, wingspan, food, then a body of text
_DATA_MZKAN0.BIN__00bb7c	1	\_DATA\MZKAN0.BIN	8	252	188	1	yes	insect/fish/item book	a paragraph	plain type, vertical + horizontal	easy (flat page)	insect encyclopedia spread: species name, family, wingspan, food, then a body of text
_DATA_MZKAN0.BIN__0176ac	1	\_DATA\MZKAN0.BIN	8	252	188	1	yes	insect/fish/item book	a paragraph	plain type, vertical + horizontal	easy (flat page)	insect encyclopedia spread: species name, family, wingspan, food, then a body of text
_DATA_MZKAN0.BIN__0231dc	1	\_DATA\MZKAN0.BIN	8	252	188	1	yes	insect/fish/item book	a paragraph	plain type, vertical + horizontal	easy (flat page)	insect encyclopedia spread: species name, family, wingspan, food, then a body of text
_DATA_MZKAN0.BIN__02ed0c	1	\_DATA\MZKAN0.BIN	8	252	188	1	yes	insect/fish/item book	a paragraph	plain type, vertical + horizontal	easy (flat page)	insect encyclopedia spread: species name, family, wingspan, food, then a body of text
_DATA_MZKAN0.BIN__03a83c	1	\_DATA\MZKAN0.BIN	8	252	188	1	yes	insect/fish/item book	a paragraph	plain type, vertical + horizontal	easy (flat page)	insect encyclopedia spread: species name, family, wingspan, food, then a body of text
_DATA_MZKAN0.BIN__04636c	1	\_DATA\MZKAN0.BIN	8	252	188	1	yes	insect/fish/item book	a paragraph	plain type, vertical + horizontal	easy (flat page)	insect encyclopedia spread: species name, family, wingspan, food, then a body of text
_DATA_MZKAN0.BIN__051e9c	1	\_DATA\MZKAN0.BIN	8	252	188	1	yes	insect/fish/item book	a paragraph	plain type, vertical + horizontal	easy (flat page)	insect encyclopedia spread: species name, family, wingspan, food, then a body of text
_DATA_MZKAN0.BIN__05d9cc	1	\_DATA\MZKAN0.BIN	8	252	188	1	yes	insect/fish/item book	a paragraph	plain type, vertical + horizontal	easy (flat page)	insect encyclopedia spread: species name, family, wingspan, food, then a body of text
_DATA_MZKAN1.BIN__00004c	1	\_DATA\MZKAN1.BIN	8	252	188	1	yes	insect/fish/item book	a paragraph	plain type, vertical + horizontal	easy (flat page)	insect encyclopedia spread: species name, family, wingspan, food, then a body of text
_DATA_MZKAN1.BIN__00bb7c	1	\_DATA\MZKAN1.BIN	8	252	188	1	yes	insect/fish/item book	a paragraph	plain type, vertical + horizontal	easy (flat page)	insect encyclopedia spread: species name, family, wingspan, food, then a body of text
_DATA_MZKAN1.BIN__0176ac	1	\_DATA\MZKAN1.BIN	8	252	188	1	yes	insect/fish/item book	a paragraph	plain type, vertical + horizontal	easy (flat page)	insect encyclopedia spread: species name, family, wingspan, food, then a body of text
_DATA_MZKAN1.BIN__0231dc	1	\_DATA\MZKAN1.BIN	8	252	188	1	yes	insect/fish/item book	a paragraph	plain type, vertical + horizontal	easy (flat page)	insect encyclopedia spread: species name, family, wingspan, food, then a body of text
_DATA_MZKAN1.BIN__02ed0c	1	\_DATA\MZKAN1.BIN	8	252	188	1	yes	insect/fish/item book	a paragraph	plain type, vertical + horizontal	easy (flat page)	insect encyclopedia spread: species name, family, wingspan, food, then a body of text
_DATA_MZKAN1.BIN__03a83c	1	\_DATA\MZKAN1.BIN	8	252	188	1	yes	insect/fish/item book	a paragraph	plain type, vertical + horizontal	easy (flat page)	insect encyclopedia spread: species name, family, wingspan, food, then a body of text
_DATA_MZKAN1.BIN__04636c	1	\_DATA\MZKAN1.BIN	8	252	188	1	yes	insect/fish/item book	a paragraph	plain type, vertical + horizontal	easy (flat page)	insect encyclopedia spread: species name, family, wingspan, food, then a body of text
_DATA_MZKAN1.BIN__051e9c	1	\_DATA\MZKAN1.BIN	8	252	188	1	yes	insect/fish/item book	a paragraph	plain type, vertical + horizontal	easy (flat page)	insect encyclopedia spread: species name, family, wingspan, food, then a body of text
_DATA_MZKAN1.BIN__05d9cc	1	\_DATA\MZKAN1.BIN	8	252	188	1	yes	insect/fish/item book	a paragraph	plain type, vertical + horizontal	easy (flat page)	insect encyclopedia spread: species name, family, wingspan, food, then a body of text
_DATA_NIKKI.BIN_NIKKI_000__000000	1	\_DATA\NIKKI.BIN\NIKKI_000	8	240	192	1	yes	picture-diary page	a word	plain type	easy (flat page)	unused placeholder page: empty text columns and a 'this is a dummy picture' caption
_DATA_NIKKI.BIN_NIKKI_001__000000	1	\_DATA\NIKKI.BIN\NIKKI_001	8	240	192	1	yes	picture-diary page	a paragraph	plain type, vertical columns	easy (flat lined page)	crayon drawing on the upper half, 4-10 vertical text columns below; the date reads '8 month / day' with the numerals left blank for the renderer
_DATA_NIKKI.BIN_NIKKI_002__000000	1	\_DATA\NIKKI.BIN\NIKKI_002	8	240	192	1	yes	picture-diary page	a paragraph	plain type, vertical columns	easy (flat lined page)	crayon drawing on the upper half, 4-10 vertical text columns below; the date reads '8 month / day' with the numerals left blank for the renderer
_DATA_NIKKI.BIN_NIKKI_003__000000	1	\_DATA\NIKKI.BIN\NIKKI_003	8	240	192	1	yes	picture-diary page	a paragraph	plain type, vertical columns	easy (flat lined page)	crayon drawing on the upper half, 4-10 vertical text columns below; the date reads '8 month / day' with the numerals left blank for the renderer
_DATA_NIKKI.BIN_NIKKI_004__000000	1	\_DATA\NIKKI.BIN\NIKKI_004	8	240	192	1	yes	picture-diary page	a paragraph	plain type, vertical columns	easy (flat lined page)	crayon drawing on the upper half, 4-10 vertical text columns below; the date reads '8 month / day' with the numerals left blank for the renderer
_DATA_NIKKI.BIN_NIKKI_005__000000	1	\_DATA\NIKKI.BIN\NIKKI_005	8	240	192	1	yes	picture-diary page	a paragraph	plain type, vertical columns	easy (flat lined page)	crayon drawing on the upper half, 4-10 vertical text columns below; the date reads '8 month / day' with the numerals left blank for the renderer
_DATA_NIKKI.BIN_NIKKI_006__000000	1	\_DATA\NIKKI.BIN\NIKKI_006	8	240	192	1	yes	picture-diary page	a paragraph	plain type, vertical columns	easy (flat lined page)	crayon drawing on the upper half, 4-10 vertical text columns below; the date reads '8 month / day' with the numerals left blank for the renderer
_DATA_NIKKI.BIN_NIKKI_007__000000	1	\_DATA\NIKKI.BIN\NIKKI_007	8	240	192	1	yes	picture-diary page	a paragraph	plain type, vertical columns	easy (flat lined page)	crayon drawing on the upper half, 4-10 vertical text columns below; the date reads '8 month / day' with the numerals left blank for the renderer
_DATA_NIKKI.BIN_NIKKI_008__000000	1	\_DATA\NIKKI.BIN\NIKKI_008	8	240	192	1	yes	picture-diary page	a paragraph	plain type, vertical columns	easy (flat lined page)	crayon drawing on the upper half, 4-10 vertical text columns below; the date reads '8 month / day' with the numerals left blank for the renderer
_DATA_NIKKI.BIN_NIKKI_010__000000	1	\_DATA\NIKKI.BIN\NIKKI_010	8	240	192	1	yes	picture-diary page	a paragraph	plain type, vertical columns	easy (flat lined page)	crayon drawing on the upper half, 4-10 vertical text columns below; the date reads '8 month / day' with the numerals left blank for the renderer
_DATA_NIKKI.BIN_NIKKI_011__000000	1	\_DATA\NIKKI.BIN\NIKKI_011	8	240	192	1	yes	picture-diary page	a paragraph	plain type, vertical columns	easy (flat lined page)	crayon drawing on the upper half, 4-10 vertical text columns below; the date reads '8 month / day' with the numerals left blank for the renderer
_DATA_NIKKI.BIN_NIKKI_012__000000	1	\_DATA\NIKKI.BIN\NIKKI_012	8	240	192	1	yes	picture-diary page	a paragraph	plain type, vertical columns	easy (flat lined page)	crayon drawing on the upper half, 4-10 vertical text columns below; the date reads '8 month / day' with the numerals left blank for the renderer
_DATA_NIKKI.BIN_NIKKI_013__000000	1	\_DATA\NIKKI.BIN\NIKKI_013	8	240	192	1	yes	picture-diary page	a paragraph	plain type, vertical columns	easy (flat lined page)	crayon drawing on the upper half, 4-10 vertical text columns below; the date reads '8 month / day' with the numerals left blank for the renderer
_DATA_NIKKI.BIN_NIKKI_016__000000	1	\_DATA\NIKKI.BIN\NIKKI_016	8	240	192	1	yes	picture-diary page	a paragraph	plain type, vertical columns	easy (flat lined page)	crayon drawing on the upper half, 4-10 vertical text columns below; the date reads '8 month / day' with the numerals left blank for the renderer
_DATA_NIKKI.BIN_NIKKI_017__000000	1	\_DATA\NIKKI.BIN\NIKKI_017	8	240	192	1	yes	picture-diary page	a paragraph	plain type, vertical columns	easy (flat lined page)	crayon drawing on the upper half, 4-10 vertical text columns below; the date reads '8 month / day' with the numerals left blank for the renderer
_DATA_NIKKI.BIN_NIKKI_018__000000	1	\_DATA\NIKKI.BIN\NIKKI_018	8	240	192	1	yes	picture-diary page	a paragraph	plain type, vertical columns	easy (flat lined page)	crayon drawing on the upper half, 4-10 vertical text columns below; the date reads '8 month / day' with the numerals left blank for the renderer
_DATA_NIKKI.BIN_NIKKI_020__000000	1	\_DATA\NIKKI.BIN\NIKKI_020	8	240	192	1	yes	picture-diary page	a paragraph	plain type, vertical columns	easy (flat lined page)	crayon drawing on the upper half, 4-10 vertical text columns below; the date reads '8 month / day' with the numerals left blank for the renderer
_DATA_NIKKI.BIN_NIKKI_021__000000	1	\_DATA\NIKKI.BIN\NIKKI_021	8	240	192	1	yes	picture-diary page	a paragraph	plain type, vertical columns	easy (flat lined page)	crayon drawing on the upper half, 4-10 vertical text columns below; the date reads '8 month / day' with the numerals left blank for the renderer
_DATA_NIKKI.BIN_NIKKI_022__000000	1	\_DATA\NIKKI.BIN\NIKKI_022	8	240	192	1	yes	picture-diary page	a paragraph	plain type, vertical columns	easy (flat lined page)	crayon drawing on the upper half, 4-10 vertical text columns below; the date reads '8 month / day' with the numerals left blank for the renderer
_DATA_NIKKI.BIN_NIKKI_023__000000	1	\_DATA\NIKKI.BIN\NIKKI_023	8	240	192	1	yes	picture-diary page	a paragraph	plain type, vertical columns	easy (flat lined page)	crayon drawing on the upper half, 4-10 vertical text columns below; the date reads '8 month / day' with the numerals left blank for the renderer
_DATA_NIKKI.BIN_NIKKI_024__000000	1	\_DATA\NIKKI.BIN\NIKKI_024	8	240	192	1	yes	picture-diary page	a paragraph	plain type, vertical columns	easy (flat lined page)	crayon drawing on the upper half, 4-10 vertical text columns below; the date reads '8 month / day' with the numerals left blank for the renderer
_DATA_NIKKI.BIN_NIKKI_025__000000	1	\_DATA\NIKKI.BIN\NIKKI_025	8	240	192	1	yes	picture-diary page	a paragraph	plain type, vertical columns	easy (flat lined page)	crayon drawing on the upper half, 4-10 vertical text columns below; the date reads '8 month / day' with the numerals left blank for the renderer
_DATA_NIKKI.BIN_NIKKI_026__000000	1	\_DATA\NIKKI.BIN\NIKKI_026	8	240	192	1	yes	picture-diary page	a paragraph	plain type, vertical columns	easy (flat lined page)	crayon drawing on the upper half, 4-10 vertical text columns below; the date reads '8 month / day' with the numerals left blank for the renderer
_DATA_NIKKI.BIN_NIKKI_027__000000	1	\_DATA\NIKKI.BIN\NIKKI_027	8	240	192	1	yes	picture-diary page	a paragraph	plain type, vertical columns	easy (flat lined page)	crayon drawing on the upper half, 4-10 vertical text columns below; the date reads '8 month / day' with the numerals left blank for the renderer
_DATA_NIKKI.BIN_NIKKI_028__000000	1	\_DATA\NIKKI.BIN\NIKKI_028	8	240	192	1	yes	picture-diary page	a paragraph	plain type, vertical columns	easy (flat lined page)	crayon drawing on the upper half, 4-10 vertical text columns below; the date reads '8 month / day' with the numerals left blank for the renderer
_DATA_NIKKI.BIN_NIKKI_029__000000	1	\_DATA\NIKKI.BIN\NIKKI_029	8	240	192	1	yes	picture-diary page	a paragraph	plain type, vertical columns	easy (flat lined page)	crayon drawing on the upper half, 4-10 vertical text columns below; the date reads '8 month / day' with the numerals left blank for the renderer
_DATA_NIKKI.BIN_NIKKI_030__000000	1	\_DATA\NIKKI.BIN\NIKKI_030	8	240	192	1	yes	picture-diary page	a paragraph	plain type, vertical columns	easy (flat lined page)	crayon drawing on the upper half, 4-10 vertical text columns below; the date reads '8 month / day' with the numerals left blank for the renderer
_DATA_NIKKI.BIN_NIKKI_031__000000	1	\_DATA\NIKKI.BIN\NIKKI_031	8	240	192	1	yes	picture-diary page	a paragraph	plain type, vertical columns	easy (flat lined page)	crayon drawing on the upper half, 4-10 vertical text columns below; the date reads '8 month / day' with the numerals left blank for the renderer
_DATA_NIKKI.BIN_NIKKI_033__000000	1	\_DATA\NIKKI.BIN\NIKKI_033	8	240	192	1	yes	picture-diary page	a paragraph	plain type, vertical columns	easy (flat lined page)	crayon drawing on the upper half, 4-10 vertical text columns below; the date reads '8 month / day' with the numerals left blank for the renderer
_DATA_NIKKI.BIN_NIKKI_034__000000	1	\_DATA\NIKKI.BIN\NIKKI_034	8	240	192	1	yes	picture-diary page	a paragraph	plain type, vertical columns	easy (flat lined page)	crayon drawing on the upper half, 4-10 vertical text columns below; the date reads '8 month / day' with the numerals left blank for the renderer
_DATA_NIKKI.BIN_NIKKI_035__000000	1	\_DATA\NIKKI.BIN\NIKKI_035	8	240	192	1	yes	picture-diary page	a paragraph	plain type, vertical columns	easy (flat lined page)	crayon drawing on the upper half, 4-10 vertical text columns below; the date reads '8 month / day' with the numerals left blank for the renderer
_DATA_NIKKI.BIN_NIKKI_036__000000	1	\_DATA\NIKKI.BIN\NIKKI_036	8	240	192	1	yes	picture-diary page	a paragraph	plain type, vertical columns	easy (flat lined page)	crayon drawing on the upper half, 4-10 vertical text columns below; the date reads '8 month / day' with the numerals left blank for the renderer
_DATA_NIKKI.BIN_NIKKI_037__000000	1	\_DATA\NIKKI.BIN\NIKKI_037	8	240	192	1	yes	picture-diary page	a paragraph	plain type, vertical columns	easy (flat lined page)	crayon drawing on the upper half, 4-10 vertical text columns below; the date reads '8 month / day' with the numerals left blank for the renderer
_DATA_NIKKI.BIN_NIKKI_038__000000	1	\_DATA\NIKKI.BIN\NIKKI_038	8	240	192	1	yes	picture-diary page	a paragraph	plain type, vertical columns	easy (flat lined page)	crayon drawing on the upper half, 4-10 vertical text columns below; the date reads '8 month / day' with the numerals left blank for the renderer
_DATA_NIKKI.BIN_NIKKI_039__000000	1	\_DATA\NIKKI.BIN\NIKKI_039	8	240	192	1	yes	picture-diary page	a paragraph	plain type, vertical columns	easy (flat lined page)	crayon drawing on the upper half, 4-10 vertical text columns below; the date reads '8 month / day' with the numerals left blank for the renderer
_DATA_NIKKI.BIN_NIKKI_040__000000	1	\_DATA\NIKKI.BIN\NIKKI_040	8	240	192	1	yes	picture-diary page	a paragraph	plain type, vertical columns	easy (flat lined page)	crayon drawing on the upper half, 4-10 vertical text columns below; the date reads '8 month / day' with the numerals left blank for the renderer
_DATA_NIKKI.BIN_NIKKI_041__000000	1	\_DATA\NIKKI.BIN\NIKKI_041	8	240	192	1	yes	picture-diary page	a paragraph	plain type, vertical columns	easy (flat lined page)	crayon drawing on the upper half, 4-10 vertical text columns below; the date reads '8 month / day' with the numerals left blank for the renderer
_DATA_NIKKI.BIN_NIKKI_042__000000	1	\_DATA\NIKKI.BIN\NIKKI_042	8	240	192	1	yes	picture-diary page	a paragraph	plain type, vertical columns	easy (flat lined page)	crayon drawing on the upper half, 4-10 vertical text columns below; the date reads '8 month / day' with the numerals left blank for the renderer
_DATA_NIKKI.BIN_NIKKI_044__000000	1	\_DATA\NIKKI.BIN\NIKKI_044	8	240	192	1	yes	picture-diary page	a paragraph	plain type, vertical columns	easy (flat lined page)	crayon drawing on the upper half, 4-10 vertical text columns below; the date reads '8 month / day' with the numerals left blank for the renderer
_DATA_NIKKI.BIN_NIKKI_045__000000	1	\_DATA\NIKKI.BIN\NIKKI_045	8	240	192	1	yes	picture-diary page	a paragraph	plain type, vertical columns	easy (flat lined page)	crayon drawing on the upper half, 4-10 vertical text columns below; the date reads '8 month / day' with the numerals left blank for the renderer
_DATA_NIKKI.BIN_NIKKI_046__000000	1	\_DATA\NIKKI.BIN\NIKKI_046	8	240	192	1	yes	picture-diary page	a paragraph	plain type, vertical columns	easy (flat lined page)	crayon drawing on the upper half, 4-10 vertical text columns below; the date reads '8 month / day' with the numerals left blank for the renderer
_DATA_NIKKI.BIN_NIKKI_047__000000	1	\_DATA\NIKKI.BIN\NIKKI_047	8	240	192	1	yes	picture-diary page	a paragraph	plain type, vertical columns	easy (flat lined page)	crayon drawing on the upper half, 4-10 vertical text columns below; the date reads '8 month / day' with the numerals left blank for the renderer
_DATA_NIKKI.BIN_NIKKI_048__000000	1	\_DATA\NIKKI.BIN\NIKKI_048	8	240	192	1	yes	picture-diary page	a paragraph	plain type, vertical columns	easy (flat lined page)	crayon drawing on the upper half, 4-10 vertical text columns below; the date reads '8 month / day' with the numerals left blank for the renderer
_DATA_NIKKI.BIN_NIKKI_049__000000	1	\_DATA\NIKKI.BIN\NIKKI_049	8	240	192	1	yes	picture-diary page	a paragraph	plain type, vertical columns	easy (flat lined page)	crayon drawing on the upper half, 4-10 vertical text columns below; the date reads '8 month / day' with the numerals left blank for the renderer
_DATA_NIKKI.BIN_NIKKI_050__000000	1	\_DATA\NIKKI.BIN\NIKKI_050	8	240	192	1	yes	picture-diary page	a paragraph	plain type, vertical columns	easy (flat lined page)	crayon drawing on the upper half, 4-10 vertical text columns below; the date reads '8 month / day' with the numerals left blank for the renderer
_DATA_NIKKI.BIN_NIKKI_051__000000	1	\_DATA\NIKKI.BIN\NIKKI_051	8	240	192	1	yes	picture-diary page	a paragraph	plain type, vertical columns	easy (flat lined page)	crayon drawing on the upper half, 4-10 vertical text columns below; the date reads '8 month / day' with the numerals left blank for the renderer
_DATA_NIKKI.BIN_NIKKI_052__000000	1	\_DATA\NIKKI.BIN\NIKKI_052	8	240	192	1	yes	picture-diary page	a paragraph	plain type, vertical columns	easy (flat lined page)	crayon drawing on the upper half, 4-10 vertical text columns below; the date reads '8 month / day' with the numerals left blank for the renderer
_DATA_NIKKI.BIN_NIKKI_053__000000	1	\_DATA\NIKKI.BIN\NIKKI_053	8	240	192	1	yes	picture-diary page	a paragraph	plain type, vertical columns	easy (flat lined page)	crayon drawing on the upper half, 4-10 vertical text columns below; the date reads '8 month / day' with the numerals left blank for the renderer
_DATA_NIKKI.BIN_NIKKI_054__000000	1	\_DATA\NIKKI.BIN\NIKKI_054	8	240	192	1	yes	picture-diary page	a paragraph	plain type, vertical columns	easy (flat lined page)	crayon drawing on the upper half, 4-10 vertical text columns below; the date reads '8 month / day' with the numerals left blank for the renderer
_DATA_NIKKI.BIN_NIKKI_055__000000	1	\_DATA\NIKKI.BIN\NIKKI_055	8	240	192	1	yes	picture-diary page	a paragraph	plain type, vertical columns	easy (flat lined page)	crayon drawing on the upper half, 4-10 vertical text columns below; the date reads '8 month / day' with the numerals left blank for the renderer
_DATA_NIKKI.BIN_NIKKI_056__000000	1	\_DATA\NIKKI.BIN\NIKKI_056	8	240	192	1	yes	picture-diary page	a paragraph	plain type, vertical columns	easy (flat lined page)	crayon drawing on the upper half, 4-10 vertical text columns below; the date reads '8 month / day' with the numerals left blank for the renderer
_DATA_NIKKI.BIN_NIKKI_057__000000	1	\_DATA\NIKKI.BIN\NIKKI_057	8	240	192	1	yes	picture-diary page	a paragraph	plain type, vertical columns	easy (flat lined page)	crayon drawing on the upper half, 4-10 vertical text columns below; the date reads '8 month / day' with the numerals left blank for the renderer
_DATA_NIKKI.BIN_NIKKI_058__000000	1	\_DATA\NIKKI.BIN\NIKKI_058	8	240	192	1	yes	picture-diary page	a paragraph	plain type, vertical columns	easy (flat lined page)	crayon drawing on the upper half, 4-10 vertical text columns below; the date reads '8 month / day' with the numerals left blank for the renderer
_DATA_NIKKI.BIN_NIKKI_059__000000	1	\_DATA\NIKKI.BIN\NIKKI_059	8	240	192	1	yes	picture-diary page	a paragraph	plain type, vertical columns	easy (flat lined page)	crayon drawing on the upper half, 4-10 vertical text columns below; the date reads '8 month / day' with the numerals left blank for the renderer
_DATA_NIKKI.BIN_NIKKI_060__000000	1	\_DATA\NIKKI.BIN\NIKKI_060	8	240	192	1	yes	picture-diary page	a paragraph	plain type, vertical columns	easy (flat lined page)	crayon drawing on the upper half, 4-10 vertical text columns below; the date reads '8 month / day' with the numerals left blank for the renderer
_DATA_NIKKI.BIN_NIKKI_061__000000	1	\_DATA\NIKKI.BIN\NIKKI_061	8	240	192	1	yes	picture-diary page	a paragraph	plain type, vertical columns	easy (flat lined page)	crayon drawing on the upper half, 4-10 vertical text columns below; the date reads '8 month / day' with the numerals left blank for the renderer
_DATA_NIKKI.BIN_NIKKI_063__000000	1	\_DATA\NIKKI.BIN\NIKKI_063	8	240	192	1	yes	picture-diary page	a paragraph	plain type, vertical columns	easy (flat lined page)	crayon drawing on the upper half, 4-10 vertical text columns below; the date reads '8 month / day' with the numerals left blank for the renderer
_DATA_NIKKI.BIN_NIKKI_064__000000	1	\_DATA\NIKKI.BIN\NIKKI_064	8	240	192	1	yes	picture-diary page	a paragraph	plain type, vertical columns	easy (flat lined page)	crayon drawing on the upper half, 4-10 vertical text columns below; the date reads '8 month / day' with the numerals left blank for the renderer
_DATA_NIKKI.BIN_NIKKI_065__000000	1	\_DATA\NIKKI.BIN\NIKKI_065	8	240	192	1	yes	picture-diary page	a paragraph	plain type, vertical columns	easy (flat lined page)	crayon drawing on the upper half, 4-10 vertical text columns below; the date reads '8 month / day' with the numerals left blank for the renderer
_DATA_NIKKI.BIN_NIKKI_066__000000	1	\_DATA\NIKKI.BIN\NIKKI_066	8	240	192	1	yes	picture-diary page	a paragraph	plain type, vertical columns	easy (flat lined page)	crayon drawing on the upper half, 4-10 vertical text columns below; the date reads '8 month / day' with the numerals left blank for the renderer
_DATA_NIKKI.BIN_NIKKI_067__000000	1	\_DATA\NIKKI.BIN\NIKKI_067	8	240	192	1	yes	picture-diary page	a paragraph	plain type, vertical columns	easy (flat lined page)	crayon drawing on the upper half, 4-10 vertical text columns below; the date reads '8 month / day' with the numerals left blank for the renderer
_DATA_NIKKI.BIN_NIKKI_068__000000	1	\_DATA\NIKKI.BIN\NIKKI_068	8	240	192	1	yes	picture-diary page	a paragraph	plain type, vertical columns	easy (flat lined page)	crayon drawing on the upper half, 4-10 vertical text columns below; the date reads '8 month / day' with the numerals left blank for the renderer
_DATA_NIKKI.BIN_NIKKI_069__000000	1	\_DATA\NIKKI.BIN\NIKKI_069	8	240	192	1	yes	picture-diary page	a paragraph	plain type, vertical columns	easy (flat lined page)	crayon drawing on the upper half, 4-10 vertical text columns below; the date reads '8 month / day' with the numerals left blank for the renderer
_DATA_NIKKI.BIN_NIKKI_070__000000	1	\_DATA\NIKKI.BIN\NIKKI_070	8	240	192	1	yes	picture-diary page	a paragraph	plain type, vertical columns	easy (flat lined page)	crayon drawing on the upper half, 4-10 vertical text columns below; the date reads '8 month / day' with the numerals left blank for the renderer
_DATA_NIKKI.BIN_NIKKI_071__000000	1	\_DATA\NIKKI.BIN\NIKKI_071	8	240	192	1	yes	picture-diary page	a paragraph	plain type, vertical columns	easy (flat lined page)	crayon drawing on the upper half, 4-10 vertical text columns below; the date reads '8 month / day' with the numerals left blank for the renderer
_DATA_NIKKI.BIN_NIKKI_072__000000	1	\_DATA\NIKKI.BIN\NIKKI_072	8	240	192	1	yes	picture-diary page	a paragraph	plain type, vertical columns	easy (flat lined page)	crayon drawing on the upper half, 4-10 vertical text columns below; the date reads '8 month / day' with the numerals left blank for the renderer
_DATA_NIKKI.BIN_NIKKI_073__000000	1	\_DATA\NIKKI.BIN\NIKKI_073	8	240	192	1	yes	picture-diary page	a paragraph	plain type, vertical columns	easy (flat lined page)	crayon drawing on the upper half, 4-10 vertical text columns below; the date reads '8 month / day' with the numerals left blank for the renderer
_DATA_NIKKI.BIN_NIKKI_074__000000	1	\_DATA\NIKKI.BIN\NIKKI_074	8	240	192	1	yes	picture-diary page	a paragraph	plain type, vertical columns	easy (flat lined page)	crayon drawing on the upper half, 4-10 vertical text columns below; the date reads '8 month / day' with the numerals left blank for the renderer
_DATA_NIKKI.BIN_NIKKI_075__000000	1	\_DATA\NIKKI.BIN\NIKKI_075	8	240	192	1	yes	picture-diary page	a paragraph	plain type, vertical columns	easy (flat lined page)	crayon drawing on the upper half, 4-10 vertical text columns below; the date reads '8 month / day' with the numerals left blank for the renderer
_DATA_NIKKI.BIN_NIKKI_076__000000	1	\_DATA\NIKKI.BIN\NIKKI_076	8	240	192	1	yes	picture-diary page	a paragraph	plain type, vertical columns	easy (flat lined page)	crayon drawing on the upper half, 4-10 vertical text columns below; the date reads '8 month / day' with the numerals left blank for the renderer
_DATA_NIKKI.BIN_NIKKI_077__000000	1	\_DATA\NIKKI.BIN\NIKKI_077	8	240	192	1	yes	picture-diary page	a paragraph	plain type, vertical columns	easy (flat lined page)	crayon drawing on the upper half, 4-10 vertical text columns below; the date reads '8 month / day' with the numerals left blank for the renderer
_DATA_NIKKI.BIN_NIKKI_078__000000	1	\_DATA\NIKKI.BIN\NIKKI_078	8	240	192	1	yes	picture-diary page	a paragraph	plain type, vertical columns	easy (flat lined page)	crayon drawing on the upper half, 4-10 vertical text columns below; the date reads '8 month / day' with the numerals left blank for the renderer
_DATA_NIKKI.BIN_NIKKI_079__000000	1	\_DATA\NIKKI.BIN\NIKKI_079	8	240	192	1	yes	picture-diary page	a paragraph	plain type, vertical columns	easy (flat lined page)	crayon drawing on the upper half, 4-10 vertical text columns below; the date reads '8 month / day' with the numerals left blank for the renderer
_DATA_NIKKI.BIN_NIKKI_080__000000	1	\_DATA\NIKKI.BIN\NIKKI_080	8	240	192	1	yes	picture-diary page	a paragraph	plain type, vertical columns	easy (flat lined page)	crayon drawing on the upper half, 4-10 vertical text columns below; the date reads '8 month / day' with the numerals left blank for the renderer
_DATA_NIKKI.BIN_NIKKI_081__000000	1	\_DATA\NIKKI.BIN\NIKKI_081	8	240	192	1	yes	picture-diary page	a paragraph	plain type, vertical columns	easy (flat lined page)	crayon drawing on the upper half, 4-10 vertical text columns below; the date reads '8 month / day' with the numerals left blank for the renderer
_DATA_NIKKI.BIN_NIKKI_082__000000	1	\_DATA\NIKKI.BIN\NIKKI_082	8	240	192	1	yes	picture-diary page	a paragraph	plain type, vertical columns	easy (flat lined page)	crayon drawing on the upper half, 4-10 vertical text columns below; the date reads '8 month / day' with the numerals left blank for the renderer
_DATA_NIKKI.BIN_NIKKI_083__000000	1	\_DATA\NIKKI.BIN\NIKKI_083	8	240	192	1	yes	picture-diary page	a paragraph	plain type, vertical columns	easy (flat lined page)	crayon drawing on the upper half, 4-10 vertical text columns below; the date reads '8 month / day' with the numerals left blank for the renderer
_DATA_NIKKI.BIN_NIKKI_084__000000	1	\_DATA\NIKKI.BIN\NIKKI_084	8	240	192	1	yes	picture-diary page	a paragraph	plain type, vertical columns	easy (flat lined page)	crayon drawing on the upper half, 4-10 vertical text columns below; the date reads '8 month / day' with the numerals left blank for the renderer
_DATA_NIKKI.BIN_NIKKI_085__000000	1	\_DATA\NIKKI.BIN\NIKKI_085	8	240	192	1	yes	picture-diary page	a paragraph	plain type, vertical columns	easy (flat lined page)	crayon drawing on the upper half, 4-10 vertical text columns below; the date reads '8 month / day' with the numerals left blank for the renderer
_DATA_NIKKI.BIN_NIKKI_086__000000	1	\_DATA\NIKKI.BIN\NIKKI_086	8	240	192	1	yes	picture-diary page	a paragraph	plain type, vertical columns	easy (flat lined page)	crayon drawing on the upper half, 4-10 vertical text columns below; the date reads '8 month / day' with the numerals left blank for the renderer
_DATA_NIKKI.BIN_NIKKI_087__000000	1	\_DATA\NIKKI.BIN\NIKKI_087	8	240	192	1	yes	picture-diary page	a paragraph	plain type, vertical columns	easy (flat lined page)	crayon drawing on the upper half, 4-10 vertical text columns below; the date reads '8 month / day' with the numerals left blank for the renderer
_DATA_NIKKI.BIN_NIKKI_088__000000	1	\_DATA\NIKKI.BIN\NIKKI_088	8	240	192	1	yes	picture-diary page	a paragraph	plain type, vertical columns	easy (flat lined page)	crayon drawing on the upper half, 4-10 vertical text columns below; the date reads '8 month / day' with the numerals left blank for the renderer
_DATA_NIKKI.BIN_NIKKI_089__000000	1	\_DATA\NIKKI.BIN\NIKKI_089	8	240	192	1	yes	picture-diary page	a paragraph	plain type, vertical columns	easy (flat lined page)	crayon drawing on the upper half, 4-10 vertical text columns below; the date reads '8 month / day' with the numerals left blank for the renderer
_DATA_NIKKI.BIN_NIKKI_090__000000	1	\_DATA\NIKKI.BIN\NIKKI_090	8	240	192	1	yes	picture-diary page	a paragraph	plain type, vertical columns	easy (flat lined page)	crayon drawing on the upper half, 4-10 vertical text columns below; the date reads '8 month / day' with the numerals left blank for the renderer
_DATA_NIKKI.BIN_NIKKI_091__000000	1	\_DATA\NIKKI.BIN\NIKKI_091	8	240	192	1	yes	picture-diary page	a paragraph	plain type, vertical columns	easy (flat lined page)	crayon drawing on the upper half, 4-10 vertical text columns below; the date reads '8 month / day' with the numerals left blank for the renderer
_DATA_NIKKI.BIN_NIKKI_092__000000	1	\_DATA\NIKKI.BIN\NIKKI_092	8	240	192	1	yes	picture-diary page	a paragraph	plain type, vertical columns	easy (flat lined page)	crayon drawing on the upper half, 4-10 vertical text columns below; the date reads '8 month / day' with the numerals left blank for the renderer
_DATA_NIKKI.BIN_NIKKI_093__000000	1	\_DATA\NIKKI.BIN\NIKKI_093	8	240	192	1	yes	picture-diary page	a paragraph	plain type, vertical columns	easy (flat lined page)	crayon drawing on the upper half, 4-10 vertical text columns below; the date reads '8 month / day' with the numerals left blank for the renderer
_DATA_NIKKI.BIN_NIKKI_094__000000	1	\_DATA\NIKKI.BIN\NIKKI_094	8	240	192	1	yes	picture-diary page	a paragraph	plain type, vertical columns	easy (flat lined page)	crayon drawing on the upper half, 4-10 vertical text columns below; the date reads '8 month / day' with the numerals left blank for the renderer
_DATA_NIKKI.BIN_NIKKI_095__000000	1	\_DATA\NIKKI.BIN\NIKKI_095	8	240	192	1	yes	picture-diary page	a paragraph	plain type, vertical columns	easy (flat lined page)	crayon drawing on the upper half, 4-10 vertical text columns below; the date reads '8 month / day' with the numerals left blank for the renderer
_DATA_NIKKI.BIN_NIKKI_096__000000	1	\_DATA\NIKKI.BIN\NIKKI_096	8	240	192	1	yes	picture-diary page	a paragraph	plain type, vertical columns	easy (flat lined page)	crayon drawing on the upper half, 4-10 vertical text columns below; the date reads '8 month / day' with the numerals left blank for the renderer
_DATA_NIKKI.BIN_NIKKI_097__000000	1	\_DATA\NIKKI.BIN\NIKKI_097	8	240	192	1	yes	picture-diary page	a paragraph	plain type, vertical columns	easy (flat lined page)	crayon drawing on the upper half, 4-10 vertical text columns below; the date reads '8 month / day' with the numerals left blank for the renderer
_DATA_NIKKI.BIN_NIKKI_098__000000	1	\_DATA\NIKKI.BIN\NIKKI_098	8	240	192	1	yes	picture-diary page	a paragraph	plain type, vertical columns	easy (flat lined page)	crayon drawing on the upper half, 4-10 vertical text columns below; the date reads '8 month / day' with the numerals left blank for the renderer
_DATA_NIKKI.BIN_NIKKI_099__000000	1	\_DATA\NIKKI.BIN\NIKKI_099	8	240	192	1	yes	picture-diary page	a paragraph	plain type, vertical columns	easy (flat lined page)	crayon drawing on the upper half, 4-10 vertical text columns below; the date reads '8 month / day' with the numerals left blank for the renderer
_DATA_NIKKI.BIN_NIKKI_100__000000	1	\_DATA\NIKKI.BIN\NIKKI_100	8	240	192	1	yes	picture-diary page	a paragraph	plain type, vertical columns	easy (flat lined page)	crayon drawing on the upper half, 4-10 vertical text columns below; the date reads '8 month / day' with the numerals left blank for the renderer
_DATA_TZKAN.BIN__000044	1	\_DATA\TZKAN.BIN	8	244	186	1	yes	insect/fish/item book	a paragraph	plain type, vertical	easy (flat page)	kite encyclopedia spread: kite name, difficulty bracket, how to build it
_DATA_TZKAN.BIN__00b3ac	1	\_DATA\TZKAN.BIN	8	244	186	1	yes	insect/fish/item book	a paragraph	plain type, vertical	easy (flat page)	kite encyclopedia spread: kite name, difficulty bracket, how to build it
_DATA_TZKAN.BIN__016714	1	\_DATA\TZKAN.BIN	8	244	186	1	yes	insect/fish/item book	a paragraph	plain type, vertical	easy (flat page)	kite encyclopedia spread: kite name, difficulty bracket, how to build it
_DATA_TZKAN.BIN__021a7c	1	\_DATA\TZKAN.BIN	8	244	186	1	yes	insect/fish/item book	a paragraph	plain type, vertical	easy (flat page)	kite encyclopedia spread: kite name, difficulty bracket, how to build it
_DATA_TZKAN.BIN__02cde4	1	\_DATA\TZKAN.BIN	8	244	186	1	yes	insect/fish/item book	a paragraph	plain type, vertical	easy (flat page)	kite encyclopedia spread: kite name, difficulty bracket, how to build it
_DATA_TZKAN.BIN__03814c	1	\_DATA\TZKAN.BIN	8	244	186	1	yes	insect/fish/item book	a paragraph	plain type, vertical	easy (flat page)	kite encyclopedia spread: kite name, difficulty bracket, how to build it
_DATA_TZKAN.BIN__0434b4	1	\_DATA\TZKAN.BIN	8	244	186	1	yes	insect/fish/item book	a paragraph	plain type, vertical	easy (flat page)	kite encyclopedia spread: kite name, difficulty bracket, how to build it
_DATA_TZKAN.BIN__04e81c	1	\_DATA\TZKAN.BIN	8	244	186	1	yes	insect/fish/item book	a paragraph	plain type, vertical	easy (flat page)	kite encyclopedia spread: kite name, difficulty bracket, how to build it
_DATA_MZ00.BIN__0160b0	2	\_DATA\MZ00.BIN;\_DATA\MZ01.BIN	8	104	256	3	no	other	none	n/a	n/a	UI atlas page with no lettering (a framed picture wall; the insect sprite strip)
_DATA_TK_ITM.BIN__000044	1	\_DATA\TK_ITM.BIN	8	128	148	1	no	other	none	n/a	n/a	collection picture (fish / kite) on a plain field, no lettering
_DATA_TK_ITM.BIN__004c64	1	\_DATA\TK_ITM.BIN	8	128	148	1	no	other	none	n/a	n/a	collection picture (fish / kite) on a plain field, no lettering
_DATA_TK_ITM.BIN__009884	1	\_DATA\TK_ITM.BIN	8	128	148	1	no	other	none	n/a	n/a	collection picture (fish / kite) on a plain field, no lettering
_DATA_TK_ITM.BIN__00e4a4	1	\_DATA\TK_ITM.BIN	8	128	148	1	no	other	none	n/a	n/a	collection picture (fish / kite) on a plain field, no lettering
_DATA_TK_ITM.BIN__0130c4	1	\_DATA\TK_ITM.BIN	8	128	148	1	no	other	none	n/a	n/a	collection picture (fish / kite) on a plain field, no lettering
_DATA_TK_ITM.BIN__017ce4	1	\_DATA\TK_ITM.BIN	8	128	148	1	no	other	none	n/a	n/a	collection picture (fish / kite) on a plain field, no lettering
_DATA_TK_ITM.BIN__01c904	1	\_DATA\TK_ITM.BIN	8	128	148	1	no	other	none	n/a	n/a	collection picture (fish / kite) on a plain field, no lettering
_DATA_TK_ITM.BIN__021524	1	\_DATA\TK_ITM.BIN	8	128	148	1	no	other	none	n/a	n/a	collection picture (fish / kite) on a plain field, no lettering
_DATA_PK_ITM.BIN__00006c	2	\_DATA\PK_ITM.BIN;\_DATA\SBP01.TIM	8	112	150	1	yes	insect/fish/item book	a line	stylised handwriting	easy (flat card)	item picture: the radio-exercise attendance card, title plus a footer line
_DATA_FISH00.BIN__000074	2	\_DATA\FISH00.BIN;\_DATA\FISH01.BIN	8	128	88	1	no	other	none	n/a	n/a	collection picture (fish / kite) on a plain field, no lettering
_DATA_FISH00.BIN__002e94	2	\_DATA\FISH00.BIN;\_DATA\FISH01.BIN	8	128	88	1	no	other	none	n/a	n/a	collection picture (fish / kite) on a plain field, no lettering
_DATA_FISH00.BIN__005cb4	2	\_DATA\FISH00.BIN;\_DATA\FISH01.BIN	8	128	88	1	no	other	none	n/a	n/a	collection picture (fish / kite) on a plain field, no lettering
_DATA_FISH00.BIN__008ad4	2	\_DATA\FISH00.BIN;\_DATA\FISH01.BIN	8	128	88	1	no	other	none	n/a	n/a	collection picture (fish / kite) on a plain field, no lettering
_DATA_FISH00.BIN__00b8f4	1	\_DATA\FISH00.BIN	8	128	88	1	no	other	none	n/a	n/a	collection picture (fish / kite) on a plain field, no lettering
_DATA_FISH00.BIN__00e714	1	\_DATA\FISH00.BIN	8	128	88	1	no	other	none	n/a	n/a	collection picture (fish / kite) on a plain field, no lettering
_DATA_FISH00.BIN__011534	1	\_DATA\FISH00.BIN	8	128	88	1	no	other	none	n/a	n/a	collection picture (fish / kite) on a plain field, no lettering
_DATA_FISH00.BIN__014354	1	\_DATA\FISH00.BIN	8	128	88	1	no	other	none	n/a	n/a	collection picture (fish / kite) on a plain field, no lettering
_DATA_FISH00.BIN__017174	1	\_DATA\FISH00.BIN	8	128	88	1	no	other	none	n/a	n/a	collection picture (fish / kite) on a plain field, no lettering
_DATA_FISH00.BIN__019f94	1	\_DATA\FISH00.BIN	8	128	88	1	no	other	none	n/a	n/a	collection picture (fish / kite) on a plain field, no lettering
_DATA_FISH00.BIN__01cdb4	1	\_DATA\FISH00.BIN	8	128	88	1	no	other	none	n/a	n/a	collection picture (fish / kite) on a plain field, no lettering
_DATA_FISH00.BIN__01fbd4	1	\_DATA\FISH00.BIN	8	128	88	1	no	other	none	n/a	n/a	collection picture (fish / kite) on a plain field, no lettering
_DATA_FISH00.BIN__0229f4	1	\_DATA\FISH00.BIN	8	128	88	1	no	other	none	n/a	n/a	collection picture (fish / kite) on a plain field, no lettering
_DATA_FISH00.BIN__025814	1	\_DATA\FISH00.BIN	8	128	88	1	no	other	none	n/a	n/a	collection picture (fish / kite) on a plain field, no lettering
_DATA_PK_ITM.BIN__00442c	2	\_DATA\PK_ITM.BIN;\_DATA\SBP02.TIM	8	128	88	1	yes	signage or label	a word	package lettering	medium	item picture: packaged food, a few kana on the wrapper/jar label
_DATA_PK_ITM.BIN__00724c	2	\_DATA\PK_ITM.BIN;\_DATA\SBP03.TIM	8	128	88	1	no	other	none	n/a	n/a	item picture, no lettering
_DATA_PK_ITM.BIN__00a06c	2	\_DATA\PK_ITM.BIN;\_DATA\SBP04.TIM	8	128	88	1	no	other	none	n/a	n/a	item picture, no lettering
_DATA_PK_ITM.BIN__00ce8c	2	\_DATA\PK_ITM.BIN;\_DATA\SBP05.TIM	8	128	88	1	yes	signage or label	a word	package lettering	medium	item picture: packaged food, a few kana on the wrapper/jar label
_DATA_PK_ITM.BIN__00fcac	2	\_DATA\PK_ITM.BIN;\_DATA\SBP06.TIM	8	128	88	1	no	other	none	n/a	n/a	item picture, no lettering
_DATA_PK_ITM.BIN__012acc	2	\_DATA\PK_ITM.BIN;\_DATA\SBP07.TIM	8	128	88	1	maybe	insect/fish/item book	a word	unknown	hard (over artwork)	item picture: an old book, title embossed and hard to read
_DATA_PK_ITM.BIN__0158ec	2	\_DATA\PK_ITM.BIN;\_DATA\SBP08.TIM	8	128	88	1	no	other	none	n/a	n/a	item picture, no lettering
_DATA_PK_ITM.BIN__01870c	2	\_DATA\PK_ITM.BIN;\_DATA\SBP09.TIM	8	128	88	1	no	other	none	n/a	n/a	item picture, no lettering
_DATA_PK_ITM.BIN__01b52c	2	\_DATA\PK_ITM.BIN;\_DATA\SBP10.TIM	8	128	88	1	no	other	none	n/a	n/a	item picture, no lettering
_DATA_PK_ITM.BIN__01e34c	2	\_DATA\PK_ITM.BIN;\_DATA\SBP11.TIM	8	128	88	1	no	other	none	n/a	n/a	item picture, no lettering
_DATA_PK_ITM.BIN__02116c	2	\_DATA\PK_ITM.BIN;\_DATA\SBP12.TIM	8	128	88	1	no	other	none	n/a	n/a	item picture, no lettering
_DATA_PK_ITM.BIN__023f8c	2	\_DATA\PK_ITM.BIN;\_DATA\SBP13.TIM	8	128	88	1	no	other	none	n/a	n/a	item picture, no lettering
_DATA_PK_PHO.BIN__00009c	2	\_DATA\PK_PHO.BIN;\_DATA\SBP14_01.TIM	8	128	88	1	no	other	none	n/a	n/a	photo-album picture in a print border; the only lettering is a tiny Latin film-brand mark
_DATA_PK_PHO.BIN__002ebc	2	\_DATA\PK_PHO.BIN;\_DATA\SBP14_02.TIM	8	128	88	1	no	other	none	n/a	n/a	photo-album picture in a print border; the only lettering is a tiny Latin film-brand mark
_DATA_PK_PHO.BIN__005cdc	2	\_DATA\PK_PHO.BIN;\_DATA\SBP14_03.TIM	8	128	88	1	no	other	none	n/a	n/a	photo-album picture in a print border; the only lettering is a tiny Latin film-brand mark
_DATA_PK_PHO.BIN__008afc	2	\_DATA\PK_PHO.BIN;\_DATA\SBP14_04.TIM	8	128	88	1	no	other	none	n/a	n/a	photo-album picture in a print border; the only lettering is a tiny Latin film-brand mark
_DATA_PK_PHO.BIN__00b91c	2	\_DATA\PK_PHO.BIN;\_DATA\SBP14_05.TIM	8	128	88	1	no	other	none	n/a	n/a	photo-album picture in a print border; the only lettering is a tiny Latin film-brand mark
_DATA_PK_PHO.BIN__00e73c	2	\_DATA\PK_PHO.BIN;\_DATA\SBP14_06.TIM	8	128	88	1	no	other	none	n/a	n/a	photo-album picture in a print border; the only lettering is a tiny Latin film-brand mark
_DATA_PK_PHO.BIN__01155c	2	\_DATA\PK_PHO.BIN;\_DATA\SBP14_07.TIM	8	128	88	1	no	other	none	n/a	n/a	photo-album picture in a print border; the only lettering is a tiny Latin film-brand mark
_DATA_PK_PHO.BIN__01437c	2	\_DATA\PK_PHO.BIN;\_DATA\SBP14_08.TIM	8	128	88	1	no	other	none	n/a	n/a	photo-album picture in a print border; the only lettering is a tiny Latin film-brand mark
_DATA_PK_PHO.BIN__01719c	2	\_DATA\PK_PHO.BIN;\_DATA\SBP14_09.TIM	8	128	88	1	no	other	none	n/a	n/a	photo-album picture in a print border; the only lettering is a tiny Latin film-brand mark
_DATA_PK_PHO.BIN__019fbc	2	\_DATA\PK_PHO.BIN;\_DATA\SBP14_10.TIM	8	128	88	1	no	other	none	n/a	n/a	photo-album picture in a print border; the only lettering is a tiny Latin film-brand mark
_DATA_PK_PHO.BIN__01cddc	2	\_DATA\PK_PHO.BIN;\_DATA\SBP14_11.TIM	8	128	88	1	no	other	none	n/a	n/a	photo-album picture in a print border; the only lettering is a tiny Latin film-brand mark
_DATA_PK_PHO.BIN__01fbfc	2	\_DATA\PK_PHO.BIN;\_DATA\SBP14_12.TIM	8	128	88	1	no	other	none	n/a	n/a	photo-album picture in a print border; the only lettering is a tiny Latin film-brand mark
_DATA_PK_PHO.BIN__022a1c	2	\_DATA\PK_PHO.BIN;\_DATA\SBP14_13.TIM	8	128	88	1	no	other	none	n/a	n/a	photo-album picture in a print border; the only lettering is a tiny Latin film-brand mark
_DATA_PK_PHO.BIN__02583c	2	\_DATA\PK_PHO.BIN;\_DATA\SBP14_14.TIM	8	128	88	1	no	other	none	n/a	n/a	photo-album picture in a print border; the only lettering is a tiny Latin film-brand mark
_DATA_PK_PHO.BIN__02865c	2	\_DATA\PK_PHO.BIN;\_DATA\SBP14_15.TIM	8	128	88	1	no	other	none	n/a	n/a	photo-album picture in a print border; the only lettering is a tiny Latin film-brand mark
_DATA_PK_PHO.BIN__02b47c	2	\_DATA\PK_PHO.BIN;\_DATA\SBP14_16.TIM	8	128	88	1	no	other	none	n/a	n/a	photo-album picture in a print border; the only lettering is a tiny Latin film-brand mark
_DATA_PK_PHO.BIN__02e29c	2	\_DATA\PK_PHO.BIN;\_DATA\SBP14_17.TIM	8	128	88	1	no	other	none	n/a	n/a	photo-album picture in a print border; the only lettering is a tiny Latin film-brand mark
_DATA_PK_PHO.BIN__0310bc	2	\_DATA\PK_PHO.BIN;\_DATA\SBP14_18.TIM	8	128	88	1	no	other	none	n/a	n/a	photo-album picture in a print border; the only lettering is a tiny Latin film-brand mark
_DATA_PK_PHO.BIN__033edc	2	\_DATA\PK_PHO.BIN;\_DATA\SBP14_19.TIM	8	128	88	1	no	other	none	n/a	n/a	photo-album picture in a print border; the only lettering is a tiny Latin film-brand mark
_DATA_MITIM.BIN__000000	1	\_DATA\MITIM.BIN	4	64	160	10	yes	title/menu/UI art	a word	stylised badge	easy (transparent)	insect-catch result badges: a 'rare' starburst, 'BIG!', size crowns, male/female marks
_DATA_BO00.BIN__00b3d4	1	\_DATA\BO00.BIN	4	64	144	3	no	other	none	n/a	n/a	no lettering seen on the contact sheet
_DATA_OTI00.BIN__0261f4	5	\_DATA\OTI00.BIN;\_DATA\OTI01.BIN;\_DATA\OTI02.BIN;\_DATA\OTI03.BIN;\_DATA\OTI04.BIN	4	276	33	1	yes	credits	a line	plain type	easy (transparent)	the production / copyright line naming the publisher, 276x33 4bpp; one copy in each of OTI00.BIN … OTI04.BIN, one per opening or ending cut
_DATA_BO12.BIN__00a44c	1	\_DATA\BO12.BIN	4	112	80	3	no	other	none	n/a	n/a	no lettering seen on the contact sheet
_DATA_MDLTIM.RTM__000080	1	\_DATA\MDLTIM.RTM	4	64	128	1	no	other	none	n/a	n/a	shared model texture atlas: faces, insects, clothing
_DATA_MI07.BIN__0018ac	1	\_DATA\MI07.BIN	4	64	128	3	no	other	none	n/a	n/a	insect or kite model texture
_DATA_MI16.BIN__001a70	1	\_DATA\MI16.BIN	4	64	128	3	no	other	none	n/a	n/a	insect or kite model texture
_DATA_MI21.BIN__001930	1	\_DATA\MI21.BIN	4	64	128	3	no	other	none	n/a	n/a	insect or kite model texture
_DATA_MI26.BIN__002ac4	1	\_DATA\MI26.BIN	4	64	128	2	no	other	none	n/a	n/a	insect or kite model texture
_DATA_MI27.BIN__002a78	1	\_DATA\MI27.BIN	4	64	128	2	no	other	none	n/a	n/a	insect or kite model texture
_DATA_MI28.BIN__002acc	1	\_DATA\MI28.BIN	4	64	128	2	no	other	none	n/a	n/a	insect or kite model texture
_DATA_MI29.BIN__002960	1	\_DATA\MI29.BIN	4	64	128	2	no	other	none	n/a	n/a	insect or kite model texture
_DATA_MI30.BIN__002580	1	\_DATA\MI30.BIN	4	64	128	2	no	other	none	n/a	n/a	insect or kite model texture
_DATA_MI56.BIN__002afc	1	\_DATA\MI56.BIN	4	64	128	2	no	other	none	n/a	n/a	insect or kite model texture
_DATA_MI57.BIN__002a44	1	\_DATA\MI57.BIN	4	64	128	2	no	other	none	n/a	n/a	insect or kite model texture
_DATA_MI58.BIN__002274	1	\_DATA\MI58.BIN	4	64	128	2	no	other	none	n/a	n/a	insect or kite model texture
_DATA_MI59.BIN__001e44	1	\_DATA\MI59.BIN	4	64	128	2	no	other	none	n/a	n/a	insect or kite model texture
_DATA_TA01.BIN__0026e0	1	\_DATA\TA01.BIN	4	64	128	2	no	other	none	n/a	n/a	insect or kite model texture
_DATA_TZICON.BIN__00006c	1	\_DATA\TZICON.BIN	4	48	168	6	yes	title/menu/UI art	a word	stylised handwriting	easy (transparent)	kite-workshop UI: a speech balloon, a 'back' button, portrait
_DATA_M_FILES.BIN_M_A01000.BIN__0007bc	20	\_DATA\M_FILES.BIN\M_A01000.BIN;\_DATA\M_FILES.BIN\M_A01100.BIN;\_DATA\M_FILES.BIN\M_A02000.BIN;\_DATA\M_FILES.BIN\M_A02100.BIN;\_DATA\M_FILES.BIN\M_A03000.BIN;\_DATA\M_FILES.BIN\M_A03100.BIN;\_DATA\M_FILES.BIN\M_A07000.BIN;\_DATA\M_FILES.BIN\M_A07001.BIN …+12	8	98	79	1	no	other	none	n/a	n/a	map pack artwork: background strip atlas or a 98x79 watercolour minimap, no lettering seen
_DATA_M_FILES.BIN_M_A04000.BIN__0001e4	44	\_DATA\M_FILES.BIN\M_A04000.BIN;\_DATA\M_FILES.BIN\M_A04001.BIN;\_DATA\M_FILES.BIN\M_A04100.BIN;\_DATA\M_FILES.BIN\M_A04101.BIN;\_DATA\M_FILES.BIN\M_A05000.BIN;\_DATA\M_FILES.BIN\M_A05100.BIN;\_DATA\M_FILES.BIN\M_A06000.BIN;\_DATA\M_FILES.BIN\M_A06100.BIN …+36	8	98	79	1	no	other	none	n/a	n/a	map pack artwork: background strip atlas or a 98x79 watercolour minimap, no lettering seen
_DATA_M_FILES.BIN_M_B01000.BIN__000318	28	\_DATA\M_FILES.BIN\M_B01000.BIN;\_DATA\M_FILES.BIN\M_B01100.BIN;\_DATA\M_FILES.BIN\M_B02000.BIN;\_DATA\M_FILES.BIN\M_B02100.BIN;\_DATA\M_FILES.BIN\M_B03000.BIN;\_DATA\M_FILES.BIN\M_B03001.BIN;\_DATA\M_FILES.BIN\M_B03100.BIN;\_DATA\M_FILES.BIN\M_B03101.BIN …+20	8	98	79	1	no	other	none	n/a	n/a	map pack artwork: background strip atlas or a 98x79 watercolour minimap, no lettering seen
_DATA_M_FILES.BIN_M_B13000.BIN__0007a0	34	\_DATA\M_FILES.BIN\M_B13000.BIN;\_DATA\M_FILES.BIN\M_B13001.BIN;\_DATA\M_FILES.BIN\M_B13100.BIN;\_DATA\M_FILES.BIN\M_B13101.BIN;\_DATA\M_FILES.BIN\M_B14000.BIN;\_DATA\M_FILES.BIN\M_B14100.BIN;\_DATA\M_FILES.BIN\M_B15000.BIN;\_DATA\M_FILES.BIN\M_B15100.BIN …+26	8	98	79	1	no	other	none	n/a	n/a	map pack artwork: background strip atlas or a 98x79 watercolour minimap, no lettering seen
_DATA_M_FILES.BIN_M_C01000.BIN__0001bc	18	\_DATA\M_FILES.BIN\M_C01000.BIN;\_DATA\M_FILES.BIN\M_C01100.BIN;\_DATA\M_FILES.BIN\M_C05000.BIN;\_DATA\M_FILES.BIN\M_C05100.BIN;\_DATA\M_FILES.BIN\M_C06000.BIN;\_DATA\M_FILES.BIN\M_C06001.BIN;\_DATA\M_FILES.BIN\M_C06100.BIN;\_DATA\M_FILES.BIN\M_C06101.BIN …+10	8	98	79	1	no	other	none	n/a	n/a	map pack artwork: background strip atlas or a 98x79 watercolour minimap, no lettering seen
_DATA_M_FILES.BIN_M_C02000.BIN__001030	17	\_DATA\M_FILES.BIN\M_C02000.BIN;\_DATA\M_FILES.BIN\M_C02100.BIN;\_DATA\M_FILES.BIN\M_C12000.BIN;\_DATA\M_FILES.BIN\M_C12100.BIN;\_DATA\M_FILES.BIN\M_C13000.BIN;\_DATA\M_FILES.BIN\M_C13100.BIN;\_DATA\M_FILES.BIN\M_C14000.BIN;\_DATA\M_FILES.BIN\M_C14100.BIN …+9	8	98	79	1	no	other	none	n/a	n/a	map pack artwork: background strip atlas or a 98x79 watercolour minimap, no lettering seen
_DATA_M_FILES.BIN_M_D02000.BIN__0002f4	13	\_DATA\M_FILES.BIN\M_D02000.BIN;\_DATA\M_FILES.BIN\M_D02100.BIN;\_DATA\M_FILES.BIN\M_D10000.BIN;\_DATA\M_FILES.BIN\M_D10100.BIN;\_DATA\M_FILES.BIN\M_D11000.BIN;\_DATA\M_FILES.BIN\M_D11001.BIN;\_DATA\M_FILES.BIN\M_D11100.BIN;\_DATA\M_FILES.BIN\M_D12000.BIN …+5	8	98	79	1	no	other	none	n/a	n/a	map pack artwork: background strip atlas or a 98x79 watercolour minimap, no lettering seen
_DATA_M_FILES.BIN_M_D14000.BIN__000638	6	\_DATA\M_FILES.BIN\M_D14000.BIN;\_DATA\M_FILES.BIN\M_D14100.BIN;\_DATA\M_FILES.BIN\M_D15000.BIN;\_DATA\M_FILES.BIN\M_D15100.BIN;\_DATA\M_FILES.BIN\M_D16000.BIN;\_DATA\M_FILES.BIN\M_D16100.BIN	8	98	79	1	no	other	none	n/a	n/a	map pack artwork: background strip atlas or a 98x79 watercolour minimap, no lettering seen
_DATA_M_FILES.BIN_M_E01000.BIN__0002d0	16	\_DATA\M_FILES.BIN\M_E01000.BIN;\_DATA\M_FILES.BIN\M_E01100.BIN;\_DATA\M_FILES.BIN\M_E02000.BIN;\_DATA\M_FILES.BIN\M_E02100.BIN;\_DATA\M_FILES.BIN\M_E03000.BIN;\_DATA\M_FILES.BIN\M_E03100.BIN;\_DATA\M_FILES.BIN\M_E04000.BIN;\_DATA\M_FILES.BIN\M_E04100.BIN …+8	8	98	79	1	no	other	none	n/a	n/a	map pack artwork: background strip atlas or a 98x79 watercolour minimap, no lettering seen
_DATA_M_FILES.BIN_M_G01000.BIN__0016ac	287	\_DATA\M_FILES.BIN\M_G01000.BIN;\_DATA\M_FILES.BIN\M_G01003.BIN;\_DATA\M_FILES.BIN\M_G01004.BIN;\_DATA\M_FILES.BIN\M_G01100.BIN;\_DATA\M_FILES.BIN\M_G01102.BIN;\_DATA\M_FILES.BIN\M_G01103.BIN;\_DATA\M_FILES.BIN\M_G01200.BIN;\_DATA\M_FILES.BIN\M_G01201.BIN …+279	8	98	79	1	no	other	none	n/a	n/a	map pack artwork: background strip atlas or a 98x79 watercolour minimap, no lettering seen
_DATA_MDLTIM.RTM__0053cc	1	\_DATA\MDLTIM.RTM	4	64	120	1	no	other	none	n/a	n/a	shared model texture atlas: faces, insects, clothing
_DATA_MI39.BIN__001b30	1	\_DATA\MI39.BIN	4	64	112	4	no	other	none	n/a	n/a	insect or kite model texture
_DATA_MI40.BIN__001458	1	\_DATA\MI40.BIN	4	64	112	3	no	other	none	n/a	n/a	insect or kite model texture
_DATA_TBOKU.BIN__008628	1	\_DATA\TBOKU.BIN	4	64	112	2	no	other	none	n/a	n/a	no lettering seen on the contact sheet
_DATA_MDLTIM.RTM__0010c0	1	\_DATA\MDLTIM.RTM	4	64	96	1	no	other	none	n/a	n/a	shared model texture atlas: faces, insects, clothing
_DATA_MI03.BIN__001a10	1	\_DATA\MI03.BIN	4	48	128	3	no	other	none	n/a	n/a	insect or kite model texture
_DATA_MI06.BIN__00191c	1	\_DATA\MI06.BIN	4	48	128	3	no	other	none	n/a	n/a	insect or kite model texture
_DATA_MI08.BIN__0017c4	1	\_DATA\MI08.BIN	4	48	128	2	no	other	none	n/a	n/a	insect or kite model texture
_DATA_MI12.BIN__001600	1	\_DATA\MI12.BIN	4	48	128	2	no	other	none	n/a	n/a	insect or kite model texture
_DATA_MI15.BIN__001894	1	\_DATA\MI15.BIN	4	48	128	2	no	other	none	n/a	n/a	insect or kite model texture
_DATA_MI17.BIN__0019b4	1	\_DATA\MI17.BIN	4	48	128	2	no	other	none	n/a	n/a	insect or kite model texture
_DATA_MI18.BIN__001570	1	\_DATA\MI18.BIN	4	48	128	2	no	other	none	n/a	n/a	insect or kite model texture
_DATA_MI19.BIN__001a38	1	\_DATA\MI19.BIN	4	48	128	2	no	other	none	n/a	n/a	insect or kite model texture
_DATA_MI20.BIN__001854	1	\_DATA\MI20.BIN	4	48	128	2	no	other	none	n/a	n/a	insect or kite model texture
_DATA_MI23.BIN__002964	1	\_DATA\MI23.BIN	4	64	96	2	no	other	none	n/a	n/a	insect or kite model texture
_DATA_TEST.BIN__003120	1	\_DATA\TEST.BIN	4	64	96	2	no	other	none	n/a	n/a	no lettering seen on the contact sheet
_DATA_MI34.BIN__001bc8	1	\_DATA\MI34.BIN	4	64	88	3	no	other	none	n/a	n/a	insect or kite model texture
_DATA_MI35.BIN__001bc8	1	\_DATA\MI35.BIN	4	64	88	3	no	other	none	n/a	n/a	insect or kite model texture
_DATA_MI36.BIN__001980	1	\_DATA\MI36.BIN	4	64	88	2	no	other	none	n/a	n/a	insect or kite model texture
_DATA_MI47.BIN__001998	1	\_DATA\MI47.BIN	4	48	112	2	no	other	none	n/a	n/a	insect or kite model texture
_DATA_NIKKI_W.BIN__005450	1	\_DATA\NIKKI_W.BIN	8	28	184	4	maybe	title/menu/UI art	a word	unknown	unknown	the one non-numeral image in NIKKI_W.BIN (28x184, 4 CLUTs): a pull cord with a star, an oval tag, a wreath, a mushroom and pencils - the tag carries about three glyphs that no CLUT here resolves
_DATA_MDLTIM.RTM__002340	1	\_DATA\MDLTIM.RTM	4	64	80	1	no	other	none	n/a	n/a	shared model texture atlas: faces, insects, clothing
_DATA_MDLTIM.RTM__002d80	1	\_DATA\MDLTIM.RTM	4	64	80	1	no	other	none	n/a	n/a	shared model texture atlas: faces, insects, clothing
_DATA_MI00.BIN__0015d0	1	\_DATA\MI00.BIN	4	40	128	2	no	other	none	n/a	n/a	insect or kite model texture
_DATA_MI01.BIN__0015d0	1	\_DATA\MI01.BIN	4	40	128	2	no	other	none	n/a	n/a	insect or kite model texture
_DATA_MI09.BIN__0017f4	1	\_DATA\MI09.BIN	4	40	128	2	no	other	none	n/a	n/a	insect or kite model texture
_DATA_MI11.BIN__001600	1	\_DATA\MI11.BIN	4	40	128	2	no	other	none	n/a	n/a	insect or kite model texture
_DATA_MI13.BIN__001b94	1	\_DATA\MI13.BIN	4	40	128	2	no	other	none	n/a	n/a	insect or kite model texture
_DATA_MI32.BIN__001a80	1	\_DATA\MI32.BIN	4	64	80	2	no	other	none	n/a	n/a	insect or kite model texture
_DATA_MI33.BIN__001940	1	\_DATA\MI33.BIN	4	64	80	2	no	other	none	n/a	n/a	insect or kite model texture
_DATA_MI37.BIN__001920	1	\_DATA\MI37.BIN	4	64	80	2	no	other	none	n/a	n/a	insect or kite model texture
_DATA_MI38.BIN__001450	1	\_DATA\MI38.BIN	4	64	80	2	no	other	none	n/a	n/a	insect or kite model texture
_DATA_MI41.BIN__001870	1	\_DATA\MI41.BIN	4	64	80	4	no	other	none	n/a	n/a	insect or kite model texture
_DATA_MI42.BIN__0018c8	1	\_DATA\MI42.BIN	4	64	80	4	no	other	none	n/a	n/a	insect or kite model texture
_DATA_MI44.BIN__001a28	1	\_DATA\MI44.BIN	4	64	80	4	no	other	none	n/a	n/a	insect or kite model texture
_DATA_MI50.BIN__001b2c	1	\_DATA\MI50.BIN	4	40	128	2	no	other	none	n/a	n/a	insect or kite model texture
_DATA_MI60.BIN__00d204	1	\_DATA\MI60.BIN	4	40	128	4	no	other	none	n/a	n/a	insect or kite model texture
_DATA_MDLTIM.RTM__006d4c	1	\_DATA\MDLTIM.RTM	4	64	72	1	no	other	none	n/a	n/a	shared model texture atlas: faces, insects, clothing
_DATA_TA07.BIN__001b94	1	\_DATA\TA07.BIN	4	48	96	2	no	other	none	n/a	n/a	insect or kite model texture
_DATA_MZFURIN.BIN__000024	1	\_DATA\MZFURIN.BIN	8	40	108	1	no	other	none	n/a	n/a	no lettering seen on the contact sheet
_DATA_MZFURIN.BIN__001324	1	\_DATA\MZFURIN.BIN	8	40	108	1	no	other	none	n/a	n/a	no lettering seen on the contact sheet
_DATA_MZFURIN.BIN__002624	1	\_DATA\MZFURIN.BIN	8	40	108	1	no	other	none	n/a	n/a	no lettering seen on the contact sheet
_DATA_MZFURIN.BIN__003924	1	\_DATA\MZFURIN.BIN	8	40	108	1	no	other	none	n/a	n/a	no lettering seen on the contact sheet
_DATA_ONMEM.BIN__00ba00	1	\_DATA\ONMEM.BIN	4	48	88	3	no	other	none	n/a	n/a	no lettering seen on the contact sheet
_DATA_MDLTIM.RTM__0041cc	1	\_DATA\MDLTIM.RTM	4	64	64	1	no	other	none	n/a	n/a	shared model texture atlas: faces, insects, clothing
_DATA_MDLTIM.RTM__00650c	1	\_DATA\MDLTIM.RTM	4	64	64	1	no	other	none	n/a	n/a	shared model texture atlas: faces, insects, clothing
_DATA_MDLTIM.RTM__0078cc	1	\_DATA\MDLTIM.RTM	4	64	64	1	no	other	none	n/a	n/a	shared model texture atlas: faces, insects, clothing
_DATA_MDLTIM.RTM__00810c	1	\_DATA\MDLTIM.RTM	4	64	64	1	no	other	none	n/a	n/a	shared model texture atlas: faces, insects, clothing
_DATA_MDLTIM.RTM__008fcc	1	\_DATA\MDLTIM.RTM	4	64	64	1	no	other	none	n/a	n/a	shared model texture atlas: faces, insects, clothing
_DATA_MDLTIM.RTM__00980c	1	\_DATA\MDLTIM.RTM	4	64	64	1	no	other	none	n/a	n/a	shared model texture atlas: faces, insects, clothing
_DATA_MI24.BIN__00281c	1	\_DATA\MI24.BIN	4	64	64	1	no	other	none	n/a	n/a	insect or kite model texture
_DATA_MI25.BIN__002edc	1	\_DATA\MI25.BIN	4	64	64	1	no	other	none	n/a	n/a	insect or kite model texture
_DATA_MI51.BIN__001d40	1	\_DATA\MI51.BIN	4	32	128	2	no	other	none	n/a	n/a	insect or kite model texture
_DATA_MI52.BIN__001d68	1	\_DATA\MI52.BIN	4	32	128	2	no	other	none	n/a	n/a	insect or kite model texture
_DATA_MI54.BIN__001e58	1	\_DATA\MI54.BIN	4	32	128	2	no	other	none	n/a	n/a	insect or kite model texture
_DATA_TA03.BIN__001148	1	\_DATA\TA03.BIN	4	64	64	1	no	other	none	n/a	n/a	insect or kite model texture
_DATA_TA04.BIN__0012a0	1	\_DATA\TA04.BIN	4	64	64	1	no	other	none	n/a	n/a	insect or kite model texture
_DATA_TA05.BIN__000260	1	\_DATA\TA05.BIN	4	64	64	1	no	other	none	n/a	n/a	insect or kite model texture
_DATA_M_FILES.BIN_M_E03000.BIN__002638	4	\_DATA\M_FILES.BIN\M_E03000.BIN;\_DATA\M_FILES.BIN\M_E03100.BIN;\_DATA\M_FILES.BIN\M_E08000.BIN;\_DATA\M_FILES.BIN\M_E08100.BIN	4	56	64	1	no	other	none	n/a	n/a	map pack artwork: background strip atlas or a 98x79 watercolour minimap, no lettering seen
_DATA_TA00.BIN__000fa4	1	\_DATA\TA00.BIN	4	56	64	1	no	other	none	n/a	n/a	insect or kite model texture
_DATA_TA02.BIN__0014a8	1	\_DATA\TA02.BIN	4	56	64	1	no	other	none	n/a	n/a	insect or kite model texture
_DATA_MZKAN.BIN__000048	1	\_DATA\MZKAN.BIN	4	44	74	3	maybe	title/menu/UI art	a word	unknown	unknown	MZKAN.BIN (no digit) is not a page: a 44x74 sprite set - a flower badge and two small plates carrying two or three glyph-like marks that no CLUT here resolves
_DATA_MDLTIM.RTM__001d00	1	\_DATA\MDLTIM.RTM	4	48	64	1	no	other	none	n/a	n/a	shared model texture atlas: faces, insects, clothing
_DATA_MI46.BIN__001844	1	\_DATA\MI46.BIN	4	32	96	2	no	other	none	n/a	n/a	insect or kite model texture
_DATA_MI53.BIN__001a58	1	\_DATA\MI53.BIN	4	24	128	2	no	other	none	n/a	n/a	insect or kite model texture
_DATA_MI55.BIN__001b58	1	\_DATA\MI55.BIN	4	24	128	2	no	other	none	n/a	n/a	insect or kite model texture
_DATA_M_FILES.BIN_M_A01000.BIN__002dd4	56	\_DATA\M_FILES.BIN\M_A01000.BIN;\_DATA\M_FILES.BIN\M_A01100.BIN;\_DATA\M_FILES.BIN\M_A05000.BIN;\_DATA\M_FILES.BIN\M_A05100.BIN;\_DATA\M_FILES.BIN\M_A10000.BIN;\_DATA\M_FILES.BIN\M_A10001.BIN;\_DATA\M_FILES.BIN\M_A10002.BIN;\_DATA\M_FILES.BIN\M_A10100.BIN …+48	4	48	64	1	no	other	none	n/a	n/a	map pack artwork: background strip atlas or a 98x79 watercolour minimap, no lettering seen
_DATA_M_FILES.BIN_M_D14000.BIN__0028dc	6	\_DATA\M_FILES.BIN\M_D14000.BIN;\_DATA\M_FILES.BIN\M_D14100.BIN;\_DATA\M_FILES.BIN\M_D15000.BIN;\_DATA\M_FILES.BIN\M_D15100.BIN;\_DATA\M_FILES.BIN\M_D16000.BIN;\_DATA\M_FILES.BIN\M_D16100.BIN	4	48	64	1	no	other	none	n/a	n/a	map pack artwork: background strip atlas or a 98x79 watercolour minimap, no lettering seen
_DATA_MI04.BIN__0017d8	1	\_DATA\MI04.BIN	4	40	64	1	no	other	none	n/a	n/a	insect or kite model texture
_DATA_MI10.BIN__0017f8	1	\_DATA\MI10.BIN	4	40	64	1	no	other	none	n/a	n/a	insect or kite model texture
_DATA_MI14.BIN__0017a8	1	\_DATA\MI14.BIN	4	40	64	1	no	other	none	n/a	n/a	insect or kite model texture
_DATA_MI22.BIN__0015b8	1	\_DATA\MI22.BIN	4	40	64	1	no	other	none	n/a	n/a	insect or kite model texture
_DATA_MI45.BIN__001c9c	1	\_DATA\MI45.BIN	4	64	40	2	no	other	none	n/a	n/a	insect or kite model texture
_DATA_M_FILES.BIN_M_A03000.BIN__003008	6	\_DATA\M_FILES.BIN\M_A03000.BIN;\_DATA\M_FILES.BIN\M_A03100.BIN;\_DATA\M_FILES.BIN\M_E02000.BIN;\_DATA\M_FILES.BIN\M_E02100.BIN;\_DATA\M_FILES.BIN\M_E06000.BIN;\_DATA\M_FILES.BIN\M_E06100.BIN	4	40	64	1	no	other	none	n/a	n/a	map pack artwork: background strip atlas or a 98x79 watercolour minimap, no lettering seen
_DATA_M_FILES.BIN_M_A04000.BIN__002500	18	\_DATA\M_FILES.BIN\M_A04000.BIN;\_DATA\M_FILES.BIN\M_A04001.BIN;\_DATA\M_FILES.BIN\M_A04100.BIN;\_DATA\M_FILES.BIN\M_A04101.BIN;\_DATA\M_FILES.BIN\M_A07000.BIN;\_DATA\M_FILES.BIN\M_A07001.BIN;\_DATA\M_FILES.BIN\M_A07100.BIN;\_DATA\M_FILES.BIN\M_A07101.BIN …+10	4	40	64	1	no	other	none	n/a	n/a	map pack artwork: background strip atlas or a 98x79 watercolour minimap, no lettering seen
_DATA_M_FILES.BIN_M_B02000.BIN__002e80	4	\_DATA\M_FILES.BIN\M_B02000.BIN;\_DATA\M_FILES.BIN\M_B02100.BIN;\_DATA\M_FILES.BIN\M_B12000.BIN;\_DATA\M_FILES.BIN\M_B12100.BIN	4	40	64	1	no	other	none	n/a	n/a	map pack artwork: background strip atlas or a 98x79 watercolour minimap, no lettering seen
_DATA_M_FILES.BIN_M_C03000.BIN__002940	13	\_DATA\M_FILES.BIN\M_C03000.BIN;\_DATA\M_FILES.BIN\M_C03100.BIN;\_DATA\M_FILES.BIN\M_C11000.BIN;\_DATA\M_FILES.BIN\M_C11100.BIN;\_DATA\M_FILES.BIN\M_C18000.BIN;\_DATA\M_FILES.BIN\M_C18100.BIN;\_DATA\M_FILES.BIN\M_C18101.BIN;\_DATA\M_FILES.BIN\M_D09000.BIN …+5	4	40	64	1	no	other	none	n/a	n/a	map pack artwork: background strip atlas or a 98x79 watercolour minimap, no lettering seen
_DATA_MDLTIM.RTM__004a0c	1	\_DATA\MDLTIM.RTM	4	48	48	1	no	other	none	n/a	n/a	shared model texture atlas: faces, insects, clothing
_DATA_MI02.BIN__001160	1	\_DATA\MI02.BIN	4	32	64	1	no	other	none	n/a	n/a	insect or kite model texture
_DATA_MI05.BIN__001910	1	\_DATA\MI05.BIN	4	32	64	1	no	other	none	n/a	n/a	insect or kite model texture
_DATA_MI31.BIN__001af4	1	\_DATA\MI31.BIN	4	32	64	1	no	other	none	n/a	n/a	insect or kite model texture
_DATA_MI43.BIN__001c08	1	\_DATA\MI43.BIN	4	64	32	2	no	other	none	n/a	n/a	insect or kite model texture
_DATA_M_FILES.BIN_M_C02000.BIN__0033d0	13	\_DATA\M_FILES.BIN\M_C02000.BIN;\_DATA\M_FILES.BIN\M_C02100.BIN;\_DATA\M_FILES.BIN\M_C05000.BIN;\_DATA\M_FILES.BIN\M_C05100.BIN;\_DATA\M_FILES.BIN\M_C12000.BIN;\_DATA\M_FILES.BIN\M_C12100.BIN;\_DATA\M_FILES.BIN\M_E01000.BIN;\_DATA\M_FILES.BIN\M_E01100.BIN …+5	4	32	64	1	no	other	none	n/a	n/a	map pack artwork: background strip atlas or a 98x79 watercolour minimap, no lettering seen
_DATA_MDLTIM.RTM__008c0c	1	\_DATA\MDLTIM.RTM	4	28	64	1	no	other	none	n/a	n/a	shared model texture atlas: faces, insects, clothing
_DATA_KAGO.BIN__002784	1	\_DATA\KAGO.BIN	4	24	72	3	no	other	none	n/a	n/a	green cage bars (GFX-03 re-look, 2026-09-20: not the number strip the first pass took it for)
_DATA_MI48.BIN__001b38	1	\_DATA\MI48.BIN	4	24	64	1	no	other	none	n/a	n/a	insect or kite model texture
_DATA_MI49.BIN__001988	1	\_DATA\MI49.BIN	4	24	64	1	no	other	none	n/a	n/a	insect or kite model texture
_DATA_NUMBER.TIM__000000	1	\_DATA\NUMBER.TIM	4	144	10	3	no	other	none	numerals	n/a	the game's general-purpose number font, 144x10 4bpp: 0-9 plus mm / infinity / . / cm in 18 cells (research/textures-plan.md section 'Composed text')
_DATA_MDLTIM.RTM__004ecc	1	\_DATA\MDLTIM.RTM	4	40	32	1	no	other	none	n/a	n/a	shared model texture atlas: faces, insects, clothing
_DATA_MDLTIM.RTM__00894c	1	\_DATA\MDLTIM.RTM	4	32	40	1	no	other	none	n/a	n/a	shared model texture atlas: faces, insects, clothing
_DATA_TA06.BIN__000b28	1	\_DATA\TA06.BIN	4	32	40	8	no	other	none	n/a	n/a	insect or kite model texture
_DATA_KAGO2.BIN__000000	1	\_DATA\KAGO2.BIN	4	120	10	2	no	other	none	numerals	n/a	a second, narrower number strip, 120x10 4bpp in 15 cells - a different image from NUMBER.TIM, not a copy of it
_DATA_DAMMY2.BIN__000000	3	\_DATA\DAMMY2.BIN;\_DATA\DAMMY3.BIN;\_DATA\MZ.BIN	4	32	32	1	no	other	none	n/a	n/a	no lettering seen on the contact sheet
_DATA_FS04.BIN__000dc8	1	\_DATA\FS04.BIN	4	32	32	1	no	other	none	n/a	n/a	no lettering seen on the contact sheet
_DATA_MDLTIM.RTM__003a80	1	\_DATA\MDLTIM.RTM	4	32	32	1	no	other	none	n/a	n/a	shared model texture atlas: faces, insects, clothing
_DATA_MDLTIM.RTM__003cc0	1	\_DATA\MDLTIM.RTM	4	32	32	1	no	other	none	n/a	n/a	shared model texture atlas: faces, insects, clothing
_DATA_MDLTIM.RTM__003f00	1	\_DATA\MDLTIM.RTM	4	32	32	1	no	other	none	n/a	n/a	shared model texture atlas: faces, insects, clothing
_DATA_MDLTIM.RTM__00518c	1	\_DATA\MDLTIM.RTM	4	32	32	1	no	other	none	n/a	n/a	shared model texture atlas: faces, insects, clothing
_DATA_MDLTIM.RTM__00768c	1	\_DATA\MDLTIM.RTM	4	32	32	1	no	other	none	n/a	n/a	shared model texture atlas: faces, insects, clothing
_DATA_M_FILES.BIN_M_D01000.BIN__002adc	21	\_DATA\M_FILES.BIN\M_D01000.BIN;\_DATA\M_FILES.BIN\M_D01001.BIN;\_DATA\M_FILES.BIN\M_D01002.BIN;\_DATA\M_FILES.BIN\M_D01100.BIN;\_DATA\M_FILES.BIN\M_D01101.BIN;\_DATA\M_FILES.BIN\M_D01102.BIN;\_DATA\M_FILES.BIN\M_D07000.BIN;\_DATA\M_FILES.BIN\M_D07001.BIN …+13	4	64	16	1	no	other	none	n/a	n/a	map pack artwork: background strip atlas or a 98x79 watercolour minimap, no lettering seen
_DATA_MDLTIM.RTM__00630c	1	\_DATA\MDLTIM.RTM	4	16	56	1	no	other	none	n/a	n/a	shared model texture atlas: faces, insects, clothing
SCPS_100.88__019450	1	\SCPS_100.88	4	16	48	1	no	other	none	n/a	n/a	the executable's only TIM: three 16x16 face sprites
_DATA_MDLTIM.RTM__003880	1	\_DATA\MDLTIM.RTM	4	32	16	1	no	other	none	n/a	n/a	shared model texture atlas: faces, insects, clothing
_DATA_BO01.BIN__000ae4	2	\_DATA\BO01.BIN;\_DATA\FS00.BIN	4	32	8	1	no	other	none	n/a	n/a	no lettering seen on the contact sheet
_DATA_FS01.BIN__000810	1	\_DATA\FS01.BIN	4	32	8	1	no	other	none	n/a	n/a	no lettering seen on the contact sheet
_DATA_FS02.BIN__000810	1	\_DATA\FS02.BIN	4	32	8	1	no	other	none	n/a	n/a	no lettering seen on the contact sheet
_DATA_FS03.BIN__000810	1	\_DATA\FS03.BIN	4	32	8	1	no	other	none	n/a	n/a	no lettering seen on the contact sheet
_DATA_MDLTIM.RTM__0037c0	1	\_DATA\MDLTIM.RTM	4	16	16	1	no	other	none	n/a	n/a	shared model texture atlas: faces, insects, clothing
_DATA_MDLTIM.RTM__0039c0	1	\_DATA\MDLTIM.RTM	4	16	16	1	no	other	none	n/a	n/a	shared model texture atlas: faces, insects, clothing
_DATA_MDLTIM.RTM__00a04c	1	\_DATA\MDLTIM.RTM	4	16	16	1	no	other	none	n/a	n/a	shared model texture atlas: faces, insects, clothing
_DATA_MDLTIM.RTM__00a10c	1	\_DATA\MDLTIM.RTM	4	16	16	1	no	other	none	n/a	n/a	shared model texture atlas: faces, insects, clothing
_DATA_NIKKI_W.BIN__000110	1	\_DATA\NIKKI_W.BIN	8	14	10	1	no	calendar/clock	none	numerals	n/a	one of the 31 day-of-month numeral tiles (14x10) composited into the diary page's date line
_DATA_NIKKI_W.BIN__0003bc	1	\_DATA\NIKKI_W.BIN	8	14	10	1	no	calendar/clock	none	numerals	n/a	one of the 31 day-of-month numeral tiles (14x10) composited into the diary page's date line
_DATA_NIKKI_W.BIN__000668	1	\_DATA\NIKKI_W.BIN	8	14	10	1	no	calendar/clock	none	numerals	n/a	one of the 31 day-of-month numeral tiles (14x10) composited into the diary page's date line
_DATA_NIKKI_W.BIN__000914	1	\_DATA\NIKKI_W.BIN	8	14	10	1	no	calendar/clock	none	numerals	n/a	one of the 31 day-of-month numeral tiles (14x10) composited into the diary page's date line
_DATA_NIKKI_W.BIN__000bc0	1	\_DATA\NIKKI_W.BIN	8	14	10	1	no	calendar/clock	none	numerals	n/a	one of the 31 day-of-month numeral tiles (14x10) composited into the diary page's date line
_DATA_NIKKI_W.BIN__000e6c	1	\_DATA\NIKKI_W.BIN	8	14	10	1	no	calendar/clock	none	numerals	n/a	one of the 31 day-of-month numeral tiles (14x10) composited into the diary page's date line
_DATA_NIKKI_W.BIN__001118	1	\_DATA\NIKKI_W.BIN	8	14	10	1	no	calendar/clock	none	numerals	n/a	one of the 31 day-of-month numeral tiles (14x10) composited into the diary page's date line
_DATA_NIKKI_W.BIN__0013c4	1	\_DATA\NIKKI_W.BIN	8	14	10	1	no	calendar/clock	none	numerals	n/a	one of the 31 day-of-month numeral tiles (14x10) composited into the diary page's date line
_DATA_NIKKI_W.BIN__001670	1	\_DATA\NIKKI_W.BIN	8	14	10	1	no	calendar/clock	none	numerals	n/a	one of the 31 day-of-month numeral tiles (14x10) composited into the diary page's date line
_DATA_NIKKI_W.BIN__00191c	1	\_DATA\NIKKI_W.BIN	8	14	10	1	no	calendar/clock	none	numerals	n/a	one of the 31 day-of-month numeral tiles (14x10) composited into the diary page's date line
_DATA_NIKKI_W.BIN__001bc8	1	\_DATA\NIKKI_W.BIN	8	14	10	1	no	calendar/clock	none	numerals	n/a	one of the 31 day-of-month numeral tiles (14x10) composited into the diary page's date line
_DATA_NIKKI_W.BIN__001e74	1	\_DATA\NIKKI_W.BIN	8	14	10	1	no	calendar/clock	none	numerals	n/a	one of the 31 day-of-month numeral tiles (14x10) composited into the diary page's date line
_DATA_NIKKI_W.BIN__002120	1	\_DATA\NIKKI_W.BIN	8	14	10	1	no	calendar/clock	none	numerals	n/a	one of the 31 day-of-month numeral tiles (14x10) composited into the diary page's date line
_DATA_NIKKI_W.BIN__0023cc	1	\_DATA\NIKKI_W.BIN	8	14	10	1	no	calendar/clock	none	numerals	n/a	one of the 31 day-of-month numeral tiles (14x10) composited into the diary page's date line
_DATA_NIKKI_W.BIN__002678	1	\_DATA\NIKKI_W.BIN	8	14	10	1	no	calendar/clock	none	numerals	n/a	one of the 31 day-of-month numeral tiles (14x10) composited into the diary page's date line
_DATA_NIKKI_W.BIN__002924	1	\_DATA\NIKKI_W.BIN	8	14	10	1	no	calendar/clock	none	numerals	n/a	one of the 31 day-of-month numeral tiles (14x10) composited into the diary page's date line
_DATA_NIKKI_W.BIN__002bd0	1	\_DATA\NIKKI_W.BIN	8	14	10	1	no	calendar/clock	none	numerals	n/a	one of the 31 day-of-month numeral tiles (14x10) composited into the diary page's date line
_DATA_NIKKI_W.BIN__002e7c	1	\_DATA\NIKKI_W.BIN	8	14	10	1	no	calendar/clock	none	numerals	n/a	one of the 31 day-of-month numeral tiles (14x10) composited into the diary page's date line
_DATA_NIKKI_W.BIN__003128	1	\_DATA\NIKKI_W.BIN	8	14	10	1	no	calendar/clock	none	numerals	n/a	one of the 31 day-of-month numeral tiles (14x10) composited into the diary page's date line
_DATA_NIKKI_W.BIN__0033d4	1	\_DATA\NIKKI_W.BIN	8	14	10	1	no	calendar/clock	none	numerals	n/a	one of the 31 day-of-month numeral tiles (14x10) composited into the diary page's date line
_DATA_NIKKI_W.BIN__003680	1	\_DATA\NIKKI_W.BIN	8	14	10	1	no	calendar/clock	none	numerals	n/a	one of the 31 day-of-month numeral tiles (14x10) composited into the diary page's date line
_DATA_NIKKI_W.BIN__00392c	1	\_DATA\NIKKI_W.BIN	8	14	10	1	no	calendar/clock	none	numerals	n/a	one of the 31 day-of-month numeral tiles (14x10) composited into the diary page's date line
_DATA_NIKKI_W.BIN__003bd8	1	\_DATA\NIKKI_W.BIN	8	14	10	1	no	calendar/clock	none	numerals	n/a	one of the 31 day-of-month numeral tiles (14x10) composited into the diary page's date line
_DATA_NIKKI_W.BIN__003e84	1	\_DATA\NIKKI_W.BIN	8	14	10	1	no	calendar/clock	none	numerals	n/a	one of the 31 day-of-month numeral tiles (14x10) composited into the diary page's date line
_DATA_NIKKI_W.BIN__004130	1	\_DATA\NIKKI_W.BIN	8	14	10	1	no	calendar/clock	none	numerals	n/a	one of the 31 day-of-month numeral tiles (14x10) composited into the diary page's date line
_DATA_NIKKI_W.BIN__0043dc	1	\_DATA\NIKKI_W.BIN	8	14	10	1	no	calendar/clock	none	numerals	n/a	one of the 31 day-of-month numeral tiles (14x10) composited into the diary page's date line
_DATA_NIKKI_W.BIN__004688	1	\_DATA\NIKKI_W.BIN	8	14	10	1	no	calendar/clock	none	numerals	n/a	one of the 31 day-of-month numeral tiles (14x10) composited into the diary page's date line
_DATA_NIKKI_W.BIN__004934	1	\_DATA\NIKKI_W.BIN	8	14	10	1	no	calendar/clock	none	numerals	n/a	one of the 31 day-of-month numeral tiles (14x10) composited into the diary page's date line
_DATA_NIKKI_W.BIN__004be0	1	\_DATA\NIKKI_W.BIN	8	14	10	1	no	calendar/clock	none	numerals	n/a	one of the 31 day-of-month numeral tiles (14x10) composited into the diary page's date line
_DATA_NIKKI_W.BIN__004e8c	1	\_DATA\NIKKI_W.BIN	8	14	10	1	no	calendar/clock	none	numerals	n/a	one of the 31 day-of-month numeral tiles (14x10) composited into the diary page's date line
_DATA_NIKKI_W.BIN__005138	1	\_DATA\NIKKI_W.BIN	8	14	10	1	no	calendar/clock	none	numerals	n/a	one of the 31 day-of-month numeral tiles (14x10) composited into the diary page's date line
_DATA_M_FILES.BIN_M_A01000.BIN__003660	189	\_DATA\M_FILES.BIN\M_A01000.BIN;\_DATA\M_FILES.BIN\M_A01100.BIN;\_DATA\M_FILES.BIN\M_A02000.BIN;\_DATA\M_FILES.BIN\M_A02100.BIN;\_DATA\M_FILES.BIN\M_A03000.BIN;\_DATA\M_FILES.BIN\M_A03100.BIN;\_DATA\M_FILES.BIN\M_A04000.BIN;\_DATA\M_FILES.BIN\M_A04001.BIN …+181	4	16	8	7	no	other	none	n/a	n/a	map pack artwork: background strip atlas or a 98x79 watercolour minimap, no lettering seen
_DATA_M_FILES.BIN_M_A01000.BIN__0039ec	10	\_DATA\M_FILES.BIN\M_A01000.BIN;\_DATA\M_FILES.BIN\M_A01100.BIN;\_DATA\M_FILES.BIN\M_A06000.BIN;\_DATA\M_FILES.BIN\M_A06100.BIN;\_DATA\M_FILES.BIN\M_A16000.BIN;\_DATA\M_FILES.BIN\M_A16004.BIN;\_DATA\M_FILES.BIN\M_A16100.BIN;\_DATA\M_FILES.BIN\M_A16104.BIN …+2	4	16	8	1	no	other	none	n/a	n/a	map pack artwork: background strip atlas or a 98x79 watercolour minimap, no lettering seen
_DATA_M_FILES.BIN_M_A01000.BIN__002b48	239	\_DATA\M_FILES.BIN\M_A01000.BIN;\_DATA\M_FILES.BIN\M_A01100.BIN;\_DATA\M_FILES.BIN\M_A02000.BIN;\_DATA\M_FILES.BIN\M_A02100.BIN;\_DATA\M_FILES.BIN\M_A03000.BIN;\_DATA\M_FILES.BIN\M_A03100.BIN;\_DATA\M_FILES.BIN\M_A04000.BIN;\_DATA\M_FILES.BIN\M_A04001.BIN …+231	4	8	8	4	no	other	none	n/a	n/a	map pack artwork: background strip atlas or a 98x79 watercolour minimap, no lettering seen
_DATA_M_FILES.BIN_M_A03000.BIN__003cd4	84	\_DATA\M_FILES.BIN\M_A03000.BIN;\_DATA\M_FILES.BIN\M_A03100.BIN;\_DATA\M_FILES.BIN\M_A04000.BIN;\_DATA\M_FILES.BIN\M_A04001.BIN;\_DATA\M_FILES.BIN\M_A04100.BIN;\_DATA\M_FILES.BIN\M_A04101.BIN;\_DATA\M_FILES.BIN\M_A08000.BIN;\_DATA\M_FILES.BIN\M_A08001.BIN …+76	4	8	8	4	no	other	none	n/a	n/a	map pack artwork: background strip atlas or a 98x79 watercolour minimap, no lettering seen
_DATA_M_FILES.BIN_M_A05000.BIN__003634	85	\_DATA\M_FILES.BIN\M_A05000.BIN;\_DATA\M_FILES.BIN\M_A05100.BIN;\_DATA\M_FILES.BIN\M_A08000.BIN;\_DATA\M_FILES.BIN\M_A08001.BIN;\_DATA\M_FILES.BIN\M_A08100.BIN;\_DATA\M_FILES.BIN\M_A08101.BIN;\_DATA\M_FILES.BIN\M_A11000.BIN;\_DATA\M_FILES.BIN\M_A11100.BIN …+77	4	8	8	5	no	other	none	n/a	n/a	map pack artwork: background strip atlas or a 98x79 watercolour minimap, no lettering seen
_DATA_M_FILES.BIN_M_A07000.BIN__004140	52	\_DATA\M_FILES.BIN\M_A07000.BIN;\_DATA\M_FILES.BIN\M_A07001.BIN;\_DATA\M_FILES.BIN\M_A07100.BIN;\_DATA\M_FILES.BIN\M_A07101.BIN;\_DATA\M_FILES.BIN\M_B03000.BIN;\_DATA\M_FILES.BIN\M_B03001.BIN;\_DATA\M_FILES.BIN\M_B03100.BIN;\_DATA\M_FILES.BIN\M_B03101.BIN …+44	4	8	8	3	no	other	none	n/a	n/a	map pack artwork: background strip atlas or a 98x79 watercolour minimap, no lettering seen
_DATA_M_FILES.BIN_M_B01000.BIN__0025bc	78	\_DATA\M_FILES.BIN\M_B01000.BIN;\_DATA\M_FILES.BIN\M_B01100.BIN;\_DATA\M_FILES.BIN\M_B03000.BIN;\_DATA\M_FILES.BIN\M_B03001.BIN;\_DATA\M_FILES.BIN\M_B03100.BIN;\_DATA\M_FILES.BIN\M_B03101.BIN;\_DATA\M_FILES.BIN\M_B04000.BIN;\_DATA\M_FILES.BIN\M_B04100.BIN …+70	4	8	8	1	no	other	none	n/a	n/a	map pack artwork: background strip atlas or a 98x79 watercolour minimap, no lettering seen
_DATA_M_FILES.BIN_M_B01000.BIN__0027e8	54	\_DATA\M_FILES.BIN\M_B01000.BIN;\_DATA\M_FILES.BIN\M_B01100.BIN;\_DATA\M_FILES.BIN\M_B03000.BIN;\_DATA\M_FILES.BIN\M_B03001.BIN;\_DATA\M_FILES.BIN\M_B03100.BIN;\_DATA\M_FILES.BIN\M_B03101.BIN;\_DATA\M_FILES.BIN\M_B04000.BIN;\_DATA\M_FILES.BIN\M_B04100.BIN …+46	4	8	8	1	no	other	none	n/a	n/a	map pack artwork: background strip atlas or a 98x79 watercolour minimap, no lettering seen
_DATA_M_FILES.BIN_M_B01000.BIN__002a14	53	\_DATA\M_FILES.BIN\M_B01000.BIN;\_DATA\M_FILES.BIN\M_B01100.BIN;\_DATA\M_FILES.BIN\M_B03000.BIN;\_DATA\M_FILES.BIN\M_B03001.BIN;\_DATA\M_FILES.BIN\M_B03100.BIN;\_DATA\M_FILES.BIN\M_B03101.BIN;\_DATA\M_FILES.BIN\M_B04000.BIN;\_DATA\M_FILES.BIN\M_B04100.BIN …+45	4	8	8	2	no	other	none	n/a	n/a	map pack artwork: background strip atlas or a 98x79 watercolour minimap, no lettering seen
_DATA_M_FILES.BIN_M_B07000.BIN__003cc4	45	\_DATA\M_FILES.BIN\M_B07000.BIN;\_DATA\M_FILES.BIN\M_B07100.BIN;\_DATA\M_FILES.BIN\M_B08000.BIN;\_DATA\M_FILES.BIN\M_B08100.BIN;\_DATA\M_FILES.BIN\M_B09000.BIN;\_DATA\M_FILES.BIN\M_B09100.BIN;\_DATA\M_FILES.BIN\M_B12000.BIN;\_DATA\M_FILES.BIN\M_B12100.BIN …+37	4	8	8	6	no	other	none	n/a	n/a	map pack artwork: background strip atlas or a 98x79 watercolour minimap, no lettering seen
_DATA_M_FILES.BIN_M_D01000.BIN__0027e8	16	\_DATA\M_FILES.BIN\M_D01000.BIN;\_DATA\M_FILES.BIN\M_D01001.BIN;\_DATA\M_FILES.BIN\M_D01002.BIN;\_DATA\M_FILES.BIN\M_D01100.BIN;\_DATA\M_FILES.BIN\M_D01101.BIN;\_DATA\M_FILES.BIN\M_D01102.BIN;\_DATA\M_FILES.BIN\M_D02000.BIN;\_DATA\M_FILES.BIN\M_D02100.BIN …+8	4	8	8	1	no	other	none	n/a	n/a	map pack artwork: background strip atlas or a 98x79 watercolour minimap, no lettering seen
_DATA_M_FILES.BIN_M_D10000.BIN__00378c	13	\_DATA\M_FILES.BIN\M_D10000.BIN;\_DATA\M_FILES.BIN\M_D10100.BIN;\_DATA\M_FILES.BIN\M_D11000.BIN;\_DATA\M_FILES.BIN\M_D11001.BIN;\_DATA\M_FILES.BIN\M_D11100.BIN;\_DATA\M_FILES.BIN\M_D13000.BIN;\_DATA\M_FILES.BIN\M_D13100.BIN;\_DATA\M_FILES.BIN\M_E01000.BIN …+5	4	8	8	1	no	other	none	n/a	n/a	map pack artwork: background strip atlas or a 98x79 watercolour minimap, no lettering seen
_DATA_M_FILES.BIN_M_D10000.BIN__0039b8	33	\_DATA\M_FILES.BIN\M_D10000.BIN;\_DATA\M_FILES.BIN\M_D10100.BIN;\_DATA\M_FILES.BIN\M_D13000.BIN;\_DATA\M_FILES.BIN\M_D13100.BIN;\_DATA\M_FILES.BIN\M_D14000.BIN;\_DATA\M_FILES.BIN\M_D14100.BIN;\_DATA\M_FILES.BIN\M_H09000.BIN;\_DATA\M_FILES.BIN\M_H09100.BIN …+25	4	8	8	2	no	other	none	n/a	n/a	map pack artwork: background strip atlas or a 98x79 watercolour minimap, no lettering seen
_DATA_M_FILES.BIN_M_H21000.BIN__0047c0	12	\_DATA\M_FILES.BIN\M_H21000.BIN;\_DATA\M_FILES.BIN\M_H21100.BIN;\_DATA\M_FILES.BIN\M_H21200.BIN;\_DATA\M_FILES.BIN\M_H22000.BIN;\_DATA\M_FILES.BIN\M_H22100.BIN;\_DATA\M_FILES.BIN\M_H22200.BIN;\_DATA\M_FILES.BIN\M_H23000.BIN;\_DATA\M_FILES.BIN\M_H23100.BIN …+4	4	8	8	1	no	other	none	n/a	n/a	map pack artwork: background strip atlas or a 98x79 watercolour minimap, no lettering seen
