member	container	table	block_id	index	offset	size	slack	kind	line_key	controls
EV0006.BIN	ev	0	6	0	0x188	32	0	MSG+XA	a1832e76d30f	8000x1
EV0006.BIN	ev	0	6	1	0x1b4	20	0	MSG+XA	d038dc769743	8000x1
EV0010.BIN	ev	0	10	0	0x2bc	28	0	MSG+XA	8ab021bdd3c9	8000x1
EV0010.BIN	ev	0	10	1	0x2e4	24	0	MSG+XA	7c74877dc4cd	8000x1
EV0104.BIN	ev	0	104	0	0x3d0	54	2	MSG+XA	9d595580262d	8000x1,8002x1
EV0104.BIN	ev	0	104	1	0x414	24	0	MSG+XA	7c74877dc4cd	8000x1
EV0104.BIN	ev	0	104	2	0x438	18	2	MSG+XA	f238dea4ba46	8000x1
EV0104.BIN	ev	0	104	3	0x458	60	0	MSG+XA	21b080874496	8000x1,8001x1
EV0104.BIN	ev	0	104	4	0x4a0	34	2	MSG+XA	7a94a9684210	8000x1
EV0104.BIN	ev	0	104	5	0x4d0	26	2	MSG+XA	6216a2e99b0e	8000x1
EV0112.BIN	ev	0	112	0	0x1a0	58	2	MSG+XA	5ffdae503526	8000x1,8001x1
EV0112.BIN	ev	0	112	1	0x1dc	14	2	SEL1.1	617b02067b91	8001x2
EV0112.BIN	ev	0	112	2	0x1f8	160	0	MSG+XA	d2e74c267bd5	8000x1,8001x4,8002x1
EV0112.BIN	ev	0	112	3	0x2a4	20	0	MSG+XA	b928aa93b71b	8000x1
EV0112.BIN	ev	0	112	4	0x2c4	176	0	MSG+XA	77109987cc4e	8000x1,8001x3,8002x2
EV0112.BIN	ev	0	112	5	0x380	30	2	MSG+XA	0dc5f0cede82	8000x1
EV0113.BIN	ev	0	113	0	0x210	84	0	MSG+XA	fad3ea23696f	8000x1,8001x2,8002x1
EV0113.BIN	ev	0	113	1	0x270	230	2	MSG+XA	9fa6793281f7	8000x1,8001x5,8002x3
EV0113.BIN	ev	0	113	2	0x364	56	0	MSG+XA	29364acade34	8000x1,8001x1
EV0113.BIN	ev	0	113	3	0x3a8	76	0	MSG+XA	a854f5048757	8000x1,8001x1,8002x1
EV0113.BIN	ev	0	113	4	0x400	30	2	MSG+XA	8fd993611cea	8000x1
EV0113.BIN	ev	0	113	5	0x42c	96	0	MSG+XA	c3ea1b5aedb1	8000x1,8001x2,8002x1
EV0113.BIN	ev	0	113	6	0x498	46	2	MSG+XA	d8f8aa571303	8000x1,8001x1
EV0113.BIN	ev	0	113	7	0x4d4	42	2	MSG+XA	cac3ee73ad9d	8000x1,8001x1
EV0122.BIN	ev	0	122	0	0xa4	272	0	MSG+XA	0b9342205102	8000x1,8001x6,8002x3
EV0140.BIN	ev	0	140	0	0x2ac	24	0	MSG+XA	82478f12c2a3	8000x1
EV0140.BIN	ev	0	140	1	0x2d0	16	0	MSG+XA	5a112f7512d1	8000x1
EV0140.BIN	ev	0	140	2	0x2ec	26	2	MSG+XA	f9e1cbb62bbc	8000x1
EV0140.BIN	ev	0	140	3	0x314	20	0	MSG+XA	cca0107377fe	8000x1
EV0140.BIN	ev	0	140	4	0x334	38	2	MSG+XA	936ad41ac86c	8000x1,8001x1
EV0140.BIN	ev	0	140	5	0x368	18	2	MSG+XA	f20f79e108cb	8000x1
EV0140.BIN	ev	0	140	6	0x388	14	2	MSG+XA	9e5555579473	8000x1
EV0140.BIN	ev	0	140	7	0x3a4	48	0	MSG+XA	193af3468577	8000x1,8002x1
EV0140.BIN	ev	0	140	8	0x3e0	38	2	MSG+XA	2179768d58a7	8000x1,8001x1
EV0140.BIN	ev	0	140	9	0x414	50	2	MSG+XA	58af1010f2ea	8000x1,8001x1
EV0140.BIN	ev	0	140	10	0x454	30	2	MSG+XA	5e921ee6aa22	8000x1
EV0140.BIN	ev	0	140	11	0x474	14	2	MSG	b8384985e0f4	8000x1
EV0141.BIN	ev	0	141	0	0x110	30	2	MSG+XA	7dc2cd00f265	8000x1
EV0141.BIN	ev	0	141	1	0x13c	20	0	MSG+XA	d22bcba6d5ec	8000x1
EV0141.BIN	ev	0	141	2	0x15c	32	0	MSG+XA	a8e62e2945bc	8000x1
EV0141.BIN	ev	0	141	3	0x188	54	2	MSG+XA	4ccbdefc9c70	8000x1,8001x1
EV0202.BIN	ev	0	202	0	0x47c	28	0	MSG+XA	8ab021bdd3c9	8000x1
EV0202.BIN	ev	0	202	1	0x4a4	24	0	MSG+XA	7c74877dc4cd	8000x1
EV0202.BIN	ev	0	202	2	0x4c8	34	2	MSG+XA	9cecd03e4323	8000x1
EV0202.BIN	ev	0	202	3	0x4ec	14	2	SEL1.1	617b02067b91	8001x2
EV0202.BIN	ev	0	202	4	0x508	40	0	MSG+XA	75e0245a053c	8000x1,8001x1
EV0202.BIN	ev	0	202	5	0x53c	46	2	MSG+XA	9e0e1409e258	8000x1,8001x1
EV0202.BIN	ev	0	202	7	0x584	170	2	MSG+XA	d94eba100384	8000x1,8001x3,8002x2
EV0202.BIN	ev	0	202	8	0x63c	42	2	MSG+XA	0ef9d6ba1347	8000x1,8001x1
EV0204.BIN	ev	0	204	0	0x348	28	0	MSG+XA	8ab021bdd3c9	8000x1
EV0204.BIN	ev	0	204	1	0x370	24	0	MSG+XA	7c74877dc4cd	8000x1
EV0204.BIN	ev	0	204	2	0x394	122	2	MSG+XA	3e4be2039863	8000x1,8001x2,8002x1
EV0204.BIN	ev	0	204	3	0x41c	48	0	MSG+XA	4f2d7fcb609d	8000x1,8001x1
EV0204.BIN	ev	0	204	4	0x458	78	2	MSG+XA	ad458d0d52ce	8000x1,8001x1,8002x1
EV0210.BIN	ev	0	210	0	0x1f4	20	0	MSG+XA	0b26998e27dd	8000x1
EV0210.BIN	ev	0	210	1	0x214	224	0	MSG+XA	26463dc819fe	8000x1,8001x5,8002x3
EV0210.BIN	ev	0	210	2	0x300	158	2	MSG+XA	f3825d329aa6	8000x1,8001x4,8002x1
EV0210.BIN	ev	0	210	3	0x3ac	78	2	MSG+XA	6623d0a10f35	8000x1,8001x2
EV0210.BIN	ev	0	210	4	0x408	216	0	MSG+XA	10310e1c04a6	8000x1,8001x5,8002x2
EV0210.BIN	ev	0	210	5	0x4ec	28	0	MSG+XA	f78e0497bc02	8000x1
EV0210.BIN	ev	0	210	6	0x514	52	0	MSG+XA	044f23648f39	8000x1,8001x1
EV0210.BIN	ev	0	210	7	0x554	258	2	MSG+XA	1b2514b5e3c2	8000x1,8001x6,8002x4
EV0212.BIN	ev	0	212	0	0xe4	202	2	MSG+XA	568d5a15ee4a	8000x1,8001x4,8002x2
EV0212.BIN	ev	0	212	1	0x1bc	120	0	MSG+XA	862e5ee66aa6	8000x1,8001x3,8002x1
EV0213.BIN	ev	0	213	0	0x1b0	84	0	MSG+XA	e824d4a6f625	8000x1,8001x1,8002x1
EV0213.BIN	ev	0	213	1	0x210	82	2	MSG+XA	83e335dfd6c5	8000x1,8001x2
EV0213.BIN	ev	0	213	2	0x270	58	2	MSG+XA	c019b690e771	8000x1,8001x1,8002x1
EV0213.BIN	ev	0	213	3	0x2b8	208	0	MSG+XA	ae644182ee54	8000x1,8001x4,8002x3
EV0213.BIN	ev	0	213	4	0x394	20	0	MSG+XA	9beec5d34bf1	8000x1
EV0213.BIN	ev	0	213	5	0x3b4	50	2	MSG+XA	9d2b049f64ed	8000x1,8001x1
EV0213.BIN	ev	0	213	6	0x3f4	18	2	MSG+XA	e401894db8c7	8000x1
EV0213.BIN	ev	0	213	7	0x414	58	2	MSG+XA	fbc218148567	8000x1,8001x1
EV0220.BIN	ev	0	220	0	0x238	70	2	MSG+XA	e0f9d4fcd9d3	8000x1,8001x1,8002x1
EV0220.BIN	ev	0	220	1	0x28c	16	0	MSG+XA	cdfd7136ae2c	8000x1
EV0220.BIN	ev	0	220	2	0x2a8	244	0	MSG+XA	d20dd16d8187	8000x1,8001x6,8002x3
EV0220.BIN	ev	0	220	3	0x3a8	24	0	MSG+XA	d4fd5edec0ae	8000x1
EV0220.BIN	ev	0	220	4	0x3cc	142	2	MSG+XA	20a43267deaa	8000x1,8001x3,8002x2
EV0220.BIN	ev	0	220	5	0x468	20	0	MSG+XA	53fb46829cb5	8000x1
EV0220.BIN	ev	0	220	6	0x488	94	2	MSG+XA	f2ab693be014	8000x1,8001x2,8002x1
EV0220.BIN	ev	0	220	7	0x4f4	52	0	MSG+XA	00706be45e97	8000x1,8001x1
EV0220.BIN	ev	0	220	8	0x534	94	2	MSG+XA	c7b029d46c3e	8000x1,8001x2,8002x1
EV0220.BIN	ev	0	220	9	0x5a0	158	2	MSG+XA	4580510c7b03	8000x1,8001x4,8002x1
EV0240.BIN	ev	0	240	0	0x168	42	2	MSG+XA	6474e4323291	8000x1,8001x1
EV0240.BIN	ev	0	240	1	0x194	16	0	MSG	f8aa1e95f0dd	8000x1
EV0240.BIN	ev	0	240	2	0x1b0	46	2	MSG+XA	7f748a06dc23	8000x1,8001x1
EV0240.BIN	ev	0	240	3	0x1ec	26	2	MSG+XA	141d2ca03f36	8000x1
EV0240.BIN	ev	0	240	4	0x214	18	2	MSG+XA	b9085f9d034f	8000x1
EV0240.BIN	ev	0	240	5	0x234	72	0	MSG+XA	69f9d0dac0dc	8000x1,8001x2
EV0240.BIN	ev	0	240	6	0x27c	16	0	MSG	f8aa1e95f0dd	8000x1
EV0241.BIN	ev	0	241	0	0x138	68	0	MSG+XA	b865935bef97	8000x1,8001x1,8002x1
EV0241.BIN	ev	0	241	1	0x188	30	2	MSG+XA	ca6739369537	8000x1
EV0241.BIN	ev	0	241	2	0x1b4	82	2	MSG+XA	921f7bbb95a0	8000x1,8001x2
EV0241.BIN	ev	0	241	3	0x214	48	0	MSG+XA	aae471801245	8000x1,8001x1
EV0302.BIN	ev	0	302	0	0x430	28	0	MSG+XA	8ab021bdd3c9	8000x1
EV0302.BIN	ev	0	302	1	0x458	24	0	MSG+XA	7c74877dc4cd	8000x1
EV0302.BIN	ev	0	302	2	0x47c	44	0	MSG+XA	9f81b17528d9	8000x1,8001x1
EV0302.BIN	ev	0	302	3	0x4b4	44	0	MSG+XA	7d756623f716	8000x1,8001x1
EV0302.BIN	ev	0	302	4	0x4ec	16	0	MSG+XA	6ec70606dcff	8000x1
EV0302.BIN	ev	0	302	5	0x508	46	2	MSG+XA	c35ad109aeb3	8000x1,8001x1
EV0302.BIN	ev	0	302	7	0x550	162	2	MSG+XA	2b16ab011906	8000x1,8001x4,8002x2
EV0304.BIN	ev	0	304	0	0x25c	28	0	MSG+XA	8ab021bdd3c9	8000x1
EV0304.BIN	ev	0	304	1	0x284	24	0	MSG+XA	7c74877dc4cd	8000x1
EV0312.BIN	ev	0	312	0	0xec	132	0	MSG+XA	196c00cd8876	8000x1,8001x2,8002x2
EV0312.BIN	ev	0	312	1	0x17c	148	0	MSG+XA	648d5ca7b10c	8000x1,8001x3,8002x2
EV0313.BIN	ev	0	313	0	0x120	52	0	MSG+XA	767166f36328	8000x1,8001x1
EV0313.BIN	ev	0	313	1	0x154	14	2	SEL1.1	617b02067b91	8001x2
EV0313.BIN	ev	0	313	2	0x170	46	2	MSG+XA	065001419505	8000x1,8001x1
EV0313.BIN	ev	0	313	3	0x1ac	60	0	MSG+XA	10c3c3fc7375	8000x1,8001x1
EV0332.BIN	ev	0	332	0	0x2cc	30	2	MSG+XA	f79fdd6d679d	8000x1
EV0332.BIN	ev	0	332	1	0x2f8	106	2	MSG+XA	d917166a9678	8000x1,8001x2,8002x2
EV0332.BIN	ev	0	332	2	0x370	34	2	MSG+XA	7573a4f6a3a3	8000x1
EV0332.BIN	ev	0	332	3	0x3a0	44	0	MSG+XA	1307a8989e79	8000x1,8001x1
EV0332.BIN	ev	0	332	4	0x3d8	28	0	MSG+XA	c497fc54aac6	8000x1
EV0332.BIN	ev	0	332	5	0x400	48	0	MSG+XA	9f376206db02	8000x1,8001x1
EV0332.BIN	ev	0	332	6	0x43c	56	0	MSG+XA	824d9e31e849	8000x1,8001x1
EV0332.BIN	ev	0	332	7	0x480	62	2	MSG+XA	c81b1d745665	8000x1,8001x2
EV0341.BIN	ev	0	341	0	0x188	108	0	MSG+XA	b5b5baef04d0	8000x1,8001x2,8002x1
EV0341.BIN	ev	0	341	1	0x200	20	0	MSG+XA	53a5c7cad4b5	8000x1
EV0341.BIN	ev	0	341	2	0x220	30	2	MSG+XA	9bfb99ff0c23	8000x1
EV0341.BIN	ev	0	341	3	0x24c	14	2	MSG+XA	9e5555579473	8000x1
EV0341.BIN	ev	0	341	4	0x268	86	2	MSG+XA	38d6fc1db81c	8000x1,8001x2
EV0341.BIN	ev	0	341	5	0x2cc	22	2	MSG+XA	b411bea98dac	8000x1
EV0341.BIN	ev	0	341	6	0x2f0	18	2	MSG+XA	d55f57c7510b	8000x1
EV0341.BIN	ev	0	341	7	0x310	22	2	MSG+XA	8a6cc4f0a354	8000x1
EV0402.BIN	ev	0	402	0	0x4cc	28	0	MSG+XA	8ab021bdd3c9	8000x1
EV0402.BIN	ev	0	402	1	0x4f4	24	0	MSG+XA	7c74877dc4cd	8000x1
EV0402.BIN	ev	0	402	2	0x518	16	0	MSG+XA	3367821e6b4f	8000x1
EV0402.BIN	ev	0	402	3	0x534	32	0	MSG+XA	76063beef555	8000x1
EV0402.BIN	ev	0	402	4	0x560	16	0	MSG+XA	b539d1a2efef	8000x1
EV0402.BIN	ev	0	402	5	0x57c	104	0	MSG+XA	c9cf2bf026c3	8000x1,8001x3,8002x1
EV0402.BIN	ev	0	402	6	0x5f0	50	2	MSG+XA	d7687952899d	8000x1,8001x1
EV0402.BIN	ev	0	402	7	0x630	38	2	MSG+XA	cfc0d40ce135	8000x1,8001x1
EV0402.BIN	ev	0	402	8	0x664	24	0	MSG+XA	9a221854adea	8000x1
EV0402.BIN	ev	0	402	9	0x688	42	2	MSG+XA	7ea9d04a2d33	8000x1,8001x1
EV0402.BIN	ev	0	402	10	0x6c0	38	2	MSG+XA	0855b6657b92	8000x1,8001x1
EV0402.BIN	ev	0	402	11	0x6f4	54	2	MSG+XA	e76b792dcc60	8000x1,8001x1
EV0402.BIN	ev	0	402	12	0x738	60	0	MSG+XA	52c2024adb7a	8000x1,8001x1,8002x1
EV0402.BIN	ev	0	402	13	0x780	16	0	MSG+XA	6c9cd3709d20	8000x1
EV0404.BIN	ev	0	404	0	0x40c	28	0	MSG+XA	8ab021bdd3c9	8000x1
EV0404.BIN	ev	0	404	1	0x434	24	0	MSG+XA	7c74877dc4cd	8000x1
EV0404.BIN	ev	0	404	2	0x458	30	2	MSG+XA	2649473b2310	8000x1
EV0404.BIN	ev	0	404	3	0x484	46	2	MSG+XA	b3b8acdc542c	8000x1,8001x1
EV0404.BIN	ev	0	404	4	0x4c0	42	2	MSG+XA	9230fa4cf7ef	8000x1,8001x1
EV0404.BIN	ev	0	404	5	0x4f8	18	2	MSG+XA	4974de0904a3	8000x1
EV0404.BIN	ev	0	404	6	0x50c	32	0	SEL2.2	d192e115ac6f	8001x4
EV0404.BIN	ev	0	404	7	0x52c	48	0	SEL3.2	478e5d78c65c	8001x5
EV0404.BIN	ev	0	404	8	0x568	44	0	MSG+XA	fb301756bae6	8000x1,8001x1
EV0410.BIN	ev	0	410	0	0xe8	58	2	MSG+XA	00e6c56d20c4	8000x1,8001x1
EV0410.BIN	ev	0	410	1	0x130	48	0	MSG+XA	2834c62c5a7b	8000x1,8001x1
EV0412.BIN	ev	0	412	0	0x10c	418	2	MSG+XA	ac133e0480b1	8000x1,8001x9,8002x6
EV0412.BIN	ev	0	412	1	0x2bc	134	2	MSG+XA	8f40633f230f	8000x1,8001x2,8002x2
EV0433.BIN	ev	0	433	0	0x138	84	0	MSG+XA	145cbd45d2ea	8000x1,8001x1,8002x1
EV0433.BIN	ev	0	433	1	0x198	58	2	MSG+XA	970895aebeac	8000x1,8001x1
EV0441.BIN	ev	0	441	0	0x11c	138	2	MSG+XA	c17a98e9ac30	8000x1,8001x3,8002x1
EV0441.BIN	ev	0	441	1	0x1b4	42	2	MSG+XA	959f3d92c1f5	8000x1,8001x1
EV0441.BIN	ev	0	441	2	0x1ec	104	0	MSG+XA	4ce68a0bea6b	8000x1,8001x2,8002x1
EV0446.BIN	ev	0	446	0	0x84	104	0	MSG+XA	db8f79938d2c	8000x1,8001x2,8002x1
EV0502.BIN	ev	0	502	0	0x3b4	28	0	MSG+XA	8ab021bdd3c9	8000x1
EV0502.BIN	ev	0	502	1	0x3dc	24	0	MSG+XA	7c74877dc4cd	8000x1
EV0502.BIN	ev	0	502	2	0x400	56	0	MSG+XA	5697fc073e72	8000x1,8001x1
EV0502.BIN	ev	0	502	3	0x444	198	2	MSG+XA	2ceb4f680624	8000x1,8001x5,8002x2
EV0502.BIN	ev	0	502	4	0x518	28	0	MSG+XA	88c97c5deac2	8000x1
EV0502.BIN	ev	0	502	5	0x540	216	0	MSG+XA	fc07926727ee	8000x1,8001x5,8002x3
EV0502.BIN	ev	0	502	6	0x624	40	0	MSG+XA	a391999d914e	8000x1,8001x1
EV0502.BIN	ev	0	502	7	0x658	60	0	MSG+XA	8fd9ab12aba9	8000x1,8001x1
EV0504.BIN	ev	0	504	1	0x34c	106	2	MSG+XA	100b916e6ee8	8000x1,8001x2,8002x1
EV0504.BIN	ev	0	504	2	0x3c4	74	2	MSG+XA	57a1bccbf2e9	8000x1,8001x2
EV0504.BIN	ev	0	504	3	0x41c	42	2	MSG+XA	bfdc15ad6001	8000x1,8001x1
EV0504.BIN	ev	0	504	4	0x454	16	0	MSG+XA	6ec70606dcff	8000x1
EV0504.BIN	ev	0	504	5	0x470	24	0	MSG+XA	7c74877dc4cd	8000x1
EV0504.BIN	ev	0	504	6	0x494	76	0	MSG+XA	a2d6ed5433b5	8000x1,8001x1,8002x1
EV0510.BIN	ev	0	510	0	0x188	52	0	MSG+XA	72471e438ae7	8000x1,8001x1
EV0510.BIN	ev	0	510	1	0x1c8	146	2	MSG+XA	8bf372df36e1	8000x1,8001x3,8002x2
EV0510.BIN	ev	0	510	2	0x268	38	2	MSG+XA	abe7e17612cf	8000x1,8001x1
EV0510.BIN	ev	0	510	3	0x29c	112	0	MSG+XA	be8a36ed7e14	8000x1,8001x2,8002x1
EV0510.BIN	ev	0	510	4	0x318	46	2	MSG+XA	8d1651063bf8	8000x1,8001x1
EV0510.BIN	ev	0	510	5	0x354	54	2	MSG+XA	f73ef9958d72	8000x1,8001x1
EV0512.BIN	ev	0	512	0	0x110	102	2	MSG+XA	67db89063c1b	8000x1,8001x2,8002x1
EV0512.BIN	ev	0	512	1	0x184	104	0	MSG+XA	cf74814cabc7	8000x1,8001x2,8002x1
EV0512.BIN	ev	0	512	2	0x1f8	66	2	MSG+XA	6d9770cbabbe	8000x1,8001x2
EV0520.BIN	ev	0	520	0	0x24c	140	0	MSG+XA	821a146f3d31	8000x1,8001x4,8002x1
EV0520.BIN	ev	0	520	1	0x2e4	70	2	MSG+XA	107470cc4b0a	8000x1,8001x2
EV0520.BIN	ev	0	520	2	0x338	104	0	MSG+XA	fcde1b0dbe5b	8000x1,8001x3,8002x1
EV0520.BIN	ev	0	520	3	0x3ac	28	0	MSG+XA	d6020e9c14cd	8000x1
EV0520.BIN	ev	0	520	4	0x3d4	228	0	MSG+XA	1bddc325c68b	8000x1,8001x4,8002x3
EV0520.BIN	ev	0	520	5	0x4c4	18	2	MSG+XA	691f95e50d59	8000x1
EV0520.BIN	ev	0	520	6	0x4e4	32	0	MSG+XA	a0a3981a3700	8000x1
EV0520.BIN	ev	0	520	7	0x510	16	0	MSG+XA	106e4efe970f	8000x1
EV0520.BIN	ev	0	520	8	0x52c	54	2	MSG+XA	851e783fe403	8000x1,8001x1
EV0520.BIN	ev	0	520	9	0x570	106	2	MSG+XA	c9b8e765faaa	8000x1,8001x3,8002x1
EV0520.BIN	ev	0	520	10	0x5e8	40	0	MSG+XA	947f3b5c0518	8000x1,8001x1
EV0520.BIN	ev	0	520	11	0x61c	86	2	MSG+XA	b4c895396241	8000x1,8001x1,8002x1
EV0540.BIN	ev	0	540	0	0x18c	92	0	MSG+XA	26a14c879448	8000x1,8001x2,8002x1
EV0540.BIN	ev	0	540	1	0x1f4	168	0	MSG+XA	2fdabd07c45f	8000x1,8001x4,8002x2
EV0540.BIN	ev	0	540	2	0x2a8	84	0	MSG+XA	bf9ffcfd32dd	8000x1,8001x2
EV0540.BIN	ev	0	540	3	0x308	48	0	MSG+XA	697e6fb3c0f5	8000x1,8001x1
EV0541.BIN	ev	0	541	0	0x1b8	44	0	MSG+XA	62d5b2f4f959	8000x1,8001x1
EV0541.BIN	ev	0	541	1	0x1f0	26	2	MSG+XA	cded4fe2a8d9	8000x1
EV0541.BIN	ev	0	541	2	0x218	30	2	MSG+XA	216339f7eceb	8000x1
EV0541.BIN	ev	0	541	3	0x244	60	0	MSG+XA	63470a887746	8000x1,8001x1
EV0541.BIN	ev	0	541	4	0x28c	32	0	MSG+XA	d5b94396b9d8	8000x1
EV0541.BIN	ev	0	541	5	0x2b8	84	0	MSG+XA	9b4e6705cf56	8000x1,8001x2,8002x1
EV0541.BIN	ev	0	541	6	0x318	34	2	MSG+XA	467e75162484	8000x1
EV0541.BIN	ev	0	541	7	0x348	112	0	MSG+XA	a88b4f7a50b8	8000x1,8001x3,8002x1
EV0604.BIN	ev	0	604	0	0x484	28	0	MSG+XA	8ab021bdd3c9	8000x1
EV0604.BIN	ev	0	604	1	0x4ac	24	0	MSG+XA	7c74877dc4cd	8000x1
EV0604.BIN	ev	0	604	2	0x4d0	54	2	MSG+XA	d6d5ebf648fc	8000x1,8001x1
EV0604.BIN	ev	0	604	3	0x514	70	2	MSG+XA	f831c84d4193	8000x1,8001x2
EV0604.BIN	ev	0	604	4	0x568	42	2	MSG+XA	dcc68c2662b1	8000x1,8001x1
EV0604.BIN	ev	0	604	5	0x5a0	236	0	MSG+XA	f6b07eccb2ee	8000x1,8001x5,8002x3
EV0604.BIN	ev	0	604	6	0x698	68	0	MSG+XA	becd96ca8f61	8000x1,8001x1,8002x1
EV0604.BIN	ev	0	604	7	0x6e8	100	0	MSG+XA	b46b330fec06	8000x1,8001x2,8002x1
EV0604.BIN	ev	0	604	8	0x758	26	2	MSG+XA	2d6475d0346f	8000x1
EV0612.BIN	ev	0	612	0	0x124	146	2	MSG+XA	d5fa8b96c2a7	8000x1,8001x2,8002x2
EV0612.BIN	ev	0	612	1	0x1c4	118	2	MSG+XA	c68ec02db954	8000x1,8001x3,8002x1
EV0612.BIN	ev	0	612	2	0x248	108	0	MSG+XA	42640042d84a	8000x1,8001x3,8002x1
EV0620.BIN	ev	0	620	0	0x2d4	80	0	MSG+XA	30b47ce07f22	8000x1,8001x2
EV0620.BIN	ev	0	620	1	0x330	50	2	MSG+XA	6074ed307809	8000x1,8001x1
EV0620.BIN	ev	0	620	2	0x370	14	2	MSG+XA	bc31eadf9dbd	8000x1
EV0620.BIN	ev	0	620	3	0x38c	58	2	MSG+XA	152133ece879	8000x1,8001x1
EV0620.BIN	ev	0	620	4	0x3d4	46	2	MSG+XA	8ed118a67429	8000x1,8001x1
EV0620.BIN	ev	0	620	5	0x410	62	2	MSG+XA	0781c806aa06	8000x1,8001x1,8002x1
EV0620.BIN	ev	0	620	6	0x45c	62	2	MSG+XA	375af7a668a3	8000x1,8002x1
EV0620.BIN	ev	0	620	7	0x4a8	188	0	MSG+XA	08610ba9d6b4	8000x1,8001x4,8002x2
EV0620.BIN	ev	0	620	8	0x570	42	2	MSG+XA	b43107dd8af7	8000x1,8001x1
EV0620.BIN	ev	0	620	9	0x5a8	110	2	MSG+XA	735924fb1cb4	8000x1,8001x2,8002x1
EV0620.BIN	ev	0	620	10	0x624	22	2	MSG+XA	1f614d95f6c3	8000x1
EV0620.BIN	ev	0	620	11	0x648	100	0	MSG+XA	4b3e41e82aa4	8000x1,8001x2,8002x1
EV0620.BIN	ev	0	620	12	0x6b8	78	2	MSG+XA	e9135ebd95f2	8000x1,8001x1,8002x1
EV0620.BIN	ev	0	620	13	0x714	40	0	MSG+XA	06d9c309e66d	8000x1,8001x1
EV0620.BIN	ev	0	620	14	0x748	58	2	MSG+XA	7e6ff9383fcb	8000x1,8001x1
EV0640.BIN	ev	0	640	0	0x1c0	44	0	MSG+XA	4c04c7937254	8000x1,8002x1
EV0640.BIN	ev	0	640	1	0x1f8	18	2	MSG+XA	691f95e50d59	8000x1
EV0640.BIN	ev	0	640	2	0x218	52	0	MSG+XA	744e51ea422d	8000x1,8001x1
EV0640.BIN	ev	0	640	3	0x258	22	2	MSG+XA	795dde8f5d68	8000x1
EV0640.BIN	ev	0	640	4	0x27c	60	0	MSG+XA	06b6bef36734	8000x1,8001x1
EV0640.BIN	ev	0	640	5	0x2b8	12	0	MSG	bb0167395272	8000x1
EV0640.BIN	ev	0	640	6	0x2d0	32	0	MSG+XA	23cb13091b5d	8000x1
EV0640.BIN	ev	0	640	7	0x2fc	20	0	MSG+XA	322b0e451ad1	8000x1
EV0640.BIN	ev	0	640	8	0x31c	16	0	MSG+XA	be31631fd456	8000x1
EV0640.BIN	ev	0	640	9	0x338	40	0	MSG+XA	3a1602943e4e	8000x1,8001x1
EV0641.BIN	ev	0	641	0	0x10c	70	2	MSG+XA	954a973735e4	8000x1,8001x2
EV0641.BIN	ev	0	641	1	0x160	34	2	MSG+XA	2e7e0562acca	8000x1
EV0641.BIN	ev	0	641	2	0x190	16	0	MSG+XA	f792fa9e650b	8000x1
EV0641.BIN	ev	0	641	3	0x1ac	86	2	MSG+XA	b933e0940ad5	8000x1,8001x1,8002x1
EV0650.BIN	ev	0	650	0	0x458	22	2	MSG+XA	9379a225109e	8000x1
EV0650.BIN	ev	0	650	1	0x47c	46	2	MSG+XA	d497fd5cf008	8000x1,8001x1
EV0650.BIN	ev	0	650	2	0x4b8	56	0	MSG+XA	214176d8fb77	8000x1,8001x1
EV0650.BIN	ev	0	650	4	0x508	38	2	MSG+XA	bd38b916f42b	8000x1,8001x1
EV0650.BIN	ev	0	650	5	0x53c	20	0	MSG+XA	5703bbd72620	8000x1
EV0650.BIN	ev	0	650	6	0x55c	32	0	MSG+XA	d76855f74b8b	8000x1
EV0650.BIN	ev	0	650	7	0x588	24	0	MSG+XA	ec4b722b00bc	8000x1
EV0650.BIN	ev	0	650	8	0x5ac	46	2	MSG+XA	d5159a48acc7	8000x1,8001x1
EV0650.BIN	ev	0	650	9	0x5e8	26	2	MSG+XA	3cbe64bb1534	8000x1
EV0650.BIN	ev	0	650	10	0x610	142	2	MSG+XA	15f782f142bb	8000x1,8001x3,8002x1
EV0650.BIN	ev	0	650	11	0x6ac	32	0	MSG+XA	1a559196fe42	8000x1
EV0650.BIN	ev	0	650	13	0x6e4	22	2	MSG+XA	bcdc6438c6c7	8000x1
EV0650.BIN	ev	0	650	14	0x708	54	2	MSG+XA	fa9fe8db09ff	8000x1,8001x1
EV0650.BIN	ev	0	650	15	0x74c	60	0	MSG+XA	9e11a39cfe0e	8000x1,8001x1
EV0650.BIN	ev	0	650	16	0x794	18	2	MSG+XA	1cdf4bfb8784	8000x1
EV0650.BIN	ev	0	650	17	0x7b4	88	0	MSG+XA	45a1b12fa85f	8000x1,8001x2,8002x1
EV0650.BIN	ev	0	650	18	0x818	44	0	MSG+XA	4fb7e8a9dfeb	8000x1,8001x1
EV0651.BIN	ev	0	651	0	0x2e8	60	0	MSG+XA	7df09a39c66b	8000x1,8001x1
EV0651.BIN	ev	0	651	1	0x330	20	0	MSG+XA	20b34de934a2	8000x1
EV0651.BIN	ev	0	651	2	0x350	32	0	MSG+XA	a039922a7cd2	8000x1
EV0651.BIN	ev	0	651	3	0x37c	22	2	MSG+XA	cc8fdf423db7	8000x1
EV0651.BIN	ev	0	651	4	0x3a0	24	0	MSG+XA	2840b363c678	8000x1
EV0651.BIN	ev	0	651	5	0x3c4	20	0	MSG+XA	6d3f85a45f9e	8000x1
EV0651.BIN	ev	0	651	6	0x3e4	32	0	MSG+XA	e745afd02554	8000x1
EV0651.BIN	ev	0	651	7	0x410	28	0	MSG+XA	31a8a7a060cc	8000x1
EV0651.BIN	ev	0	651	8	0x438	56	0	MSG+XA	47100504da41	8000x1,8001x1
EV0651.BIN	ev	0	651	9	0x47c	20	0	MSG+XA	a3e52d6a6f2d	8000x1
EV0651.BIN	ev	0	651	10	0x49c	140	0	MSG+XA	7975240676a3	8000x1,8001x2,8002x2
EV0652.BIN	ev	0	652	0	0x2b4	42	2	MSG+XA	0e50e5d0806a	8000x1,8001x1
EV0652.BIN	ev	0	652	1	0x2ec	48	0	MSG+XA	355623f9229b	8000x1,8001x1
EV0652.BIN	ev	0	652	2	0x328	46	2	MSG+XA	2cfad2f4398d	8000x1,8001x1
EV0652.BIN	ev	0	652	3	0x364	24	0	MSG+XA	aab6ff7bdd83	8000x1
EV0652.BIN	ev	0	652	4	0x388	32	0	MSG+XA	c665df004893	8000x1
EV0652.BIN	ev	0	652	5	0x3b4	22	2	MSG+XA	c26d89fd9295	8000x1
EV0652.BIN	ev	0	652	6	0x3d8	56	0	MSG+XA	65efe4de3ec7	8000x1,8001x1
EV0652.BIN	ev	0	652	7	0x41c	30	2	MSG+XA	06338fdb79f9	8000x1
EV0652.BIN	ev	0	652	8	0x448	76	0	MSG+XA	5947487177a6	8000x1,8001x1,8002x1
EV0652.BIN	ev	0	652	9	0x4a0	42	2	MSG+XA	fb64cc658b0f	8000x1,8001x1
EV0652.BIN	ev	0	652	10	0x4d8	130	2	MSG+XA	3f407318d9bf	8000x1,8001x3,8002x2
EV0653.BIN	ev	0	653	0	0x1ac	52	0	MSG+XA	61821943fa81	8000x1,8001x1
EV0653.BIN	ev	0	653	1	0x1ec	26	2	MSG+XA	bb2dbacbc73f	8000x1
EV0653.BIN	ev	0	653	2	0x214	72	0	MSG+XA	d9f7a32af15b	8000x1,8001x2
EV0653.BIN	ev	0	653	3	0x268	48	0	MSG+XA	4311fcfef597	8000x1,8001x1
EV0701.BIN	ev	0	701	0	0x32c	76	0	MSG+XA	4a4168df1252	8000x1,8001x1,8002x1
EV0701.BIN	ev	0	701	1	0x384	52	0	MSG+XA	cc7b0226aabd	8000x1,8001x1
EV0701.BIN	ev	0	701	2	0x3c4	24	0	MSG+XA	f6520d2d95f8	8000x1
EV0701.BIN	ev	0	701	3	0x3e8	210	2	MSG+XA	2d75847c1aeb	8000x1,8001x5,8002x3
EV0701.BIN	ev	0	701	4	0x4c8	44	0	MSG+XA	3873c80e18de	8000x1,8001x1
EV0701.BIN	ev	0	701	5	0x500	138	2	MSG+XA	58b053dd62c3	8000x1,8001x3,8002x1
EV0701.BIN	ev	0	701	6	0x598	26	2	MSG+XA	570064594c3b	8000x1
EV0701.BIN	ev	0	701	7	0x5c0	32	0	MSG+XA	a1832e76d30f	8000x1
EV0701.BIN	ev	0	701	8	0x5ec	20	0	MSG+XA	d038dc769743	8000x1
EV0704.BIN	ev	0	704	0	0x35c	28	0	MSG+XA	8ab021bdd3c9	8000x1
EV0704.BIN	ev	0	704	1	0x384	24	0	MSG+XA	7c74877dc4cd	8000x1
EV0704.BIN	ev	0	704	2	0x3a8	28	0	MSG+XA	7a94fc7bd12a	8000x1
EV0704.BIN	ev	0	704	3	0x3d0	52	0	MSG+XA	a2890d8e2967	8000x1,8001x1
EV0705.BIN	ev	0	705	0	0x3c0	28	0	MSG+XA	8ab021bdd3c9	8000x1
EV0705.BIN	ev	0	705	1	0x3e8	24	0	MSG+XA	7c74877dc4cd	8000x1
EV0705.BIN	ev	0	705	2	0x40c	122	2	MSG+XA	af1c797a0ab1	8000x1,8001x3,8002x1
EV0705.BIN	ev	0	705	3	0x494	30	2	MSG+XA	4927af4b4e2e	8000x1
EV0705.BIN	ev	0	705	4	0x4c0	86	2	MSG+XA	08432f5f35bd	8000x1,8001x2
EV0705.BIN	ev	0	705	5	0x524	86	2	MSG+XA	d4a07dfed395	8000x1,8001x2,8002x1
EV0712.BIN	ev	0	712	0	0x174	62	2	MSG+XA	d615e65d3943	8000x1,8001x1
EV0712.BIN	ev	0	712	1	0x1b4	14	2	SEL1.1	617b02067b91	8001x2
EV0712.BIN	ev	0	712	2	0x1d0	168	0	MSG+XA	c9f365f3e725	8000x1,8001x4,8002x2
EV0712.BIN	ev	0	712	3	0x284	22	2	MSG+XA	dc210f907ef5	8000x1
EV0712.BIN	ev	0	712	4	0x2a8	86	2	MSG+XA	8ab3357602f1	8000x1,8001x2,8002x1
EV0712.BIN	ev	0	712	5	0x30c	58	2	MSG+XA	0a26b943df60	8000x1,8001x1
EV0720.BIN	ev	0	720	0	0x188	104	0	MSG+XA	dda44849da53	8000x1,8001x2,8002x1
EV0720.BIN	ev	0	720	1	0x1fc	182	2	MSG+XA	907ddc52ade9	8000x1,8001x4,8002x2
EV0720.BIN	ev	0	720	2	0x2c0	90	2	MSG+XA	184fb62fc680	8000x1,8001x1,8002x2
EV0720.BIN	ev	0	720	3	0x328	16	0	MSG+XA	c1e86fa4d9c6	8000x1
EV0720.BIN	ev	0	720	4	0x344	62	2	MSG+XA	b02d685201c1	8000x1,8001x1
EV0720.BIN	ev	0	720	5	0x390	48	0	MSG+XA	65839301275a	8000x1,8001x1
EV0740.BIN	ev	0	740	0	0x14c	58	2	MSG+XA	91bdf651021a	8000x1,8001x1
EV0740.BIN	ev	0	740	1	0x194	46	2	MSG+XA	43afc19a887b	8000x1,8001x1
EV0740.BIN	ev	0	740	2	0x1d0	120	0	MSG+XA	3407a2b8ccfa	8000x1,8001x2,8002x2
EV0740.BIN	ev	0	740	3	0x254	58	2	MSG+XA	8169fb9b0a41	8000x1,8001x1
EV0741.BIN	ev	0	741	0	0x108	28	0	MSG+XA	6c35cc9dad7e	8000x1
EV0741.BIN	ev	0	741	1	0x130	26	2	MSG+XA	de075a268af7	8000x1
EV0741.BIN	ev	0	741	2	0x158	68	0	MSG+XA	f3dac3dbd519	8000x1,8001x2
EV0750.BIN	ev	0	750	0	0x100	46	2	MSG+XA	2ed02215f340	8000x1,8001x1
EV0750.BIN	ev	0	750	1	0x13c	90	2	MSG+XA	192e2c449d3e	8000x1,8001x2,8002x1
EV0751.BIN	ev	0	751	0	0x1f4	334	2	MSG+XA	3ebc7ba44c07	8000x1,8001x8,8002x4
EV0751.BIN	ev	0	751	1	0x350	290	2	MSG+XA	4e2d7af7e121	8000x1,8001x6,8002x3
EV0751.BIN	ev	0	751	2	0x480	176	0	MSG+XA	499fcdcabbc9	8000x1,8001x5,8002x2
EV0752.BIN	ev	0	752	0	0x26c	174	2	MSG+XA	314c32033a7e	8000x1,8001x4,8002x2
EV0752.BIN	ev	0	752	1	0x328	334	2	MSG+XA	3ebc7ba44c07	8000x1,8001x8,8002x4
EV0752.BIN	ev	0	752	2	0x484	290	2	MSG+XA	4e2d7af7e121	8000x1,8001x6,8002x3
EV0752.BIN	ev	0	752	3	0x5b4	176	0	MSG+XA	499fcdcabbc9	8000x1,8001x5,8002x2
EV0753.BIN	ev	0	753	0	0x2b0	154	2	MSG+XA	8cc757d16a23	8000x1,8001x4,8002x1
EV0753.BIN	ev	0	753	1	0x358	174	2	MSG+XA	314c32033a7e	8000x1,8001x4,8002x2
EV0753.BIN	ev	0	753	2	0x414	334	2	MSG+XA	3ebc7ba44c07	8000x1,8001x8,8002x4
EV0753.BIN	ev	0	753	3	0x570	290	2	MSG+XA	4e2d7af7e121	8000x1,8001x6,8002x3
EV0753.BIN	ev	0	753	4	0x6a0	176	0	MSG+XA	499fcdcabbc9	8000x1,8001x5,8002x2
EV0761.BIN	ev	0	761	0	0x15c	106	2	MSG+XA	a3cc745c2f76	8000x1,8001x2,8002x1
EV0761.BIN	ev	0	761	1	0x1d4	86	2	MSG+XA	51c0869d10ea	8000x1,8001x2
EV0761.BIN	ev	0	761	2	0x238	66	2	MSG+XA	1a2f89309db0	8000x1,8001x2
EV0762.BIN	ev	0	762	0	0x1ac	78	2	MSG+XA	a418394e5490	8000x1,8001x2
EV0762.BIN	ev	0	762	1	0x208	106	2	MSG+XA	a3cc745c2f76	8000x1,8001x2,8002x1
EV0762.BIN	ev	0	762	2	0x280	86	2	MSG+XA	51c0869d10ea	8000x1,8001x2
EV0762.BIN	ev	0	762	3	0x2e4	66	2	MSG+XA	1a2f89309db0	8000x1,8001x2
EV0763.BIN	ev	0	763	0	0x1f4	80	0	MSG+XA	2cf2a4b84e18	8000x1,8001x2
EV0763.BIN	ev	0	763	1	0x250	78	2	MSG+XA	a418394e5490	8000x1,8001x2
EV0763.BIN	ev	0	763	2	0x2ac	106	2	MSG+XA	a3cc745c2f76	8000x1,8001x2,8002x1
EV0763.BIN	ev	0	763	3	0x324	86	2	MSG+XA	51c0869d10ea	8000x1,8001x2
EV0763.BIN	ev	0	763	4	0x388	66	2	MSG+XA	1a2f89309db0	8000x1,8001x2
EV0771.BIN	ev	0	771	0	0x17c	148	0	MSG+XA	2653a2a303fd	8000x1,8001x3,8002x1
EV0771.BIN	ev	0	771	1	0x21c	110	2	MSG+XA	6b2605fa4d57	8000x1,8001x2,8002x1
EV0771.BIN	ev	0	771	2	0x298	148	0	MSG+XA	614ff0a6866f	8000x1,8001x3,8002x1
EV0772.BIN	ev	0	772	0	0x1e0	126	2	MSG+XA	608cc5a7e9e9	8000x1,8001x3,8002x1
EV0772.BIN	ev	0	772	1	0x26c	148	0	MSG+XA	2653a2a303fd	8000x1,8001x3,8002x1
EV0772.BIN	ev	0	772	2	0x30c	110	2	MSG+XA	6b2605fa4d57	8000x1,8001x2,8002x1
EV0772.BIN	ev	0	772	3	0x388	148	0	MSG+XA	614ff0a6866f	8000x1,8001x3,8002x1
EV0773.BIN	ev	0	773	0	0x240	118	2	MSG+XA	609c9ae88abb	8000x1,8001x3,8002x1
EV0773.BIN	ev	0	773	1	0x2c4	126	2	MSG+XA	608cc5a7e9e9	8000x1,8001x3,8002x1
EV0773.BIN	ev	0	773	2	0x350	148	0	MSG+XA	2653a2a303fd	8000x1,8001x3,8002x1
EV0773.BIN	ev	0	773	3	0x3f0	110	2	MSG+XA	6b2605fa4d57	8000x1,8001x2,8002x1
EV0773.BIN	ev	0	773	4	0x46c	148	0	MSG+XA	614ff0a6866f	8000x1,8001x3,8002x1
EV0811.BIN	ev	0	811	0	0xdc	86	2	MSG+XA	90af248a7f6e	8000x1,8001x2,8002x1
EV0811.BIN	ev	0	811	1	0x140	26	2	MSG+XA	c070d367b874	8000x1
EV0812.BIN	ev	0	812	0	0xf4	74	2	MSG+XA	0fdaed2e037b	8000x1,8001x1,8002x1
EV0812.BIN	ev	0	812	1	0x14c	78	2	MSG+XA	9437193165e6	8000x1,8001x2
EV0832.BIN	ev	0	832	0	0x520	46	2	MSG+XA	a0d9cf028dee	8000x1,8001x1
EV0832.BIN	ev	0	832	1	0x55c	18	2	MSG+XA	d66384c2ac6d	8000x1
EV0832.BIN	ev	0	832	2	0x57c	130	2	MSG+XA	f98e8bd98eac	8000x1,8001x3,8002x2
EV0832.BIN	ev	0	832	3	0x60c	44	0	MSG+XA	c9d32a9e9053	8000x1,8001x1
EV0832.BIN	ev	0	832	4	0x644	102	2	MSG+XA	35a85a92e72b	8000x1,8001x2,8002x1
EV0832.BIN	ev	0	832	5	0x6b8	196	0	MSG+XA	df5816aa84f7	8000x1,8001x3,8002x3
EV0832.BIN	ev	0	832	6	0x788	90	2	MSG+XA	fc1723b4b9c0	8000x1,8001x2,8002x1
EV0832.BIN	ev	0	832	7	0x7f0	20	0	MSG+XA	a8b80d9ec93a	8000x1
EV0832.BIN	ev	0	832	8	0x810	24	0	MSG+XA	c9234bad0148	8000x1
EV0832.BIN	ev	0	832	9	0x834	106	2	MSG+XA	9f1a73178a05	8000x1,8001x2,8002x1
EV0841.BIN	ev	0	841	0	0xcc	46	2	MSG+XA	fde0b1bf90b4	8000x1,8001x1
EV0841.BIN	ev	0	841	1	0x108	38	2	MSG+XA	d69fbe728747	8000x1,8001x1
EV0851.BIN	ev	0	851	0	0xfc	44	0	MSG+XA	1c0da81ca5f8	8000x1,8001x1
EV0851.BIN	ev	0	851	1	0x134	48	0	MSG+XA	97708d2b140a	8000x1,8001x1
EV0851.BIN	ev	0	851	2	0x170	42	2	MSG+XA	8e4300b730d2	8000x1,8001x1
EV0852.BIN	ev	0	852	0	0xd0	100	0	MSG+XA	aff162846491	8000x1,8001x2,8002x1
EV0853.BIN	ev	0	853	0	0xcc	90	2	MSG+XA	fd3dca96f497	8000x1,8001x2,8002x1
EV0904.BIN	ev	0	904	0	0x518	28	0	MSG+XA	8ab021bdd3c9	8000x1
EV0904.BIN	ev	0	904	1	0x540	24	0	MSG+XA	7c74877dc4cd	8000x1
EV0904.BIN	ev	0	904	2	0x564	88	0	MSG+XA	a8bfade848b4	8000x1,8001x1,8002x1
EV0904.BIN	ev	0	904	3	0x5c8	78	2	MSG+XA	f861d84bad3d	8000x1,8001x2
EV0904.BIN	ev	0	904	4	0x624	80	0	MSG+XA	506e461c2ee9	8000x1,8001x1,8002x1
EV0904.BIN	ev	0	904	5	0x680	78	2	MSG+XA	9f3ed1dbb75e	8000x1,8001x2
EV0904.BIN	ev	0	904	6	0x6dc	28	0	MSG+XA	af1fb3281293	8000x1
EV0904.BIN	ev	0	904	7	0x704	168	0	MSG+XA	4cf5ba38c281	8000x1,8001x4,8002x2
EV0904.BIN	ev	0	904	8	0x7b8	42	2	MSG+XA	dbd7911a7d6b	8000x1,8001x1
EV0904.BIN	ev	0	904	9	0x7f0	102	2	MSG+XA	ee49844ea5b5	8000x1,8001x2,8002x1
EV0904.BIN	ev	0	904	10	0x864	38	2	MSG+XA	879d730bbc99	8000x1,8001x1
EV0904.BIN	ev	0	904	11	0x898	40	0	MSG+XA	381f55e58535	8000x1,8001x1
EV0910.BIN	ev	0	910	0	0xa8	86	2	MSG+XA	2a8fd0b5a5df	8000x1,8001x2,8002x1
EV0912.BIN	ev	0	912	0	0xf0	122	2	MSG+XA	d183befb6b43	8000x1,8001x3,8002x1
EV0912.BIN	ev	0	912	1	0x178	44	0	MSG+XA	0dc1e3189d9e	8000x1,8001x1
EV0920.BIN	ev	0	920	0	0x130	122	2	MSG+XA	e3f78a35c5c2	8000x1,8001x2,8002x2
EV0920.BIN	ev	0	920	1	0x1b8	120	0	MSG+XA	10daf125096f	8000x1,8001x3,8002x1
EV0920.BIN	ev	0	920	2	0x23c	128	0	MSG+XA	b03a819d30c2	8000x1,8001x3,8002x1
EV0941.BIN	ev	0	941	0	0x118	50	2	MSG+XA	72e8af4d0ca6	8000x1,8001x1
EV0941.BIN	ev	0	941	1	0x158	80	0	MSG+XA	1e9418cded76	8000x1,8001x1,8002x1
EV0941.BIN	ev	0	941	2	0x1b4	58	2	MSG+XA	41ecae22978a	8000x1,8001x1
EV0950.BIN	ev	0	950	0	0x150	76	0	MSG+XA	ace86fb32c43	8000x1,8001x2
EV0950.BIN	ev	0	950	1	0x1a8	54	2	MSG+XA	67e01a7163a8	8000x1,8001x1
EV1006.BIN	ev	0	1006	0	0x1c8	20	0	MSG+XA	5ab627a0e0de	8000x1
EV1006.BIN	ev	0	1006	2	0x1f4	18	2	MSG+XA	bdfb0efe2f92	8000x1
EV1010.BIN	ev	0	1010	0	0x12c	52	0	MSG+XA	718d378e8a67	8000x1,8001x1
EV1010.BIN	ev	0	1010	1	0x16c	18	2	MSG+XA	34df01e80bfd	8000x1
EV1010.BIN	ev	0	1010	2	0x18c	196	0	MSG+XA	40feb6fdf4dc	8000x1,8001x5,8002x3
EV1012.BIN	ev	0	1012	0	0x194	22	2	MSG+XA	20fd8047be1c	8000x1
EV1012.BIN	ev	0	1012	1	0x1b8	58	2	MSG+XA	94521e8fd7d4	8000x1,8001x1
EV1012.BIN	ev	0	1012	2	0x200	44	0	MSG+XA	1af13eafd490	8000x1,8001x1
EV1012.BIN	ev	0	1012	3	0x238	50	2	MSG+XA	c9b62db3b45b	8000x1,8001x1
EV1013.BIN	ev	0	1013	0	0x164	26	2	MSG+XA	621427683148	8000x1
EV1013.BIN	ev	0	1013	1	0x18c	18	2	MSG+XA	515028af096a	8000x1
EV1013.BIN	ev	0	1013	2	0x1ac	42	2	MSG+XA	3effe66afda1	8000x1,8001x1
EV1013.BIN	ev	0	1013	3	0x1e4	52	0	MSG+XA	c6e4a6d10b94	8000x1,8001x1
EV1013.BIN	ev	0	1013	4	0x224	24	0	MSG+XA	347e80579403	8000x1
EV1013.BIN	ev	0	1013	5	0x248	60	0	MSG+XA	eb6a05260d1c	8000x1,8001x1
EV1040.BIN	ev	0	1040	0	0x108	56	0	MSG+XA	214471fbda6e	8000x1,8001x1
EV1040.BIN	ev	0	1040	1	0x14c	48	0	MSG+XA	7a0ba3f47915	8000x1,8001x1
EV1040.BIN	ev	0	1040	2	0x188	86	2	MSG+XA	64e491a8085c	8000x1,8001x2,8002x1
EV1041.BIN	ev	0	1041	0	0x154	46	2	MSG+XA	a4d531f4974a	8000x1,8001x1
EV1041.BIN	ev	0	1041	1	0x190	58	2	MSG+XA	5cc35bb4ff2d	8000x1,8001x1
EV1041.BIN	ev	0	1041	2	0x1d8	50	2	MSG+XA	9c214063a1d0	8000x1,8001x1
EV1041.BIN	ev	0	1041	3	0x218	70	2	MSG+XA	90dfbf93a3dd	8000x1,8001x1,8002x1
EV1041.BIN	ev	0	1041	4	0x26c	48	0	MSG+XA	b64af57dd68f	8000x1,8001x1
EV1050.BIN	ev	0	1050	0	0x270	72	0	MSG+XA	b51d0dce778a	8000x1,8001x2
EV1050.BIN	ev	0	1050	1	0x2c4	48	0	MSG+XA	0da1157cba9c	8000x1,8001x1
EV1050.BIN	ev	0	1050	2	0x300	44	0	MSG+XA	bf57826bad3c	8000x1,8001x1
EV1051.BIN	ev	0	1051	0	0xdc	116	0	MSG+XA	934d3d1c6daf	8000x1,8001x3,8002x1
EV1052.BIN	ev	0	1052	0	0x1a0	58	2	MSG+XA	addfdcb517ac	8000x1,8001x1
EV1052.BIN	ev	0	1052	1	0x1e8	26	2	MSG+XA	bc27709325ba	8000x1
EV1052.BIN	ev	0	1052	2	0x210	22	2	MSG+XA	210a550a1648	8000x1
EV1052.BIN	ev	0	1052	3	0x234	20	0	MSG+XA	c6986a57b3c7	8000x1
EV1052.BIN	ev	0	1052	4	0x254	78	2	MSG+XA	58da15a05e1c	8000x1,8001x2
EV1052.BIN	ev	0	1052	5	0x2b0	30	2	MSG+XA	5985597a4e6b	8000x1
EV1053.BIN	ev	0	1053	0	0xcc	114	2	MSG+XA	e59d5ed77fcd	8000x1,8001x3,8002x1
EV1102.BIN	ev	0	1102	0	0x330	28	0	MSG+XA	8ab021bdd3c9	8000x1
EV1102.BIN	ev	0	1102	1	0x358	24	0	MSG+XA	7c74877dc4cd	8000x1
EV1102.BIN	ev	0	1102	2	0x37c	74	2	MSG+XA	c81d91d35b69	8000x1,8001x2
EV1102.BIN	ev	0	1102	3	0x3d4	66	2	MSG+XA	c98a7975cd9f	8000x1,8001x1,8002x1
EV1102.BIN	ev	0	1102	4	0x424	14	2	MSG+XA	223814c0ef06	8000x1
EV1104.BIN	ev	0	1104	0	0x290	28	0	MSG+XA	8ab021bdd3c9	8000x1
EV1104.BIN	ev	0	1104	1	0x2b8	24	0	MSG+XA	7c74877dc4cd	8000x1
EV1104.BIN	ev	0	1104	2	0x2dc	64	0	MSG+XA	3f8d8590b442	8000x1,8001x1
EV1104.BIN	ev	0	1104	3	0x328	20	0	MSG+XA	2b054e00a123	8000x1
EV1104.BIN	ev	0	1104	4	0x348	50	2	MSG+XA	b6ab78e8ef4c	8000x1,8001x1
EV1104.BIN	ev	0	1104	5	0x388	20	0	MSG+XA	1219a92a84ef	8000x1
EV1104.BIN	ev	0	1104	6	0x3a8	46	2	MSG+XA	e609384852ed	8000x1,8001x1
EV1104.BIN	ev	0	1104	7	0x3e4	14	2	MSG+XA	9e5555579473	8000x1
EV1105.BIN	ev	0	1105	0	0x198	26	2	MSG+XA	1e7088f5006b	8000x1
EV1105.BIN	ev	0	1105	1	0x1c0	20	0	MSG+XA	2b8585b947e4	8000x1
EV1112.BIN	ev	0	1112	0	0x130	148	0	MSG+XA	1b16a7b92738	8000x1,8001x3,8002x1
EV1112.BIN	ev	0	1112	1	0x1d0	138	2	MSG+XA	e5e2956b55d0	8000x1,8001x3,8002x1
EV1112.BIN	ev	0	1112	2	0x268	50	2	MSG+XA	0e5cbe1063bb	8000x1,8001x1
EV1120.BIN	ev	0	1120	0	0x154	28	0	MSG+XA	c70da5458f0c	8000x1
EV1120.BIN	ev	0	1120	1	0x17c	34	2	MSG+XA	f88527c423fc	8000x1
EV1120.BIN	ev	0	1120	2	0x1ac	42	2	MSG+XA	745cff6f8aaf	8000x1,8001x1
EV1120.BIN	ev	0	1120	3	0x1e4	28	0	MSG+XA	c70da5458f0c	8000x1
EV1140.BIN	ev	0	1140	0	0x120	64	0	MSG+XA	c7c5518fe407	8000x1,8001x2
EV1140.BIN	ev	0	1140	1	0x16c	36	0	MSG+XA	7f182510c4e6	8000x1,8001x1
EV1140.BIN	ev	0	1140	2	0x19c	92	0	MSG+XA	9e7f0f9c2a4c	8000x1,8001x2,8002x1
EV1140.BIN	ev	0	1140	3	0x204	94	2	MSG+XA	bbb12c053443	8000x1,8001x2,8002x1
EV1141.BIN	ev	0	1141	0	0xe4	74	2	MSG+XA	6cf6ed17596b	8000x1,8001x2
EV1141.BIN	ev	0	1141	1	0x13c	26	2	MSG+XA	53b6d0d791d6	8000x1
EV1150.BIN	ev	0	1150	0	0x128	52	0	MSG+XA	fab666bdca03	8000x1,8001x1
EV1150.BIN	ev	0	1150	1	0x168	98	2	MSG+XA	722a603caee7	8000x1,8001x2,8002x1
EV1202.BIN	ev	0	1202	0	0x1f0	26	2	MSG+XA	b6f54608cb62	8000x1
EV1202.BIN	ev	0	1202	1	0x218	52	0	MSG+XA	486cb58d731a	8000x1,8001x1
EV1202.BIN	ev	0	1202	2	0x258	60	0	MSG+XA	0fe9681a7301	8000x1,8001x1
EV1210.BIN	ev	0	1210	0	0xd8	46	2	MSG+XA	dc0b7c77283c	8000x1,8001x1
EV1210.BIN	ev	0	1210	1	0x114	14	2	MSG+XA	bc31eadf9dbd	8000x1
EV1210.BIN	ev	0	1210	2	0x130	62	2	MSG+XA	90cf158e9319	8000x1,8001x2
EV1212.BIN	ev	0	1212	0	0x1bc	96	0	MSG+XA	312a11346540	8000x1,8001x2,8002x1
EV1212.BIN	ev	0	1212	1	0x228	42	2	MSG+XA	5d312ceb254a	8000x1,8001x1
EV1212.BIN	ev	0	1212	2	0x260	184	0	MSG+XA	84e73dcb0855	8000x1,8001x4,8002x2
EV1212.BIN	ev	0	1212	3	0x324	60	0	MSG+XA	876fc594aca5	8000x1,8001x1
EV1212.BIN	ev	0	1212	4	0x36c	168	0	MSG+XA	d239d63da69f	8000x1,8001x4,8002x2
EV1214.BIN	ev	0	1214	0	0xf8	52	0	MSG+XA	d335c4dc9beb	8000x1,8001x1
EV1214.BIN	ev	0	1214	1	0x138	48	0	MSG+XA	dcd31e3b5e5c	8000x1,8001x1
EV1232.BIN	ev	0	1232	0	0xb4	42	2	MSG+XA	a90a9c75dfb6	8000x1,8001x1
EV1232.BIN	ev	0	1232	1	0xec	124	0	MSG+XA	270826af4629	8000x1,8001x3,8002x1
EV1241.BIN	ev	0	1241	0	0xc4	114	2	MSG+XA	798b50b6a64b	8000x1,8001x3,8002x1
EV1241.BIN	ev	0	1241	1	0x144	132	0	MSG+XA	ac92cfa47780	8000x1,8001x3,8002x1
EV1241.BIN	ev	0	1241	2	0x1d4	48	0	MSG+XA	80e81a7114d8	8000x1,8001x1
EV1251.BIN	ev	0	1251	0	0xe4	52	0	MSG+XA	9ef1c348d9ab	8000x1,8001x1
EV1251.BIN	ev	0	1251	1	0x124	18	2	MSG+XA	cd6e63d70f65	8000x1
EV1252.BIN	ev	0	1252	0	0xd4	52	0	MSG+XA	48b0bcfbbc4d	8000x1,8001x1
EV1252.BIN	ev	0	1252	1	0x114	98	2	MSG+XA	4641ae70a62a	8000x1,8001x2,8002x1
EV1253.BIN	ev	0	1253	0	0xb0	84	0	MSG+XA	bd9e61893e7e	8000x1,8001x2
EV1302.BIN	ev	0	1302	0	0x3b4	28	0	MSG+XA	8ab021bdd3c9	8000x1
EV1302.BIN	ev	0	1302	1	0x3dc	24	0	MSG+XA	7c74877dc4cd	8000x1
EV1302.BIN	ev	0	1302	2	0x400	84	0	MSG+XA	73ba81043cf6	8000x1,8001x2
EV1302.BIN	ev	0	1302	3	0x454	14	2	SEL1.1	617b02067b91	8001x2
EV1302.BIN	ev	0	1302	4	0x470	186	2	MSG+XA	bfef20aad34a	8000x1,8001x5,8002x2
EV1302.BIN	ev	0	1302	5	0x538	48	0	MSG+XA	58a42f4a6ac9	8000x1,8001x1
EV1304.BIN	ev	0	1304	0	0x5a8	28	0	MSG+XA	8ab021bdd3c9	8000x1
EV1304.BIN	ev	0	1304	1	0x5d0	24	0	MSG+XA	7c74877dc4cd	8000x1
EV1304.BIN	ev	0	1304	2	0x5f4	56	0	MSG+XA	434dcae35713	8000x1,8001x1
EV1304.BIN	ev	0	1304	3	0x638	98	2	MSG+XA	fae2e3add500	8000x1,8001x2,8002x1
EV1304.BIN	ev	0	1304	4	0x6a8	26	2	MSG+XA	bdb8eb83035a	8000x1
EV1304.BIN	ev	0	1304	5	0x6d0	68	0	MSG+XA	a9ee24e1ff31	8000x1,8001x2
EV1304.BIN	ev	0	1304	6	0x720	22	2	MSG+XA	34dde32bc72e	8000x1
EV1304.BIN	ev	0	1304	7	0x744	18	2	MSG+XA	5f283558a87c	8000x1
EV1304.BIN	ev	0	1304	8	0x764	40	0	MSG+XA	8ae9adb95c58	8000x1,8001x1
EV1304.BIN	ev	0	1304	9	0x798	78	2	MSG+XA	d89ba9f2c82a	8000x1,8001x2
EV1304.BIN	ev	0	1304	10	0x7f4	24	0	MSG+XA	ff4d62e4ddc7	8000x1
EV1304.BIN	ev	0	1304	11	0x818	16	0	MSG+XA	4dd2793e553f	8000x1
EV1304.BIN	ev	0	1304	12	0x834	22	2	MSG+XA	b530b2f818fa	8000x1
EV1304.BIN	ev	0	1304	13	0x858	94	2	MSG+XA	02788ebb4b58	8000x1,8001x2,8002x1
EV1312.BIN	ev	0	1312	0	0x124	48	0	MSG+XA	994cfbf19328	8000x1,8001x1
EV1312.BIN	ev	0	1312	1	0x154	20	0	SEL1.1	d612454ecb79	8001x2
EV1312.BIN	ev	0	1312	2	0x174	212	0	MSG+XA	ee57284d460d	8000x1,8001x5,8002x2
EV1312.BIN	ev	0	1312	3	0x254	120	0	MSG+XA	5e7ba4ad101d	8000x1,8001x3,8002x1
EV1341.BIN	ev	0	1341	0	0xfc	44	0	MSG+XA	309fb4c9420d	8000x1,8001x1
EV1341.BIN	ev	0	1341	1	0x134	46	2	MSG+XA	9351c441ec22	8000x1,8001x1
EV1402.BIN	ev	0	1402	0	0x4a0	28	0	MSG+XA	8ab021bdd3c9	8000x1
EV1402.BIN	ev	0	1402	1	0x4c8	24	0	MSG+XA	7c74877dc4cd	8000x1
EV1402.BIN	ev	0	1402	2	0x4ec	32	0	MSG+XA	0d21edb68037	8000x1
EV1402.BIN	ev	0	1402	3	0x518	52	0	MSG+XA	e3d6c535a476	8000x1,8001x1
EV1402.BIN	ev	0	1402	4	0x558	22	2	MSG+XA	2d05df48007a	8000x1
EV1402.BIN	ev	0	1402	5	0x57c	154	2	MSG+XA	448dc76710aa	8000x1,8001x4,8002x1
EV1402.BIN	ev	0	1402	6	0x624	20	0	MSG+XA	631e68f74ce0	8000x1
EV1402.BIN	ev	0	1402	7	0x644	108	0	MSG+XA	72f71e100654	8000x1,8001x2,8002x1
EV1412.BIN	ev	0	1412	0	0xcc	26	2	MSG+XA	8c09b904e027	8000x1
EV1412.BIN	ev	0	1412	1	0xf4	50	2	MSG+XA	0cd6d3997520	8000x1,8001x1
EV1420.BIN	ev	0	1420	0	0x2bc	82	2	MSG+XA	6ca42c4582a2	8000x1,8001x1,8002x1
EV1420.BIN	ev	0	1420	1	0x31c	56	0	MSG+XA	df231b152cd8	8000x1,8001x1
EV1420.BIN	ev	0	1420	2	0x360	386	2	MSG+XA	737497a0f3fd	8000x1,8001x9,8002x5
EV1420.BIN	ev	0	1420	3	0x4f0	46	2	MSG+XA	85632e1e0d5d	8000x1,8001x1
EV1420.BIN	ev	0	1420	4	0x52c	390	2	MSG+XA	5a6e89e9fc92	8000x1,8001x9,8002x5
EV1420.BIN	ev	0	1420	5	0x6c0	50	2	MSG+XA	0e6bb280c4a6	8000x1,8001x1
EV1441.BIN	ev	0	1441	0	0x27c	128	0	MSG+XA	461276f877f3	8000x1,8001x3,8002x1
EV1441.BIN	ev	0	1441	1	0x308	28	0	MSG+XA	360d8ce1baa0	8000x1
EV1441.BIN	ev	0	1441	2	0x330	30	2	MSG+XA	6e1be1f7cb89	8000x1
EV1441.BIN	ev	0	1441	3	0x35c	52	0	MSG+XA	676a4d66c716	8000x1,8001x1
EV1441.BIN	ev	0	1441	4	0x39c	78	2	MSG+XA	0cddecc1e92a	8000x1,8001x2
EV1441.BIN	ev	0	1441	5	0x3f8	56	0	MSG+XA	ffbf3589a891	8000x1,8001x1
EV1441.BIN	ev	0	1441	6	0x43c	46	2	MSG+XA	eb2e8b9fcac8	8000x1,8001x1
EV1441.BIN	ev	0	1441	7	0x478	14	2	MSG+XA	19a384ff83f3	8000x1
EV1441.BIN	ev	0	1441	8	0x494	56	0	MSG+XA	df429e3a46e0	8000x1,8001x1
EV1451.BIN	ev	0	1451	0	0x168	220	0	MSG+XA	1dccdabd1565	8000x1,8001x5,8002x3
EV1451.BIN	ev	0	1451	1	0x250	70	2	MSG+XA	d1bce20a4ca4	8000x1,8001x1,8002x1
EV1452.BIN	ev	0	1452	0	0x120	46	2	MSG+XA	667832ac139e	8000x1,8001x1
EV1452.BIN	ev	0	1452	1	0x15c	16	0	MSG+XA	5d3f05fdb8e5	8000x1
EV1452.BIN	ev	0	1452	2	0x178	26	2	MSG+XA	81cd162b902d	8000x1
EV1452.BIN	ev	0	1452	3	0x1a0	48	0	MSG+XA	606213a0d5ed	8000x1,8001x1
EV1453.BIN	ev	0	1453	0	0x12c	52	0	MSG+XA	912de4db4729	8000x1,8001x1
EV1453.BIN	ev	0	1453	1	0x16c	32	0	MSG+XA	322d32000d3c	8000x1
EV1453.BIN	ev	0	1453	2	0x198	90	2	MSG+XA	3c26e47cd3f8	8000x1,8001x2
EV1502.BIN	ev	0	1502	0	0x260	42	2	SEL3.1	7d5688ac2bd9	8001x3
EV1502.BIN	ev	0	1502	1	0x298	28	0	MSG+XA	8ab021bdd3c9	8000x1
EV1502.BIN	ev	0	1502	2	0x2c0	24	0	MSG+XA	7c74877dc4cd	8000x1
EV1502.BIN	ev	0	1502	3	0x2e4	46	2	MSG+XA	cf73e1a0000c	8000x1,8001x1
EV1502.BIN	ev	0	1502	4	0x320	54	2	MSG+XA	2c51bb48ff25	8000x1,8001x1
EV1502.BIN	ev	0	1502	5	0x364	52	0	MSG+XA	0efc8f227b51	8000x1,8001x1
EV1502.BIN	ev	0	1502	6	0x3a4	146	2	MSG+XA	0d35b99ac711	8000x1,8001x3,8002x1
EV1504.BIN	ev	0	1504	0	0x69c	28	0	MSG+XA	8ab021bdd3c9	8000x1
EV1504.BIN	ev	0	1504	1	0x6c4	24	0	MSG+XA	7c74877dc4cd	8000x1
EV1504.BIN	ev	0	1504	2	0x6e8	68	0	MSG+XA	033ba42646ff	8000x1,8001x2
EV1504.BIN	ev	0	1504	3	0x738	64	0	MSG+XA	2dadf65ae026	8000x1,8001x2
EV1504.BIN	ev	0	1504	4	0x784	22	2	MSG+XA	38a673cbecf7	8000x1
EV1504.BIN	ev	0	1504	5	0x7a8	104	0	MSG+XA	bb41a3e54566	8000x1,8001x2,8002x1
EV1504.BIN	ev	0	1504	6	0x81c	36	0	MSG+XA	20c26126eaa2	8000x1,8001x1
EV1504.BIN	ev	0	1504	7	0x84c	22	2	MSG+XA	38a673cbecf7	8000x1
EV1504.BIN	ev	0	1504	8	0x870	214	2	MSG+XA	2de4be3a0357	8000x1,8001x4,8002x3
EV1504.BIN	ev	0	1504	9	0x954	28	0	MSG+XA	6075f40463c7	8000x1
EV1504.BIN	ev	0	1504	10	0x97c	22	2	MSG+XA	bf0113bd56e5	8000x1
EV1504.BIN	ev	0	1504	11	0x9a0	46	2	MSG+XA	c2a60c7c7c8b	8000x1,8001x1
EV1504.BIN	ev	0	1504	12	0x9dc	24	0	MSG+XA	a6ef41c5377f	8000x1
EV1504.BIN	ev	0	1504	13	0xa00	242	2	MSG+XA	df173007a26d	8000x1,8001x5,8002x4
EV1504.BIN	ev	0	1504	14	0xb00	50	2	MSG+XA	cb5c060151ec	8000x1,8001x1
EV1504.BIN	ev	0	1504	15	0xb40	306	2	MSG+XA	9cf38ffbe779	8000x1,8001x8,8002x4
EV1504.BIN	ev	0	1504	16	0xc80	28	0	MSG+XA	3efa13999021	8000x1
EV1513.BIN	ev	0	1513	0	0xb8	64	0	MSG+XA	ad6c473845b9	8000x1,8001x1
EV1513.BIN	ev	0	1513	1	0x104	34	2	MSG+XA	18f34468097c	8000x1
EV1522.BIN	ev	0	1522	0	0x98	98	2	MSG+XA	fd209c433296	8000x1,8001x2,8002x1
EV1541.BIN	ev	0	1541	0	0x10c	48	0	MSG+XA	e25982d7b041	8000x1,8001x1
EV1541.BIN	ev	0	1541	1	0x148	18	2	MSG+XA	691f95e50d59	8000x1
EV1541.BIN	ev	0	1541	2	0x168	42	2	MSG+XA	2c76e484f828	8000x1,8001x1
EV1541.BIN	ev	0	1541	3	0x1a0	46	2	MSG+XA	f60bc758db00	8000x1,8001x1
EV1602.BIN	ev	0	1602	0	0x37c	28	0	MSG+XA	8ab021bdd3c9	8000x1
EV1602.BIN	ev	0	1602	1	0x3a4	24	0	MSG+XA	7c74877dc4cd	8000x1
EV1602.BIN	ev	0	1602	2	0x3c8	56	0	MSG+XA	a655a3ef5c38	8000x1,8001x1
EV1602.BIN	ev	0	1602	3	0x40c	72	0	MSG+XA	8f2768ccc3cd	8000x1,8001x2
EV1602.BIN	ev	0	1602	4	0x460	30	2	MSG+XA	66b366393e40	8000x1
EV1604.BIN	ev	0	1604	0	0x364	28	0	MSG+XA	8ab021bdd3c9	8000x1
EV1604.BIN	ev	0	1604	1	0x38c	24	0	MSG+XA	7c74877dc4cd	8000x1
EV1604.BIN	ev	0	1604	2	0x3b0	28	0	MSG+XA	7a94fc7bd12a	8000x1
EV1604.BIN	ev	0	1604	3	0x3d8	52	0	MSG+XA	a2890d8e2967	8000x1,8001x1
EV1610.BIN	ev	0	1610	0	0x134	74	2	MSG+XA	21964bed40e2	8000x1,8001x1,8002x1
EV1610.BIN	ev	0	1610	1	0x180	14	2	SEL1.1	617b02067b91	8001x2
EV1610.BIN	ev	0	1610	2	0x19c	50	2	MSG+XA	4855022e9af2	8000x1,8001x1
EV1610.BIN	ev	0	1610	3	0x1dc	70	2	MSG+XA	38a1682c64cd	8000x1,8001x1,8002x1
EV1612.BIN	ev	0	1612	1	0x1c0	74	2	MSG+XA	2067b410fcad	8000x1,8001x1,8002x1
EV1612.BIN	ev	0	1612	2	0x218	34	2	MSG+XA	2d06ac69dce2	8000x1
EV1612.BIN	ev	0	1612	3	0x248	18	2	MSG+XA	b848f35c2e0d	8000x1
EV1612.BIN	ev	0	1612	4	0x268	26	2	MSG+XA	73800ebe1ca3	8000x1
EV1612.BIN	ev	0	1612	5	0x290	98	2	MSG+XA	666f66004001	8000x1,8001x2,8002x1
EV1612.BIN	ev	0	1612	6	0x300	140	0	MSG+XA	be567962dc19	8000x1,8001x3,8002x2
EV1632.BIN	ev	0	1632	0	0x4b8	24	0	MSG+XA	77415f9eb1f6	8000x1
EV1632.BIN	ev	0	1632	1	0x4dc	132	0	MSG+XA	6246a021b86c	8000x1,8001x3,8002x2
EV1632.BIN	ev	0	1632	2	0x56c	18	2	MSG+XA	58557c98e00b	8000x1
EV1632.BIN	ev	0	1632	3	0x58c	96	0	MSG+XA	eee092689097	8000x1,8001x2,8002x1
EV1632.BIN	ev	0	1632	4	0x5f8	22	2	MSG+XA	fa2874382473	8000x1
EV1632.BIN	ev	0	1632	5	0x61c	56	0	MSG+XA	b3307c16a1ed	8000x1,8001x1,8002x1
EV1632.BIN	ev	0	1632	6	0x660	22	2	MSG+XA	bf0b14bddce8	8000x1
EV1632.BIN	ev	0	1632	7	0x684	28	0	MSG+XA	7c26f3e9e7a4	8000x1
EV1632.BIN	ev	0	1632	8	0x6ac	68	0	MSG+XA	f6e3dee9987b	8000x1,8001x1,8002x1
EV1632.BIN	ev	0	1632	9	0x6fc	148	0	MSG+XA	eba554a1d104	8000x1,8001x3,8002x2
EV1632.BIN	ev	0	1632	10	0x79c	50	2	MSG+XA	8ea84c01d01a	8000x1,8001x1
EV1632.BIN	ev	0	1632	11	0x7dc	28	0	MSG+XA	cc18526550c9	8000x1
EV1632.BIN	ev	0	1632	12	0x804	132	0	MSG+XA	79a6058d81c2	8000x1,8001x3,8002x2
EV1632.BIN	ev	0	1632	13	0x894	24	0	MSG+XA	c9234bad0148	8000x1
EV1632.BIN	ev	0	1632	14	0x8b8	20	0	MSG+XA	bdb30c5a5731	8000x1
EV1632.BIN	ev	0	1632	15	0x8d8	40	0	MSG+XA	89b1c0ca2447	8000x1,8001x1
EV1641.BIN	ev	0	1641	0	0xd8	32	0	MSG+XA	9f21e5edf388	8000x1
EV1641.BIN	ev	0	1641	1	0x104	60	0	MSG+XA	67f2c3ae6cd3	8000x1,8001x1
EV1650.BIN	ev	0	1650	0	0x3e4	50	2	MSG+XA	d4578254954d	8000x1,8001x1
EV1650.BIN	ev	0	1650	1	0x424	60	0	MSG+XA	915d0d8542ef	8000x1,8001x1
EV1650.BIN	ev	0	1650	2	0x46c	50	2	MSG+XA	60b8fd52b8ac	8000x1,8001x1
EV1650.BIN	ev	0	1650	3	0x4ac	74	2	MSG+XA	de44a81a7c0d	8000x1,8001x2
EV1650.BIN	ev	0	1650	4	0x504	16	0	MSG+XA	b7493194a068	8000x1
EV1651.BIN	ev	0	1651	0	0xbc	50	2	MSG+XA	9c9adb531892	8000x1,8001x1
EV1652.BIN	ev	0	1652	0	0xc0	110	2	MSG+XA	fbea876735a8	8000x1,8001x2,8002x1
EV1653.BIN	ev	0	1653	0	0xd4	122	2	MSG+XA	430da60d007d	8000x1,8001x2,8002x1
EV1701.BIN	ev	0	1701	0	0x3cc	82	2	MSG+XA	1adb9ab97516	8000x1,8001x1,8002x1
EV1701.BIN	ev	0	1701	1	0x42c	70	2	MSG+XA	c4dbeaf2d9c1	8000x1,8001x2
EV1701.BIN	ev	0	1701	2	0x480	88	0	MSG+XA	1f2b41ba5d0b	8000x1,8001x2,8002x1
EV1701.BIN	ev	0	1701	3	0x4e4	50	2	MSG+XA	c3335bb66251	8000x1,8001x1
EV1701.BIN	ev	0	1701	4	0x524	18	2	MSG+XA	eef2f8776842	8000x1
EV1701.BIN	ev	0	1701	5	0x544	14	2	MSG+XA	b0b9cdaeaf34	8000x1
EV1701.BIN	ev	0	1701	6	0x560	22	2	MSG+XA	9dc729fb7af5	8000x1
EV1701.BIN	ev	0	1701	7	0x584	142	2	MSG+XA	e63d308379ec	8000x1,8001x3,8002x2
EV1701.BIN	ev	0	1701	8	0x620	126	2	MSG+XA	b4cc6dfa0a25	8000x1,8001x3,8002x1
EV1701.BIN	ev	0	1701	9	0x6ac	102	2	MSG+XA	72049420c9be	8000x1,8001x2,8002x1
EV1701.BIN	ev	0	1701	10	0x720	32	0	MSG+XA	a1832e76d30f	8000x1
EV1701.BIN	ev	0	1701	11	0x74c	20	0	MSG+XA	d038dc769743	8000x1
EV1710.BIN	ev	0	1710	0	0x130	132	0	MSG+XA	b9eae1ec806b	8000x1,8001x3,8002x1
EV1710.BIN	ev	0	1710	1	0x1c0	56	0	MSG+XA	314b5021e797	8000x1,8001x1
EV1710.BIN	ev	0	1710	2	0x204	60	0	MSG+XA	7249c3bb031f	8000x1,8002x1
EV1710.BIN	ev	0	1710	3	0x24c	32	0	MSG+XA	ba7646062e2f	8000x1
EV1710.BIN	ev	0	1710	4	0x278	42	2	MSG+XA	37100297b910	8000x1,8001x1
EV1712.BIN	ev	0	1712	0	0xbc	76	0	MSG+XA	0d2bc5159b4a	8000x1,8001x2
EV1712.BIN	ev	0	1712	1	0x114	46	2	MSG+XA	afc167d0337f	8000x1,8001x1
EV1740.BIN	ev	0	1740	0	0xec	54	2	MSG+XA	6b81a377ad78	8000x1,8001x1
EV1740.BIN	ev	0	1740	1	0x130	40	0	MSG+XA	50f75e44ac5a	8000x1,8001x1
EV1740.BIN	ev	0	1740	2	0x164	78	2	MSG+XA	9dc5b46e366c	8000x1,8001x1,8002x1
EV1750.BIN	ev	0	1750	0	0x2ac	124	0	MSG+XA	a5617e96a75f	8000x1,8001x3,8002x1
EV1751.BIN	ev	0	1751	0	0x128	70	2	MSG+XA	15aa1db1ca20	8000x1,8001x2
EV1754.BIN	ev	0	1754	0	0x590	42	2	MSG+XA	4cf3ae4d9379	8000x1,8001x1
EV1754.BIN	ev	0	1754	1	0x5c8	42	2	MSG+XA	20cf5f0cf093	8000x1,8001x1
EV1754.BIN	ev	0	1754	2	0x600	68	0	MSG+XA	cbeee9f6c25d	8000x1,8001x2
EV1754.BIN	ev	0	1754	3	0x650	28	0	MSG+XA	790e81f4ef1c	8000x1
EV1754.BIN	ev	0	1754	4	0x678	60	0	MSG+XA	184ace655a2b	8000x1,8001x1
EV1754.BIN	ev	0	1754	5	0x6c0	82	2	MSG+XA	40aacd059320	8000x1,8001x2
EV1754.BIN	ev	0	1754	6	0x720	30	2	MSG+XA	f16b360cf5e6	8000x1
EV1754.BIN	ev	0	1754	7	0x74c	76	0	MSG+XA	f5cb5a2b80d3	8000x1,8001x2
EV1754.BIN	ev	0	1754	8	0x7a4	18	2	MSG+XA	cee91888b952	8000x1
EV1754.BIN	ev	0	1754	9	0x7c4	86	2	MSG+XA	b03066fce7ba	8000x1,8001x2
EV1754.BIN	ev	0	1754	10	0x828	42	2	MSG+XA	9c520d922cdd	8000x1,8001x1
EV1754.BIN	ev	0	1754	11	0x860	32	0	MSG+XA	f7e044338c48	8000x1
EV1802.BIN	ev	0	1802	0	0x37c	28	0	MSG+XA	8ab021bdd3c9	8000x1
EV1802.BIN	ev	0	1802	1	0x3a4	24	0	MSG+XA	7c74877dc4cd	8000x1
EV1802.BIN	ev	0	1802	2	0x3c8	16	0	MSG+XA	77ad3977e8ff	8000x1
EV1802.BIN	ev	0	1802	3	0x3e4	16	0	MSG+XA	e745029d5cf0	8000x1
EV1802.BIN	ev	0	1802	4	0x400	18	2	MSG+XA	4491817e03e5	8000x1
EV1802.BIN	ev	0	1802	5	0x420	24	0	MSG+XA	2873e48004b3	8000x1
EV1802.BIN	ev	0	1802	6	0x444	28	0	MSG+XA	f6401d717f0f	8000x1
EV1804.BIN	ev	0	1804	0	0x24c	28	0	MSG+XA	8ab021bdd3c9	8000x1
EV1804.BIN	ev	0	1804	1	0x274	24	0	MSG+XA	7c74877dc4cd	8000x1
EV1812.BIN	ev	0	1812	0	0xec	122	2	MSG+XA	b2847fc04935	8000x1,8001x3,8002x1
EV1812.BIN	ev	0	1812	1	0x174	98	2	MSG+XA	3da32b3a2fb2	8000x1,8001x2,8002x1
EV1820.BIN	ev	0	1820	0	0x2b4	40	0	MSG+XA	2ec5b6f9e7ee	8000x1,8001x1
EV1820.BIN	ev	0	1820	1	0x2e8	18	2	MSG+XA	d7712de28f45	8000x1
EV1820.BIN	ev	0	1820	2	0x308	32	0	MSG+XA	9bc2bd091755	8000x1
EV1820.BIN	ev	0	1820	3	0x334	46	2	MSG+XA	29183616fd00	8000x1,8001x1
EV1820.BIN	ev	0	1820	4	0x370	52	0	MSG+XA	12ed61f93542	8000x1,8001x1
EV1820.BIN	ev	0	1820	5	0x3b0	106	2	MSG+XA	e8501f6bec9e	8000x1,8001x2,8002x1
EV1820.BIN	ev	0	1820	6	0x428	26	2	MSG+XA	2645284a4c32	8000x1
EV1820.BIN	ev	0	1820	7	0x450	24	0	MSG+XA	66abb2d56010	8000x1
EV1820.BIN	ev	0	1820	8	0x474	42	2	MSG+XA	bedbec434d29	8000x1,8001x1
EV1820.BIN	ev	0	1820	9	0x4ac	42	2	MSG+XA	e8dc11306a3e	8000x1,8001x1
EV1820.BIN	ev	0	1820	10	0x4e4	16	0	MSG+XA	b55a9b71121f	8000x1
EV1820.BIN	ev	0	1820	11	0x500	58	2	MSG+XA	2ad181b69c5a	8000x1,8001x1
EV1840.BIN	ev	0	1840	0	0x134	50	2	MSG+XA	cf6f5b49cfd0	8000x1,8001x1
EV1840.BIN	ev	0	1840	1	0x174	18	2	MSG+XA	d7362fa9cc62	8000x1
EV1840.BIN	ev	0	1840	2	0x194	40	0	MSG+XA	814c291b2d92	8000x1,8001x1
EV1840.BIN	ev	0	1840	3	0x1c8	52	0	MSG+XA	08ecd84bc5eb	8000x1,8001x1
EV1841.BIN	ev	0	1841	0	0xf4	58	2	MSG+XA	e53b472c34b0	8000x1,8001x1
EV1841.BIN	ev	0	1841	1	0x13c	22	2	MSG+XA	e18e1621ae3c	8000x1
EV1841.BIN	ev	0	1841	2	0x160	46	2	MSG+XA	5760be5d74f1	8000x1,8001x1
EV1850.BIN	ev	0	1850	0	0x150	78	2	MSG+XA	af9856b591bb	8000x1,8001x2
EV1850.BIN	ev	0	1850	1	0x1ac	56	0	MSG+XA	99f7c3fae3cb	8000x1,8001x1
EV1902.BIN	ev	0	1902	0	0x208	28	0	MSG+XA	8ab021bdd3c9	8000x1
EV1902.BIN	ev	0	1902	1	0x230	24	0	MSG+XA	7c74877dc4cd	8000x1
EV1904.BIN	ev	0	1904	0	0x51c	28	0	MSG+XA	8ab021bdd3c9	8000x1
EV1904.BIN	ev	0	1904	1	0x544	24	0	MSG+XA	7c74877dc4cd	8000x1
EV1904.BIN	ev	0	1904	2	0x568	106	2	MSG+XA	3cab45dd46c4	8000x1,8001x2,8002x1
EV1904.BIN	ev	0	1904	3	0x5e0	54	2	MSG+XA	50c27a9887ae	8000x1,8001x1
EV1904.BIN	ev	0	1904	4	0x624	40	0	MSG+XA	f635f8f1b3ce	8000x1,8001x1
EV1904.BIN	ev	0	1904	5	0x658	206	2	MSG+XA	d2a6460bd767	8000x1,8001x4,8002x3
EV1904.BIN	ev	0	1904	6	0x734	48	0	MSG+XA	21928b0dc18d	8000x1,8001x1
EV1904.BIN	ev	0	1904	7	0x770	66	2	MSG+XA	189e27989d31	8000x1,8001x2
EV1904.BIN	ev	0	1904	8	0x7c0	30	2	MSG+XA	1a515fecfe4d	8000x1
EV1904.BIN	ev	0	1904	9	0x7ec	72	0	MSG+XA	ebb36e995584	8000x1,8001x2
EV1904.BIN	ev	0	1904	10	0x840	22	2	MSG+XA	da12a5a5fed3	8000x1
EV1904.BIN	ev	0	1904	11	0x864	116	0	MSG+XA	9b5edfe1aa89	8000x1,8001x3,8002x1
EV1910.BIN	ev	0	1910	0	0x100	44	0	MSG+XA	054829df0345	8000x1,8001x1
EV1910.BIN	ev	0	1910	1	0x138	52	0	MSG+XA	d65771801491	8000x1,8001x1
EV1910.BIN	ev	0	1910	2	0x178	48	0	MSG+XA	bfb22b366e8f	8000x1,8001x1
EV1910.BIN	ev	0	1910	3	0x1b4	24	0	MSG+XA	12e7b5185d9a	8000x1
EV1912.BIN	ev	0	1912	0	0x11c	52	0	MSG+XA	a806e0e186bd	8000x1,8001x1
EV1912.BIN	ev	0	1912	1	0x15c	22	2	MSG+XA	4cec03a010f9	8000x1
EV1912.BIN	ev	0	1912	2	0x180	50	2	MSG+XA	cce2dce5ba54	8000x1,8001x1
EV1912.BIN	ev	0	1912	3	0x1c0	22	2	MSG+XA	137a4e9dc156	8000x1
EV1912.BIN	ev	0	1912	4	0x1e4	20	0	MSG+XA	202d39d20dbd	8000x1
EV1912.BIN	ev	0	1912	5	0x204	88	0	MSG+XA	57e31719c3e9	8000x1,8001x2
EV1941.BIN	ev	0	1941	0	0xf8	76	0	MSG+XA	14cafbe3531e	8000x1,8001x2
EV1941.BIN	ev	0	1941	1	0x150	32	0	MSG+XA	6a9e74ce86f9	8000x1
EV1941.BIN	ev	0	1941	2	0x17c	48	0	MSG+XA	df5b455a4788	8000x1,8001x1
EV1951.BIN	ev	0	1951	0	0xd8	126	2	MSG+XA	0318ece38b38	8000x1,8001x2,8002x2
EV1952.BIN	ev	0	1952	0	0xcc	104	0	MSG+XA	be105c6b06b2	8000x1,8001x2,8002x1
EV1953.BIN	ev	0	1953	0	0xb8	68	0	MSG+XA	287d5e43d5ba	8000x1,8001x2
EV1960.BIN	ev	0	1960	0	0x36c	18	2	MSG+XA	7d9343f2a011	8000x1
EV1960.BIN	ev	0	1960	1	0x38c	56	0	MSG+XA	5d3fdb22f306	8000x1,8001x1
EV1960.BIN	ev	0	1960	2	0x3d0	80	0	MSG+XA	114a7798c12e	8000x1,8001x2
EV1960.BIN	ev	0	1960	3	0x42c	80	0	MSG+XA	1570d0b35271	8000x1,8001x1,8002x1
EV1960.BIN	ev	0	1960	4	0x488	26	2	MSG+XA	9d4cb196287e	8000x1
EV1960.BIN	ev	0	1960	5	0x4b0	48	0	MSG+XA	216c2d9e9b80	8000x1,8001x1
EV1960.BIN	ev	0	1960	6	0x4ec	160	0	MSG+XA	cb1642881e1b	8000x1,8001x3,8002x2
EV1960.BIN	ev	0	1960	7	0x598	66	2	MSG+XA	d2191a6a37c0	8000x1,8001x2
EV1960.BIN	ev	0	1960	8	0x5e8	16	0	MSG+XA	3f8ef8b1f04a	8000x1
EV1960.BIN	ev	0	1960	9	0x604	40	0	MSG+XA	003196afce64	8000x1,8001x1
EV1960.BIN	ev	0	1960	10	0x638	14	2	MSG+XA	bc31eadf9dbd	8000x1
EV1960.BIN	ev	0	1960	11	0x654	28	0	MSG+XA	e6afef73b6e1	8000x1
EV1962.BIN	ev	0	1962	0	0x1f0	48	0	MSG+XA	216c2d9e9b80	8000x1,8001x1
EV1962.BIN	ev	0	1962	1	0x22c	160	0	MSG+XA	cb1642881e1b	8000x1,8001x3,8002x2
EV1962.BIN	ev	0	1962	2	0x2d8	66	2	MSG+XA	d2191a6a37c0	8000x1,8001x2
EV1962.BIN	ev	0	1962	3	0x328	16	0	MSG+XA	3f8ef8b1f04a	8000x1
EV1962.BIN	ev	0	1962	4	0x344	40	0	MSG+XA	003196afce64	8000x1,8001x1
EV1962.BIN	ev	0	1962	5	0x378	14	2	MSG+XA	bc31eadf9dbd	8000x1
EV1962.BIN	ev	0	1962	6	0x394	28	0	MSG+XA	e6afef73b6e1	8000x1
EV2002.BIN	ev	0	2002	0	0x124	112	0	MSG+XA	eb9fbdb1da5c	8000x1,8001x3,8002x1
EV2004.BIN	ev	0	2004	0	0x630	28	0	MSG+XA	8ab021bdd3c9	8000x1
EV2004.BIN	ev	0	2004	1	0x658	24	0	MSG+XA	7c74877dc4cd	8000x1
EV2004.BIN	ev	0	2004	2	0x67c	52	0	MSG+XA	86cd5b3490b4	8000x1,8001x1
EV2004.BIN	ev	0	2004	3	0x6bc	38	2	MSG+XA	d38dd2e0351d	8000x1,8001x1
EV2004.BIN	ev	0	2004	4	0x6f0	70	2	MSG+XA	7f9c1b87d332	8000x1,8001x2
EV2004.BIN	ev	0	2004	5	0x744	30	2	MSG+XA	37d1e81b97de	8000x1
EV2004.BIN	ev	0	2004	6	0x770	30	2	MSG+XA	f329a5b8fda8	8000x1
EV2004.BIN	ev	0	2004	7	0x79c	84	0	MSG+XA	568f452ecf73	8000x1,8001x2
EV2004.BIN	ev	0	2004	8	0x7fc	24	0	MSG+XA	548a4064df3c	8000x1
EV2004.BIN	ev	0	2004	9	0x820	70	2	MSG+XA	23a4635c3ed6	8000x1,8001x2
EV2004.BIN	ev	0	2004	10	0x874	26	2	MSG+XA	515131aadc98	8000x1
EV2004.BIN	ev	0	2004	11	0x89c	32	0	MSG+XA	c9ef559bda55	8000x1
EV2004.BIN	ev	0	2004	12	0x8c8	60	0	MSG+XA	593b9faa63c7	8000x1,8001x1
EV2004.BIN	ev	0	2004	13	0x910	18	2	MSG+XA	75a8deaa4c59	8000x1
EV2004.BIN	ev	0	2004	14	0x930	30	2	MSG+XA	4e1b60c8bac1	8000x1
EV2010.BIN	ev	0	2010	0	0xe0	68	0	MSG+XA	7151c57067e3	8000x1,8001x2
EV2010.BIN	ev	0	2010	1	0x130	52	0	MSG+XA	145b84bef781	8000x1,8002x2
EV2012.BIN	ev	0	2012	0	0x190	18	2	MSG+XA	e16f223eff4c	8000x1
EV2012.BIN	ev	0	2012	1	0x1b0	22	2	MSG+XA	c26d89fd9295	8000x1
EV2012.BIN	ev	0	2012	2	0x1d4	86	2	MSG+XA	fb7acf5af89a	8000x1,8001x1,8002x1
EV2012.BIN	ev	0	2012	3	0x238	30	2	MSG+XA	b7bbb2588325	8000x1
EV2012.BIN	ev	0	2012	4	0x264	332	0	MSG+XA	cf9b17e5d1d7	8000x1,8001x7,8002x5
EV2012.BIN	ev	0	2012	5	0x3bc	26	2	MSG+XA	9cc299dd5476	8000x1
EV2012.BIN	ev	0	2012	6	0x3e4	88	0	MSG+XA	3f6b63842018	8000x1,8001x1,8002x1
EV2012.BIN	ev	0	2012	7	0x448	72	0	MSG+XA	1d28fe82d3a9	8000x1,8001x2
EV2040.BIN	ev	0	2040	0	0x178	106	2	MSG+XA	5bc90c3db695	8000x1,8001x2,8002x1
EV2040.BIN	ev	0	2040	1	0x1f0	32	0	MSG+XA	f54cca505f21	8000x1
EV2040.BIN	ev	0	2040	2	0x21c	32	0	MSG+XA	37946b06f278	8000x1
EV2040.BIN	ev	0	2040	3	0x23c	16	0	MSG	f8aa1e95f0dd	8000x1
EV2040.BIN	ev	0	2040	4	0x258	74	2	MSG+XA	5ce7a0396dfa	8000x1,8001x2
EV2041.BIN	ev	0	2041	0	0xf8	60	0	MSG+XA	b502be658fcc	8000x1,8001x1
EV2041.BIN	ev	0	2041	1	0x140	56	0	MSG+XA	ea86dd1d4f01	8000x1,8001x1
EV2041.BIN	ev	0	2041	2	0x184	50	2	MSG+XA	b21705702524	8000x1,8001x1
EV2050.BIN	ev	0	2050	0	0x164	130	2	MSG+XA	2ae2d9cfbee5	8000x1,8001x3,8002x1
EV2050.BIN	ev	0	2050	1	0x1f4	54	2	MSG+XA	8027ca8fd743	8000x1,8001x1
EV2060.BIN	ev	0	2060	0	0x188	44	0	MSG+XA	5a883fbf53bd	8000x1,8001x1
EV2060.BIN	ev	0	2060	1	0x1c0	28	0	MSG+XA	3a56c1fa3bc4	8000x1
EV2060.BIN	ev	0	2060	2	0x1e8	18	2	MSG+XA	691f95e50d59	8000x1
EV2060.BIN	ev	0	2060	3	0x208	228	0	MSG+XA	6a90c5de49e6	8000x1,8001x5,8002x3
EV2060.BIN	ev	0	2060	4	0x2f8	20	0	MSG+XA	7c74a7233b9d	8000x1
EV2060.BIN	ev	0	2060	5	0x318	50	2	MSG+XA	ef8c3f39977a	8000x1,8001x1
EV2060.BIN	ev	0	2060	6	0x358	60	0	MSG+XA	9400e5dcb1e3	8000x1,8001x1
EV2101.BIN	ev	0	2101	0	0x2e4	16	0	MSG+XA	0660862782ff	8000x1
EV2101.BIN	ev	0	2101	1	0x300	24	0	MSG+XA	b49d0a07c1ed	8000x1
EV2101.BIN	ev	0	2101	2	0x324	102	2	MSG+XA	fd10d4ca05c1	8000x1,8001x2,8002x1
EV2101.BIN	ev	0	2101	3	0x398	32	0	MSG+XA	173f46e85867	8000x1
EV2101.BIN	ev	0	2101	4	0x3c4	44	0	MSG+XA	b44946d8ce89	8000x1,8001x1
EV2101.BIN	ev	0	2101	5	0x3fc	18	2	MSG+XA	17ea895d59f7	8000x1
EV2101.BIN	ev	0	2101	6	0x41c	18	2	MSG+XA	d987df7a4b6c	8000x1
EV2101.BIN	ev	0	2101	7	0x43c	32	0	MSG+XA	a1832e76d30f	8000x1
EV2101.BIN	ev	0	2101	8	0x468	20	0	MSG+XA	d038dc769743	8000x1
EV2104.BIN	ev	0	2104	0	0x2cc	28	0	MSG+XA	8ab021bdd3c9	8000x1
EV2104.BIN	ev	0	2104	1	0x2f4	24	0	MSG+XA	7c74877dc4cd	8000x1
EV2104.BIN	ev	0	2104	2	0x318	14	2	MSG+XA	79b07074fd51	8000x1
EV2104.BIN	ev	0	2104	3	0x334	30	2	MSG+XA	802b39532f55	8000x1
EV2104.BIN	ev	0	2104	4	0x360	28	0	MSG+XA	271928819b1c	8000x1
EV2104.BIN	ev	0	2104	5	0x388	26	2	MSG+XA	89ae74e49b74	8000x1
EV2104.BIN	ev	0	2104	6	0x3b0	50	2	MSG+XA	239c6c20c21b	8000x1,8001x1
EV2112.BIN	ev	0	2112	0	0xc4	50	2	MSG+XA	c04bff4efab1	8000x1,8001x1
EV2112.BIN	ev	0	2112	1	0x104	42	2	MSG+XA	9de2dbd45a8b	8000x1,8001x1
EV2113.BIN	ev	0	2113	0	0xf0	28	0	MSG+XA	d41c692e2fbf	8000x1
EV2113.BIN	ev	0	2113	1	0x118	30	2	MSG+XA	98ecf46b68a9	8000x1
EV2113.BIN	ev	0	2113	2	0x144	40	0	MSG+XA	d2571b0dc08a	8000x1,8001x1
EV2113.BIN	ev	0	2113	3	0x178	48	0	MSG+XA	43d095fbf77c	8000x1,8001x1
EV2122.BIN	ev	0	2122	0	0x118	54	2	MSG+XA	5d6521dd50ce	8000x1,8001x1
EV2122.BIN	ev	0	2122	1	0x15c	60	0	MSG+XA	e479b4a17e55	8000x1,8001x1,8002x1
EV2122.BIN	ev	0	2122	2	0x1a4	20	0	MSG+XA	b1877791477e	8000x1
EV2122.BIN	ev	0	2122	3	0x1c4	32	0	MSG+XA	8149dbf1c40b	8000x1
EV2140.BIN	ev	0	2140	0	0x154	16	0	MSG+XA	ef30c19c34fd	8000x1
EV2140.BIN	ev	0	2140	1	0x170	52	0	MSG+XA	7b00e1ba7997	8000x1,8001x1
EV2140.BIN	ev	0	2140	2	0x1b0	52	0	MSG+XA	4f896daa6298	8000x1,8001x1
EV2140.BIN	ev	0	2140	3	0x1f0	54	2	MSG+XA	1d3086ac1cdb	8000x1,8001x1
EV2140.BIN	ev	0	2140	4	0x234	96	0	MSG+XA	1f754a54e796	8000x1,8001x2,8002x1
EV2141.BIN	ev	0	2141	0	0x12c	32	0	MSG+XA	eca45264dbcc	8000x1
EV2141.BIN	ev	0	2141	1	0x158	22	2	MSG+XA	95ee0b6c6cf0	8000x1
EV2141.BIN	ev	0	2141	2	0x17c	24	0	MSG+XA	d460aa9a1453	8000x1
EV2160.BIN	ev	0	2160	0	0xe4	72	0	MSG+XA	5112ea411b5e	8000x1,8001x2
EV2160.BIN	ev	0	2160	1	0x138	34	2	MSG+XA	76253473f2a1	8000x1
EV2202.BIN	ev	0	2202	0	0x3f0	28	0	MSG+XA	8ab021bdd3c9	8000x1
EV2202.BIN	ev	0	2202	1	0x418	24	0	MSG+XA	7c74877dc4cd	8000x1
EV2202.BIN	ev	0	2202	2	0x43c	52	0	MSG+XA	a546389f3e16	8000x1,8001x1
EV2202.BIN	ev	0	2202	3	0x47c	86	2	MSG+XA	d70c486f772b	8000x1,8001x2
EV2202.BIN	ev	0	2202	4	0x4e0	24	0	MSG+XA	3b5275e96f59	8000x1
EV2202.BIN	ev	0	2202	5	0x504	40	0	MSG+XA	3d79016795f6	8000x1,8001x1
EV2202.BIN	ev	0	2202	6	0x538	50	2	MSG+XA	61faac10cda1	8000x1,8001x1
EV2204.BIN	ev	0	2204	0	0x464	28	0	MSG+XA	8ab021bdd3c9	8000x1
EV2204.BIN	ev	0	2204	1	0x48c	24	0	MSG+XA	7c74877dc4cd	8000x1
EV2204.BIN	ev	0	2204	2	0x4b0	122	2	MSG+XA	0cd145777a8b	8000x1,8001x3,8002x1
EV2204.BIN	ev	0	2204	3	0x538	70	2	MSG+XA	e69905f780aa	8000x1,8001x1,8002x1
EV2204.BIN	ev	0	2204	4	0x58c	94	2	MSG+XA	034d96301431	8000x1,8001x1,8002x1
EV2204.BIN	ev	0	2204	5	0x5f8	42	2	MSG+XA	1f7e34d16976	8000x1,8001x1
EV2204.BIN	ev	0	2204	6	0x630	144	0	MSG+XA	03442ad58d4a	8000x1,8001x4,8002x1
EV2204.BIN	ev	0	2204	7	0x6cc	36	0	MSG+XA	68868d477eb1	8000x1,8001x1
EV2204.BIN	ev	0	2204	8	0x6fc	116	0	MSG+XA	dcec411e6b08	8000x1,8001x2,8002x1
EV2204.BIN	ev	0	2204	9	0x77c	20	0	MSG+XA	37788a2ca28f	8000x1
EV2204.BIN	ev	0	2204	10	0x79c	18	2	MSG+XA	227249766a08	8000x1
EV2210.BIN	ev	0	2210	0	0x1e8	68	0	MSG+XA	067d6ab98415	8000x1,8001x2
EV2210.BIN	ev	0	2210	1	0x22c	44	0	SEL3.1	5d348764a8ab	8001x3
EV2210.BIN	ev	0	2210	2	0x264	86	2	MSG+XA	bbec69c09a7b	8000x1,8001x2
EV2210.BIN	ev	0	2210	3	0x2c8	136	0	MSG+XA	7e01707966eb	8000x1,8001x3,8002x1
EV2210.BIN	ev	0	2210	4	0x35c	130	2	MSG+XA	94d9c1e6532f	8000x1,8001x3,8002x1
EV2210.BIN	ev	0	2210	5	0x3ec	18	2	MSG+XA	691f95e50d59	8000x1
EV2210.BIN	ev	0	2210	6	0x40c	126	2	MSG+XA	d63da53fbadb	8000x1,8001x3,8002x1
EV2212.BIN	ev	0	2212	0	0xe0	62	2	MSG+XA	810ac7afe0f8	8000x1,8001x1
EV2212.BIN	ev	0	2212	1	0x12c	108	0	MSG+XA	acbbd08c757d	8000x1,8001x2,8002x2
EV2212.BIN	ev	0	2212	2	0x1a4	48	0	MSG+XA	95dfdb946b60	8000x1,8001x1
EV2220.BIN	ev	0	2220	0	0xe4	50	2	MSG+XA	92a20f946644	8000x1,8001x1
EV2220.BIN	ev	0	2220	1	0x124	28	0	MSG+XA	630bc9d111f3	8000x1
EV2241.BIN	ev	0	2241	0	0xf0	94	2	MSG+XA	a75d89089125	8000x1,8001x2,8002x1
EV2241.BIN	ev	0	2241	1	0x15c	46	2	MSG+XA	0b56866c1ab2	8000x1,8001x1
EV2251.BIN	ev	0	2251	0	0xdc	72	0	MSG+XA	68394ae3e946	8000x1,8001x2
EV2252.BIN	ev	0	2252	0	0x10c	46	2	MSG+XA	cf2a2fd4b27b	8000x1,8001x1
EV2252.BIN	ev	0	2252	1	0x148	14	2	MSG+XA	bc31eadf9dbd	8000x1
EV2252.BIN	ev	0	2252	2	0x164	44	0	MSG+XA	8d0ca870f8d4	8000x1,8001x1
EV2252.BIN	ev	0	2252	3	0x19c	50	2	MSG+XA	9fdfad4c422b	8000x1,8001x1
EV2253.BIN	ev	0	2253	0	0xd4	140	0	MSG+XA	bc8beb3bbc0a	8000x1,8001x3,8002x1
EV2260.BIN	ev	0	2260	0	0x104	46	2	MSG+XA	f5c444b501bb	8000x1,8001x1
EV2260.BIN	ev	0	2260	1	0x140	66	2	MSG+XA	a78138c5f2bc	8000x1,8001x2
EV2302.BIN	ev	0	2302	0	0x2f8	28	0	MSG+XA	8ab021bdd3c9	8000x1
EV2302.BIN	ev	0	2302	1	0x320	24	0	MSG+XA	7c74877dc4cd	8000x1
EV2302.BIN	ev	0	2302	2	0x344	24	0	MSG+XA	9441f2a9824b	8000x1
EV2302.BIN	ev	0	2302	3	0x368	72	0	MSG+XA	bfdf79cf34ca	8000x1,8001x2
EV2304.BIN	ev	0	2304	0	0x364	28	0	MSG+XA	8ab021bdd3c9	8000x1
EV2304.BIN	ev	0	2304	1	0x38c	24	0	MSG+XA	7c74877dc4cd	8000x1
EV2304.BIN	ev	0	2304	2	0x3b0	28	0	MSG+XA	7a94fc7bd12a	8000x1
EV2304.BIN	ev	0	2304	3	0x3d8	52	0	MSG+XA	a2890d8e2967	8000x1,8001x1
EV2312.BIN	ev	0	2312	0	0xf8	50	2	MSG+XA	aedc8c4be9cb	8000x1,8001x1
EV2312.BIN	ev	0	2312	1	0x138	26	2	MSG+XA	dda41dccff92	8000x1
EV2312.BIN	ev	0	2312	2	0x160	20	0	MSG+XA	530cc1c71b46	8000x1
EV2312.BIN	ev	0	2312	3	0x180	38	2	MSG+XA	38e85f1c03f9	8000x1,8001x1
EV2341.BIN	ev	0	2341	0	0x108	86	2	MSG+XA	be8218592fc2	8000x1,8001x2,8002x1
EV2341.BIN	ev	0	2341	1	0x16c	52	0	MSG+XA	0c195c699a00	8000x1,8001x1
EV2341.BIN	ev	0	2341	2	0x1ac	42	2	MSG+XA	e2b0611ff53a	8000x1,8001x1
EV2341.BIN	ev	0	2341	3	0x1e4	20	0	MSG+XA	c8ad5d4257a6	8000x1
EV2360.BIN	ev	0	2360	0	0x238	46	2	MSG+XA	81938ef11451	8000x1,8001x1
EV2360.BIN	ev	0	2360	1	0x274	24	0	MSG+XA	2d44b0d7e4c0	8000x1
EV2360.BIN	ev	0	2360	2	0x298	38	2	MSG+XA	86796b09eabe	8000x1,8001x1
EV2360.BIN	ev	0	2360	3	0x2cc	14	2	MSG+XA	5d611fe9102b	8000x1
EV2360.BIN	ev	0	2360	4	0x2e8	42	2	MSG+XA	0cff06273094	8000x1,8001x1
EV2360.BIN	ev	0	2360	5	0x320	52	0	MSG+XA	cdb34d3830ac	8000x1,8001x1
EV2360.BIN	ev	0	2360	6	0x360	18	2	MSG+XA	83c12ba2384a	8000x1
EV2360.BIN	ev	0	2360	7	0x380	24	0	MSG+XA	0e305f4253a5	8000x1
EV2401.BIN	ev	0	2401	0	0x4c0	14	2	MSG+XA	74125f50b51e	8000x1
EV2401.BIN	ev	0	2401	1	0x4dc	20	0	MSG+XA	293b4480742c	8000x1
EV2401.BIN	ev	0	2401	2	0x4fc	54	2	MSG+XA	782a0ef9d7ae	8000x1,8001x1
EV2401.BIN	ev	0	2401	3	0x540	20	0	MSG+XA	33300640092c	8000x1
EV2401.BIN	ev	0	2401	4	0x560	52	0	MSG+XA	e1c3d1762d4e	8000x1,8001x1
EV2401.BIN	ev	0	2401	5	0x5a0	32	0	MSG+XA	e423f09f98c0	8000x1
EV2401.BIN	ev	0	2401	6	0x5cc	70	2	MSG+XA	e4a0921200d6	8000x1,8001x2
EV2401.BIN	ev	0	2401	7	0x620	14	2	MSG+XA	2388e02548e1	8000x1
EV2401.BIN	ev	0	2401	8	0x63c	24	0	MSG+XA	401cb64e4537	8000x1
EV2401.BIN	ev	0	2401	9	0x660	22	2	MSG+XA	5bf973d3d1a6	8000x1
EV2401.BIN	ev	0	2401	10	0x684	98	2	MSG+XA	4b092848e4d7	8000x1,8001x2,8002x1
EV2401.BIN	ev	0	2401	11	0x6f4	40	0	MSG+XA	5954a44c1709	8000x1,8001x1
EV2401.BIN	ev	0	2401	12	0x728	38	2	MSG+XA	dc4db4704f46	8000x1,8001x1
EV2401.BIN	ev	0	2401	13	0x75c	38	2	MSG+XA	494726feb90b	8000x1,8001x1
EV2401.BIN	ev	0	2401	14	0x790	32	0	MSG+XA	23cb13091b5d	8000x1
EV2401.BIN	ev	0	2401	15	0x7bc	18	2	MSG+XA	ce5be415bfcd	8000x1
EV2401.BIN	ev	0	2401	16	0x7dc	16	0	MSG+XA	be31631fd456	8000x1
EV2401.BIN	ev	0	2401	17	0x7f8	32	0	MSG+XA	a1832e76d30f	8000x1
EV2401.BIN	ev	0	2401	18	0x824	20	0	MSG+XA	d038dc769743	8000x1
EV2412.BIN	ev	0	2412	0	0x120	32	0	MSG+XA	aaf87f6565d2	8000x1
EV2412.BIN	ev	0	2412	1	0x14c	22	2	MSG+XA	00208d765e74	8000x1
EV2412.BIN	ev	0	2412	2	0x170	98	2	MSG+XA	2253f34e54f7	8000x1,8001x2,8002x1
EV2412.BIN	ev	0	2412	3	0x1e0	114	2	MSG+XA	f5955402a1db	8000x1,8001x2,8002x1
EV2432.BIN	ev	0	2432	0	0x5a4	38	2	MSG+XA	069c62780b89	8000x1,8001x1
EV2432.BIN	ev	0	2432	1	0x5d8	12	0	MSG+XA	67f45e764f1b	8000x1
EV2432.BIN	ev	0	2432	2	0x5f0	46	2	MSG+XA	184f2562c6cc	8000x1,8001x1
EV2432.BIN	ev	0	2432	3	0x62c	12	0	MSG+XA	67f45e764f1b	8000x1
EV2432.BIN	ev	0	2432	4	0x644	56	0	MSG+XA	67dd20b8cf15	8000x1,8001x1
EV2432.BIN	ev	0	2432	5	0x688	14	2	MSG+XA	4d10425ae0d8	8000x1
EV2432.BIN	ev	0	2432	6	0x6a4	50	2	MSG+XA	c8543c0e07a3	8000x1,8001x1
EV2432.BIN	ev	0	2432	7	0x6e4	12	0	MSG+XA	67f45e764f1b	8000x1
EV2432.BIN	ev	0	2432	8	0x6f0	16	0	MSG	f8aa1e95f0dd	8000x1
EV2432.BIN	ev	0	2432	9	0x70c	14	2	MSG+XA	2388e02548e1	8000x1
EV2432.BIN	ev	0	2432	11	0x734	38	2	MSG+XA	450e785b3039	8000x1,8001x1
EV2432.BIN	ev	0	2432	12	0x768	18	2	MSG+XA	28970aeac4e3	8000x1
EV2432.BIN	ev	0	2432	13	0x788	14	2	MSG+XA	b7f94bcd44ca	8000x1
EV2432.BIN	ev	0	2432	15	0x7b0	46	2	MSG+XA	b6dc7ef4af19	8000x1,8001x1
EV2432.BIN	ev	0	2432	16	0x7ec	58	2	MSG+XA	65bc81c3578c	8000x1,8001x1
EV2432.BIN	ev	0	2432	17	0x834	96	0	MSG+XA	7553aade1629	8000x1,8001x2,8002x1
EV2432.BIN	ev	0	2432	18	0x8a0	134	2	MSG+XA	28a7b959155b	8000x1,8001x3,8002x2
EV2432.BIN	ev	0	2432	19	0x934	40	0	MSG+XA	aa380b5b9d47	8000x1,8001x1
EV2432.BIN	ev	0	2432	20	0x968	116	0	MSG+XA	6313cb0f966c	8000x1,8001x3,8002x1
EV2432.BIN	ev	0	2432	21	0x9e8	18	2	MSG+XA	bcc0a9a70dde	8000x1
EV2432.BIN	ev	0	2432	22	0xa08	16	0	MSG+XA	e8f71296bfe7	8000x1
EV2432.BIN	ev	0	2432	23	0xa24	46	2	MSG+XA	822c3c1a90ac	8000x1,8001x1
EV2441.BIN	ev	0	2441	0	0x140	66	2	MSG+XA	d80f15599803	8000x1,8001x2
EV2441.BIN	ev	0	2441	1	0x190	52	0	MSG+XA	91f2f9b80c8c	8000x1,8001x1
EV2441.BIN	ev	0	2441	2	0x1d0	66	2	MSG+XA	929dea510adf	8000x1,8001x2
EV2441.BIN	ev	0	2441	3	0x220	52	0	MSG+XA	a7230ebc40d9	8000x1,8001x1
EV2451.BIN	ev	0	2451	0	0xd4	142	2	MSG+XA	8e4c8a96c6d0	8000x1,8001x3,8002x1
EV2452.BIN	ev	0	2452	0	0xd0	174	2	MSG+XA	b837998b54a0	8000x1,8001x3,8002x3
EV2453.BIN	ev	0	2453	0	0xc0	96	0	MSG+XA	f59062f2ba92	8000x1,8001x2,8002x1
EV2460.BIN	ev	0	2460	0	0x194	54	2	MSG+XA	78daded74dde	8000x1,8001x1
EV2460.BIN	ev	0	2460	1	0x1d8	20	0	MSG+XA	b751768c306e	8000x1
EV2460.BIN	ev	0	2460	2	0x1f8	16	0	MSG+XA	e84e8b4d5841	8000x1
EV2460.BIN	ev	0	2460	3	0x214	78	2	MSG+XA	5209ed48571e	8000x1,8001x2
EV2460.BIN	ev	0	2460	4	0x270	18	2	MSG+XA	b03181f63984	8000x1
EV2460.BIN	ev	0	2460	5	0x290	16	0	MSG+XA	e84e8b4d5841	8000x1
EV2502.BIN	ev	0	2502	0	0x184	28	0	MSG+XA	8ab021bdd3c9	8000x1
EV2502.BIN	ev	0	2502	1	0x1ac	24	0	MSG+XA	7c74877dc4cd	8000x1
EV2502.BIN	ev	0	2502	2	0x1d0	50	2	MSG+XA	393fdd6310a9	8000x1,8001x1
EV2502.BIN	ev	0	2502	3	0x210	60	0	MSG+XA	b9ae0f5b80a4	8000x1,8001x1
EV2504.BIN	ev	0	2504	0	0x4a4	94	2	MSG+XA	e353e35cd432	8000x1,8001x2,8002x1
EV2504.BIN	ev	0	2504	1	0x510	84	0	MSG+XA	662f5ef0c816	8000x1,8001x2
EV2504.BIN	ev	0	2504	2	0x570	14	2	MSG+XA	bc31eadf9dbd	8000x1
EV2504.BIN	ev	0	2504	3	0x58c	160	0	MSG+XA	7389f522c60b	8000x1,8001x3,8002x2
EV2504.BIN	ev	0	2504	4	0x638	16	0	MSG+XA	3dd78c4d42d2	8000x1
EV2504.BIN	ev	0	2504	5	0x654	22	2	MSG+XA	3d99854954c5	8000x1
EV2504.BIN	ev	0	2504	6	0x678	94	2	MSG+XA	395abed61392	8000x1,8001x2,8002x1
EV2504.BIN	ev	0	2504	7	0x6e4	46	2	MSG+XA	75a610290f2d	8000x1,8001x1
EV2504.BIN	ev	0	2504	8	0x720	80	0	MSG+XA	a56ceda88bc1	8000x1,8001x1,8002x1
EV2504.BIN	ev	0	2504	9	0x77c	52	0	MSG+XA	2a48b5033c22	8000x1,8001x1
EV2504.BIN	ev	0	2504	10	0x7bc	44	0	MSG+XA	5d6f4c100140	8000x1,8001x1
EV2504.BIN	ev	0	2504	11	0x7f4	16	0	MSG+XA	edbb0710ae1b	8000x1
EV2504.BIN	ev	0	2504	12	0x810	44	0	MSG+XA	784da7bc5ff8	8000x1,8001x1
EV2504.BIN	ev	0	2504	13	0x848	28	0	MSG+XA	8ab021bdd3c9	8000x1
EV2504.BIN	ev	0	2504	14	0x870	24	0	MSG+XA	7c74877dc4cd	8000x1
EV2507.BIN	ev	0	2507	0	0x3d8	58	2	MSG+XA	a0066a711dc8	8000x1,8001x1
EV2507.BIN	ev	0	2507	1	0x420	28	0	MSG+XA	c22ad56b6c77	8000x1
EV2507.BIN	ev	0	2507	2	0x448	102	2	MSG+XA	38559d45ab8f	8000x1,8001x2,8002x1
EV2507.BIN	ev	0	2507	3	0x4bc	16	0	MSG+XA	2781599e86bc	8000x1
EV2507.BIN	ev	0	2507	4	0x4d8	156	0	MSG+XA	74079e0b1816	8000x1,8001x3,8002x2
EV2507.BIN	ev	0	2507	5	0x580	52	0	MSG+XA	a832d343b78f	8000x1,8001x1
EV2507.BIN	ev	0	2507	6	0x5c0	20	0	MSG+XA	50cc2ce744db	8000x1
EV2507.BIN	ev	0	2507	7	0x5e0	46	2	MSG+XA	35904370df8d	8000x1,8001x1
EV2510.BIN	ev	0	2510	0	0xc0	92	0	MSG+XA	c237b2833f9e	8000x1,8001x1,8002x1
EV2510.BIN	ev	0	2510	1	0x128	28	0	MSG+XA	0d9658587850	8000x1
EV2532.BIN	ev	0	2532	0	0x4a0	38	2	MSG+XA	2d5cd0970115	8000x1,8001x1
EV2532.BIN	ev	0	2532	1	0x4c8	14	2	MSG	d64da7701295	8000x1
EV2532.BIN	ev	0	2532	2	0x4e4	70	2	MSG+XA	ce41a0769d4e	8000x1,8001x1,8002x1
EV2532.BIN	ev	0	2532	3	0x538	24	0	MSG+XA	40c9655f16e5	8000x1
EV2532.BIN	ev	0	2532	4	0x55c	204	0	MSG+XA	114cadc352f3	8000x1,8001x4,8002x3
EV2532.BIN	ev	0	2532	5	0x634	30	2	MSG+XA	03317f9214a6	8000x1
EV2532.BIN	ev	0	2532	6	0x660	40	0	MSG+XA	e9223efe99da	8000x1,8001x1
EV2532.BIN	ev	0	2532	7	0x694	40	0	MSG+XA	6e58544cbb89	8000x1,8001x1
EV2532.BIN	ev	0	2532	8	0x6c8	30	2	MSG+XA	dea7fbfaf593	8000x1
EV2532.BIN	ev	0	2532	9	0x6f4	58	2	MSG+XA	65bc81c3578c	8000x1,8001x1
EV2532.BIN	ev	0	2532	10	0x73c	96	0	MSG+XA	7553aade1629	8000x1,8001x2,8002x1
EV2532.BIN	ev	0	2532	11	0x7a8	134	2	MSG+XA	28a7b959155b	8000x1,8001x3,8002x2
EV2532.BIN	ev	0	2532	12	0x83c	40	0	MSG+XA	aa380b5b9d47	8000x1,8001x1
EV2532.BIN	ev	0	2532	13	0x870	116	0	MSG+XA	6313cb0f966c	8000x1,8001x3,8002x1
EV2532.BIN	ev	0	2532	14	0x8f0	18	2	MSG+XA	bcc0a9a70dde	8000x1
EV2532.BIN	ev	0	2532	15	0x910	16	0	MSG+XA	e8f71296bfe7	8000x1
EV2532.BIN	ev	0	2532	16	0x92c	46	2	MSG+XA	822c3c1a90ac	8000x1,8001x1
EV2541.BIN	ev	0	2541	0	0xe4	66	2	MSG+XA	a605f7db6480	8000x1,8001x2
EV2541.BIN	ev	0	2541	1	0x134	54	2	MSG+XA	46d2644b4f17	8000x1,8001x1
EV2560.BIN	ev	0	2560	0	0x1b4	62	2	MSG+XA	2b5b27a8b72d	8000x1,8001x2
EV2560.BIN	ev	0	2560	1	0x200	30	2	MSG+XA	11fa6daca5c7	8000x1
EV2560.BIN	ev	0	2560	2	0x22c	54	2	MSG+XA	5037233a5743	8000x1,8001x1
EV2560.BIN	ev	0	2560	3	0x270	32	0	MSG+XA	fd3eccb8ba08	8000x1
EV2560.BIN	ev	0	2560	4	0x29c	32	0	MSG+XA	2df177d7bc5c	8000x1
EV2560.BIN	ev	0	2560	5	0x2c8	18	2	MSG+XA	02050f99d4fc	8000x1
EV2560.BIN	ev	0	2560	6	0x2e8	18	2	MSG+XA	691f95e50d59	8000x1
EV2560.BIN	ev	0	2560	7	0x308	26	2	MSG+XA	435aaef6caaa	8000x1
EV2613.BIN	ev	0	2613	0	0xb0	26	2	MSG+XA	1e8d20be752e	8000x1
EV2632.BIN	ev	0	2632	0	0x7a8	62	2	MSG+XA	45198085a29e	8000x1,8001x1
EV2632.BIN	ev	0	2632	1	0x7f4	54	2	MSG+XA	baa97b244987	8000x1,8001x1
EV2632.BIN	ev	0	2632	2	0x838	24	0	MSG+XA	4b6436634768	8000x1
EV2632.BIN	ev	0	2632	3	0x85c	132	0	MSG+XA	a64caa9d715e	8000x1,8001x2,8002x2
EV2632.BIN	ev	0	2632	4	0x8ec	44	0	MSG+XA	7048251f8e01	8000x1,8001x1
EV2632.BIN	ev	0	2632	5	0x924	92	0	MSG+XA	58f0d4949c5a	8000x1,8001x2,8002x1
EV2632.BIN	ev	0	2632	6	0x98c	58	2	MSG+XA	9c65cb5b1174	8000x1,8001x1
EV2632.BIN	ev	0	2632	7	0x9d4	16	0	MSG+XA	ce41c1dd49d2	8000x1
EV2632.BIN	ev	0	2632	8	0x9f0	58	2	MSG+XA	65bc81c3578c	8000x1,8001x1
EV2632.BIN	ev	0	2632	9	0xa38	96	0	MSG+XA	7553aade1629	8000x1,8001x2,8002x1
EV2632.BIN	ev	0	2632	10	0xaa4	134	2	MSG+XA	28a7b959155b	8000x1,8001x3,8002x2
EV2632.BIN	ev	0	2632	11	0xb38	40	0	MSG+XA	aa380b5b9d47	8000x1,8001x1
EV2632.BIN	ev	0	2632	12	0xb6c	116	0	MSG+XA	6313cb0f966c	8000x1,8001x3,8002x1
EV2632.BIN	ev	0	2632	13	0xbec	18	2	MSG+XA	bcc0a9a70dde	8000x1
EV2632.BIN	ev	0	2632	14	0xc0c	16	0	MSG+XA	e8f71296bfe7	8000x1
EV2632.BIN	ev	0	2632	15	0xc28	46	2	MSG+XA	822c3c1a90ac	8000x1,8001x1
EV2641.BIN	ev	0	2641	0	0x1a8	46	2	MSG+XA	c2d6e508531a	8000x1,8001x1
EV2641.BIN	ev	0	2641	1	0x1e4	56	0	MSG+XA	5236fe5ea6f5	8000x1,8001x1
EV2641.BIN	ev	0	2641	2	0x228	56	0	MSG+XA	3d11e0487df3	8000x1,8001x1
EV2641.BIN	ev	0	2641	3	0x26c	52	0	MSG+XA	115f5d1437d5	8000x1,8001x1
EV2641.BIN	ev	0	2641	4	0x2ac	52	0	MSG+XA	7dd8d8ca80c8	8000x1,8001x1
EV2651.BIN	ev	0	2651	0	0xfc	46	2	MSG+XA	11c56f02285f	8000x1,8001x1
EV2651.BIN	ev	0	2651	1	0x138	24	0	MSG+XA	84e74d3c6fe9	8000x1
EV2651.BIN	ev	0	2651	2	0x15c	48	0	MSG+XA	ee2fa7e07904	8000x1,8001x1
EV2652.BIN	ev	0	2652	0	0xc4	150	2	MSG+XA	3a4194df82e6	8000x1,8001x3,8002x2
EV2653.BIN	ev	0	2653	0	0xcc	70	2	MSG+XA	a07ba78d2850	8000x1,8001x1,8002x1
EV2660.BIN	ev	0	2660	0	0x19c	50	2	MSG+XA	d73c1009b74e	8000x1,8001x1
EV2660.BIN	ev	0	2660	1	0x1dc	24	0	MSG+XA	0949f9f1f870	8000x1
EV2660.BIN	ev	0	2660	2	0x200	68	0	MSG+XA	afae10ffec6b	8000x1,8001x2
EV2660.BIN	ev	0	2660	3	0x244	16	0	MSG	f8aa1e95f0dd	8000x1
EV2660.BIN	ev	0	2660	4	0x260	54	2	MSG+XA	bfdf468c33a5	8000x1,8001x1
EV2660.BIN	ev	0	2660	5	0x2a4	76	0	MSG+XA	d19a2c492c86	8000x1,8001x2
EV2710.BIN	ev	0	2710	0	0x17c	78	2	MSG+XA	8ee2efe50641	8000x1,8001x1,8002x1
EV2710.BIN	ev	0	2710	1	0x1d8	54	2	MSG+XA	ae1615274b9c	8000x1,8001x1
EV2710.BIN	ev	0	2710	2	0x21c	18	2	MSG+XA	691f95e50d59	8000x1
EV2710.BIN	ev	0	2710	3	0x23c	136	0	MSG+XA	8a930bb10f84	8000x1,8001x3,8002x1
EV2710.BIN	ev	0	2710	4	0x2d0	52	0	MSG+XA	ae27c12cc0af	8000x1,8001x1
EV2710.BIN	ev	0	2710	5	0x310	30	2	MSG+XA	c6bb9c486e0d	8000x1
EV2710.BIN	ev	0	2710	6	0x33c	72	0	MSG+XA	73612d4ef415	8000x1,8001x2
EV2712.BIN	ev	0	2712	0	0xe0	136	0	MSG+XA	f3d27a9fbb6c	8000x1,8001x3,8002x1
EV2712.BIN	ev	0	2712	1	0x174	46	2	MSG+XA	45457af608e3	8000x1,8001x1
EV2732.BIN	ev	0	2732	0	0x5ec	16	0	MSG	f8aa1e95f0dd	8000x1
EV2732.BIN	ev	0	2732	1	0x608	58	2	MSG+XA	df1c92745552	8000x1,8001x1
EV2732.BIN	ev	0	2732	2	0x650	24	0	MSG+XA	332de85754a0	8000x1
EV2732.BIN	ev	0	2732	3	0x674	60	0	MSG+XA	c2979a2cb2f1	8000x1,8001x1
EV2732.BIN	ev	0	2732	4	0x6b0	16	0	MSG	f8aa1e95f0dd	8000x1
EV2732.BIN	ev	0	2732	5	0x6cc	46	2	MSG+XA	44cdec7d0d25	8000x1,8001x1
EV2732.BIN	ev	0	2732	6	0x708	166	2	MSG+XA	c3932005b14a	8000x1,8001x3,8002x2
EV2732.BIN	ev	0	2732	7	0x7bc	108	0	MSG+XA	d6dcb9d519dd	8000x1,8001x2,8002x1
EV2732.BIN	ev	0	2732	8	0x834	134	2	MSG+XA	28a7b959155b	8000x1,8001x3,8002x2
EV2732.BIN	ev	0	2732	9	0x8c8	40	0	MSG+XA	aa380b5b9d47	8000x1,8001x1
EV2732.BIN	ev	0	2732	10	0x8fc	116	0	MSG+XA	6313cb0f966c	8000x1,8001x3,8002x1
EV2732.BIN	ev	0	2732	11	0x97c	18	2	MSG+XA	bcc0a9a70dde	8000x1
EV2732.BIN	ev	0	2732	12	0x99c	16	0	MSG+XA	e8f71296bfe7	8000x1
EV2732.BIN	ev	0	2732	13	0x9b8	46	2	MSG+XA	822c3c1a90ac	8000x1,8001x1
EV2741.BIN	ev	0	2741	0	0x19c	136	0	MSG+XA	732b54a75ebf	8000x1,8001x2,8002x2
EV2741.BIN	ev	0	2741	1	0x230	40	0	MSG+XA	248d77efa139	8000x1,8001x1
EV2741.BIN	ev	0	2741	2	0x264	52	0	MSG+XA	4546d53deb78	8000x1,8001x1
EV2741.BIN	ev	0	2741	3	0x2a4	112	0	MSG+XA	ce3dfe059ef3	8000x1,8001x3,8002x1
EV2760.BIN	ev	0	2760	0	0x340	28	0	MSG+XA	2b25a4c8596c	8000x1
EV2760.BIN	ev	0	2760	1	0x368	14	2	MSG+XA	9e5555579473	8000x1
EV2760.BIN	ev	0	2760	2	0x384	48	0	MSG+XA	c23b3b2bf27e	8000x1,8001x1
EV2760.BIN	ev	0	2760	3	0x3c0	22	2	MSG+XA	87674c001e7e	8000x1
EV2760.BIN	ev	0	2760	4	0x3e4	26	2	MSG+XA	603fc0fe8f43	8000x1
EV2760.BIN	ev	0	2760	5	0x40c	18	2	MSG+XA	691f95e50d59	8000x1
EV2760.BIN	ev	0	2760	6	0x42c	18	2	MSG+XA	e9e7b1da95f4	8000x1
EV2760.BIN	ev	0	2760	7	0x44c	158	2	MSG+XA	9628cb53b7cc	8000x1,8001x4,8002x1
EV2760.BIN	ev	0	2760	8	0x4f8	38	2	MSG+XA	31c0170273d2	8000x1,8001x1
EV2760.BIN	ev	0	2760	9	0x52c	82	2	MSG+XA	041335ffbf10	8000x1,8001x2,8002x1
EV2760.BIN	ev	0	2760	10	0x58c	16	0	MSG+XA	46b8d1a07561	8000x1
EV2760.BIN	ev	0	2760	11	0x5a8	14	2	MSG+XA	cf81aff7218f	8000x1
EV2760.BIN	ev	0	2760	12	0x5c4	28	0	MSG+XA	39d8d701621c	8000x1
EV2760.BIN	ev	0	2760	13	0x5ec	84	0	MSG+XA	0b19d0409085	8000x1,8001x1,8002x1
EV2760.BIN	ev	0	2760	14	0x64c	44	0	MSG+XA	fee63309814c	8000x1,8001x1
EV2760.BIN	ev	0	2760	15	0x684	22	2	MSG+XA	4f715043824a	8000x1
EV2760.BIN	ev	0	2760	16	0x69c	16	0	MSG	f8aa1e95f0dd	8000x1
EV2760.BIN	ev	0	2760	17	0x6b8	88	0	MSG+XA	83a8d80b9271	8000x1,8001x2
EV2760.BIN	ev	0	2760	18	0x71c	32	0	MSG+XA	9291335c2a55	8000x1
EV2760.BIN	ev	0	2760	19	0x748	20	0	MSG+XA	83c58d6ac259	8000x1
EV2812.BIN	ev	0	2812	0	0xcc	46	2	MSG+XA	ac5630612e2d	8000x1,8001x1
EV2812.BIN	ev	0	2812	1	0x108	42	2	MSG+XA	ecbed853eee5	8000x1,8001x1
EV2820.BIN	ev	0	2820	0	0x17c	26	2	MSG+XA	9c941d6d543f	8000x1
EV2820.BIN	ev	0	2820	1	0x1a4	24	0	MSG+XA	0fe4666bd03e	8000x1
EV2820.BIN	ev	0	2820	2	0x1c8	92	0	MSG+XA	448d5a73ee8f	8000x1,8001x2,8002x1
EV2820.BIN	ev	0	2820	3	0x230	84	0	MSG+XA	157ad9596df7	8000x1,8001x1,8002x1
EV2820.BIN	ev	0	2820	4	0x290	48	0	MSG+XA	8e766fd9ca99	8000x1,8001x1
EV2850.BIN	ev	0	2850	0	0x1c4	98	2	MSG+XA	77d7a693f077	8000x1,8001x2,8002x1
EV2850.BIN	ev	0	2850	1	0x234	42	2	MSG+XA	ee355380b59d	8000x1,8001x1
EV2850.BIN	ev	0	2850	2	0x26c	76	0	MSG+XA	ca8d51849789	8000x1,8001x2
EV2850.BIN	ev	0	2850	3	0x2c4	74	2	MSG+XA	5951c358664d	8000x1,8001x1,8002x1
EV2850.BIN	ev	0	2850	4	0x31c	22	2	MSG+XA	2bf5148645e7	8000x1
EV2851.BIN	ev	0	2851	0	0x118	68	0	MSG+XA	e4e589110627	8000x1,8001x2
EV2851.BIN	ev	0	2851	1	0x168	30	2	MSG+XA	d04a88e803df	8000x1
EV2851.BIN	ev	0	2851	2	0x194	44	0	MSG+XA	118c22f0a004	8000x1,8001x1
EV2851.BIN	ev	0	2851	3	0x1cc	26	2	MSG+XA	5fe7160b7327	8000x1
EV2851.BIN	ev	0	2851	4	0x1f4	28	0	MSG+XA	a2376539ec4c	8000x1
EV2852.BIN	ev	0	2852	0	0xc8	82	2	MSG+XA	5fc809ac6700	8000x1,8001x2
EV2852.BIN	ev	0	2852	1	0x128	18	2	MSG+XA	ca4b51d7a8e0	8000x1
EV2853.BIN	ev	0	2853	0	0xe4	58	2	MSG+XA	1445e86b0cf9	8000x1,8001x1
EV2853.BIN	ev	0	2853	1	0x12c	92	0	MSG+XA	0c568e42bf03	8000x1,8001x2
EV2902.BIN	ev	0	2902	0	0x5cc	28	0	MSG+XA	8ab021bdd3c9	8000x1
EV2902.BIN	ev	0	2902	1	0x5f4	24	0	MSG+XA	7c74877dc4cd	8000x1
EV2902.BIN	ev	0	2902	2	0x618	94	2	MSG+XA	a977a95fe844	8000x1,8001x2,8002x1
EV2902.BIN	ev	0	2902	3	0x684	84	0	MSG+XA	dd4913ae1340	8000x1,8001x1,8002x1
EV2902.BIN	ev	0	2902	4	0x6e4	114	2	MSG+XA	86c5ea054e24	8000x1,8001x3,8002x1
EV2902.BIN	ev	0	2902	5	0x764	44	0	MSG+XA	22ee39e427d5	8000x1,8001x1
EV2902.BIN	ev	0	2902	6	0x79c	20	0	MSG+XA	1bcb6868d8cd	8000x1
EV2902.BIN	ev	0	2902	7	0x7bc	44	0	MSG+XA	9de924923c15	8000x1,8001x1
EV2902.BIN	ev	0	2902	8	0x7f4	22	2	MSG+XA	939f7c8e7baa	8000x1
EV2902.BIN	ev	0	2902	9	0x818	26	2	MSG+XA	3bc9cdd60b85	8000x1
EV2902.BIN	ev	0	2902	10	0x840	240	0	MSG+XA	6c01773780bd	8000x1,8001x5,8002x4
EV2902.BIN	ev	0	2902	11	0x93c	44	0	MSG+XA	057fb7329e06	8000x1,8001x1
EV2902.BIN	ev	0	2902	12	0x974	48	0	MSG+XA	c2d4eb34cf3d	8000x1,8001x1
EV2902.BIN	ev	0	2902	13	0x9b0	32	0	MSG+XA	4b80aa897767	8000x1
EV2902.BIN	ev	0	2902	14	0x9dc	58	2	MSG+XA	d7693a092f9d	8000x1,8001x1
EV2902.BIN	ev	0	2902	15	0xa24	14	2	MSG+XA	9e5555579473	8000x1
EV2902.BIN	ev	0	2902	16	0xa40	38	2	MSG+XA	18607597a6d5	8000x1,8001x1
EV2904.BIN	ev	0	2904	0	0x24c	24	0	MSG+XA	6e28e36295d8	8000x1
EV2904.BIN	ev	0	2904	1	0x270	50	2	MSG+XA	7c7b7aa52920	8000x1,8001x1
EV2904.BIN	ev	0	2904	2	0x2b0	144	0	MSG+XA	5e008c24ab20	8000x1,8001x3,8002x2
EV2906.BIN	ev	0	2906	0	0x240	54	2	MSG+XA	ea50ca51149b	8000x1,8001x1
EV2906.BIN	ev	0	2906	1	0x284	58	2	MSG+XA	ee8e3a4f3e03	8000x1,8001x1,8002x1
EV2906.BIN	ev	0	2906	2	0x2cc	30	2	MSG+XA	a867b0351d72	8000x1
EV2907.BIN	ev	0	2907	0	0x254	24	0	MSG+XA	c5419b19ea2c	8000x1
EV2907.BIN	ev	0	2907	1	0x278	24	0	MSG+XA	415fa4d77733	8000x1
EV2907.BIN	ev	0	2907	2	0x29c	32	0	MSG+XA	58005bec5ff4	8000x1
EV2907.BIN	ev	0	2907	3	0x2c8	16	0	MSG+XA	59436dac0197	8000x1
EV2912.BIN	ev	0	2912	0	0xf8	110	2	MSG+XA	06463dba0422	8000x1,8001x3,8002x1
EV2912.BIN	ev	0	2912	1	0x174	106	2	MSG+XA	29d17a766503	8000x1,8001x2,8002x1
EV2913.BIN	ev	0	2913	0	0x130	66	2	MSG+XA	0a7acd2e1fc8	8000x1,8001x2
EV2913.BIN	ev	0	2913	1	0x180	44	0	MSG+XA	cb42e9acd98d	8000x1,8001x1
EV2913.BIN	ev	0	2913	2	0x1b8	70	2	MSG+XA	f07a8f9d9fc3	8000x1,8001x2
EV2913.BIN	ev	0	2913	3	0x20c	70	2	MSG+XA	9f3658ba8c80	8000x1,8001x2
EV2913.BIN	ev	0	2913	4	0x260	26	2	MSG+XA	217ff16cde72	8000x1
EV2913.BIN	ev	0	2913	5	0x288	54	2	MSG+XA	646423959f9b	8000x1,8001x1
EV2922.BIN	ev	0	2922	0	0xa8	46	2	MSG+XA	ec7da8b6c1cf	8000x1,8001x1
EV2932.BIN	ev	0	2932	0	0x21c	76	0	MSG+XA	896933d245e2	8000x1,8001x2
EV2932.BIN	ev	0	2932	1	0x274	32	0	MSG+XA	2d2b60680e7b	8000x1
EV2932.BIN	ev	0	2932	2	0x2a0	76	0	MSG+XA	c1ea81db815f	8000x1,8001x2
EV2940.BIN	ev	0	2940	0	0x2ec	54	2	MSG+XA	dc9b57f6529f	8000x1,8001x1
EV2940.BIN	ev	0	2940	1	0x330	22	2	MSG+XA	04534fac2489	8000x1
EV2940.BIN	ev	0	2940	2	0x354	26	2	MSG+XA	73c5dd277768	8000x1
EV2940.BIN	ev	0	2940	3	0x37c	88	0	MSG+XA	26edd0c0e4d7	8000x1,8001x2
EV2940.BIN	ev	0	2940	4	0x3e0	122	2	MSG+XA	ef4408442392	8000x1,8001x3,8002x1
EV2940.BIN	ev	0	2940	5	0x468	116	0	MSG+XA	c81b0737d657	8000x1,8001x2,8002x1
EV2940.BIN	ev	0	2940	6	0x4e8	74	2	MSG+XA	1e8c1b0e68a8	8000x1,8001x2
EV2940.BIN	ev	0	2940	7	0x540	22	2	MSG+XA	a8b66e5f5184	8000x1
EV2940.BIN	ev	0	2940	8	0x564	310	2	MSG+XA	763305aa2dd8	8000x1,8001x8,8002x4
EV2940.BIN	ev	0	2940	9	0x6a8	78	2	MSG+XA	6574b6ea91a4	8000x1,8001x2
EV2941.BIN	ev	0	2941	0	0x17c	78	2	MSG+XA	f978462baeaa	8000x1,8001x2
EV2941.BIN	ev	0	2941	1	0x1d8	16	0	MSG+XA	e54577913444	8000x1
EV2941.BIN	ev	0	2941	2	0x1f4	58	2	MSG+XA	ece1c447871c	8000x1,8001x1
EV2941.BIN	ev	0	2941	3	0x23c	24	0	MSG+XA	85cef6600b02	8000x1
EV2941.BIN	ev	0	2941	4	0x260	76	0	MSG+XA	b94ad733f6c5	8000x1,8001x2
EV2941.BIN	ev	0	2941	5	0x2b8	44	0	MSG+XA	d112f676bd91	8000x1,8001x1
EV2950.BIN	ev	0	2950	0	0x224	60	0	MSG+XA	c0beaf500dcf	8000x1,8001x1
EV2950.BIN	ev	0	2950	1	0x26c	58	2	MSG+XA	1dc2a6d63185	8000x1,8001x1
EV2950.BIN	ev	0	2950	2	0x2b4	26	2	MSG+XA	762a96ec8fb9	8000x1
EV2950.BIN	ev	0	2950	3	0x2dc	56	0	MSG+XA	29417e8f2c40	8000x1,8001x1
EV2950.BIN	ev	0	2950	4	0x320	42	2	MSG+XA	6a75214a411b	8000x1,8001x1
EV2950.BIN	ev	0	2950	5	0x358	74	2	MSG+XA	b9f0058dff1a	8000x1,8001x2
EV2950.BIN	ev	0	2950	6	0x3b0	20	0	MSG+XA	beede3bf421c	8000x1
EV2951.BIN	ev	0	2951	0	0x128	78	2	MSG+XA	d46d196565c0	8000x1,8001x2
EV2951.BIN	ev	0	2951	1	0x184	18	2	MSG+XA	691f95e50d59	8000x1
EV2951.BIN	ev	0	2951	2	0x1a4	48	0	MSG+XA	8dc7d0d8c663	8000x1,8001x1
EV2951.BIN	ev	0	2951	3	0x1d4	16	0	MSG	f8aa1e95f0dd	8000x1
EV2952.BIN	ev	0	2952	0	0x150	78	2	MSG+XA	3cf18bd39049	8000x1,8001x2
EV2952.BIN	ev	0	2952	1	0x1ac	74	2	MSG+XA	723853e47438	8000x1,8001x2
EV2952.BIN	ev	0	2952	2	0x204	104	0	MSG+XA	56396b97aff3	8000x1,8001x2,8002x1
EV2953.BIN	ev	0	2953	0	0xc0	58	2	MSG+XA	813c7451a243	8000x1,8001x1
EV2953.BIN	ev	0	2953	1	0x108	52	0	MSG+XA	23f5d4fbba36	8000x1,8001x1
EV3001.BIN	ev	0	3001	0	0x368	102	2	MSG+XA	3be7cc12aee1	8000x1,8001x2,8002x1
EV3001.BIN	ev	0	3001	1	0x3dc	68	0	MSG+XA	232f5f2214af	8000x1,8001x1,8002x1
EV3001.BIN	ev	0	3001	2	0x42c	198	2	MSG+XA	6dd564b8cbb2	8000x1,8001x4,8002x3
EV3001.BIN	ev	0	3001	3	0x500	18	2	MSG+XA	c77630e156f8	8000x1
EV3001.BIN	ev	0	3001	4	0x520	16	0	MSG+XA	4a70cd5c7361	8000x1
EV3001.BIN	ev	0	3001	5	0x53c	18	2	MSG+XA	aca2a2e9c1f3	8000x1
EV3001.BIN	ev	0	3001	6	0x55c	30	2	MSG+XA	e3ec7cbf4df1	8000x1
EV3001.BIN	ev	0	3001	7	0x588	26	2	MSG+XA	56c16aaa78f3	8000x1
EV3001.BIN	ev	0	3001	8	0x5b0	28	0	MSG+XA	9b388141feb0	8000x1
EV3001.BIN	ev	0	3001	9	0x5d8	20	0	MSG+XA	89f7a07151c7	8000x1
EV3001.BIN	ev	0	3001	10	0x5ec	14	2	MSG	b8384985e0f4	8000x1
EV3001.BIN	ev	0	3001	11	0x608	32	0	MSG+XA	a1832e76d30f	8000x1
EV3001.BIN	ev	0	3001	12	0x634	20	0	MSG+XA	d038dc769743	8000x1
EV3002.BIN	ev	0	3002	0	0x2a4	28	0	MSG+XA	8ab021bdd3c9	8000x1
EV3002.BIN	ev	0	3002	1	0x2cc	24	0	MSG+XA	7c74877dc4cd	8000x1
EV3002.BIN	ev	0	3002	2	0x2f0	114	2	MSG+XA	4b14eadf03e1	8000x1,8001x3,8002x1
EV3004.BIN	ev	0	3004	0	0x410	28	0	MSG+XA	8ab021bdd3c9	8000x1
EV3004.BIN	ev	0	3004	1	0x438	24	0	MSG+XA	7c74877dc4cd	8000x1
EV3004.BIN	ev	0	3004	2	0x45c	102	2	MSG+XA	c3fbb7032494	8000x1,8001x2,8002x1
EV3004.BIN	ev	0	3004	3	0x4d0	16	0	MSG+XA	106e4efe970f	8000x1
EV3004.BIN	ev	0	3004	4	0x4ec	298	2	MSG+XA	d6adeb5dba00	8000x1,8001x7,8002x4
EV3004.BIN	ev	0	3004	5	0x618	16	0	MSG	f8aa1e95f0dd	8000x1
EV3004.BIN	ev	0	3004	6	0x634	80	0	MSG+XA	c84baaa21743	8000x1,8001x2
EV3004.BIN	ev	0	3004	7	0x684	18	2	SEL1.1	11af839f8358	8001x2
EV3004.BIN	ev	0	3004	8	0x6a4	50	2	MSG+XA	116b54df344e	8000x1,8001x1
EV3004.BIN	ev	0	3004	9	0x6e4	216	0	MSG+XA	31cc5876eda8	8000x1,8001x5,8002x2
EV3004.BIN	ev	0	3004	10	0x7c8	50	2	MSG+XA	41dcb44687cc	8000x1,8001x1
EV3004.BIN	ev	0	3004	11	0x808	58	2	MSG+XA	1ab0f9276342	8000x1,8001x1
EV3004.BIN	ev	0	3004	12	0x850	48	0	MSG+XA	7ff8e0c76a23	8000x1,8001x1
EV3004.BIN	ev	0	3004	13	0x88c	26	2	MSG+XA	1e38f4ffaaee	8000x1
EV3013.BIN	ev	0	3013	0	0xb0	26	2	MSG+XA	1e8d20be752e	8000x1
EV3022.BIN	ev	0	3022	0	0xc4	402	2	MSG+XA	99b98e68ae57	8000x1,8001x9,8002x6
EV3023.BIN	ev	0	3023	0	0x314	160	0	MSG+XA	5de710cfd034	8000x1,8001x4,8002x2
EV3023.BIN	ev	0	3023	1	0x3c0	54	2	MSG+XA	23c589fc6be0	8000x1,8001x1
EV3023.BIN	ev	0	3023	2	0x3f8	42	2	SEL3.1	5dac437f0565	8001x3
EV3023.BIN	ev	0	3023	3	0x424	44	0	SEL3.1	693436c89882	8001x3
EV3023.BIN	ev	0	3023	4	0x450	34	2	SEL3.1	5279c90e3b6d	8001x3
EV3023.BIN	ev	0	3023	5	0x474	54	2	SEL3.1	6bddf06b5f58	8001x3
EV3023.BIN	ev	0	3023	6	0x4ac	48	0	SEL3.1	f4f9c123d1f3	8001x3
EV3023.BIN	ev	0	3023	7	0x4dc	38	2	SEL3.1	271ec1e1b2c7	8001x3
EV3023.BIN	ev	0	3023	8	0x504	38	2	SEL3.1	0bb9a527cbea	8001x3
EV3023.BIN	ev	0	3023	9	0x52c	38	2	SEL3.1	ca6b9bcf1b60	8001x3
EV3023.BIN	ev	0	3023	10	0x554	42	2	SEL3.1	10285aa94599	8001x3
EV3023.BIN	ev	0	3023	11	0x580	44	0	SEL3.1	06a19d3850eb	8001x3
EV3023.BIN	ev	0	3023	12	0x5ac	50	2	SEL3.1	653fb99a7c07	8001x3
EV3023.BIN	ev	0	3023	13	0x5e0	36	0	SEL3.1	3b103c7a94ae	8001x3
EV3023.BIN	ev	0	3023	14	0x604	52	0	SEL3.1	cdf6def871fc	8001x3
EV3023.BIN	ev	0	3023	15	0x638	30	2	SEL3.1	d82df28b7d3e	8001x3
EV3023.BIN	ev	0	3023	16	0x658	42	2	SEL3.1	7d5688ac2bd9	8001x3
EV3023.BIN	ev	0	3023	17	0x684	40	0	SEL3.1	eb21b66c46ec	8001x3
EV3023.BIN	ev	0	3023	18	0x6ac	36	0	SEL3.1	0013e5e89015	8001x3
EV3023.BIN	ev	0	3023	19	0x6d0	52	0	SEL3.1	ab73dd1f1b60	8001x3
EV3023.BIN	ev	0	3023	20	0x704	50	2	SEL3.1	f95e0fbf0005	8001x3
EV3023.BIN	ev	0	3023	21	0x738	36	0	SEL3.1	d47fd41b0d58	8001x3
EV3023.BIN	ev	0	3023	22	0x75c	38	2	SEL3.1	d00a153976ec	8001x3
EV3023.BIN	ev	0	3023	23	0x784	40	0	SEL3.1	d8b5ca11771e	8001x3
EV3023.BIN	ev	0	3023	24	0x7ac	50	2	SEL3.1	81e0999446cc	8001x3
EV3023.BIN	ev	0	3023	25	0x7e0	36	0	SEL3.1	b8619e681738	8001x3
EV3023.BIN	ev	0	3023	26	0x804	40	0	SEL3.1	9fc5cb15ff66	8001x3
EV3023.BIN	ev	0	3023	27	0x82c	36	0	SEL3.1	ee41d95a3043	8001x3
EV3023.BIN	ev	0	3023	28	0x850	46	2	SEL3.1	8aa7c74a1e0a	8001x3
EV3023.BIN	ev	0	3023	29	0x880	52	0	SEL3.1	e81b78723355	8001x3
EV3023.BIN	ev	0	3023	30	0x8b4	38	2	SEL3.1	cddc44bf77b7	8001x3
EV3023.BIN	ev	0	3023	31	0x8dc	44	0	SEL3.1	d9b92d280b8a	8001x3
EV3023.BIN	ev	0	3023	32	0x914	54	2	MSG+XA	2c51bb48ff25	8000x1,8001x1
EV3023.BIN	ev	0	3023	33	0x958	52	0	MSG+XA	0efc8f227b51	8000x1,8001x1
EV3102.BIN	ev	0	3102	0	0x348	28	0	MSG+XA	8ab021bdd3c9	8000x1
EV3102.BIN	ev	0	3102	1	0x370	24	0	MSG+XA	7c74877dc4cd	8000x1
EV3102.BIN	ev	0	3102	3	0x3a0	46	2	MSG+XA	3bdecb6543e6	8000x1,8001x1
EV4028.BIN	ev	0	4028	0	0x1f4	34	2	MSG+XA	5add1e4be267	8000x1
EV4028.BIN	ev	0	4028	2	0x230	30	2	MSG+XA	1b8b4c83ac58	8000x1
EV4028.BIN	ev	0	4028	4	0x268	32	0	MSG+XA	d4430273f8de	8000x1
EV4028.BIN	ev	0	4028	5	0x294	116	0	MSG+XA	b66a94dbcdd0	8000x1,8001x2,8002x1
EV4028.BIN	ev	0	4028	6	0x314	104	0	MSG+XA	c34b02b9aa47	8000x1,8001x2,8002x1
EV4028.BIN	ev	0	4028	7	0x388	100	0	MSG+XA	3607eb6c4fa5	8000x1,8001x2,8002x1
EV4028.BIN	ev	0	4028	8	0x3f8	96	0	MSG+XA	c6d5758438d5	8000x1,8001x2,8002x1
EV4028.BIN	ev	0	4028	9	0x464	96	0	MSG+XA	ef4a3a050693	8000x1,8001x2,8002x1
EV4028.BIN	ev	0	4028	10	0x4d0	88	0	MSG+XA	0525532366c9	8000x1,8001x1,8002x1
EV4028.BIN	ev	0	4028	11	0x534	112	0	MSG+XA	5d9a12b3de9f	8000x1,8001x2,8002x1
EV4028.BIN	ev	0	4028	12	0x5b0	114	2	MSG+XA	4cf87c5e7ae3	8000x1,8001x2,8002x1
EV4028.BIN	ev	0	4028	13	0x630	114	2	MSG+XA	276f497b4b4e	8000x1,8001x2,8002x1
EV4028.BIN	ev	0	4028	14	0x6b0	118	2	MSG+XA	475581395419	8000x1,8001x2,8002x1
EV4028.BIN	ev	0	4028	15	0x734	108	0	MSG+XA	056700bdba85	8000x1,8001x2,8002x1
EV4028.BIN	ev	0	4028	16	0x7ac	110	2	MSG+XA	d08d89bfb03b	8000x1,8001x2,8002x1
EV4028.BIN	ev	0	4028	17	0x828	102	2	MSG+XA	be93625b06c4	8000x1,8001x2,8002x1
EV6000.BIN	ev	0	6000	0	0x248	42	2	MSG+XA	3c557cd67882	8000x1,8001x1
EV6000.BIN	ev	0	6000	1	0x274	16	0	MSG	bcd0e6a6d2e4	8000x1
EV6000.BIN	ev	0	6000	2	0x290	24	0	MSG+XA	f603c9d61de9	8000x1
EV6000.BIN	ev	0	6000	3	0x2b4	24	0	MSG+XA	c79d8bbc5bd9	8000x1
EV6000.BIN	ev	0	6000	4	0x2d8	24	0	MSG+XA	c9234bad0148	8000x1
EV6000.BIN	ev	0	6000	5	0x2fc	20	0	MSG+XA	325d3dc53434	8000x1
EV6000.BIN	ev	0	6000	6	0x31c	50	2	MSG+XA	7201115391df	8000x1,8001x1
EV6000.BIN	ev	0	6000	7	0x35c	122	2	MSG+XA	0c78223e92ba	8000x1,8001x3,8002x1
EV6000.BIN	ev	0	6000	8	0x3e4	16	0	MSG+XA	cbe7e36be128	8000x1
EV6000.BIN	ev	0	6000	9	0x400	106	2	MSG+XA	97a9dabbdcea	8000x1,8001x2,8002x1
EV6000.BIN	ev	0	6000	10	0x478	48	0	MSG+XA	05b8686c7843	8000x1,8001x1
EV6000.BIN	ev	0	6000	11	0x4a8	16	0	MSG	f8aa1e95f0dd	8000x1
EV6001.BIN	ev	0	6001	0	0x3d8	16	0	MSG+XA	b068af721ef9	8000x1
EV6001.BIN	ev	0	6001	1	0x3e8	16	0	MSG	bcd0e6a6d2e4	8000x1
EV6001.BIN	ev	0	6001	2	0x404	26	2	MSG+XA	7f243dece731	8000x1
EV6001.BIN	ev	0	6001	3	0x42c	18	2	MSG+XA	9bf824299b11	8000x1
EV6001.BIN	ev	0	6001	4	0x44c	18	2	MSG+XA	9965c25fffc4	8000x1
EV6001.BIN	ev	0	6001	5	0x460	16	0	MSG	bcd0e6a6d2e4	8000x1
EV6001.BIN	ev	0	6001	6	0x47c	48	0	MSG+XA	79c7a01d86af	8000x1,8001x1
EV6001.BIN	ev	0	6001	7	0x4b8	14	2	MSG+XA	921e607cfbcd	8000x1
EV6001.BIN	ev	0	6001	8	0x4d4	32	0	MSG+XA	d81305731df5	8000x1
EV6001.BIN	ev	0	6001	9	0x500	50	2	MSG+XA	288a7087f1d8	8000x1,8001x1
EV6001.BIN	ev	0	6001	10	0x540	46	2	MSG+XA	90dbf4e63206	8000x1,8001x1
EV6001.BIN	ev	0	6001	11	0x57c	116	0	MSG+XA	83c763869afb	8000x1,8001x2,8002x1
EV6001.BIN	ev	0	6001	12	0x5fc	294	2	MSG+XA	d24218d85108	8000x1,8001x5,8002x5
EV6001.BIN	ev	0	6001	13	0x730	20	0	MSG+XA	4ce43b4bcb6c	8000x1
EV6001.BIN	ev	0	6001	15	0x75c	146	2	MSG+XA	f31919045bc1	8000x1,8001x3,8002x1
EV6001.BIN	ev	0	6001	16	0x7fc	44	0	MSG+XA	2f317d65eb1c	8000x1,8001x1
EV6001.BIN	ev	0	6001	17	0x834	48	0	MSG+XA	15f4a7343b78	8000x1,8001x1
EV6001.BIN	ev	0	6001	18	0x870	28	0	MSG+XA	8f2dc4a5c29e	8000x1
EV6001.BIN	ev	0	6001	19	0x898	82	2	MSG+XA	f320b6f1e6f5	8000x1,8001x1,8002x1
EV6002.BIN	ev	0	6002	0	0x130	50	2	MSG+XA	4fbb398b0dfc	8000x1,8001x1
EV6002.BIN	ev	0	6002	1	0x170	22	2	MSG+XA	625fa9361648	8000x1
EV6003.BIN	ev	0	6003	0	0x108	70	2	MSG+XA	ecbfa9bfa572	8000x1,8001x2
EV6004.BIN	ev	0	6004	0	0x770	20	0	MSG+XA	ced2413ae594	8000x1
EV6004.BIN	ev	0	6004	1	0x790	68	0	MSG+XA	c9ab2e05dacf	8000x1,8001x2
EV6004.BIN	ev	0	6004	2	0x7d4	16	0	MSG	f8aa1e95f0dd	8000x1
EV6004.BIN	ev	0	6004	3	0x7f0	44	0	MSG+XA	7dcbe1d64776	8000x1,8001x1
EV6004.BIN	ev	0	6004	4	0x828	30	2	MSG+XA	fc8288f5c662	8000x1
EV6004.BIN	ev	0	6004	5	0x854	34	2	MSG+XA	9b9d14ab6417	8000x1
EV6004.BIN	ev	0	6004	6	0x884	28	0	MSG+XA	8cba0fd4fde7	8000x1
EV6004.BIN	ev	0	6004	7	0x8ac	22	2	MSG+XA	b895c97b2422	8000x1
EV6004.BIN	ev	0	6004	8	0x8d0	14	2	MSG+XA	a6ff7e406c60	8000x1
EV6004.BIN	ev	0	6004	9	0x8ec	40	0	MSG+XA	091e15ecfc7f	8000x1,8001x1
EV6004.BIN	ev	0	6004	10	0x914	16	0	MSG	f8aa1e95f0dd	8000x1
EV6004.BIN	ev	0	6004	11	0x924	20	0	SEL2.1	3cdb64262c62	8001x2
EV6004.BIN	ev	0	6004	12	0x944	18	2	MSG+XA	6df8f0ba5597	8000x1
EV6004.BIN	ev	0	6004	13	0x964	46	2	MSG+XA	a7b93127486f	8000x1,8001x1
EV6004.BIN	ev	0	6004	14	0x9a0	78	2	MSG+XA	650418582c9c	8000x1,8001x1,8002x1
EV6004.BIN	ev	0	6004	15	0x9fc	16	0	MSG+XA	18dee35759cc	8000x1
EV6004.BIN	ev	0	6004	16	0xa18	26	2	MSG+XA	d504f607cd09	8000x1
EV6004.BIN	ev	0	6004	17	0xa40	28	0	MSG+XA	db1db1702eca	8000x1
EV6004.BIN	ev	0	6004	18	0xa68	18	2	MSG+XA	fe24ef3518a0	8000x1
EV6004.BIN	ev	0	6004	19	0xa88	176	0	MSG+XA	de04ac47d138	8000x1,8001x3,8002x2
EV6004.BIN	ev	0	6004	20	0xb44	28	0	MSG+XA	cef92c566bfe	8000x1
EV6004.BIN	ev	0	6004	21	0xb6c	18	2	MSG+XA	fe24ef3518a0	8000x1
EV6004.BIN	ev	0	6004	22	0xb8c	14	2	MSG+XA	b952a79f466b	8000x1
EV6004.BIN	ev	0	6004	23	0xba8	26	2	MSG+XA	72b79140000f	8000x1
EV6004.BIN	ev	0	6004	24	0xbd0	22	2	MSG+XA	abe1112be4d9	8000x1
EV6004.BIN	ev	0	6004	25	0xbf4	18	2	MSG+XA	fe24ef3518a0	8000x1
EV6004.BIN	ev	0	6004	26	0xc14	82	2	MSG+XA	c4625bfa83f4	8000x1,8001x1,8002x1
EV6004.BIN	ev	0	6004	27	0xc68	16	0	MSG	f8aa1e95f0dd	8000x1
EV6004.BIN	ev	0	6004	28	0xc84	50	2	MSG+XA	caef284b65c5	8000x1,8001x1
EV6004.BIN	ev	0	6004	29	0xcc4	16	0	MSG+XA	6fcdcaf71d28	8000x1
EV6004.BIN	ev	0	6004	30	0xce0	30	2	MSG+XA	71b0de40d693	8000x1
EV6004.BIN	ev	0	6004	31	0xd0c	30	2	MSG+XA	b162ebe32165	8000x1
EV6004.BIN	ev	0	6004	32	0xd38	26	2	MSG+XA	3375bdb4e483	8000x1
EV6004.BIN	ev	0	6004	33	0xd60	26	2	MSG+XA	78a1ff7cf75a	8000x1
EV6004.BIN	ev	0	6004	34	0xd88	16	0	MSG+XA	106e4efe970f	8000x1
EV6004.BIN	ev	0	6004	35	0xda4	44	0	MSG+XA	44f3db6ec4d7	8000x1,8001x1
EV6004.BIN	ev	0	6004	36	0xddc	16	0	MSG+XA	b647c30f9e4f	8000x1
EV6004.BIN	ev	0	6004	37	0xdf8	26	2	MSG+XA	0f388dca0693	8000x1
EV6004.BIN	ev	0	6004	38	0xe20	28	0	MSG+XA	0235b6cac26d	8000x1
EV6004.BIN	ev	0	6004	39	0xe48	24	0	MSG+XA	3c89975aef94	8000x1
EV6004.BIN	ev	0	6004	40	0xe6c	30	2	MSG+XA	bc0f3eadd86b	8000x1
EV6005.BIN	ev	0	6005	0	0x280	46	2	MSG+XA	39ca15ac252a	8000x1,8001x1
EV6005.BIN	ev	0	6005	1	0x2bc	46	2	MSG+XA	39ca15ac252a	8000x1,8001x1
EV6005.BIN	ev	0	6005	2	0x2f8	140	0	MSG+XA	73e0d0e19d78	8000x1,8001x3,8002x2
EV6005.BIN	ev	0	6005	3	0x390	72	0	MSG+XA	036c159becb5	8000x1,8001x1,8002x1
EV6100.BIN	ev	0	6100	0	0x2a0	42	2	MSG+XA	3c557cd67882	8000x1,8001x1
EV6100.BIN	ev	0	6100	1	0x2cc	16	0	MSG	bcd0e6a6d2e4	8000x1
EV6100.BIN	ev	0	6100	2	0x2e8	24	0	MSG+XA	f603c9d61de9	8000x1
EV6100.BIN	ev	0	6100	3	0x30c	24	0	MSG+XA	c79d8bbc5bd9	8000x1
EV6100.BIN	ev	0	6100	4	0x330	24	0	MSG+XA	c9234bad0148	8000x1
EV6100.BIN	ev	0	6100	5	0x354	20	0	MSG+XA	325d3dc53434	8000x1
EV6100.BIN	ev	0	6100	6	0x374	50	2	MSG+XA	7201115391df	8000x1,8001x1
EV6100.BIN	ev	0	6100	7	0x3b4	122	2	MSG+XA	0c78223e92ba	8000x1,8001x3,8002x1
EV6100.BIN	ev	0	6100	8	0x43c	16	0	MSG+XA	cbe7e36be128	8000x1
EV6100.BIN	ev	0	6100	9	0x458	106	2	MSG+XA	97a9dabbdcea	8000x1,8001x2,8002x1
EV6100.BIN	ev	0	6100	10	0x4d0	48	0	MSG+XA	05b8686c7843	8000x1,8001x1
EV6101.BIN	ev	0	6101	0	0x4c0	16	0	MSG+XA	b068af721ef9	8000x1
EV6101.BIN	ev	0	6101	1	0x4d0	16	0	MSG	bcd0e6a6d2e4	8000x1
EV6101.BIN	ev	0	6101	2	0x4ec	26	2	MSG+XA	7f243dece731	8000x1
EV6101.BIN	ev	0	6101	3	0x514	18	2	MSG+XA	9bf824299b11	8000x1
EV6101.BIN	ev	0	6101	4	0x534	18	2	MSG+XA	9965c25fffc4	8000x1
EV6101.BIN	ev	0	6101	5	0x548	16	0	MSG	bcd0e6a6d2e4	8000x1
EV6101.BIN	ev	0	6101	6	0x564	48	0	MSG+XA	79c7a01d86af	8000x1,8001x1
EV6101.BIN	ev	0	6101	7	0x5a0	14	2	MSG+XA	921e607cfbcd	8000x1
EV6101.BIN	ev	0	6101	8	0x5bc	32	0	MSG+XA	d81305731df5	8000x1
EV6101.BIN	ev	0	6101	9	0x5e8	50	2	MSG+XA	288a7087f1d8	8000x1,8001x1
EV6101.BIN	ev	0	6101	10	0x628	46	2	MSG+XA	90dbf4e63206	8000x1,8001x1
EV6101.BIN	ev	0	6101	11	0x664	116	0	MSG+XA	83c763869afb	8000x1,8001x2,8002x1
EV6101.BIN	ev	0	6101	12	0x6e4	294	2	MSG+XA	d24218d85108	8000x1,8001x5,8002x5
EV6101.BIN	ev	0	6101	13	0x818	20	0	MSG+XA	4ce43b4bcb6c	8000x1
EV6101.BIN	ev	0	6101	15	0x844	146	2	MSG+XA	f31919045bc1	8000x1,8001x3,8002x1
EV6101.BIN	ev	0	6101	16	0x8e4	44	0	MSG+XA	2f317d65eb1c	8000x1,8001x1
EV6101.BIN	ev	0	6101	17	0x91c	48	0	MSG+XA	15f4a7343b78	8000x1,8001x1
EV6101.BIN	ev	0	6101	18	0x958	28	0	MSG+XA	8f2dc4a5c29e	8000x1
EV6101.BIN	ev	0	6101	19	0x980	82	2	MSG+XA	f320b6f1e6f5	8000x1,8001x1,8002x1
EV6102.BIN	ev	0	6102	0	0x118	50	2	MSG+XA	4fbb398b0dfc	8000x1,8001x1
EV6102.BIN	ev	0	6102	1	0x158	22	2	MSG+XA	625fa9361648	8000x1
EV6103.BIN	ev	0	6103	0	0xf0	70	2	MSG+XA	ecbfa9bfa572	8000x1,8001x2
EV6104.BIN	ev	0	6104	0	0x7c8	20	0	MSG+XA	ced2413ae594	8000x1
EV6104.BIN	ev	0	6104	1	0x7e8	68	0	MSG+XA	c9ab2e05dacf	8000x1,8001x2
EV6104.BIN	ev	0	6104	2	0x82c	16	0	MSG	f8aa1e95f0dd	8000x1
EV6104.BIN	ev	0	6104	3	0x848	44	0	MSG+XA	7dcbe1d64776	8000x1,8001x1
EV6104.BIN	ev	0	6104	4	0x880	30	2	MSG+XA	fc8288f5c662	8000x1
EV6104.BIN	ev	0	6104	5	0x8ac	34	2	MSG+XA	9b9d14ab6417	8000x1
EV6104.BIN	ev	0	6104	6	0x8dc	28	0	MSG+XA	8cba0fd4fde7	8000x1
EV6104.BIN	ev	0	6104	7	0x904	22	2	MSG+XA	b895c97b2422	8000x1
EV6104.BIN	ev	0	6104	8	0x928	14	2	MSG+XA	a6ff7e406c60	8000x1
EV6104.BIN	ev	0	6104	9	0x944	40	0	MSG+XA	091e15ecfc7f	8000x1,8001x1
EV6104.BIN	ev	0	6104	10	0x96c	16	0	MSG	f8aa1e95f0dd	8000x1
EV6104.BIN	ev	0	6104	11	0x97c	20	0	SEL2.1	3cdb64262c62	8001x2
EV6104.BIN	ev	0	6104	12	0x99c	18	2	MSG+XA	6df8f0ba5597	8000x1
EV6104.BIN	ev	0	6104	13	0x9bc	46	2	MSG+XA	a7b93127486f	8000x1,8001x1
EV6104.BIN	ev	0	6104	14	0x9f8	78	2	MSG+XA	650418582c9c	8000x1,8001x1,8002x1
EV6104.BIN	ev	0	6104	15	0xa54	16	0	MSG+XA	18dee35759cc	8000x1
EV6104.BIN	ev	0	6104	16	0xa70	26	2	MSG+XA	d504f607cd09	8000x1
EV6104.BIN	ev	0	6104	17	0xa98	28	0	MSG+XA	db1db1702eca	8000x1
EV6104.BIN	ev	0	6104	18	0xac0	18	2	MSG+XA	fe24ef3518a0	8000x1
EV6104.BIN	ev	0	6104	19	0xae0	176	0	MSG+XA	de04ac47d138	8000x1,8001x3,8002x2
EV6104.BIN	ev	0	6104	20	0xb9c	28	0	MSG+XA	cef92c566bfe	8000x1
EV6104.BIN	ev	0	6104	21	0xbc4	18	2	MSG+XA	fe24ef3518a0	8000x1
EV6104.BIN	ev	0	6104	22	0xbe4	14	2	MSG+XA	b952a79f466b	8000x1
EV6104.BIN	ev	0	6104	23	0xc00	26	2	MSG+XA	72b79140000f	8000x1
EV6104.BIN	ev	0	6104	24	0xc28	22	2	MSG+XA	abe1112be4d9	8000x1
EV6104.BIN	ev	0	6104	25	0xc4c	18	2	MSG+XA	fe24ef3518a0	8000x1
EV6104.BIN	ev	0	6104	26	0xc6c	82	2	MSG+XA	c4625bfa83f4	8000x1,8001x1,8002x1
EV6104.BIN	ev	0	6104	27	0xcc0	16	0	MSG	f8aa1e95f0dd	8000x1
EV6104.BIN	ev	0	6104	28	0xcdc	50	2	MSG+XA	caef284b65c5	8000x1,8001x1
EV6104.BIN	ev	0	6104	29	0xd1c	16	0	MSG+XA	6fcdcaf71d28	8000x1
EV6104.BIN	ev	0	6104	30	0xd38	30	2	MSG+XA	71b0de40d693	8000x1
EV6104.BIN	ev	0	6104	31	0xd64	30	2	MSG+XA	b162ebe32165	8000x1
EV6104.BIN	ev	0	6104	32	0xd90	26	2	MSG+XA	3375bdb4e483	8000x1
EV6104.BIN	ev	0	6104	33	0xdb8	26	2	MSG+XA	78a1ff7cf75a	8000x1
EV6104.BIN	ev	0	6104	34	0xde0	16	0	MSG+XA	106e4efe970f	8000x1
EV6104.BIN	ev	0	6104	35	0xdfc	44	0	MSG+XA	44f3db6ec4d7	8000x1,8001x1
EV6104.BIN	ev	0	6104	36	0xe34	16	0	MSG+XA	b647c30f9e4f	8000x1
EV6104.BIN	ev	0	6104	37	0xe50	26	2	MSG+XA	0f388dca0693	8000x1
EV6104.BIN	ev	0	6104	38	0xe78	28	0	MSG+XA	0235b6cac26d	8000x1
EV6104.BIN	ev	0	6104	39	0xea0	24	0	MSG+XA	3c89975aef94	8000x1
EV6104.BIN	ev	0	6104	40	0xec4	30	2	MSG+XA	bc0f3eadd86b	8000x1
EV6105.BIN	ev	0	6105	0	0x294	46	2	MSG+XA	39ca15ac252a	8000x1,8001x1
EV6105.BIN	ev	0	6105	1	0x2d0	46	2	MSG+XA	39ca15ac252a	8000x1,8001x1
EV6105.BIN	ev	0	6105	2	0x30c	140	0	MSG+XA	73e0d0e19d78	8000x1,8001x3,8002x2
EV6105.BIN	ev	0	6105	3	0x3a4	72	0	MSG+XA	036c159becb5	8000x1,8001x1,8002x1
M_A01000.BIN	c1	0	4	0	0x524	18	2	MSG+XA	0c3318d79692	8000x1
M_A01000.BIN	c1	1	906	0	0x698	28	0	MSG+XA	2dc1f047ce7d	8000x1
M_A01000.BIN	c1	1	906	1	0x6c0	32	0	MSG+XA	602f45758521	8000x1
M_A01100.BIN	c1	0	4	0	0x524	18	2	MSG+XA	0c3318d79692	8000x1
M_A01100.BIN	c1	1	906	0	0x698	28	0	MSG+XA	2dc1f047ce7d	8000x1
M_A01100.BIN	c1	1	906	1	0x6c0	32	0	MSG+XA	602f45758521	8000x1
M_A03000.BIN	c1	0	445	0	0x7a8	30	2	MSG+XA	dab596b6f1fe	8000x1
M_A03000.BIN	c1	0	445	1	0x7d4	106	2	MSG+XA	165ed6fba3ef	8000x1,8001x2,8002x2
M_A03000.BIN	c1	0	445	2	0x84c	82	2	MSG+XA	29526e2d348e	8000x1,8001x2
M_A03000.BIN	c1	0	445	3	0x8ac	22	2	MSG+XA	0cd0863c97a3	8000x1
M_A03000.BIN	c1	0	445	4	0x8d0	122	2	MSG+XA	9c49a3cae873	8000x1,8001x3,8002x1
M_A03000.BIN	c1	0	445	5	0x958	42	2	MSG+XA	82471314e843	8000x1,8001x1
M_A03000.BIN	c1	0	445	6	0x990	16	0	MSG+XA	e1149987e3b5	8000x1
M_A03000.BIN	c1	0	445	8	0x9b8	122	2	MSG+XA	4c24cb1204a4	8000x1,8001x2,8002x2
M_A03000.BIN	c1	0	445	9	0xa40	26	2	MSG+XA	b78309d08796	8000x1
M_A03000.BIN	c1	0	445	10	0xa68	30	2	MSG+XA	5cc784e91bd3	8000x1
M_A03000.BIN	c1	0	445	11	0xa94	76	0	MSG+XA	ded60e329fd0	8000x1,8001x2
M_A03000.BIN	c1	0	445	12	0xaec	14	2	MSG+XA	bc31eadf9dbd	8000x1
M_A03000.BIN	c1	0	445	13	0xb08	44	0	MSG+XA	8355db534dd3	8000x1,8001x1
M_A03000.BIN	c1	0	445	14	0xb40	168	0	MSG+XA	63fda5574ebc	8000x1,8001x3,8002x3
M_A03000.BIN	c1	0	445	15	0xbf4	46	2	MSG+XA	7b6f0123cf88	8000x1,8001x1
M_A03000.BIN	c1	0	445	16	0xc30	54	2	MSG+XA	8656c237758c	8000x1,8001x1
M_A03100.BIN	c1	0	445	0	0x7a8	30	2	MSG+XA	dab596b6f1fe	8000x1
M_A03100.BIN	c1	0	445	1	0x7d4	106	2	MSG+XA	165ed6fba3ef	8000x1,8001x2,8002x2
M_A03100.BIN	c1	0	445	2	0x84c	82	2	MSG+XA	29526e2d348e	8000x1,8001x2
M_A03100.BIN	c1	0	445	3	0x8ac	22	2	MSG+XA	0cd0863c97a3	8000x1
M_A03100.BIN	c1	0	445	4	0x8d0	122	2	MSG+XA	9c49a3cae873	8000x1,8001x3,8002x1
M_A03100.BIN	c1	0	445	5	0x958	42	2	MSG+XA	82471314e843	8000x1,8001x1
M_A03100.BIN	c1	0	445	6	0x990	16	0	MSG+XA	e1149987e3b5	8000x1
M_A03100.BIN	c1	0	445	8	0x9b8	122	2	MSG+XA	4c24cb1204a4	8000x1,8001x2,8002x2
M_A03100.BIN	c1	0	445	9	0xa40	26	2	MSG+XA	b78309d08796	8000x1
M_A03100.BIN	c1	0	445	10	0xa68	30	2	MSG+XA	5cc784e91bd3	8000x1
M_A03100.BIN	c1	0	445	11	0xa94	76	0	MSG+XA	ded60e329fd0	8000x1,8001x2
M_A03100.BIN	c1	0	445	12	0xaec	14	2	MSG+XA	bc31eadf9dbd	8000x1
M_A03100.BIN	c1	0	445	13	0xb08	44	0	MSG+XA	8355db534dd3	8000x1,8001x1
M_A03100.BIN	c1	0	445	14	0xb40	168	0	MSG+XA	63fda5574ebc	8000x1,8001x3,8002x3
M_A03100.BIN	c1	0	445	15	0xbf4	46	2	MSG+XA	7b6f0123cf88	8000x1,8001x1
M_A03100.BIN	c1	0	445	16	0xc30	54	2	MSG+XA	8656c237758c	8000x1,8001x1
M_A05000.BIN	c1	0	2605	0	0x498	74	2	MSG+XA	267719a2b918	8000x1,8001x2
M_A05100.BIN	c1	0	2605	0	0x498	74	2	MSG+XA	267719a2b918	8000x1,8001x2
M_A06000.BIN	c1	0	442	0	0x5d8	80	0	MSG+XA	77348b614dfc	8000x1,8001x2
M_A06000.BIN	c1	0	442	1	0x634	40	0	MSG+XA	b6c228ee7946	8000x1,8001x1
M_A06000.BIN	c1	0	442	2	0x668	52	0	MSG+XA	55a4b9b609a6	8000x1,8001x1
M_A06000.BIN	c1	0	442	3	0x6a8	48	0	MSG+XA	9bee928c2b01	8000x1,8001x1
M_A06000.BIN	c1	0	442	4	0x6e4	28	0	MSG+XA	85a6fad9328b	8000x1
M_A06000.BIN	c1	0	442	5	0x70c	46	2	MSG+XA	aa56c66f117a	8000x1,8001x1
M_A06000.BIN	c1	0	442	6	0x748	32	0	MSG+XA	1e77d9338c14	8000x1
M_A06000.BIN	c1	0	442	7	0x774	28	0	MSG+XA	c699266d107e	8000x1
M_A06000.BIN	c1	0	442	8	0x79c	136	0	MSG+XA	e5ff68c3b45a	8000x1,8001x3,8002x2
M_A06000.BIN	c1	0	442	9	0x830	30	2	MSG+XA	69ef09f9fda5	8000x1
M_A06000.BIN	c1	0	442	10	0x85c	12	0	MSG+XA	be10bacc85a6	8000x1
M_A06000.BIN	c1	0	442	11	0x874	70	2	MSG+XA	2bbe1bfa25e2	8000x1,8001x2
M_A06000.BIN	c1	0	442	12	0x8c8	20	0	MSG+XA	cf57123ae3b9	8000x1
M_A06000.BIN	c1	0	442	13	0x8e8	28	0	MSG+XA	b5f0d540344b	8000x1
M_A06000.BIN	c1	0	442	14	0x910	142	2	MSG+XA	467eb1d107ec	8000x1,8001x3,8002x2
M_A06000.BIN	c1	0	442	15	0x9ac	30	2	MSG+XA	9c6c73db3461	8000x1
M_A06000.BIN	c1	1	3024	0	0xc1c	50	2	MSG+XA	c2c1483979dd	8000x1,8001x1
M_A06000.BIN	c1	1	3024	1	0xc5c	28	0	MSG+XA	2cfd19bb9964	8000x1
M_A06000.BIN	c1	1	3024	2	0xc84	26	2	MSG+XA	5c6dd6a6d738	8000x1
M_A06000.BIN	c1	1	3024	3	0xcac	26	2	MSG+XA	ea9ac8f4ae93	8000x1
M_A06000.BIN	c1	1	3024	4	0xcd4	104	0	MSG+XA	ab43d1f741dc	8000x1,8001x2,8002x1
M_A06000.BIN	c1	1	3024	5	0xd48	132	0	MSG+XA	b178b48e4838	8000x1,8001x3,8002x1
M_A06000.BIN	c1	1	3024	6	0xdd8	42	2	MSG+XA	b70b8ad14fbc	8000x1,8001x1
M_A06000.BIN	c1	1	3024	7	0xe10	104	0	MSG+XA	a2b0bb527c5f	8000x1,8001x2,8002x1
M_A06000.BIN	c1	1	3024	8	0xe84	28	0	MSG+XA	64ccccc5c3f4	8000x1
M_A06000.BIN	c1	1	3024	9	0xeac	28	0	MSG+XA	2cfd19bb9964	8000x1
M_A06100.BIN	c1	0	442	0	0x5d8	80	0	MSG+XA	77348b614dfc	8000x1,8001x2
M_A06100.BIN	c1	0	442	1	0x634	40	0	MSG+XA	b6c228ee7946	8000x1,8001x1
M_A06100.BIN	c1	0	442	2	0x668	52	0	MSG+XA	55a4b9b609a6	8000x1,8001x1
M_A06100.BIN	c1	0	442	3	0x6a8	48	0	MSG+XA	9bee928c2b01	8000x1,8001x1
M_A06100.BIN	c1	0	442	4	0x6e4	28	0	MSG+XA	85a6fad9328b	8000x1
M_A06100.BIN	c1	0	442	5	0x70c	46	2	MSG+XA	aa56c66f117a	8000x1,8001x1
M_A06100.BIN	c1	0	442	6	0x748	32	0	MSG+XA	1e77d9338c14	8000x1
M_A06100.BIN	c1	0	442	7	0x774	28	0	MSG+XA	c699266d107e	8000x1
M_A06100.BIN	c1	0	442	8	0x79c	136	0	MSG+XA	e5ff68c3b45a	8000x1,8001x3,8002x2
M_A06100.BIN	c1	0	442	9	0x830	30	2	MSG+XA	69ef09f9fda5	8000x1
M_A06100.BIN	c1	0	442	10	0x85c	12	0	MSG+XA	be10bacc85a6	8000x1
M_A06100.BIN	c1	0	442	11	0x874	70	2	MSG+XA	2bbe1bfa25e2	8000x1,8001x2
M_A06100.BIN	c1	0	442	12	0x8c8	20	0	MSG+XA	cf57123ae3b9	8000x1
M_A06100.BIN	c1	0	442	13	0x8e8	28	0	MSG+XA	b5f0d540344b	8000x1
M_A06100.BIN	c1	0	442	14	0x910	142	2	MSG+XA	467eb1d107ec	8000x1,8001x3,8002x2
M_A06100.BIN	c1	0	442	15	0x9ac	30	2	MSG+XA	9c6c73db3461	8000x1
M_A06100.BIN	c1	1	3024	0	0xc1c	50	2	MSG+XA	c2c1483979dd	8000x1,8001x1
M_A06100.BIN	c1	1	3024	1	0xc5c	28	0	MSG+XA	2cfd19bb9964	8000x1
M_A06100.BIN	c1	1	3024	2	0xc84	26	2	MSG+XA	5c6dd6a6d738	8000x1
M_A06100.BIN	c1	1	3024	3	0xcac	26	2	MSG+XA	ea9ac8f4ae93	8000x1
M_A06100.BIN	c1	1	3024	4	0xcd4	104	0	MSG+XA	ab43d1f741dc	8000x1,8001x2,8002x1
M_A06100.BIN	c1	1	3024	5	0xd48	132	0	MSG+XA	b178b48e4838	8000x1,8001x3,8002x1
M_A06100.BIN	c1	1	3024	6	0xdd8	42	2	MSG+XA	b70b8ad14fbc	8000x1,8001x1
M_A06100.BIN	c1	1	3024	7	0xe10	104	0	MSG+XA	a2b0bb527c5f	8000x1,8001x2,8002x1
M_A06100.BIN	c1	1	3024	8	0xe84	28	0	MSG+XA	64ccccc5c3f4	8000x1
M_A06100.BIN	c1	1	3024	9	0xeac	28	0	MSG+XA	2cfd19bb9964	8000x1
M_A07000.BIN	c1	1	8057	0	0x378	62	2	MSG	d12bdc8b3896	8000x1,8001x1
M_A07000.BIN	c1	2	8058	0	0x3fc	54	2	MSG	87adb3889877	8000x1,8001x1
M_A07000.BIN	c1	3	1754	0	0x9c4	42	2	MSG+XA	4cf3ae4d9379	8000x1,8001x1
M_A07000.BIN	c1	3	1754	1	0x9fc	42	2	MSG+XA	20cf5f0cf093	8000x1,8001x1
M_A07000.BIN	c1	3	1754	2	0xa34	68	0	MSG+XA	cbeee9f6c25d	8000x1,8001x2
M_A07000.BIN	c1	3	1754	3	0xa84	28	0	MSG+XA	790e81f4ef1c	8000x1
M_A07000.BIN	c1	3	1754	4	0xaac	60	0	MSG+XA	184ace655a2b	8000x1,8001x1
M_A07000.BIN	c1	3	1754	5	0xaf4	82	2	MSG+XA	40aacd059320	8000x1,8001x2
M_A07000.BIN	c1	3	1754	6	0xb54	30	2	MSG+XA	f16b360cf5e6	8000x1
M_A07000.BIN	c1	3	1754	7	0xb80	76	0	MSG+XA	f5cb5a2b80d3	8000x1,8001x2
M_A07000.BIN	c1	3	1754	8	0xbd8	18	2	MSG+XA	cee91888b952	8000x1
M_A07000.BIN	c1	3	1754	9	0xbf8	86	2	MSG+XA	b03066fce7ba	8000x1,8001x2
M_A07000.BIN	c1	3	1754	10	0xc5c	42	2	MSG+XA	9c520d922cdd	8000x1,8001x1
M_A07000.BIN	c1	3	1754	11	0xc94	32	0	MSG+XA	f7e044338c48	8000x1
M_A07000.BIN	c1	4	3050	0	0xee8	244	0	MSG+XA	99eeb03ab623	8000x1,8001x5,8002x3
M_A07000.BIN	c1	4	3050	1	0xfe8	208	0	MSG+XA	476b4e58baa0	8000x1,8001x4,8002x3
M_A07001.BIN	c1	1	8057	0	0x35c	62	2	MSG	d12bdc8b3896	8000x1,8001x1
M_A07001.BIN	c1	2	8058	0	0x3e0	54	2	MSG	87adb3889877	8000x1,8001x1
M_A07001.BIN	c1	3	1754	0	0x9a8	42	2	MSG+XA	4cf3ae4d9379	8000x1,8001x1
M_A07001.BIN	c1	3	1754	1	0x9e0	42	2	MSG+XA	20cf5f0cf093	8000x1,8001x1
M_A07001.BIN	c1	3	1754	2	0xa18	68	0	MSG+XA	cbeee9f6c25d	8000x1,8001x2
M_A07001.BIN	c1	3	1754	3	0xa68	28	0	MSG+XA	790e81f4ef1c	8000x1
M_A07001.BIN	c1	3	1754	4	0xa90	60	0	MSG+XA	184ace655a2b	8000x1,8001x1
M_A07001.BIN	c1	3	1754	5	0xad8	82	2	MSG+XA	40aacd059320	8000x1,8001x2
M_A07001.BIN	c1	3	1754	6	0xb38	30	2	MSG+XA	f16b360cf5e6	8000x1
M_A07001.BIN	c1	3	1754	7	0xb64	76	0	MSG+XA	f5cb5a2b80d3	8000x1,8001x2
M_A07001.BIN	c1	3	1754	8	0xbbc	18	2	MSG+XA	cee91888b952	8000x1
M_A07001.BIN	c1	3	1754	9	0xbdc	86	2	MSG+XA	b03066fce7ba	8000x1,8001x2
M_A07001.BIN	c1	3	1754	10	0xc40	42	2	MSG+XA	9c520d922cdd	8000x1,8001x1
M_A07001.BIN	c1	3	1754	11	0xc78	32	0	MSG+XA	f7e044338c48	8000x1
M_A07100.BIN	c1	1	8057	0	0x378	62	2	MSG	d12bdc8b3896	8000x1,8001x1
M_A07100.BIN	c1	2	8058	0	0x3fc	54	2	MSG	87adb3889877	8000x1,8001x1
M_A07100.BIN	c1	3	1754	0	0x9c4	42	2	MSG+XA	4cf3ae4d9379	8000x1,8001x1
M_A07100.BIN	c1	3	1754	1	0x9fc	42	2	MSG+XA	20cf5f0cf093	8000x1,8001x1
M_A07100.BIN	c1	3	1754	2	0xa34	68	0	MSG+XA	cbeee9f6c25d	8000x1,8001x2
M_A07100.BIN	c1	3	1754	3	0xa84	28	0	MSG+XA	790e81f4ef1c	8000x1
M_A07100.BIN	c1	3	1754	4	0xaac	60	0	MSG+XA	184ace655a2b	8000x1,8001x1
M_A07100.BIN	c1	3	1754	5	0xaf4	82	2	MSG+XA	40aacd059320	8000x1,8001x2
M_A07100.BIN	c1	3	1754	6	0xb54	30	2	MSG+XA	f16b360cf5e6	8000x1
M_A07100.BIN	c1	3	1754	7	0xb80	76	0	MSG+XA	f5cb5a2b80d3	8000x1,8001x2
M_A07100.BIN	c1	3	1754	8	0xbd8	18	2	MSG+XA	cee91888b952	8000x1
M_A07100.BIN	c1	3	1754	9	0xbf8	86	2	MSG+XA	b03066fce7ba	8000x1,8001x2
M_A07100.BIN	c1	3	1754	10	0xc5c	42	2	MSG+XA	9c520d922cdd	8000x1,8001x1
M_A07100.BIN	c1	3	1754	11	0xc94	32	0	MSG+XA	f7e044338c48	8000x1
M_A07100.BIN	c1	4	3050	0	0xee8	244	0	MSG+XA	99eeb03ab623	8000x1,8001x5,8002x3
M_A07100.BIN	c1	4	3050	1	0xfe8	208	0	MSG+XA	476b4e58baa0	8000x1,8001x4,8002x3
M_A07101.BIN	c1	1	8057	0	0x35c	62	2	MSG	d12bdc8b3896	8000x1,8001x1
M_A07101.BIN	c1	2	8058	0	0x3e0	54	2	MSG	87adb3889877	8000x1,8001x1
M_A07101.BIN	c1	3	1754	0	0x9a8	42	2	MSG+XA	4cf3ae4d9379	8000x1,8001x1
M_A07101.BIN	c1	3	1754	1	0x9e0	42	2	MSG+XA	20cf5f0cf093	8000x1,8001x1
M_A07101.BIN	c1	3	1754	2	0xa18	68	0	MSG+XA	cbeee9f6c25d	8000x1,8001x2
M_A07101.BIN	c1	3	1754	3	0xa68	28	0	MSG+XA	790e81f4ef1c	8000x1
M_A07101.BIN	c1	3	1754	4	0xa90	60	0	MSG+XA	184ace655a2b	8000x1,8001x1
M_A07101.BIN	c1	3	1754	5	0xad8	82	2	MSG+XA	40aacd059320	8000x1,8001x2
M_A07101.BIN	c1	3	1754	6	0xb38	30	2	MSG+XA	f16b360cf5e6	8000x1
M_A07101.BIN	c1	3	1754	7	0xb64	76	0	MSG+XA	f5cb5a2b80d3	8000x1,8001x2
M_A07101.BIN	c1	3	1754	8	0xbbc	18	2	MSG+XA	cee91888b952	8000x1
M_A07101.BIN	c1	3	1754	9	0xbdc	86	2	MSG+XA	b03066fce7ba	8000x1,8001x2
M_A07101.BIN	c1	3	1754	10	0xc40	42	2	MSG+XA	9c520d922cdd	8000x1,8001x1
M_A07101.BIN	c1	3	1754	11	0xc78	32	0	MSG+XA	f7e044338c48	8000x1
M_A09000.BIN	c1	1	306	0	0xc28	52	0	MSG+XA	67fed2f3a3f4	8000x1,8001x1
M_A09000.BIN	c1	1	306	1	0xc68	50	2	MSG+XA	6ae5ba71c63a	8000x1,8001x1
M_A09000.BIN	c1	1	306	2	0xca8	46	2	MSG+XA	643e2b7bc444	8000x1,8001x1
M_A09000.BIN	c1	1	306	3	0xce4	52	0	MSG+XA	42e2726a7fb5	8000x1,8001x1
M_A09000.BIN	c1	1	306	4	0xd24	124	0	MSG+XA	ec793dc85a21	8000x1,8001x2,8002x2
M_A09000.BIN	c1	2	391	0	0xe90	38	2	MSG+XA	b3899b4a8982	8000x1,8001x1
M_A09000.BIN	c1	2	391	1	0xec4	82	2	MSG+XA	edf6c86e5818	8000x1,8001x1,8002x1
M_A09000.BIN	c1	3	392	0	0xffc	70	2	MSG+XA	fcaa79b9a494	8000x1,8001x2
M_A09000.BIN	c1	3	392	1	0x1050	106	2	MSG+XA	20a068121f3b	8000x1,8001x2,8002x1
M_A09000.BIN	c1	17	384	0	0x18a8	82	2	MSG+XA	4cb577af3ed6	8000x1,8001x1,8002x1
M_A09000.BIN	c1	17	384	1	0x1908	48	0	MSG+XA	53f37a781fb8	8000x1,8001x1
M_A09100.BIN	c1	1	306	0	0xc28	52	0	MSG+XA	67fed2f3a3f4	8000x1,8001x1
M_A09100.BIN	c1	1	306	1	0xc68	50	2	MSG+XA	6ae5ba71c63a	8000x1,8001x1
M_A09100.BIN	c1	1	306	2	0xca8	46	2	MSG+XA	643e2b7bc444	8000x1,8001x1
M_A09100.BIN	c1	1	306	3	0xce4	52	0	MSG+XA	42e2726a7fb5	8000x1,8001x1
M_A09100.BIN	c1	1	306	4	0xd24	124	0	MSG+XA	ec793dc85a21	8000x1,8001x2,8002x2
M_A09100.BIN	c1	2	391	0	0xe90	38	2	MSG+XA	b3899b4a8982	8000x1,8001x1
M_A09100.BIN	c1	2	391	1	0xec4	82	2	MSG+XA	edf6c86e5818	8000x1,8001x1,8002x1
M_A09100.BIN	c1	3	392	0	0xffc	70	2	MSG+XA	fcaa79b9a494	8000x1,8001x2
M_A09100.BIN	c1	3	392	1	0x1050	106	2	MSG+XA	20a068121f3b	8000x1,8001x2,8002x1
M_A09100.BIN	c1	17	384	0	0x18a8	82	2	MSG+XA	4cb577af3ed6	8000x1,8001x1,8002x1
M_A09100.BIN	c1	17	384	1	0x1908	48	0	MSG+XA	53f37a781fb8	8000x1,8001x1
M_A10001.BIN	c1	0	2206	0	0x454	28	0	MSG+XA	27e5357e6f68	8000x1
M_A10001.BIN	c1	0	2206	1	0x47c	30	2	MSG+XA	e8515356d2e9	8000x1
M_A10001.BIN	c1	0	2206	2	0x4a8	48	0	MSG+XA	6f2b6daeda2d	8000x1,8001x1
M_A10001.BIN	c1	0	2206	3	0x4e4	20	0	MSG+XA	2cfaf0fec19a	8000x1
M_A10001.BIN	c1	0	2206	4	0x4f8	16	0	MSG	f8aa1e95f0dd	8000x1
M_A10001.BIN	c1	0	2206	5	0x514	26	2	MSG+XA	ce5cedab8439	8000x1
M_A10001.BIN	c1	0	2206	6	0x53c	26	2	MSG+XA	07662ed973a7	8000x1
M_A10001.BIN	c1	0	2206	7	0x564	62	2	MSG+XA	66d26283803c	8000x1,8001x1
M_A10002.BIN	c1	0	2207	0	0x2d4	82	2	MSG+XA	5e489514eb47	8000x1,8001x2
M_A10002.BIN	c1	0	2207	1	0x328	30	2	MSG	d523a3702f19	8000x1
M_A10101.BIN	c1	0	2206	0	0x47c	28	0	MSG+XA	27e5357e6f68	8000x1
M_A10101.BIN	c1	0	2206	1	0x4a4	30	2	MSG+XA	e8515356d2e9	8000x1
M_A10101.BIN	c1	0	2206	2	0x4d0	48	0	MSG+XA	6f2b6daeda2d	8000x1,8001x1
M_A10101.BIN	c1	0	2206	3	0x50c	20	0	MSG+XA	2cfaf0fec19a	8000x1
M_A10101.BIN	c1	0	2206	4	0x520	16	0	MSG	f8aa1e95f0dd	8000x1
M_A10101.BIN	c1	0	2206	5	0x53c	26	2	MSG+XA	ce5cedab8439	8000x1
M_A10101.BIN	c1	0	2206	6	0x564	26	2	MSG+XA	07662ed973a7	8000x1
M_A10101.BIN	c1	0	2206	7	0x58c	62	2	MSG+XA	66d26283803c	8000x1,8001x1
M_A10102.BIN	c1	0	2207	0	0x2fc	82	2	MSG+XA	5e489514eb47	8000x1,8001x2
M_A10102.BIN	c1	0	2207	1	0x350	30	2	MSG	d523a3702f19	8000x1
M_A11000.BIN	c1	1	8056	0	0x488	52	0	MSG	59d21f0e1a96	8000x1,8001x1
M_A11000.BIN	c1	2	443	0	0x77c	26	2	MSG+XA	87debf8cc2ec	8000x1
M_A11000.BIN	c1	2	443	2	0x7b0	142	2	MSG+XA	a7861c104537	8000x1,8001x3,8002x3
M_A11000.BIN	c1	2	443	3	0x84c	58	2	MSG+XA	edfbfb883f9f	8000x1,8001x1,8002x1
M_A11000.BIN	c1	2	443	4	0x894	50	2	MSG+XA	ac4196813e11	8000x1,8001x1
M_A11000.BIN	c1	2	443	5	0x8d4	20	0	MSG+XA	69a2106b754d	8000x1
M_A11000.BIN	c1	2	443	6	0x8f4	30	2	MSG+XA	90310f4f9cfe	8000x1
M_A11000.BIN	c1	2	443	8	0x92c	60	0	MSG+XA	d7ddab94d7b8	8000x1,8002x1
M_A11100.BIN	c1	1	8056	0	0x488	52	0	MSG	59d21f0e1a96	8000x1,8001x1
M_A11100.BIN	c1	2	443	0	0x77c	26	2	MSG+XA	87debf8cc2ec	8000x1
M_A11100.BIN	c1	2	443	2	0x7b0	142	2	MSG+XA	a7861c104537	8000x1,8001x3,8002x3
M_A11100.BIN	c1	2	443	3	0x84c	58	2	MSG+XA	edfbfb883f9f	8000x1,8001x1,8002x1
M_A11100.BIN	c1	2	443	4	0x894	50	2	MSG+XA	ac4196813e11	8000x1,8001x1
M_A11100.BIN	c1	2	443	5	0x8d4	20	0	MSG+XA	69a2106b754d	8000x1
M_A11100.BIN	c1	2	443	6	0x8f4	30	2	MSG+XA	90310f4f9cfe	8000x1
M_A11100.BIN	c1	2	443	8	0x92c	60	0	MSG+XA	d7ddab94d7b8	8000x1,8002x1
M_A12000.BIN	c1	0	2005	0	0x548	32	0	MSG+XA	14c4007d3473	8000x1
M_A12000.BIN	c1	0	2005	1	0x574	26	2	MSG+XA	4f1053122484	8000x1
M_A12100.BIN	c1	0	2005	0	0x548	32	0	MSG+XA	14c4007d3473	8000x1
M_A12100.BIN	c1	0	2005	1	0x574	26	2	MSG+XA	4f1053122484	8000x1
M_A13000.BIN	c1	0	205	0	0x738	16	0	MSG+XA	f10c87c79bec	8000x1
M_A13000.BIN	c1	0	205	1	0x754	116	0	MSG+XA	913c41286f62	8000x1,8001x3,8002x1
M_A13000.BIN	c1	0	205	2	0x7d4	20	0	MSG+XA	0f3154afa6cc	8000x1
M_A13000.BIN	c1	1	4038	0	0x89c	16	0	MSG	f8aa1e95f0dd	8000x1
M_A13000.BIN	c1	2	4039	0	0x928	16	0	MSG	f8aa1e95f0dd	8000x1
M_A13002.BIN	c1	0	4022	0	0x830	22	2	MSG+XA	f6f2c7f6c080	8000x1
M_A13002.BIN	c1	0	4022	1	0x854	18	2	MSG+XA	b5385fa69b02	8000x1
M_A13002.BIN	c1	0	4022	2	0x874	122	2	MSG+XA	36967e5b16fe	8000x1,8001x2,8002x2
M_A13002.BIN	c1	0	4022	3	0x8fc	94	2	MSG+XA	df0cac6548ab	8000x1,8001x2,8002x1
M_A13002.BIN	c1	0	4022	4	0x968	110	2	MSG+XA	7ec7d62f3078	8000x1,8001x2,8002x1
M_A13002.BIN	c1	1	4058	0	0xc98	22	2	MSG+XA	f6f2c7f6c080	8000x1
M_A13002.BIN	c1	1	4058	2	0xcc8	18	2	MSG+XA	b5385fa69b02	8000x1
M_A13100.BIN	c1	0	205	0	0x760	16	0	MSG+XA	f10c87c79bec	8000x1
M_A13100.BIN	c1	0	205	1	0x77c	116	0	MSG+XA	913c41286f62	8000x1,8001x3,8002x1
M_A13100.BIN	c1	0	205	2	0x7fc	20	0	MSG+XA	0f3154afa6cc	8000x1
M_A13100.BIN	c1	1	4038	0	0x8c4	16	0	MSG	f8aa1e95f0dd	8000x1
M_A13100.BIN	c1	2	4039	0	0x950	16	0	MSG	f8aa1e95f0dd	8000x1
M_A13101.BIN	c1	0	4022	0	0x878	22	2	MSG+XA	f6f2c7f6c080	8000x1
M_A13101.BIN	c1	0	4022	1	0x89c	18	2	MSG+XA	b5385fa69b02	8000x1
M_A13101.BIN	c1	0	4022	2	0x8bc	122	2	MSG+XA	36967e5b16fe	8000x1,8001x2,8002x2
M_A13101.BIN	c1	0	4022	3	0x944	94	2	MSG+XA	df0cac6548ab	8000x1,8001x2,8002x1
M_A13101.BIN	c1	0	4022	4	0x9b0	110	2	MSG+XA	7ec7d62f3078	8000x1,8001x2,8002x1
M_A13101.BIN	c1	1	4058	0	0xce0	22	2	MSG+XA	f6f2c7f6c080	8000x1
M_A13101.BIN	c1	1	4058	2	0xd10	18	2	MSG+XA	b5385fa69b02	8000x1
M_A13102.BIN	c1	0	4022	0	0x858	22	2	MSG+XA	f6f2c7f6c080	8000x1
M_A13102.BIN	c1	0	4022	1	0x87c	18	2	MSG+XA	b5385fa69b02	8000x1
M_A13102.BIN	c1	0	4022	2	0x89c	122	2	MSG+XA	36967e5b16fe	8000x1,8001x2,8002x2
M_A13102.BIN	c1	0	4022	3	0x924	94	2	MSG+XA	df0cac6548ab	8000x1,8001x2,8002x1
M_A13102.BIN	c1	0	4022	4	0x990	110	2	MSG+XA	7ec7d62f3078	8000x1,8001x2,8002x1
M_A13102.BIN	c1	1	4058	0	0xcc0	22	2	MSG+XA	f6f2c7f6c080	8000x1
M_A13102.BIN	c1	1	4058	2	0xcf0	18	2	MSG+XA	b5385fa69b02	8000x1
M_A14000.BIN	c1	0	614	0	0x430	74	2	MSG+XA	e16d02df42e7	8000x1,8001x2
M_A14000.BIN	c1	0	614	1	0x488	62	2	MSG+XA	68c07e23efc6	8000x1,8001x1
M_A14000.BIN	c1	2	405	0	0x7fc	112	0	MSG+XA	3c1116e2a53a	8000x1,8001x3,8002x1
M_A14000.BIN	c1	2	405	1	0x878	18	2	MSG+XA	fe24ef3518a0	8000x1
M_A14000.BIN	c1	2	405	2	0x898	24	0	MSG+XA	cf7db3fa392d	8000x1
M_A14000.BIN	c1	2	405	3	0x8bc	18	2	MSG+XA	fe24ef3518a0	8000x1
M_A14000.BIN	c1	2	405	4	0x8dc	36	0	MSG+XA	c95fafc0bd7e	8000x1,8001x1
M_A14000.BIN	c1	2	405	6	0x918	44	0	MSG+XA	589701cc6adf	8000x1,8001x1
M_A14000.BIN	c1	2	405	7	0x950	138	2	MSG+XA	762fbccddd28	8000x1,8001x3,8002x1
M_A14100.BIN	c1	0	614	0	0x430	74	2	MSG+XA	e16d02df42e7	8000x1,8001x2
M_A14100.BIN	c1	0	614	1	0x488	62	2	MSG+XA	68c07e23efc6	8000x1,8001x1
M_A14100.BIN	c1	2	405	0	0x7fc	112	0	MSG+XA	3c1116e2a53a	8000x1,8001x3,8002x1
M_A14100.BIN	c1	2	405	1	0x878	18	2	MSG+XA	fe24ef3518a0	8000x1
M_A14100.BIN	c1	2	405	2	0x898	24	0	MSG+XA	cf7db3fa392d	8000x1
M_A14100.BIN	c1	2	405	3	0x8bc	18	2	MSG+XA	fe24ef3518a0	8000x1
M_A14100.BIN	c1	2	405	4	0x8dc	36	0	MSG+XA	c95fafc0bd7e	8000x1,8001x1
M_A14100.BIN	c1	2	405	6	0x918	44	0	MSG+XA	589701cc6adf	8000x1,8001x1
M_A14100.BIN	c1	2	405	7	0x950	138	2	MSG+XA	762fbccddd28	8000x1,8001x3,8002x1
M_A15000.BIN	c1	1	444	0	0x64c	62	2	MSG+XA	cc465e2642b8	8000x1,8001x1,8002x1
M_A15000.BIN	c1	1	444	1	0x698	24	0	MSG+XA	148da27d7137	8000x1
M_A15000.BIN	c1	1	444	2	0x6bc	62	2	MSG+XA	a23c2c8aa60a	8000x1,8001x1
M_A15000.BIN	c1	1	444	3	0x708	20	0	MSG+XA	788f06d8fe57	8000x1
M_A15000.BIN	c1	1	444	5	0x734	46	2	MSG+XA	1e615dfbce47	8000x1,8001x1
M_A15000.BIN	c1	1	444	7	0x77c	64	0	MSG+XA	d4857da6d76f	8000x1,8002x1
M_A15000.BIN	c1	1	444	8	0x7c8	56	0	MSG+XA	9f27ddd558f2	8000x1,8001x1,8002x1
M_A15000.BIN	c1	1	444	9	0x80c	28	0	MSG+XA	3efa13999021	8000x1
M_A15000.BIN	c1	1	444	10	0x834	42	2	MSG+XA	a66039e7d2b9	8000x1,8001x1
M_A15000.BIN	c1	2	3014	0	0xa24	28	0	MSG+XA	e71911ee699f	8000x1
M_A15000.BIN	c1	2	3014	1	0xa4c	112	0	MSG+XA	910c7b8ad8a3	8000x1,8001x3,8002x1
M_A15000.BIN	c1	2	3014	2	0xac8	74	2	MSG+XA	a8fd8f45e6d3	8000x1,8001x2
M_A15000.BIN	c1	2	3014	3	0xb20	20	0	MSG+XA	696afb07c49d	8000x1
M_A15000.BIN	c1	2	3014	4	0xb40	22	2	MSG+XA	329abee23ae7	8000x1
M_A15000.BIN	c1	2	3014	5	0xb58	16	0	MSG	92a5c3a22d4e	8000x1
M_A15000.BIN	c1	2	3014	6	0xb74	60	0	MSG+XA	a48ca538e919	8000x1,8001x1
M_A15100.BIN	c1	1	444	0	0x64c	62	2	MSG+XA	cc465e2642b8	8000x1,8001x1,8002x1
M_A15100.BIN	c1	1	444	1	0x698	24	0	MSG+XA	148da27d7137	8000x1
M_A15100.BIN	c1	1	444	2	0x6bc	62	2	MSG+XA	a23c2c8aa60a	8000x1,8001x1
M_A15100.BIN	c1	1	444	3	0x708	20	0	MSG+XA	788f06d8fe57	8000x1
M_A15100.BIN	c1	1	444	5	0x734	46	2	MSG+XA	1e615dfbce47	8000x1,8001x1
M_A15100.BIN	c1	1	444	7	0x77c	64	0	MSG+XA	d4857da6d76f	8000x1,8002x1
M_A15100.BIN	c1	1	444	8	0x7c8	56	0	MSG+XA	9f27ddd558f2	8000x1,8001x1,8002x1
M_A15100.BIN	c1	1	444	9	0x80c	28	0	MSG+XA	3efa13999021	8000x1
M_A15100.BIN	c1	1	444	10	0x834	42	2	MSG+XA	a66039e7d2b9	8000x1,8001x1
M_A15100.BIN	c1	2	3014	0	0xa24	28	0	MSG+XA	e71911ee699f	8000x1
M_A15100.BIN	c1	2	3014	1	0xa4c	112	0	MSG+XA	910c7b8ad8a3	8000x1,8001x3,8002x1
M_A15100.BIN	c1	2	3014	2	0xac8	74	2	MSG+XA	a8fd8f45e6d3	8000x1,8001x2
M_A15100.BIN	c1	2	3014	3	0xb20	20	0	MSG+XA	696afb07c49d	8000x1
M_A15100.BIN	c1	2	3014	4	0xb40	22	2	MSG+XA	329abee23ae7	8000x1
M_A15100.BIN	c1	2	3014	5	0xb58	16	0	MSG	92a5c3a22d4e	8000x1
M_A15100.BIN	c1	2	3014	6	0xb74	60	0	MSG+XA	a48ca538e919	8000x1,8001x1
M_A16000.BIN	c1	0	206	0	0x32c	56	0	MSG+XA	021a89827fea	8000x1,8001x1
M_A16000.BIN	c1	0	206	1	0x370	50	2	MSG+XA	a10d962e259f	8000x1,8001x1
M_A16000.BIN	c1	1	807	0	0x784	22	2	MSG+XA	4c42d69e0793	8000x1
M_A16000.BIN	c1	1	807	1	0x7a8	32	0	MSG+XA	e8fcfab13027	8000x1
M_A16000.BIN	c1	1	807	2	0x7d4	24	0	MSG+XA	fd685650d2e1	8000x1
M_A16000.BIN	c1	1	807	3	0x7f8	22	2	MSG+XA	4c42d69e0793	8000x1
M_A16000.BIN	c1	1	807	5	0x828	20	0	MSG+XA	0f3154afa6cc	8000x1
M_A16004.BIN	c1	0	206	0	0x3f4	56	0	MSG+XA	021a89827fea	8000x1,8001x1
M_A16004.BIN	c1	0	206	1	0x438	50	2	MSG+XA	a10d962e259f	8000x1,8001x1
M_A16004.BIN	c1	1	807	0	0x84c	22	2	MSG+XA	4c42d69e0793	8000x1
M_A16004.BIN	c1	1	807	1	0x870	32	0	MSG+XA	e8fcfab13027	8000x1
M_A16004.BIN	c1	1	807	2	0x89c	24	0	MSG+XA	fd685650d2e1	8000x1
M_A16004.BIN	c1	1	807	3	0x8c0	22	2	MSG+XA	4c42d69e0793	8000x1
M_A16004.BIN	c1	1	807	5	0x8f0	20	0	MSG+XA	0f3154afa6cc	8000x1
M_A16100.BIN	c1	0	206	0	0x32c	56	0	MSG+XA	021a89827fea	8000x1,8001x1
M_A16100.BIN	c1	0	206	1	0x370	50	2	MSG+XA	a10d962e259f	8000x1,8001x1
M_A16100.BIN	c1	1	807	0	0x784	22	2	MSG+XA	4c42d69e0793	8000x1
M_A16100.BIN	c1	1	807	1	0x7a8	32	0	MSG+XA	e8fcfab13027	8000x1
M_A16100.BIN	c1	1	807	2	0x7d4	24	0	MSG+XA	fd685650d2e1	8000x1
M_A16100.BIN	c1	1	807	3	0x7f8	22	2	MSG+XA	4c42d69e0793	8000x1
M_A16100.BIN	c1	1	807	5	0x828	20	0	MSG+XA	0f3154afa6cc	8000x1
M_A16104.BIN	c1	0	807	0	0x6bc	22	2	MSG+XA	4c42d69e0793	8000x1
M_A16104.BIN	c1	0	807	1	0x6e0	32	0	MSG+XA	e8fcfab13027	8000x1
M_A16104.BIN	c1	0	807	2	0x70c	24	0	MSG+XA	fd685650d2e1	8000x1
M_A16104.BIN	c1	0	807	3	0x730	22	2	MSG+XA	4c42d69e0793	8000x1
M_A16104.BIN	c1	0	807	5	0x760	20	0	MSG+XA	0f3154afa6cc	8000x1
M_A17000.BIN	c1	0	254	0	0x758	106	2	MSG+XA	545de410038a	8000x1,8001x2,8002x1
M_A17000.BIN	c1	1	1050	0	0xa34	72	0	MSG+XA	b51d0dce778a	8000x1,8001x2
M_A17000.BIN	c1	1	1050	1	0xa88	48	0	MSG+XA	0da1157cba9c	8000x1,8001x1
M_A17000.BIN	c1	1	1050	2	0xac4	44	0	MSG+XA	bf57826bad3c	8000x1,8001x1
M_A17000.BIN	c1	2	8021	0	0xb54	42	2	MSG	6b34c2033aa8	8000x1,8001x1
M_A17000.BIN	c1	3	8022	0	0xbe4	66	2	MSG	a7cc9696d208	8000x1,8001x1
M_A17000.BIN	c1	4	8023	0	0xc8c	38	2	MSG	dd57a3c0b4c8	8000x1,8001x1
M_A17000.BIN	c1	5	8024	0	0xd18	26	2	MSG	4ff5dbb3a778	8000x1
M_A17000.BIN	c1	6	8025	0	0xd98	42	2	MSG	4064379e8653	8000x1,8001x1
M_A17100.BIN	c1	0	254	0	0x758	106	2	MSG+XA	545de410038a	8000x1,8001x2,8002x1
M_A17100.BIN	c1	1	1050	0	0xa34	72	0	MSG+XA	b51d0dce778a	8000x1,8001x2
M_A17100.BIN	c1	1	1050	1	0xa88	48	0	MSG+XA	0da1157cba9c	8000x1,8001x1
M_A17100.BIN	c1	1	1050	2	0xac4	44	0	MSG+XA	bf57826bad3c	8000x1,8001x1
M_A17100.BIN	c1	2	8021	0	0xb54	42	2	MSG	6b34c2033aa8	8000x1,8001x1
M_A17100.BIN	c1	3	8022	0	0xbe4	66	2	MSG	a7cc9696d208	8000x1,8001x1
M_A17100.BIN	c1	4	8023	0	0xc8c	38	2	MSG	dd57a3c0b4c8	8000x1,8001x1
M_A17100.BIN	c1	5	8024	0	0xd18	26	2	MSG	4ff5dbb3a778	8000x1
M_A17100.BIN	c1	6	8025	0	0xd98	42	2	MSG	4064379e8653	8000x1,8001x1
M_A18000.BIN	c1	0	3050	0	0x6b0	244	0	MSG+XA	99eeb03ab623	8000x1,8001x5,8002x3
M_A18000.BIN	c1	0	3050	1	0x7b0	208	0	MSG+XA	476b4e58baa0	8000x1,8001x4,8002x3
M_A18000.BIN	c1	1	1907	0	0x9b8	24	0	MSG	26395a80b1b6	8000x1
M_A18001.BIN	c1	0	255	0	0x704	24	0	MSG+XA	43cc30cfde9d	8000x1
M_A18001.BIN	c1	0	255	1	0x728	64	0	MSG+XA	220b922670cc	8000x1,8001x2
M_A18001.BIN	c1	1	255	0	0x99c	24	0	MSG+XA	43cc30cfde9d	8000x1
M_A18001.BIN	c1	1	255	1	0x9c0	64	0	MSG+XA	220b922670cc	8000x1,8001x2
M_A18001.BIN	c1	2	255	0	0xc34	24	0	MSG+XA	43cc30cfde9d	8000x1
M_A18001.BIN	c1	2	255	1	0xc58	64	0	MSG+XA	220b922670cc	8000x1,8001x2
M_A18001.BIN	c1	3	551	0	0x1240	32	0	MSG+XA	fc0a2da7c541	8000x1
M_A18001.BIN	c1	3	551	1	0x126c	42	2	MSG+XA	44ad88c25624	8000x1,8001x1
M_A18001.BIN	c1	3	551	2	0x12a4	40	0	MSG+XA	74bc96c0de8d	8000x1,8001x1
M_A18001.BIN	c1	3	551	3	0x12d8	20	0	MSG+XA	7cd000f8283c	8000x1
M_A18001.BIN	c1	3	551	4	0x12f8	124	0	MSG+XA	e9676f80b4dd	8000x1,8001x3,8002x1
M_A18001.BIN	c1	3	551	5	0x1380	32	0	MSG+XA	5777145f7d8e	8000x1
M_A18001.BIN	c1	3	551	6	0x13ac	18	2	MSG+XA	b83eeb9d3ac1	8000x1
M_A18001.BIN	c1	3	551	7	0x13cc	88	0	MSG+XA	47f556b76567	8000x1,8001x1,8002x1
M_A18001.BIN	c1	3	551	8	0x1430	92	0	MSG+XA	3788945311e2	8000x1,8001x1,8002x1
M_A18001.BIN	c1	3	551	9	0x1498	16	0	MSG+XA	edbc6e98bcb7	8000x1
M_A18001.BIN	c1	3	551	10	0x14b4	24	0	MSG+XA	d091f9863bee	8000x1
M_A18001.BIN	c1	3	551	11	0x14d8	18	2	MSG+XA	2b7f1b55a3e2	8000x1
M_A18001.BIN	c1	3	551	12	0x14f8	110	2	MSG+XA	e3a1a38a4344	8000x1,8001x1,8002x2
M_A18001.BIN	c1	3	551	13	0x1574	30	2	MSG+XA	697a6b6f905e	8000x1
M_A18001.BIN	c1	3	551	14	0x15a0	28	0	MSG+XA	bc3d7914de7b	8000x1
M_A18001.BIN	c1	3	551	15	0x15c8	44	0	MSG+XA	7ea574aa2379	8000x1,8001x1
M_A18001.BIN	c1	3	551	16	0x1600	80	0	MSG+XA	1bbc40a1553d	8000x1,8001x1,8002x1
M_A18001.BIN	c1	3	551	17	0x165c	60	0	MSG+XA	e3269caf401f	8000x1,8001x1
M_A18001.BIN	c1	3	551	18	0x16a4	44	0	MSG+XA	2b7b8ad20ba4	8000x1,8001x1
M_A18001.BIN	c1	3	551	19	0x16dc	50	2	MSG+XA	2f68244203e9	8000x1,8001x1
M_A18001.BIN	c1	3	551	20	0x171c	30	2	MSG+XA	20ff645cd12d	8000x1
M_A18001.BIN	c1	3	551	21	0x1748	42	2	MSG+XA	580d5d744ff5	8000x1,8001x1
M_A18001.BIN	c1	3	551	22	0x1780	24	0	MSG+XA	0464ddd3174a	8000x1
M_A18001.BIN	c1	3	551	23	0x17a4	48	0	MSG+XA	a3e6d10ba063	8000x1,8001x1
M_A18001.BIN	c1	3	551	24	0x17e0	32	0	MSG+XA	7969472e295d	8000x1
M_A18001.BIN	c1	3	551	25	0x180c	56	0	MSG+XA	995581c4fd61	8000x1,8001x1,8002x1
M_A18001.BIN	c1	4	570	0	0x18f8	94	2	MSG+XA	945e58f0212f	8000x1,8001x2,8002x1
M_A18002.BIN	c1	51	1754	0	0x1d54	42	2	MSG+XA	4cf3ae4d9379	8000x1,8001x1
M_A18002.BIN	c1	51	1754	1	0x1d8c	42	2	MSG+XA	20cf5f0cf093	8000x1,8001x1
M_A18002.BIN	c1	51	1754	2	0x1dc4	68	0	MSG+XA	cbeee9f6c25d	8000x1,8001x2
M_A18002.BIN	c1	51	1754	3	0x1e14	28	0	MSG+XA	790e81f4ef1c	8000x1
M_A18002.BIN	c1	51	1754	4	0x1e3c	60	0	MSG+XA	184ace655a2b	8000x1,8001x1
M_A18002.BIN	c1	51	1754	5	0x1e84	82	2	MSG+XA	40aacd059320	8000x1,8001x2
M_A18002.BIN	c1	51	1754	6	0x1ee4	30	2	MSG+XA	f16b360cf5e6	8000x1
M_A18002.BIN	c1	51	1754	7	0x1f10	76	0	MSG+XA	f5cb5a2b80d3	8000x1,8001x2
M_A18002.BIN	c1	51	1754	8	0x1f68	18	2	MSG+XA	cee91888b952	8000x1
M_A18002.BIN	c1	51	1754	9	0x1f88	86	2	MSG+XA	b03066fce7ba	8000x1,8001x2
M_A18002.BIN	c1	51	1754	10	0x1fec	42	2	MSG+XA	9c520d922cdd	8000x1,8001x1
M_A18002.BIN	c1	51	1754	11	0x2024	32	0	MSG+XA	f7e044338c48	8000x1
M_A18100.BIN	c1	0	3050	0	0x6d8	244	0	MSG+XA	99eeb03ab623	8000x1,8001x5,8002x3
M_A18100.BIN	c1	0	3050	1	0x7d8	208	0	MSG+XA	476b4e58baa0	8000x1,8001x4,8002x3
M_A18100.BIN	c1	1	1907	0	0x9e0	24	0	MSG	26395a80b1b6	8000x1
M_A18101.BIN	c1	0	255	0	0x72c	24	0	MSG+XA	43cc30cfde9d	8000x1
M_A18101.BIN	c1	0	255	1	0x750	64	0	MSG+XA	220b922670cc	8000x1,8001x2
M_A18101.BIN	c1	1	255	0	0x9c4	24	0	MSG+XA	43cc30cfde9d	8000x1
M_A18101.BIN	c1	1	255	1	0x9e8	64	0	MSG+XA	220b922670cc	8000x1,8001x2
M_A18101.BIN	c1	2	255	0	0xc5c	24	0	MSG+XA	43cc30cfde9d	8000x1
M_A18101.BIN	c1	2	255	1	0xc80	64	0	MSG+XA	220b922670cc	8000x1,8001x2
M_A18101.BIN	c1	3	551	0	0x1268	32	0	MSG+XA	fc0a2da7c541	8000x1
M_A18101.BIN	c1	3	551	1	0x1294	42	2	MSG+XA	44ad88c25624	8000x1,8001x1
M_A18101.BIN	c1	3	551	2	0x12cc	40	0	MSG+XA	74bc96c0de8d	8000x1,8001x1
M_A18101.BIN	c1	3	551	3	0x1300	20	0	MSG+XA	7cd000f8283c	8000x1
M_A18101.BIN	c1	3	551	4	0x1320	124	0	MSG+XA	e9676f80b4dd	8000x1,8001x3,8002x1
M_A18101.BIN	c1	3	551	5	0x13a8	32	0	MSG+XA	5777145f7d8e	8000x1
M_A18101.BIN	c1	3	551	6	0x13d4	18	2	MSG+XA	b83eeb9d3ac1	8000x1
M_A18101.BIN	c1	3	551	7	0x13f4	88	0	MSG+XA	47f556b76567	8000x1,8001x1,8002x1
M_A18101.BIN	c1	3	551	8	0x1458	92	0	MSG+XA	3788945311e2	8000x1,8001x1,8002x1
M_A18101.BIN	c1	3	551	9	0x14c0	16	0	MSG+XA	edbc6e98bcb7	8000x1
M_A18101.BIN	c1	3	551	10	0x14dc	24	0	MSG+XA	d091f9863bee	8000x1
M_A18101.BIN	c1	3	551	11	0x1500	18	2	MSG+XA	2b7f1b55a3e2	8000x1
M_A18101.BIN	c1	3	551	12	0x1520	110	2	MSG+XA	e3a1a38a4344	8000x1,8001x1,8002x2
M_A18101.BIN	c1	3	551	13	0x159c	30	2	MSG+XA	697a6b6f905e	8000x1
M_A18101.BIN	c1	3	551	14	0x15c8	28	0	MSG+XA	bc3d7914de7b	8000x1
M_A18101.BIN	c1	3	551	15	0x15f0	44	0	MSG+XA	7ea574aa2379	8000x1,8001x1
M_A18101.BIN	c1	3	551	16	0x1628	80	0	MSG+XA	1bbc40a1553d	8000x1,8001x1,8002x1
M_A18101.BIN	c1	3	551	17	0x1684	60	0	MSG+XA	e3269caf401f	8000x1,8001x1
M_A18101.BIN	c1	3	551	18	0x16cc	44	0	MSG+XA	2b7b8ad20ba4	8000x1,8001x1
M_A18101.BIN	c1	3	551	19	0x1704	50	2	MSG+XA	2f68244203e9	8000x1,8001x1
M_A18101.BIN	c1	3	551	20	0x1744	30	2	MSG+XA	20ff645cd12d	8000x1
M_A18101.BIN	c1	3	551	21	0x1770	42	2	MSG+XA	580d5d744ff5	8000x1,8001x1
M_A18101.BIN	c1	3	551	22	0x17a8	24	0	MSG+XA	0464ddd3174a	8000x1
M_A18101.BIN	c1	3	551	23	0x17cc	48	0	MSG+XA	a3e6d10ba063	8000x1,8001x1
M_A18101.BIN	c1	3	551	24	0x1808	32	0	MSG+XA	7969472e295d	8000x1
M_A18101.BIN	c1	3	551	25	0x1834	56	0	MSG+XA	995581c4fd61	8000x1,8001x1,8002x1
M_A18101.BIN	c1	4	570	0	0x1920	94	2	MSG+XA	945e58f0212f	8000x1,8001x2,8002x1
M_A18102.BIN	c1	51	1754	0	0x1d7c	42	2	MSG+XA	4cf3ae4d9379	8000x1,8001x1
M_A18102.BIN	c1	51	1754	1	0x1db4	42	2	MSG+XA	20cf5f0cf093	8000x1,8001x1
M_A18102.BIN	c1	51	1754	2	0x1dec	68	0	MSG+XA	cbeee9f6c25d	8000x1,8001x2
M_A18102.BIN	c1	51	1754	3	0x1e3c	28	0	MSG+XA	790e81f4ef1c	8000x1
M_A18102.BIN	c1	51	1754	4	0x1e64	60	0	MSG+XA	184ace655a2b	8000x1,8001x1
M_A18102.BIN	c1	51	1754	5	0x1eac	82	2	MSG+XA	40aacd059320	8000x1,8001x2
M_A18102.BIN	c1	51	1754	6	0x1f0c	30	2	MSG+XA	f16b360cf5e6	8000x1
M_A18102.BIN	c1	51	1754	7	0x1f38	76	0	MSG+XA	f5cb5a2b80d3	8000x1,8001x2
M_A18102.BIN	c1	51	1754	8	0x1f90	18	2	MSG+XA	cee91888b952	8000x1
M_A18102.BIN	c1	51	1754	9	0x1fb0	86	2	MSG+XA	b03066fce7ba	8000x1,8001x2
M_A18102.BIN	c1	51	1754	10	0x2014	42	2	MSG+XA	9c520d922cdd	8000x1,8001x1
M_A18102.BIN	c1	51	1754	11	0x204c	32	0	MSG+XA	f7e044338c48	8000x1
M_A19000.BIN	c1	0	190	0	0x3bc	82	2	MSG+XA	dabdf5c0e1f8	8000x1,8001x2,8002x1
M_A19100.BIN	c1	0	190	0	0x3bc	82	2	MSG+XA	dabdf5c0e1f8	8000x1,8001x2,8002x1
M_B02000.BIN	c1	1	780	0	0x604	344	0	MSG+XA	9a600a18b6e6	8000x1,8001x7,8002x6
M_B02000.BIN	c1	1	780	1	0x768	104	0	MSG+XA	1541048ecf58	8000x1,8001x2,8002x1
M_B02000.BIN	c1	1	780	2	0x7dc	102	2	MSG+XA	5cc32f3bf63c	8000x1,8001x2,8002x1
M_B02000.BIN	c1	1	780	3	0x850	42	2	MSG+XA	dcf1a2b09be3	8000x1,8001x1
M_B02100.BIN	c1	1	780	0	0x674	344	0	MSG+XA	9a600a18b6e6	8000x1,8001x7,8002x6
M_B02100.BIN	c1	1	780	1	0x7d8	104	0	MSG+XA	1541048ecf58	8000x1,8001x2,8002x1
M_B02100.BIN	c1	1	780	2	0x84c	102	2	MSG+XA	5cc32f3bf63c	8000x1,8001x2,8002x1
M_B02100.BIN	c1	1	780	3	0x8c0	42	2	MSG+XA	dcf1a2b09be3	8000x1,8001x1
M_B03000.BIN	c1	6	733	0	0xb2c	58	2	MSG+XA	1393ccff7a83	8000x1,8001x1
M_B03000.BIN	c1	6	733	1	0xb74	140	0	MSG+XA	16aa630a16e4	8000x1,8001x3,8002x2
M_B03000.BIN	c1	6	733	2	0xc0c	56	0	MSG+XA	2f5df20679c0	8000x1,8001x1
M_B03000.BIN	c1	6	733	3	0xc50	102	2	MSG+XA	15e1afd26a65	8000x1,8001x2,8002x1
M_B03000.BIN	c1	6	733	4	0xcc4	24	0	MSG+XA	0949f9f1f870	8000x1
M_B03000.BIN	c1	6	733	5	0xce8	98	2	MSG+XA	878f37957355	8000x1,8001x2,8002x1
M_B03000.BIN	c1	7	786	0	0xf7c	34	2	MSG+XA	19aff03d88b8	8000x1
M_B03000.BIN	c1	7	786	1	0xfac	24	0	MSG+XA	3181445c012a	8000x1
M_B03000.BIN	c1	7	786	2	0xfd0	150	2	MSG+XA	c2061f89f633	8000x1,8001x3,8002x2
M_B03000.BIN	c1	7	786	3	0x1074	54	2	MSG+XA	c707e1c4592b	8000x1,8002x1
M_B03000.BIN	c1	7	786	4	0x10b8	24	0	MSG+XA	8ca65f0f2334	8000x1
M_B03000.BIN	c1	7	786	5	0x10dc	44	0	MSG+XA	05c654d5f047	8000x1,8001x1
M_B03000.BIN	c1	7	786	6	0x1114	52	0	MSG+XA	ae898a0543c8	8000x1,8002x1
M_B03000.BIN	c1	8	780	0	0x14b8	344	0	MSG+XA	9a600a18b6e6	8000x1,8001x7,8002x6
M_B03000.BIN	c1	8	780	1	0x161c	104	0	MSG+XA	1541048ecf58	8000x1,8001x2,8002x1
M_B03000.BIN	c1	8	780	2	0x1690	102	2	MSG+XA	5cc32f3bf63c	8000x1,8001x2,8002x1
M_B03000.BIN	c1	8	780	3	0x1704	42	2	MSG+XA	dcf1a2b09be3	8000x1,8001x1
M_B03100.BIN	c1	6	733	0	0xb2c	58	2	MSG+XA	1393ccff7a83	8000x1,8001x1
M_B03100.BIN	c1	6	733	1	0xb74	140	0	MSG+XA	16aa630a16e4	8000x1,8001x3,8002x2
M_B03100.BIN	c1	6	733	2	0xc0c	56	0	MSG+XA	2f5df20679c0	8000x1,8001x1
M_B03100.BIN	c1	6	733	3	0xc50	102	2	MSG+XA	15e1afd26a65	8000x1,8001x2,8002x1
M_B03100.BIN	c1	6	733	4	0xcc4	24	0	MSG+XA	0949f9f1f870	8000x1
M_B03100.BIN	c1	6	733	5	0xce8	98	2	MSG+XA	878f37957355	8000x1,8001x2,8002x1
M_B03100.BIN	c1	7	786	0	0xf7c	34	2	MSG+XA	19aff03d88b8	8000x1
M_B03100.BIN	c1	7	786	1	0xfac	24	0	MSG+XA	3181445c012a	8000x1
M_B03100.BIN	c1	7	786	2	0xfd0	150	2	MSG+XA	c2061f89f633	8000x1,8001x3,8002x2
M_B03100.BIN	c1	7	786	3	0x1074	54	2	MSG+XA	c707e1c4592b	8000x1,8002x1
M_B03100.BIN	c1	7	786	4	0x10b8	24	0	MSG+XA	8ca65f0f2334	8000x1
M_B03100.BIN	c1	7	786	5	0x10dc	44	0	MSG+XA	05c654d5f047	8000x1,8001x1
M_B03100.BIN	c1	7	786	6	0x1114	52	0	MSG+XA	ae898a0543c8	8000x1,8002x1
M_B03100.BIN	c1	8	780	0	0x14b8	344	0	MSG+XA	9a600a18b6e6	8000x1,8001x7,8002x6
M_B03100.BIN	c1	8	780	1	0x161c	104	0	MSG+XA	1541048ecf58	8000x1,8001x2,8002x1
M_B03100.BIN	c1	8	780	2	0x1690	102	2	MSG+XA	5cc32f3bf63c	8000x1,8001x2,8002x1
M_B03100.BIN	c1	8	780	3	0x1704	42	2	MSG+XA	dcf1a2b09be3	8000x1,8001x1
M_B05000.BIN	c1	0	3034	0	0x56c	28	0	MSG+XA	aa40dccc6efb	8000x1
M_B05000.BIN	c1	0	3034	1	0x594	20	0	MSG+XA	747482bf9015	8000x1
M_B05000.BIN	c1	0	3034	2	0x5b4	74	2	MSG+XA	427dfd8fe88a	8000x1,8001x2
M_B05100.BIN	c1	0	3034	0	0x56c	28	0	MSG+XA	aa40dccc6efb	8000x1
M_B05100.BIN	c1	0	3034	1	0x594	20	0	MSG+XA	747482bf9015	8000x1
M_B05100.BIN	c1	0	3034	2	0x5b4	74	2	MSG+XA	427dfd8fe88a	8000x1,8001x2
M_B06000.BIN	c1	1	8062	0	0x484	52	0	MSG	a73f01eb3fbc	8000x1,8001x1
M_B06100.BIN	c1	1	8062	0	0x484	52	0	MSG	a73f01eb3fbc	8000x1,8001x1
M_B07000.BIN	c1	0	4034	0	0x8d0	26	2	MSG+XA	e1e3bcaebb3d	8000x1
M_B07000.BIN	c1	0	4034	1	0x8f8	26	2	MSG+XA	9228c190bde9	8000x1
M_B07000.BIN	c1	0	4034	2	0x914	30	2	SEL2.1	594bde067157	8001x2
M_B07000.BIN	c1	0	4034	3	0x940	20	0	MSG+XA	0f3154afa6cc	8000x1
M_B07000.BIN	c1	1	8063	0	0x9a8	42	2	MSG	34a809fca08f	8000x1,8001x1
M_B07000.BIN	c1	2	608	0	0xaa4	54	2	MSG+XA	155ec553f122	8000x1,8001x1
M_B07000.BIN	c1	3	608	0	0xbac	54	2	MSG+XA	155ec553f122	8000x1,8001x1
M_B07000.BIN	c1	4	923	0	0xe34	30	2	MSG+XA	dab596b6f1fe	8000x1
M_B07000.BIN	c1	4	923	1	0xe60	40	0	MSG+XA	4ea72c8e3ed2	8000x1,8001x1
M_B07000.BIN	c1	4	923	2	0xe94	44	0	MSG+XA	c1329eef5999	8000x1,8001x1
M_B07000.BIN	c1	4	923	3	0xecc	58	2	MSG+XA	5a918dc3af8d	8000x1,8001x1
M_B07000.BIN	c1	4	923	4	0xf14	18	2	MSG+XA	c6dd1a59739c	8000x1
M_B07000.BIN	c1	4	923	5	0xf34	26	2	MSG+XA	00c99280efff	8000x1
M_B07000.BIN	c1	4	923	6	0xf5c	32	0	MSG+XA	3c538df48c44	8000x1
M_B07000.BIN	c1	4	923	7	0xf88	16	0	MSG+XA	e84e8b4d5841	8000x1
M_B07000.BIN	c1	4	923	9	0xfb0	42	2	MSG+XA	be19640b818c	8000x1,8001x1
M_B07100.BIN	c1	0	4034	0	0x8d0	26	2	MSG+XA	e1e3bcaebb3d	8000x1
M_B07100.BIN	c1	0	4034	1	0x8f8	26	2	MSG+XA	9228c190bde9	8000x1
M_B07100.BIN	c1	0	4034	2	0x914	30	2	SEL2.1	594bde067157	8001x2
M_B07100.BIN	c1	0	4034	3	0x940	20	0	MSG+XA	0f3154afa6cc	8000x1
M_B07100.BIN	c1	1	8063	0	0x9a8	42	2	MSG	34a809fca08f	8000x1,8001x1
M_B07100.BIN	c1	2	608	0	0xaa4	54	2	MSG+XA	155ec553f122	8000x1,8001x1
M_B07100.BIN	c1	3	608	0	0xbac	54	2	MSG+XA	155ec553f122	8000x1,8001x1
M_B07100.BIN	c1	4	923	0	0xe34	30	2	MSG+XA	dab596b6f1fe	8000x1
M_B07100.BIN	c1	4	923	1	0xe60	40	0	MSG+XA	4ea72c8e3ed2	8000x1,8001x1
M_B07100.BIN	c1	4	923	2	0xe94	44	0	MSG+XA	c1329eef5999	8000x1,8001x1
M_B07100.BIN	c1	4	923	3	0xecc	58	2	MSG+XA	5a918dc3af8d	8000x1,8001x1
M_B07100.BIN	c1	4	923	4	0xf14	18	2	MSG+XA	c6dd1a59739c	8000x1
M_B07100.BIN	c1	4	923	5	0xf34	26	2	MSG+XA	00c99280efff	8000x1
M_B07100.BIN	c1	4	923	6	0xf5c	32	0	MSG+XA	3c538df48c44	8000x1
M_B07100.BIN	c1	4	923	7	0xf88	16	0	MSG+XA	e84e8b4d5841	8000x1
M_B07100.BIN	c1	4	923	9	0xfb0	42	2	MSG+XA	be19640b818c	8000x1,8001x1
M_B10000.BIN	c1	0	4026	0	0x2e4	32	0	SEL3.3	eea50eccb9a7	8001x3
M_B10000.BIN	c1	1	4026	0	0x370	32	0	SEL3.3	eea50eccb9a7	8001x3
M_B10000.BIN	c1	2	4026	0	0x3fc	32	0	SEL3.3	eea50eccb9a7	8001x3
M_B10000.BIN	c1	3	4026	0	0x488	32	0	SEL3.3	eea50eccb9a7	8001x3
M_B10000.BIN	c1	4	607	0	0x66c	20	0	MSG+XA	40af32b2df76	8000x1
M_B10000.BIN	c1	4	607	1	0x68c	116	0	MSG+XA	a6a58fc7abd0	8000x1,8001x2,8002x1
M_B10000.BIN	c1	4	607	2	0x70c	20	0	MSG+XA	40af32b2df76	8000x1
M_B10000.BIN	c1	5	1008	0	0x8a8	58	2	MSG+XA	7c875fbf3890	8000x1,8001x1
M_B10000.BIN	c1	5	1008	1	0x8f0	78	2	MSG+XA	fb7aeccc15f8	8000x1,8001x2
M_B10100.BIN	c1	0	4026	0	0x2dc	32	0	SEL3.3	eea50eccb9a7	8001x3
M_B10100.BIN	c1	1	4026	0	0x368	32	0	SEL3.3	eea50eccb9a7	8001x3
M_B10100.BIN	c1	2	4026	0	0x3f4	32	0	SEL3.3	eea50eccb9a7	8001x3
M_B10100.BIN	c1	3	4026	0	0x480	32	0	SEL3.3	eea50eccb9a7	8001x3
M_B10100.BIN	c1	4	607	0	0x664	20	0	MSG+XA	40af32b2df76	8000x1
M_B10100.BIN	c1	4	607	1	0x684	116	0	MSG+XA	a6a58fc7abd0	8000x1,8001x2,8002x1
M_B10100.BIN	c1	4	607	2	0x704	20	0	MSG+XA	40af32b2df76	8000x1
M_B12000.BIN	c1	0	4033	0	0x4c4	26	2	MSG+XA	e1e3bcaebb3d	8000x1
M_B12000.BIN	c1	0	4033	1	0x4ec	26	2	MSG+XA	9228c190bde9	8000x1
M_B12000.BIN	c1	0	4033	2	0x508	30	2	SEL2.1	594bde067157	8001x2
M_B12000.BIN	c1	0	4033	3	0x534	20	0	MSG+XA	0f3154afa6cc	8000x1
M_B12000.BIN	c1	1	8063	0	0x59c	42	2	MSG	34a809fca08f	8000x1,8001x1
M_B12000.BIN	c1	2	609	0	0x6a4	54	2	MSG+XA	155ec553f122	8000x1,8001x1
M_B12100.BIN	c1	0	4033	0	0x4c4	26	2	MSG+XA	e1e3bcaebb3d	8000x1
M_B12100.BIN	c1	0	4033	1	0x4ec	26	2	MSG+XA	9228c190bde9	8000x1
M_B12100.BIN	c1	0	4033	2	0x508	30	2	SEL2.1	594bde067157	8001x2
M_B12100.BIN	c1	0	4033	3	0x534	20	0	MSG+XA	0f3154afa6cc	8000x1
M_B12100.BIN	c1	1	8063	0	0x59c	42	2	MSG	34a809fca08f	8000x1,8001x1
M_B12100.BIN	c1	2	609	0	0x6a4	54	2	MSG+XA	155ec553f122	8000x1,8001x1
M_B13001.BIN	c1	0	2161	0	0x824	44	0	MSG+XA	8d335ede26e4	8000x1,8001x1
M_B13001.BIN	c1	2	1762	0	0xb0c	24	0	MSG+XA	81333a186a49	8000x1
M_B13001.BIN	c1	3	1763	0	0xb98	50	2	MSG+XA	c405110bc9b6	8000x1,8001x1
M_B13001.BIN	c1	4	1861	0	0x12ac	26	2	MSG+XA	352f28a34ac0	8000x1
M_B13001.BIN	c1	4	1861	1	0x12d4	24	0	MSG+XA	19e9b869c08b	8000x1
M_B13001.BIN	c1	4	1861	2	0x12f8	44	0	MSG+XA	ff544a1ee80d	8000x1,8001x1
M_B13001.BIN	c1	4	1861	3	0x1330	20	0	MSG+XA	2d95ce366a16	8000x1
M_B13001.BIN	c1	4	1861	4	0x1350	56	0	MSG+XA	031b660c67a7	8000x1,8001x1
M_B13001.BIN	c1	4	1861	5	0x1394	26	2	MSG+XA	a21707b7c4da	8000x1
M_B13001.BIN	c1	4	1861	6	0x13bc	18	2	MSG+XA	559f9f0dfb99	8000x1
M_B13001.BIN	c1	4	1861	7	0x13dc	34	2	MSG+XA	d2e8674ae1f3	8000x1
M_B13001.BIN	c1	4	1861	8	0x140c	50	2	MSG+XA	18aaebf0766d	8000x1,8001x1
M_B13001.BIN	c1	4	1861	9	0x144c	34	2	MSG+XA	3f4583b4e9ca	8000x1
M_B13001.BIN	c1	4	1861	10	0x147c	26	2	MSG+XA	3dccef32e3f2	8000x1
M_B13001.BIN	c1	4	1861	11	0x14a4	22	2	MSG+XA	b2d7a313f58e	8000x1
M_B13001.BIN	c1	4	1861	12	0x14c8	16	0	MSG+XA	676587548f3e	8000x1
M_B13001.BIN	c1	4	1861	13	0x14e4	16	0	MSG+XA	f4bbc878063b	8000x1
M_B13001.BIN	c1	4	1861	14	0x1500	100	0	MSG+XA	9702a4ecb53e	8000x1,8001x2,8002x1
M_B13001.BIN	c1	4	1861	16	0x157c	22	2	MSG+XA	04b4392fc726	8000x1
M_B13001.BIN	c1	4	1861	17	0x15a0	18	2	MSG+XA	310c3d41bb43	8000x1
M_B13001.BIN	c1	4	1861	18	0x15c0	14	2	MSG+XA	a6ff7e406c60	8000x1
M_B13001.BIN	c1	4	1861	19	0x15dc	52	0	MSG+XA	1f8c8a4f353a	8000x1,8001x1
M_B13001.BIN	c1	4	1861	20	0x161c	30	2	MSG+XA	67b3f2a5b33a	8000x1
M_B13001.BIN	c1	4	1861	21	0x1648	16	0	MSG+XA	f741e903a887	8000x1
M_B13001.BIN	c1	4	1861	22	0x1664	46	2	MSG+XA	bcf88ca31be9	8000x1,8001x1
M_B13001.BIN	c1	4	1861	23	0x16a0	44	0	MSG+XA	b50f6a682fbb	8000x1,8001x1
M_B13001.BIN	c1	4	1861	24	0x16d8	14	2	MSG+XA	fd4062c6508c	8000x1
M_B13001.BIN	c1	4	1861	25	0x16f4	74	2	MSG+XA	eddcb0fd77bb	8000x1,8001x2
M_B13001.BIN	c1	4	1861	26	0x174c	68	0	MSG+XA	4306b7374ccc	8000x1,8001x2
M_B13001.BIN	c1	4	1861	27	0x179c	70	2	MSG+XA	059a4a8a64ef	8000x1,8001x2
M_B13001.BIN	c1	4	1861	28	0x17f0	22	2	MSG+XA	aefb1bba51d0	8000x1
M_B13001.BIN	c1	4	1861	29	0x1814	78	2	MSG+XA	b33fd0784666	8000x1,8001x2
M_B13001.BIN	c1	4	1861	33	0x1894	18	2	MSG+XA	36702ec7df75	8000x1
M_B13001.BIN	c1	4	1861	34	0x18b4	76	0	MSG+XA	228c6db394b6	8000x1,8001x1,8002x1
M_B13001.BIN	c1	5	1761	1	0x1a4c	62	2	MSG+XA	8a3be555b485	8000x1,8001x1
M_B13001.BIN	c1	7	1761	1	0x1c60	62	2	MSG+XA	8a3be555b485	8000x1,8001x1
M_B13001.BIN	c1	8	1761	1	0x1dec	62	2	MSG+XA	8a3be555b485	8000x1,8001x1
M_B13001.BIN	c1	9	2261	0	0x1ec4	28	0	MSG+XA	7c5150ed795f	8000x1
M_B13001.BIN	c1	10	2261	0	0x1f78	28	0	MSG+XA	7c5150ed795f	8000x1
M_B13001.BIN	c1	11	2261	0	0x202c	28	0	MSG+XA	7c5150ed795f	8000x1
M_B13101.BIN	c1	0	2161	0	0x824	44	0	MSG+XA	8d335ede26e4	8000x1,8001x1
M_B13101.BIN	c1	2	1762	0	0xb0c	24	0	MSG+XA	81333a186a49	8000x1
M_B13101.BIN	c1	3	1763	0	0xb98	50	2	MSG+XA	c405110bc9b6	8000x1,8001x1
M_B13101.BIN	c1	4	1861	0	0x12ac	26	2	MSG+XA	352f28a34ac0	8000x1
M_B13101.BIN	c1	4	1861	1	0x12d4	24	0	MSG+XA	19e9b869c08b	8000x1
M_B13101.BIN	c1	4	1861	2	0x12f8	44	0	MSG+XA	ff544a1ee80d	8000x1,8001x1
M_B13101.BIN	c1	4	1861	3	0x1330	20	0	MSG+XA	2d95ce366a16	8000x1
M_B13101.BIN	c1	4	1861	4	0x1350	56	0	MSG+XA	031b660c67a7	8000x1,8001x1
M_B13101.BIN	c1	4	1861	5	0x1394	26	2	MSG+XA	a21707b7c4da	8000x1
M_B13101.BIN	c1	4	1861	6	0x13bc	18	2	MSG+XA	559f9f0dfb99	8000x1
M_B13101.BIN	c1	4	1861	7	0x13dc	34	2	MSG+XA	d2e8674ae1f3	8000x1
M_B13101.BIN	c1	4	1861	8	0x140c	50	2	MSG+XA	18aaebf0766d	8000x1,8001x1
M_B13101.BIN	c1	4	1861	9	0x144c	34	2	MSG+XA	3f4583b4e9ca	8000x1
M_B13101.BIN	c1	4	1861	10	0x147c	26	2	MSG+XA	3dccef32e3f2	8000x1
M_B13101.BIN	c1	4	1861	11	0x14a4	22	2	MSG+XA	b2d7a313f58e	8000x1
M_B13101.BIN	c1	4	1861	12	0x14c8	16	0	MSG+XA	676587548f3e	8000x1
M_B13101.BIN	c1	4	1861	13	0x14e4	16	0	MSG+XA	f4bbc878063b	8000x1
M_B13101.BIN	c1	4	1861	14	0x1500	100	0	MSG+XA	9702a4ecb53e	8000x1,8001x2,8002x1
M_B13101.BIN	c1	4	1861	16	0x157c	22	2	MSG+XA	04b4392fc726	8000x1
M_B13101.BIN	c1	4	1861	17	0x15a0	18	2	MSG+XA	310c3d41bb43	8000x1
M_B13101.BIN	c1	4	1861	18	0x15c0	14	2	MSG+XA	a6ff7e406c60	8000x1
M_B13101.BIN	c1	4	1861	19	0x15dc	52	0	MSG+XA	1f8c8a4f353a	8000x1,8001x1
M_B13101.BIN	c1	4	1861	20	0x161c	30	2	MSG+XA	67b3f2a5b33a	8000x1
M_B13101.BIN	c1	4	1861	21	0x1648	16	0	MSG+XA	f741e903a887	8000x1
M_B13101.BIN	c1	4	1861	22	0x1664	46	2	MSG+XA	bcf88ca31be9	8000x1,8001x1
M_B13101.BIN	c1	4	1861	23	0x16a0	44	0	MSG+XA	b50f6a682fbb	8000x1,8001x1
M_B13101.BIN	c1	4	1861	24	0x16d8	14	2	MSG+XA	fd4062c6508c	8000x1
M_B13101.BIN	c1	4	1861	25	0x16f4	74	2	MSG+XA	eddcb0fd77bb	8000x1,8001x2
M_B13101.BIN	c1	4	1861	26	0x174c	68	0	MSG+XA	4306b7374ccc	8000x1,8001x2
M_B13101.BIN	c1	4	1861	27	0x179c	70	2	MSG+XA	059a4a8a64ef	8000x1,8001x2
M_B13101.BIN	c1	4	1861	28	0x17f0	22	2	MSG+XA	aefb1bba51d0	8000x1
M_B13101.BIN	c1	4	1861	29	0x1814	78	2	MSG+XA	b33fd0784666	8000x1,8001x2
M_B13101.BIN	c1	4	1861	33	0x1894	18	2	MSG+XA	36702ec7df75	8000x1
M_B13101.BIN	c1	4	1861	34	0x18b4	76	0	MSG+XA	228c6db394b6	8000x1,8001x1,8002x1
M_B13101.BIN	c1	5	1761	1	0x1a4c	62	2	MSG+XA	8a3be555b485	8000x1,8001x1
M_B13101.BIN	c1	7	1761	1	0x1c60	62	2	MSG+XA	8a3be555b485	8000x1,8001x1
M_B13101.BIN	c1	8	1761	1	0x1dec	62	2	MSG+XA	8a3be555b485	8000x1,8001x1
M_B13101.BIN	c1	9	2261	0	0x1ec4	28	0	MSG+XA	7c5150ed795f	8000x1
M_B13101.BIN	c1	10	2261	0	0x1f78	28	0	MSG+XA	7c5150ed795f	8000x1
M_B13101.BIN	c1	11	2261	0	0x202c	28	0	MSG+XA	7c5150ed795f	8000x1
M_B15000.BIN	c1	0	4019	0	0x3f0	18	2	MSG+XA	0c3318d79692	8000x1
M_B15000.BIN	c1	1	2107	0	0x50c	110	2	MSG+XA	9423615f7790	8000x1,8001x2,8002x1
M_B15100.BIN	c1	0	4019	0	0x3f0	18	2	MSG+XA	0c3318d79692	8000x1
M_B15100.BIN	c1	1	2107	0	0x50c	110	2	MSG+XA	9423615f7790	8000x1,8001x2,8002x1
M_C02000.BIN	c1	0	1203	0	0x5b4	24	0	MSG+XA	a9f0bed75c5f	8000x1
M_C02000.BIN	c1	0	1203	5	0x608	48	0	MSG+XA	93e6b624786e	8000x1,8001x1
M_C02000.BIN	c1	0	1203	6	0x644	30	2	MSG+XA	1b972c2a3a01	8000x1
M_C02000.BIN	c1	0	1203	7	0x670	22	2	MSG+XA	252b8c7b421c	8000x1
M_C02000.BIN	c1	0	1203	8	0x694	112	0	MSG+XA	0dcba094873d	8000x1,8001x2,8002x2
M_C02000.BIN	c1	0	1203	9	0x710	20	0	MSG+XA	80ede5639c98	8000x1
M_C02000.BIN	c1	0	1203	10	0x730	110	2	MSG+XA	2798a4ddd78e	8000x1,8001x2,8002x1
M_C02000.BIN	c1	0	1203	11	0x7ac	42	2	MSG+XA	88a6d086f022	8000x1,8001x1
M_C02000.BIN	c1	1	3042	0	0xb7c	106	2	MSG+XA	176f89fc8330	8000x1,8001x2,8002x1
M_C02000.BIN	c1	1	3042	1	0xbf4	62	2	MSG+XA	5fe87cb51cb9	8000x1,8001x1
M_C02000.BIN	c1	1	3042	2	0xc40	38	2	MSG+XA	68300c7000bb	8000x1,8001x1
M_C02000.BIN	c1	1	3042	3	0xc74	44	0	MSG+XA	7405864e3fa6	8000x1,8001x1
M_C02000.BIN	c1	1	3042	4	0xcac	20	0	MSG+XA	8476da43e99f	8000x1
M_C02000.BIN	c1	1	3042	5	0xccc	32	0	MSG+XA	a3b194d2802b	8000x1
M_C02000.BIN	c1	1	3042	6	0xcf8	160	0	MSG+XA	15fb9ca6287c	8000x1,8001x3,8002x2
M_C02000.BIN	c1	1	3042	7	0xda4	30	2	MSG+XA	bc4a733815ca	8000x1
M_C02000.BIN	c1	1	3042	8	0xdd0	76	0	MSG+XA	82286a16762b	8000x1,8001x2
M_C02000.BIN	c1	1	3042	9	0xe28	22	2	MSG+XA	ec6e3307a4dd	8000x1
M_C02000.BIN	c1	1	3042	10	0xe4c	36	0	MSG+XA	9897fe45f46d	8000x1,8001x1
M_C02000.BIN	c1	1	3042	11	0xe7c	30	2	MSG+XA	2e082358c974	8000x1
M_C02000.BIN	c1	1	3042	12	0xea8	22	2	MSG+XA	b83d83c684ef	8000x1
M_C02000.BIN	c1	1	3042	13	0xecc	20	0	MSG+XA	7f60f35ec45f	8000x1
M_C02000.BIN	c1	1	3042	14	0xeec	32	0	MSG+XA	ea5d6ae42229	8000x1
M_C02000.BIN	c1	1	3042	15	0xf18	22	2	MSG+XA	d7b78139dcaf	8000x1
M_C02100.BIN	c1	0	1203	0	0x5c0	24	0	MSG+XA	a9f0bed75c5f	8000x1
M_C02100.BIN	c1	0	1203	5	0x614	48	0	MSG+XA	93e6b624786e	8000x1,8001x1
M_C02100.BIN	c1	0	1203	6	0x650	30	2	MSG+XA	1b972c2a3a01	8000x1
M_C02100.BIN	c1	0	1203	7	0x67c	22	2	MSG+XA	252b8c7b421c	8000x1
M_C02100.BIN	c1	0	1203	8	0x6a0	112	0	MSG+XA	0dcba094873d	8000x1,8001x2,8002x2
M_C02100.BIN	c1	0	1203	9	0x71c	20	0	MSG+XA	80ede5639c98	8000x1
M_C02100.BIN	c1	0	1203	10	0x73c	110	2	MSG+XA	2798a4ddd78e	8000x1,8001x2,8002x1
M_C02100.BIN	c1	0	1203	11	0x7b8	42	2	MSG+XA	88a6d086f022	8000x1,8001x1
M_C02100.BIN	c1	1	3042	0	0xb88	106	2	MSG+XA	176f89fc8330	8000x1,8001x2,8002x1
M_C02100.BIN	c1	1	3042	1	0xc00	62	2	MSG+XA	5fe87cb51cb9	8000x1,8001x1
M_C02100.BIN	c1	1	3042	2	0xc4c	38	2	MSG+XA	68300c7000bb	8000x1,8001x1
M_C02100.BIN	c1	1	3042	3	0xc80	44	0	MSG+XA	7405864e3fa6	8000x1,8001x1
M_C02100.BIN	c1	1	3042	4	0xcb8	20	0	MSG+XA	8476da43e99f	8000x1
M_C02100.BIN	c1	1	3042	5	0xcd8	32	0	MSG+XA	a3b194d2802b	8000x1
M_C02100.BIN	c1	1	3042	6	0xd04	160	0	MSG+XA	15fb9ca6287c	8000x1,8001x3,8002x2
M_C02100.BIN	c1	1	3042	7	0xdb0	30	2	MSG+XA	bc4a733815ca	8000x1
M_C02100.BIN	c1	1	3042	8	0xddc	76	0	MSG+XA	82286a16762b	8000x1,8001x2
M_C02100.BIN	c1	1	3042	9	0xe34	22	2	MSG+XA	ec6e3307a4dd	8000x1
M_C02100.BIN	c1	1	3042	10	0xe58	36	0	MSG+XA	9897fe45f46d	8000x1,8001x1
M_C02100.BIN	c1	1	3042	11	0xe88	30	2	MSG+XA	2e082358c974	8000x1
M_C02100.BIN	c1	1	3042	12	0xeb4	22	2	MSG+XA	b83d83c684ef	8000x1
M_C02100.BIN	c1	1	3042	13	0xed8	20	0	MSG+XA	7f60f35ec45f	8000x1
M_C02100.BIN	c1	1	3042	14	0xef8	32	0	MSG+XA	ea5d6ae42229	8000x1
M_C02100.BIN	c1	1	3042	15	0xf24	22	2	MSG+XA	d7b78139dcaf	8000x1
M_C04000.BIN	c1	0	4023	0	0x6f4	22	2	MSG+XA	f6f2c7f6c080	8000x1
M_C04000.BIN	c1	0	4023	1	0x718	18	2	MSG+XA	b5385fa69b02	8000x1
M_C04000.BIN	c1	0	4023	2	0x738	122	2	MSG+XA	36967e5b16fe	8000x1,8001x2,8002x2
M_C04000.BIN	c1	0	4023	3	0x7c0	94	2	MSG+XA	df0cac6548ab	8000x1,8001x2,8002x1
M_C04000.BIN	c1	0	4023	4	0x82c	110	2	MSG+XA	7ec7d62f3078	8000x1,8001x2,8002x1
M_C04000.BIN	c1	1	4059	0	0xb54	22	2	MSG+XA	f6f2c7f6c080	8000x1
M_C04000.BIN	c1	1	4059	2	0xb84	18	2	MSG+XA	b5385fa69b02	8000x1
M_C04000.BIN	c1	2	1403	0	0xdec	22	2	MSG+XA	22c6aee4c1f4	8000x1
M_C04000.BIN	c1	2	1403	1	0xe10	32	0	MSG+XA	b95a7aedf00e	8000x1
M_C04000.BIN	c1	2	1403	2	0xe3c	62	2	MSG+XA	056349cc0191	8000x1,8001x1
M_C04000.BIN	c1	2	1403	3	0xe88	42	2	MSG+XA	6fcc47518351	8000x1,8001x1
M_C04000.BIN	c1	2	1403	4	0xec0	40	0	MSG+XA	a20305f92a35	8000x1,8001x1
M_C04000.BIN	c1	2	1403	5	0xef4	68	0	MSG+XA	d7026b823d88	8000x1,8001x1,8002x1
M_C04000.BIN	c1	3	3007	0	0x1014	82	2	MSG+XA	dabdf5c0e1f8	8000x1,8001x2,8002x1
M_C04100.BIN	c1	0	4023	0	0x6f4	22	2	MSG+XA	f6f2c7f6c080	8000x1
M_C04100.BIN	c1	0	4023	1	0x718	18	2	MSG+XA	b5385fa69b02	8000x1
M_C04100.BIN	c1	0	4023	2	0x738	122	2	MSG+XA	36967e5b16fe	8000x1,8001x2,8002x2
M_C04100.BIN	c1	0	4023	3	0x7c0	94	2	MSG+XA	df0cac6548ab	8000x1,8001x2,8002x1
M_C04100.BIN	c1	0	4023	4	0x82c	110	2	MSG+XA	7ec7d62f3078	8000x1,8001x2,8002x1
M_C04100.BIN	c1	1	4059	0	0xb54	22	2	MSG+XA	f6f2c7f6c080	8000x1
M_C04100.BIN	c1	1	4059	2	0xb84	18	2	MSG+XA	b5385fa69b02	8000x1
M_C04100.BIN	c1	2	1403	0	0xdec	22	2	MSG+XA	22c6aee4c1f4	8000x1
M_C04100.BIN	c1	2	1403	1	0xe10	32	0	MSG+XA	b95a7aedf00e	8000x1
M_C04100.BIN	c1	2	1403	2	0xe3c	62	2	MSG+XA	056349cc0191	8000x1,8001x1
M_C04100.BIN	c1	2	1403	3	0xe88	42	2	MSG+XA	6fcc47518351	8000x1,8001x1
M_C04100.BIN	c1	2	1403	4	0xec0	40	0	MSG+XA	a20305f92a35	8000x1,8001x1
M_C04100.BIN	c1	2	1403	5	0xef4	68	0	MSG+XA	d7026b823d88	8000x1,8001x1,8002x1
M_C04100.BIN	c1	3	3007	0	0x1014	82	2	MSG+XA	dabdf5c0e1f8	8000x1,8001x2,8002x1
M_C07000.BIN	c1	0	1404	0	0x78c	18	2	MSG+XA	af573b0cc5aa	8000x1
M_C07000.BIN	c1	0	1404	1	0x7ac	76	0	MSG+XA	3751267e2a8d	8000x1,8001x2
M_C07000.BIN	c1	0	1404	2	0x804	22	2	MSG+XA	c1f2f235e924	8000x1
M_C07000.BIN	c1	0	1404	3	0x828	48	0	MSG+XA	28056d11e0a7	8000x1,8002x1
M_C07000.BIN	c1	0	1404	4	0x864	48	0	MSG+XA	14c772041f83	8000x1,8001x1
M_C07000.BIN	c1	0	1404	5	0x8a0	42	2	MSG+XA	ac553e3fdd46	8000x1,8001x1
M_C07000.BIN	c1	0	1404	6	0x8d8	26	2	MSG+XA	141d2ca03f36	8000x1
M_C07000.BIN	c1	0	1404	7	0x900	50	2	MSG+XA	f33b07526306	8000x1,8001x1
M_C07000.BIN	c1	0	1404	8	0x940	72	0	MSG+XA	1e4ab327258d	8000x1,8001x1,8002x1
M_C07000.BIN	c1	0	1404	9	0x994	54	2	MSG+XA	e73eec684ec6	8000x1,8001x1
M_C07000.BIN	c1	0	1404	10	0x9d8	32	0	MSG+XA	b96120ebc169	8000x1
M_C07000.BIN	c1	0	1404	11	0xa04	36	0	MSG+XA	ca91c17f3efa	8000x1,8002x1
M_C07000.BIN	c1	0	1404	12	0xa34	14	2	MSG+XA	dc7a71029f8e	8000x1
M_C07000.BIN	c1	0	1404	13	0xa50	46	2	MSG+XA	b628e02c62db	8000x1,8001x1
M_C07000.BIN	c1	0	1404	14	0xa8c	68	0	MSG+XA	9e7fc4286aaf	8000x1,8001x1,8002x1
M_C07000.BIN	c1	0	1404	15	0xadc	30	2	MSG+XA	44711209eafd	8000x1
M_C07000.BIN	c1	0	1404	16	0xb08	176	0	MSG+XA	ab7a843bcb18	8000x1,8001x3,8002x3
M_C07100.BIN	c1	0	1404	0	0x78c	18	2	MSG+XA	af573b0cc5aa	8000x1
M_C07100.BIN	c1	0	1404	1	0x7ac	76	0	MSG+XA	3751267e2a8d	8000x1,8001x2
M_C07100.BIN	c1	0	1404	2	0x804	22	2	MSG+XA	c1f2f235e924	8000x1
M_C07100.BIN	c1	0	1404	3	0x828	48	0	MSG+XA	28056d11e0a7	8000x1,8002x1
M_C07100.BIN	c1	0	1404	4	0x864	48	0	MSG+XA	14c772041f83	8000x1,8001x1
M_C07100.BIN	c1	0	1404	5	0x8a0	42	2	MSG+XA	ac553e3fdd46	8000x1,8001x1
M_C07100.BIN	c1	0	1404	6	0x8d8	26	2	MSG+XA	141d2ca03f36	8000x1
M_C07100.BIN	c1	0	1404	7	0x900	50	2	MSG+XA	f33b07526306	8000x1,8001x1
M_C07100.BIN	c1	0	1404	8	0x940	72	0	MSG+XA	1e4ab327258d	8000x1,8001x1,8002x1
M_C07100.BIN	c1	0	1404	9	0x994	54	2	MSG+XA	e73eec684ec6	8000x1,8001x1
M_C07100.BIN	c1	0	1404	10	0x9d8	32	0	MSG+XA	b96120ebc169	8000x1
M_C07100.BIN	c1	0	1404	11	0xa04	36	0	MSG+XA	ca91c17f3efa	8000x1,8002x1
M_C07100.BIN	c1	0	1404	12	0xa34	14	2	MSG+XA	dc7a71029f8e	8000x1
M_C07100.BIN	c1	0	1404	13	0xa50	46	2	MSG+XA	b628e02c62db	8000x1,8001x1
M_C07100.BIN	c1	0	1404	14	0xa8c	68	0	MSG+XA	9e7fc4286aaf	8000x1,8001x1,8002x1
M_C07100.BIN	c1	0	1404	15	0xadc	30	2	MSG+XA	44711209eafd	8000x1
M_C07100.BIN	c1	0	1404	16	0xb08	176	0	MSG+XA	ab7a843bcb18	8000x1,8001x3,8002x3
M_C08000.BIN	c1	0	1606	0	0x4ac	74	2	MSG+XA	4e544276d74b	8000x1,8001x1,8002x1
M_C08000.BIN	c1	0	1606	1	0x504	60	0	MSG+XA	43c2346f1d73	8000x1,8001x1
M_C08000.BIN	c1	0	1606	3	0x558	76	0	MSG+XA	adba7dd7fa96	8000x1,8001x2
M_C08100.BIN	c1	0	1606	0	0x4ac	74	2	MSG+XA	4e544276d74b	8000x1,8001x1,8002x1
M_C08100.BIN	c1	0	1606	1	0x504	60	0	MSG+XA	43c2346f1d73	8000x1,8001x1
M_C08100.BIN	c1	0	1606	3	0x558	76	0	MSG+XA	adba7dd7fa96	8000x1,8001x2
M_C11000.BIN	c1	0	4035	0	0x55c	26	2	MSG+XA	e1e3bcaebb3d	8000x1
M_C11000.BIN	c1	0	4035	1	0x584	26	2	MSG+XA	9228c190bde9	8000x1
M_C11000.BIN	c1	0	4035	2	0x5a0	30	2	SEL2.1	594bde067157	8001x2
M_C11000.BIN	c1	0	4035	3	0x5cc	20	0	MSG+XA	0f3154afa6cc	8000x1
M_C11000.BIN	c1	1	8063	0	0x634	42	2	MSG	34a809fca08f	8000x1,8001x1
M_C11000.BIN	c1	2	1205	0	0x7c0	162	2	MSG+XA	92c883cff622	8000x1,8001x4,8002x2
M_C11000.BIN	c1	2	1205	1	0x870	94	2	MSG+XA	297bd2f921e4	8000x1,8001x2,8002x1
M_C11000.BIN	c1	2	1205	2	0x8dc	42	2	MSG+XA	0ed7f08ef3df	8000x1,8001x1
M_C11100.BIN	c1	0	4035	0	0x55c	26	2	MSG+XA	e1e3bcaebb3d	8000x1
M_C11100.BIN	c1	0	4035	1	0x584	26	2	MSG+XA	9228c190bde9	8000x1
M_C11100.BIN	c1	0	4035	2	0x5a0	30	2	SEL2.1	594bde067157	8001x2
M_C11100.BIN	c1	0	4035	3	0x5cc	20	0	MSG+XA	0f3154afa6cc	8000x1
M_C11100.BIN	c1	1	8063	0	0x634	42	2	MSG	34a809fca08f	8000x1,8001x1
M_C11100.BIN	c1	2	1205	0	0x7c0	162	2	MSG+XA	92c883cff622	8000x1,8001x4,8002x2
M_C11100.BIN	c1	2	1205	1	0x870	94	2	MSG+XA	297bd2f921e4	8000x1,8001x2,8002x1
M_C11100.BIN	c1	2	1205	2	0x8dc	42	2	MSG+XA	0ed7f08ef3df	8000x1,8001x1
M_C14000.BIN	c1	0	1405	0	0x650	80	0	MSG+XA	85ba25d10666	8000x1,8001x1,8002x1
M_C14000.BIN	c1	0	1405	1	0x6a0	12	0	MSG	18352bb30a26	8000x1
M_C14000.BIN	c1	0	1405	2	0x6b8	16	0	MSG+XA	5a1fe7099bbe	8000x1
M_C14000.BIN	c1	0	1405	3	0x6d4	50	2	MSG+XA	6c3433d4c569	8000x1,8001x1
M_C14000.BIN	c1	0	1405	4	0x714	40	0	MSG+XA	3e275d83b15d	8000x1,8001x1
M_C14000.BIN	c1	0	1405	5	0x748	20	0	MSG+XA	1866cfcb6290	8000x1
M_C14000.BIN	c1	0	1405	6	0x768	48	0	MSG+XA	809538cfbdb6	8000x1,8001x1
M_C14000.BIN	c1	0	1405	7	0x798	14	2	MSG	b8384985e0f4	8000x1
M_C14000.BIN	c1	0	1405	8	0x7b4	82	2	MSG+XA	98161cb1db27	8000x1,8001x2,8002x1
M_C14000.BIN	c1	1	8059	0	0x868	52	0	MSG	a4588a91769f	8000x1,8001x1
M_C14000.BIN	c1	2	8060	0	0x8fc	46	2	MSG	3af66ca0a7ca	8000x1,8001x1
M_C14000.BIN	c1	3	8061	0	0x980	76	0	MSG	6228b4b92ee3	8000x1,8001x2
M_C14100.BIN	c1	0	1405	0	0x650	80	0	MSG+XA	85ba25d10666	8000x1,8001x1,8002x1
M_C14100.BIN	c1	0	1405	1	0x6a0	12	0	MSG	18352bb30a26	8000x1
M_C14100.BIN	c1	0	1405	2	0x6b8	16	0	MSG+XA	5a1fe7099bbe	8000x1
M_C14100.BIN	c1	0	1405	3	0x6d4	50	2	MSG+XA	6c3433d4c569	8000x1,8001x1
M_C14100.BIN	c1	0	1405	4	0x714	40	0	MSG+XA	3e275d83b15d	8000x1,8001x1
M_C14100.BIN	c1	0	1405	5	0x748	20	0	MSG+XA	1866cfcb6290	8000x1
M_C14100.BIN	c1	0	1405	6	0x768	48	0	MSG+XA	809538cfbdb6	8000x1,8001x1
M_C14100.BIN	c1	0	1405	7	0x798	14	2	MSG	b8384985e0f4	8000x1
M_C14100.BIN	c1	0	1405	8	0x7b4	82	2	MSG+XA	98161cb1db27	8000x1,8001x2,8002x1
M_C14100.BIN	c1	1	8059	0	0x868	52	0	MSG	a4588a91769f	8000x1,8001x1
M_C14100.BIN	c1	2	8060	0	0x8fc	46	2	MSG	3af66ca0a7ca	8000x1,8001x1
M_C14100.BIN	c1	3	8061	0	0x980	76	0	MSG	6228b4b92ee3	8000x1,8001x2
M_C15000.BIN	c1	0	1506	0	0x2b8	24	0	MSG+XA	81333a186a49	8000x1
M_C15100.BIN	c1	0	1506	0	0x2b8	24	0	MSG+XA	81333a186a49	8000x1
M_C18000.BIN	c1	0	1406	0	0x668	50	2	MSG+XA	4581bbd2a652	8000x1,8001x1
M_C18000.BIN	c1	0	1406	1	0x6a8	48	0	MSG+XA	e225c1d448be	8000x1,8001x1
M_C18000.BIN	c1	0	1406	2	0x6e4	52	0	MSG+XA	6a6a89b6e910	8000x1,8001x1
M_C18000.BIN	c1	0	1406	3	0x724	28	0	MSG+XA	3efa13999021	8000x1
M_C18000.BIN	c1	0	1406	4	0x74c	94	2	MSG+XA	08a51644cf88	8000x1,8001x2,8002x1
M_C18000.BIN	c1	0	1406	5	0x7b8	28	0	MSG+XA	27da01ea09e7	8000x1
M_C18000.BIN	c1	0	1406	6	0x7e0	16	0	MSG+XA	c1788a33dbbc	8000x1
M_C18000.BIN	c1	0	1406	7	0x7fc	30	2	MSG+XA	8a4e88762181	8000x1
M_C18000.BIN	c1	0	1406	8	0x828	16	0	MSG+XA	bda842597f0f	8000x1
M_C18000.BIN	c1	0	1406	9	0x844	26	2	MSG+XA	12d3cba65228	8000x1
M_C18000.BIN	c1	0	1406	10	0x86c	24	0	MSG+XA	14403a907a27	8000x1
M_C18000.BIN	c1	0	1406	11	0x890	40	0	MSG+XA	c9c5ba5797e9	8000x1,8001x1
M_C18000.BIN	c1	0	1406	12	0x8c4	38	2	MSG+XA	f1a85dad11e8	8000x1,8001x1
M_C18000.BIN	c1	0	1406	13	0x8f8	30	2	MSG+XA	29064b858e39	8000x1
M_C18000.BIN	c1	0	1406	14	0x924	48	0	MSG+XA	bb137af1817b	8000x1,8001x1
M_C18100.BIN	c1	0	1406	0	0x6b0	50	2	MSG+XA	4581bbd2a652	8000x1,8001x1
M_C18100.BIN	c1	0	1406	1	0x6f0	48	0	MSG+XA	e225c1d448be	8000x1,8001x1
M_C18100.BIN	c1	0	1406	2	0x72c	52	0	MSG+XA	6a6a89b6e910	8000x1,8001x1
M_C18100.BIN	c1	0	1406	3	0x76c	28	0	MSG+XA	3efa13999021	8000x1
M_C18100.BIN	c1	0	1406	4	0x794	94	2	MSG+XA	08a51644cf88	8000x1,8001x2,8002x1
M_C18100.BIN	c1	0	1406	5	0x800	28	0	MSG+XA	27da01ea09e7	8000x1
M_C18100.BIN	c1	0	1406	6	0x828	16	0	MSG+XA	c1788a33dbbc	8000x1
M_C18100.BIN	c1	0	1406	7	0x844	30	2	MSG+XA	8a4e88762181	8000x1
M_C18100.BIN	c1	0	1406	8	0x870	16	0	MSG+XA	bda842597f0f	8000x1
M_C18100.BIN	c1	0	1406	9	0x88c	26	2	MSG+XA	12d3cba65228	8000x1
M_C18100.BIN	c1	0	1406	10	0x8b4	24	0	MSG+XA	14403a907a27	8000x1
M_C18100.BIN	c1	0	1406	11	0x8d8	40	0	MSG+XA	c9c5ba5797e9	8000x1,8001x1
M_C18100.BIN	c1	0	1406	12	0x90c	38	2	MSG+XA	f1a85dad11e8	8000x1,8001x1
M_C18100.BIN	c1	0	1406	13	0x940	30	2	MSG+XA	29064b858e39	8000x1
M_C18100.BIN	c1	0	1406	14	0x96c	48	0	MSG+XA	bb137af1817b	8000x1,8001x1
M_C18101.BIN	c1	0	1406	0	0x694	50	2	MSG+XA	4581bbd2a652	8000x1,8001x1
M_C18101.BIN	c1	0	1406	1	0x6d4	48	0	MSG+XA	e225c1d448be	8000x1,8001x1
M_C18101.BIN	c1	0	1406	2	0x710	52	0	MSG+XA	6a6a89b6e910	8000x1,8001x1
M_C18101.BIN	c1	0	1406	3	0x750	28	0	MSG+XA	3efa13999021	8000x1
M_C18101.BIN	c1	0	1406	4	0x778	94	2	MSG+XA	08a51644cf88	8000x1,8001x2,8002x1
M_C18101.BIN	c1	0	1406	5	0x7e4	28	0	MSG+XA	27da01ea09e7	8000x1
M_C18101.BIN	c1	0	1406	6	0x80c	16	0	MSG+XA	c1788a33dbbc	8000x1
M_C18101.BIN	c1	0	1406	7	0x828	30	2	MSG+XA	8a4e88762181	8000x1
M_C18101.BIN	c1	0	1406	8	0x854	16	0	MSG+XA	bda842597f0f	8000x1
M_C18101.BIN	c1	0	1406	9	0x870	26	2	MSG+XA	12d3cba65228	8000x1
M_C18101.BIN	c1	0	1406	10	0x898	24	0	MSG+XA	14403a907a27	8000x1
M_C18101.BIN	c1	0	1406	11	0x8bc	40	0	MSG+XA	c9c5ba5797e9	8000x1,8001x1
M_C18101.BIN	c1	0	1406	12	0x8f0	38	2	MSG+XA	f1a85dad11e8	8000x1,8001x1
M_C18101.BIN	c1	0	1406	13	0x924	30	2	MSG+XA	29064b858e39	8000x1
M_C18101.BIN	c1	0	1406	14	0x950	48	0	MSG+XA	bb137af1817b	8000x1,8001x1
M_D03000.BIN	c1	0	4020	0	0x36c	18	2	MSG+XA	0c3318d79692	8000x1
M_D03100.BIN	c1	0	4020	0	0x36c	18	2	MSG+XA	0c3318d79692	8000x1
M_D06000.BIN	c1	0	1706	0	0x370	78	2	MSG+XA	6693b67f79c8	8000x1,8001x2
M_D06000.BIN	c1	0	1706	1	0x3cc	44	0	MSG+XA	1a1da25263f1	8000x1,8001x1
M_D06000.BIN	c1	0	1706	2	0x404	80	0	MSG+XA	5877fe1f9c1e	8000x1,8001x2
M_D06000.BIN	c1	0	1706	3	0x460	46	2	MSG+XA	f4abfc5734b1	8000x1,8001x1
M_D06000.BIN	c1	0	1706	4	0x49c	50	2	MSG+XA	e9acbac4b403	8000x1,8001x1
M_D06000.BIN	c1	1	2305	1	0x600	120	0	MSG+XA	b8b45db5af10	8000x1,8001x3,8002x1
M_D06001.BIN	c1	0	2305	1	0x2e0	120	0	MSG+XA	b8b45db5af10	8000x1,8001x3,8002x1
M_D06100.BIN	c1	0	1706	0	0x370	78	2	MSG+XA	6693b67f79c8	8000x1,8001x2
M_D06100.BIN	c1	0	1706	1	0x3cc	44	0	MSG+XA	1a1da25263f1	8000x1,8001x1
M_D06100.BIN	c1	0	1706	2	0x404	80	0	MSG+XA	5877fe1f9c1e	8000x1,8001x2
M_D06100.BIN	c1	0	1706	3	0x460	46	2	MSG+XA	f4abfc5734b1	8000x1,8001x1
M_D06100.BIN	c1	0	1706	4	0x49c	50	2	MSG+XA	e9acbac4b403	8000x1,8001x1
M_D06100.BIN	c1	1	2305	1	0x600	120	0	MSG+XA	b8b45db5af10	8000x1,8001x3,8002x1
M_D06101.BIN	c1	0	2305	1	0x2e0	120	0	MSG+XA	b8b45db5af10	8000x1,8001x3,8002x1
M_D07000.BIN	c1	0	1960	0	0x9f8	18	2	MSG+XA	7d9343f2a011	8000x1
M_D07000.BIN	c1	0	1960	1	0xa18	56	0	MSG+XA	5d3fdb22f306	8000x1,8001x1
M_D07000.BIN	c1	0	1960	2	0xa5c	80	0	MSG+XA	114a7798c12e	8000x1,8001x2
M_D07000.BIN	c1	0	1960	3	0xab8	80	0	MSG+XA	1570d0b35271	8000x1,8001x1,8002x1
M_D07000.BIN	c1	0	1960	4	0xb14	26	2	MSG+XA	9d4cb196287e	8000x1
M_D07000.BIN	c1	0	1960	5	0xb3c	48	0	MSG+XA	216c2d9e9b80	8000x1,8001x1
M_D07000.BIN	c1	0	1960	6	0xb78	160	0	MSG+XA	cb1642881e1b	8000x1,8001x3,8002x2
M_D07000.BIN	c1	0	1960	7	0xc24	66	2	MSG+XA	d2191a6a37c0	8000x1,8001x2
M_D07000.BIN	c1	0	1960	8	0xc74	16	0	MSG+XA	3f8ef8b1f04a	8000x1
M_D07000.BIN	c1	0	1960	9	0xc90	40	0	MSG+XA	003196afce64	8000x1,8001x1
M_D07000.BIN	c1	0	1960	10	0xcc4	14	2	MSG+XA	bc31eadf9dbd	8000x1
M_D07000.BIN	c1	0	1960	11	0xce0	28	0	MSG+XA	e6afef73b6e1	8000x1
M_D07000.BIN	c1	1	1962	0	0xeec	48	0	MSG+XA	216c2d9e9b80	8000x1,8001x1
M_D07000.BIN	c1	1	1962	1	0xf28	160	0	MSG+XA	cb1642881e1b	8000x1,8001x3,8002x2
M_D07000.BIN	c1	1	1962	2	0xfd4	66	2	MSG+XA	d2191a6a37c0	8000x1,8001x2
M_D07000.BIN	c1	1	1962	3	0x1024	16	0	MSG+XA	3f8ef8b1f04a	8000x1
M_D07000.BIN	c1	1	1962	4	0x1040	40	0	MSG+XA	003196afce64	8000x1,8001x1
M_D07000.BIN	c1	1	1962	5	0x1074	14	2	MSG+XA	bc31eadf9dbd	8000x1
M_D07000.BIN	c1	1	1962	6	0x1090	28	0	MSG+XA	e6afef73b6e1	8000x1
M_D07000.BIN	c1	7	6105	0	0x14dc	46	2	MSG+XA	39ca15ac252a	8000x1,8001x1
M_D07000.BIN	c1	7	6105	1	0x1518	46	2	MSG+XA	39ca15ac252a	8000x1,8001x1
M_D07000.BIN	c1	7	6105	2	0x1554	140	0	MSG+XA	73e0d0e19d78	8000x1,8001x3,8002x2
M_D07000.BIN	c1	7	6105	3	0x15ec	72	0	MSG+XA	036c159becb5	8000x1,8001x1,8002x1
M_D07000.BIN	c1	13	6005	0	0x1a34	46	2	MSG+XA	39ca15ac252a	8000x1,8001x1
M_D07000.BIN	c1	13	6005	1	0x1a70	46	2	MSG+XA	39ca15ac252a	8000x1,8001x1
M_D07000.BIN	c1	13	6005	2	0x1aac	140	0	MSG+XA	73e0d0e19d78	8000x1,8001x3,8002x2
M_D07000.BIN	c1	13	6005	3	0x1b44	72	0	MSG+XA	036c159becb5	8000x1,8001x1,8002x1
M_D07000.BIN	c1	15	2160	0	0x1c98	72	0	MSG+XA	5112ea411b5e	8000x1,8001x2
M_D07000.BIN	c1	15	2160	1	0x1cec	34	2	MSG+XA	76253473f2a1	8000x1
M_D07000.BIN	c1	23	1961	0	0x1f18	98	2	MSG+XA	9c633640feac	8000x1,8001x2,8002x1
M_D07000.BIN	c1	24	8064	0	0x1fe0	58	2	MSG	272092dcdbc5	8000x1,8001x1
M_D07000.BIN	c1	25	8065	0	0x2080	60	0	MSG	a16c2dd886e8	8000x1,8001x1
M_D07100.BIN	c1	0	1960	0	0x994	18	2	MSG+XA	7d9343f2a011	8000x1
M_D07100.BIN	c1	0	1960	1	0x9b4	56	0	MSG+XA	5d3fdb22f306	8000x1,8001x1
M_D07100.BIN	c1	0	1960	2	0x9f8	80	0	MSG+XA	114a7798c12e	8000x1,8001x2
M_D07100.BIN	c1	0	1960	3	0xa54	80	0	MSG+XA	1570d0b35271	8000x1,8001x1,8002x1
M_D07100.BIN	c1	0	1960	4	0xab0	26	2	MSG+XA	9d4cb196287e	8000x1
M_D07100.BIN	c1	0	1960	5	0xad8	48	0	MSG+XA	216c2d9e9b80	8000x1,8001x1
M_D07100.BIN	c1	0	1960	6	0xb14	160	0	MSG+XA	cb1642881e1b	8000x1,8001x3,8002x2
M_D07100.BIN	c1	0	1960	7	0xbc0	66	2	MSG+XA	d2191a6a37c0	8000x1,8001x2
M_D07100.BIN	c1	0	1960	8	0xc10	16	0	MSG+XA	3f8ef8b1f04a	8000x1
M_D07100.BIN	c1	0	1960	9	0xc2c	40	0	MSG+XA	003196afce64	8000x1,8001x1
M_D07100.BIN	c1	0	1960	10	0xc60	14	2	MSG+XA	bc31eadf9dbd	8000x1
M_D07100.BIN	c1	0	1960	11	0xc7c	28	0	MSG+XA	e6afef73b6e1	8000x1
M_D07100.BIN	c1	1	1962	0	0xe88	48	0	MSG+XA	216c2d9e9b80	8000x1,8001x1
M_D07100.BIN	c1	1	1962	1	0xec4	160	0	MSG+XA	cb1642881e1b	8000x1,8001x3,8002x2
M_D07100.BIN	c1	1	1962	2	0xf70	66	2	MSG+XA	d2191a6a37c0	8000x1,8001x2
M_D07100.BIN	c1	1	1962	3	0xfc0	16	0	MSG+XA	3f8ef8b1f04a	8000x1
M_D07100.BIN	c1	1	1962	4	0xfdc	40	0	MSG+XA	003196afce64	8000x1,8001x1
M_D07100.BIN	c1	1	1962	5	0x1010	14	2	MSG+XA	bc31eadf9dbd	8000x1
M_D07100.BIN	c1	1	1962	6	0x102c	28	0	MSG+XA	e6afef73b6e1	8000x1
M_D07100.BIN	c1	7	6105	0	0x1478	46	2	MSG+XA	39ca15ac252a	8000x1,8001x1
M_D07100.BIN	c1	7	6105	1	0x14b4	46	2	MSG+XA	39ca15ac252a	8000x1,8001x1
M_D07100.BIN	c1	7	6105	2	0x14f0	140	0	MSG+XA	73e0d0e19d78	8000x1,8001x3,8002x2
M_D07100.BIN	c1	7	6105	3	0x1588	72	0	MSG+XA	036c159becb5	8000x1,8001x1,8002x1
M_D07100.BIN	c1	13	6005	0	0x19d0	46	2	MSG+XA	39ca15ac252a	8000x1,8001x1
M_D07100.BIN	c1	13	6005	1	0x1a0c	46	2	MSG+XA	39ca15ac252a	8000x1,8001x1
M_D07100.BIN	c1	13	6005	2	0x1a48	140	0	MSG+XA	73e0d0e19d78	8000x1,8001x3,8002x2
M_D07100.BIN	c1	13	6005	3	0x1ae0	72	0	MSG+XA	036c159becb5	8000x1,8001x1,8002x1
M_D07100.BIN	c1	15	2160	0	0x1c34	72	0	MSG+XA	5112ea411b5e	8000x1,8001x2
M_D07100.BIN	c1	15	2160	1	0x1c88	34	2	MSG+XA	76253473f2a1	8000x1
M_D07100.BIN	c1	23	1961	0	0x1eb4	98	2	MSG+XA	9c633640feac	8000x1,8001x2,8002x1
M_D07100.BIN	c1	24	8064	0	0x1f7c	58	2	MSG	272092dcdbc5	8000x1,8001x1
M_D07100.BIN	c1	25	8065	0	0x201c	60	0	MSG	a16c2dd886e8	8000x1,8001x1
M_D10000.BIN	c1	0	4024	0	0x7f0	22	2	MSG+XA	f6f2c7f6c080	8000x1
M_D10000.BIN	c1	0	4024	1	0x814	18	2	MSG+XA	b5385fa69b02	8000x1
M_D10000.BIN	c1	0	4024	2	0x834	122	2	MSG+XA	36967e5b16fe	8000x1,8001x2,8002x2
M_D10000.BIN	c1	0	4024	3	0x8bc	94	2	MSG+XA	df0cac6548ab	8000x1,8001x2,8002x1
M_D10000.BIN	c1	0	4024	4	0x928	110	2	MSG+XA	7ec7d62f3078	8000x1,8001x2,8002x1
M_D10000.BIN	c1	1	4060	0	0xc50	22	2	MSG+XA	f6f2c7f6c080	8000x1
M_D10000.BIN	c1	1	4060	2	0xc80	18	2	MSG+XA	b5385fa69b02	8000x1
M_D10100.BIN	c1	0	4024	0	0x7f0	22	2	MSG+XA	f6f2c7f6c080	8000x1
M_D10100.BIN	c1	0	4024	1	0x814	18	2	MSG+XA	b5385fa69b02	8000x1
M_D10100.BIN	c1	0	4024	2	0x834	122	2	MSG+XA	36967e5b16fe	8000x1,8001x2,8002x2
M_D10100.BIN	c1	0	4024	3	0x8bc	94	2	MSG+XA	df0cac6548ab	8000x1,8001x2,8002x1
M_D10100.BIN	c1	0	4024	4	0x928	110	2	MSG+XA	7ec7d62f3078	8000x1,8001x2,8002x1
M_D10100.BIN	c1	1	4060	0	0xc50	22	2	MSG+XA	f6f2c7f6c080	8000x1
M_D10100.BIN	c1	1	4060	2	0xc80	18	2	MSG+XA	b5385fa69b02	8000x1
M_D11000.BIN	c1	0	1707	0	0x21c	96	0	MSG+XA	f2b2573cc424	8000x1,8001x1,8002x2
M_D11001.BIN	c1	0	1707	0	0x27c	96	0	MSG+XA	f2b2573cc424	8000x1,8001x1,8002x2
M_D11100.BIN	c1	0	1707	0	0x224	96	0	MSG+XA	f2b2573cc424	8000x1,8001x1,8002x2
M_D14000.BIN	c1	0	4036	0	0x544	26	2	MSG+XA	e1e3bcaebb3d	8000x1
M_D14000.BIN	c1	0	4036	1	0x56c	26	2	MSG+XA	9228c190bde9	8000x1
M_D14000.BIN	c1	0	4036	2	0x588	30	2	SEL2.1	594bde067157	8001x2
M_D14000.BIN	c1	0	4036	3	0x5b4	20	0	MSG+XA	0f3154afa6cc	8000x1
M_D14100.BIN	c1	0	4036	0	0x544	26	2	MSG+XA	e1e3bcaebb3d	8000x1
M_D14100.BIN	c1	0	4036	1	0x56c	26	2	MSG+XA	9228c190bde9	8000x1
M_D14100.BIN	c1	0	4036	2	0x588	30	2	SEL2.1	594bde067157	8001x2
M_D14100.BIN	c1	0	4036	3	0x5b4	20	0	MSG+XA	0f3154afa6cc	8000x1
M_D16000.BIN	c1	0	2506	0	0x490	74	2	MSG+XA	071337f8342e	8000x1,8001x2
M_D16000.BIN	c1	1	405	0	0x7ac	112	0	MSG+XA	3c1116e2a53a	8000x1,8001x3,8002x1
M_D16000.BIN	c1	1	405	1	0x828	18	2	MSG+XA	fe24ef3518a0	8000x1
M_D16000.BIN	c1	1	405	2	0x848	24	0	MSG+XA	cf7db3fa392d	8000x1
M_D16000.BIN	c1	1	405	3	0x86c	18	2	MSG+XA	fe24ef3518a0	8000x1
M_D16000.BIN	c1	1	405	4	0x88c	36	0	MSG+XA	c95fafc0bd7e	8000x1,8001x1
M_D16000.BIN	c1	1	405	6	0x8c8	44	0	MSG+XA	589701cc6adf	8000x1,8001x1
M_D16000.BIN	c1	1	405	7	0x900	138	2	MSG+XA	762fbccddd28	8000x1,8001x3,8002x1
M_D16000.BIN	c1	2	2505	0	0xb30	18	2	MSG+XA	a6b3e5d25dbf	8000x1
M_D16000.BIN	c1	2	2505	1	0xb50	176	0	MSG+XA	7c9e9721c555	8000x1,8001x4,8002x2
M_D16000.BIN	c1	2	2505	2	0xc0c	260	0	MSG+XA	79d78959a822	8000x1,8001x6,8002x4
M_D16000.BIN	c1	2	2505	3	0xd1c	180	0	MSG+XA	d77036705a8e	8000x1,8001x4,8002x2
M_D16100.BIN	c1	0	2506	0	0x49c	74	2	MSG+XA	071337f8342e	8000x1,8001x2
M_D16100.BIN	c1	1	405	0	0x7b8	112	0	MSG+XA	3c1116e2a53a	8000x1,8001x3,8002x1
M_D16100.BIN	c1	1	405	1	0x834	18	2	MSG+XA	fe24ef3518a0	8000x1
M_D16100.BIN	c1	1	405	2	0x854	24	0	MSG+XA	cf7db3fa392d	8000x1
M_D16100.BIN	c1	1	405	3	0x878	18	2	MSG+XA	fe24ef3518a0	8000x1
M_D16100.BIN	c1	1	405	4	0x898	36	0	MSG+XA	c95fafc0bd7e	8000x1,8001x1
M_D16100.BIN	c1	1	405	6	0x8d4	44	0	MSG+XA	589701cc6adf	8000x1,8001x1
M_D16100.BIN	c1	1	405	7	0x90c	138	2	MSG+XA	762fbccddd28	8000x1,8001x3,8002x1
M_D16100.BIN	c1	2	2505	0	0xb3c	18	2	MSG+XA	a6b3e5d25dbf	8000x1
M_D16100.BIN	c1	2	2505	1	0xb5c	176	0	MSG+XA	7c9e9721c555	8000x1,8001x4,8002x2
M_D16100.BIN	c1	2	2505	2	0xc18	260	0	MSG+XA	79d78959a822	8000x1,8001x6,8002x4
M_D16100.BIN	c1	2	2505	3	0xd28	180	0	MSG+XA	d77036705a8e	8000x1,8001x4,8002x2
M_E02000.BIN	c1	0	1754	0	0x908	42	2	MSG+XA	4cf3ae4d9379	8000x1,8001x1
M_E02000.BIN	c1	0	1754	1	0x940	42	2	MSG+XA	20cf5f0cf093	8000x1,8001x1
M_E02000.BIN	c1	0	1754	2	0x978	68	0	MSG+XA	cbeee9f6c25d	8000x1,8001x2
M_E02000.BIN	c1	0	1754	3	0x9c8	28	0	MSG+XA	790e81f4ef1c	8000x1
M_E02000.BIN	c1	0	1754	4	0x9f0	60	0	MSG+XA	184ace655a2b	8000x1,8001x1
M_E02000.BIN	c1	0	1754	5	0xa38	82	2	MSG+XA	40aacd059320	8000x1,8001x2
M_E02000.BIN	c1	0	1754	6	0xa98	30	2	MSG+XA	f16b360cf5e6	8000x1
M_E02000.BIN	c1	0	1754	7	0xac4	76	0	MSG+XA	f5cb5a2b80d3	8000x1,8001x2
M_E02000.BIN	c1	0	1754	8	0xb1c	18	2	MSG+XA	cee91888b952	8000x1
M_E02000.BIN	c1	0	1754	9	0xb3c	86	2	MSG+XA	b03066fce7ba	8000x1,8001x2
M_E02000.BIN	c1	0	1754	10	0xba0	42	2	MSG+XA	9c520d922cdd	8000x1,8001x1
M_E02000.BIN	c1	0	1754	11	0xbd8	32	0	MSG+XA	f7e044338c48	8000x1
M_E02100.BIN	c1	0	1754	0	0x8e0	42	2	MSG+XA	4cf3ae4d9379	8000x1,8001x1
M_E02100.BIN	c1	0	1754	1	0x918	42	2	MSG+XA	20cf5f0cf093	8000x1,8001x1
M_E02100.BIN	c1	0	1754	2	0x950	68	0	MSG+XA	cbeee9f6c25d	8000x1,8001x2
M_E02100.BIN	c1	0	1754	3	0x9a0	28	0	MSG+XA	790e81f4ef1c	8000x1
M_E02100.BIN	c1	0	1754	4	0x9c8	60	0	MSG+XA	184ace655a2b	8000x1,8001x1
M_E02100.BIN	c1	0	1754	5	0xa10	82	2	MSG+XA	40aacd059320	8000x1,8001x2
M_E02100.BIN	c1	0	1754	6	0xa70	30	2	MSG+XA	f16b360cf5e6	8000x1
M_E02100.BIN	c1	0	1754	7	0xa9c	76	0	MSG+XA	f5cb5a2b80d3	8000x1,8001x2
M_E02100.BIN	c1	0	1754	8	0xaf4	18	2	MSG+XA	cee91888b952	8000x1
M_E02100.BIN	c1	0	1754	9	0xb14	86	2	MSG+XA	b03066fce7ba	8000x1,8001x2
M_E02100.BIN	c1	0	1754	10	0xb78	42	2	MSG+XA	9c520d922cdd	8000x1,8001x1
M_E02100.BIN	c1	0	1754	11	0xbb0	32	0	MSG+XA	f7e044338c48	8000x1
M_E08000.BIN	c1	0	2405	0	0x458	76	0	MSG+XA	46c058000d17	8000x1,8001x1,8002x1
M_E08100.BIN	c1	0	2405	0	0x458	76	0	MSG+XA	46c058000d17	8000x1,8001x1,8002x1
M_G01000.BIN	c1	1	22	0	0x574	48	0	SEL3.3	a254fe09c3d7	8001x3
M_G01000.BIN	c1	2	670	0	0x7bc	20	0	MSG	8741d6905dda	8000x1
M_G01000.BIN	c1	2	670	1	0x7d0	24	0	MSG	f7df61a9927b	8000x1
M_G01000.BIN	c1	3	2006	0	0xcd4	94	2	MSG+XA	523990638c46	8000x1,8001x2,8002x1
M_G01000.BIN	c1	3	2006	1	0xd40	126	2	MSG+XA	03447bbae25f	8000x1,8001x3,8002x1
M_G01000.BIN	c1	3	2006	2	0xdcc	462	2	MSG+XA	39f92343d32a	8000x1,8001x11,8002x7
M_G01000.BIN	c1	3	2006	3	0xfa8	80	0	MSG+XA	94429ca69fa1	8000x1,8001x2
M_G01000.BIN	c1	3	2006	4	0x1004	236	0	MSG+XA	9933b61c2af0	8000x1,8001x5,8002x3
M_G01000.BIN	c1	3	2006	5	0x10fc	92	0	MSG+XA	9b3fd325de44	8000x1,8001x2,8002x1
M_G01000.BIN	c1	3	2006	6	0x1164	42	2	MSG+XA	2527b564a6ec	8000x1,8001x1
M_G01000.BIN	c1	3	2006	7	0x119c	140	0	MSG+XA	852e01320b02	8000x1,8001x3,8002x1
M_G01000.BIN	c1	3	2006	8	0x1234	30	2	MSG+XA	c2b5897f5e9a	8000x1
M_G01000.BIN	c1	3	2006	9	0x1254	14	2	MSG	e2825a9dd04a	8000x1
M_G01000.BIN	c1	3	2006	10	0x1270	44	0	MSG+XA	58da73b56863	8000x1,8001x1
M_G01000.BIN	c1	3	2006	11	0x12a8	24	0	MSG+XA	5a7773fe812c	8000x1
M_G01000.BIN	c1	3	2006	12	0x12cc	356	0	MSG+XA	8e7254c02627	8000x1,8001x8,8002x4
M_G01000.BIN	c1	3	2006	13	0x143c	46	2	MSG+XA	7b80739637d7	8000x1,8001x1
M_G01003.BIN	c1	1	22	0	0x590	48	0	SEL3.3	a254fe09c3d7	8001x3
M_G01003.BIN	c1	2	670	0	0x7d8	20	0	MSG	8741d6905dda	8000x1
M_G01003.BIN	c1	2	670	1	0x7ec	24	0	MSG	f7df61a9927b	8000x1
M_G01004.BIN	c1	1	22	0	0x590	48	0	SEL3.3	a254fe09c3d7	8001x3
M_G01004.BIN	c1	2	670	0	0x7d8	20	0	MSG	8741d6905dda	8000x1
M_G01004.BIN	c1	2	670	1	0x7ec	24	0	MSG	f7df61a9927b	8000x1
M_G01100.BIN	c1	1	22	0	0x574	48	0	SEL3.3	a254fe09c3d7	8001x3
M_G01100.BIN	c1	2	3003	0	0x674	44	0	MSG+XA	a7c29c679980	8000x1,8001x1
M_G01100.BIN	c1	2	3003	1	0x6a0	14	2	MSG	a4aafa9870de	8000x1
M_G01100.BIN	c1	3	670	0	0x8c8	20	0	MSG	8741d6905dda	8000x1
M_G01100.BIN	c1	3	670	1	0x8dc	24	0	MSG	f7df61a9927b	8000x1
M_G01100.BIN	c1	4	412	0	0xa00	418	2	MSG+XA	ac133e0480b1	8000x1,8001x9,8002x6
M_G01100.BIN	c1	4	412	1	0xbb0	134	2	MSG+XA	8f40633f230f	8000x1,8001x2,8002x2
M_G01102.BIN	c1	1	22	0	0x5ac	48	0	SEL3.3	a254fe09c3d7	8001x3
M_G01102.BIN	c1	2	2212	0	0x6bc	62	2	MSG+XA	810ac7afe0f8	8000x1,8001x1
M_G01102.BIN	c1	2	2212	1	0x708	108	0	MSG+XA	acbbd08c757d	8000x1,8001x2,8002x2
M_G01102.BIN	c1	2	2212	2	0x780	48	0	MSG+XA	95dfdb946b60	8000x1,8001x1
M_G01102.BIN	c1	3	3003	0	0x880	44	0	MSG+XA	a7c29c679980	8000x1,8001x1
M_G01102.BIN	c1	3	3003	1	0x8ac	14	2	MSG	a4aafa9870de	8000x1
M_G01102.BIN	c1	4	670	0	0xad4	20	0	MSG	8741d6905dda	8000x1
M_G01102.BIN	c1	4	670	1	0xae8	24	0	MSG	f7df61a9927b	8000x1
M_G01103.BIN	c1	1	22	0	0x868	48	0	SEL3.3	a254fe09c3d7	8001x3
M_G01103.BIN	c1	2	3003	0	0x968	44	0	MSG+XA	a7c29c679980	8000x1,8001x1
M_G01103.BIN	c1	2	3003	1	0x994	14	2	MSG	a4aafa9870de	8000x1
M_G01103.BIN	c1	3	670	0	0xbbc	20	0	MSG	8741d6905dda	8000x1
M_G01103.BIN	c1	3	670	1	0xbd0	24	0	MSG	f7df61a9927b	8000x1
M_G01200.BIN	c1	1	22	0	0x94c	48	0	SEL3.3	a254fe09c3d7	8001x3
M_G01200.BIN	c1	2	670	0	0xb94	20	0	MSG	8741d6905dda	8000x1
M_G01200.BIN	c1	2	670	1	0xba8	24	0	MSG	f7df61a9927b	8000x1
M_G01200.BIN	c1	3	2906	0	0xe00	54	2	MSG+XA	ea50ca51149b	8000x1,8001x1
M_G01200.BIN	c1	3	2906	1	0xe44	58	2	MSG+XA	ee8e3a4f3e03	8000x1,8001x1,8002x1
M_G01200.BIN	c1	3	2906	2	0xe8c	30	2	MSG+XA	a867b0351d72	8000x1
M_G01201.BIN	c1	1	22	0	0x5f0	48	0	SEL3.3	a254fe09c3d7	8001x3
M_G01201.BIN	c1	2	406	0	0xaec	30	2	MSG+XA	e064223594ac	8000x1
M_G01201.BIN	c1	2	406	1	0xb18	48	0	MSG+XA	093bee00582f	8000x1,8001x1
M_G01201.BIN	c1	2	406	2	0xb54	270	2	MSG+XA	5c1bccd7ed6d	8000x1,8001x6,8002x4
M_G01201.BIN	c1	2	406	3	0xc70	52	0	MSG+XA	4859d278f605	8000x1,8001x1
M_G01201.BIN	c1	2	406	4	0xcb0	12	0	MSG+XA	1b6df8e2cb28	8000x1
M_G01201.BIN	c1	2	406	5	0xcc8	218	2	MSG+XA	749e7e9d4162	8000x1,8001x6,8002x2
M_G01201.BIN	c1	2	406	6	0xdb0	72	0	MSG+XA	82da86e4f369	8000x1,8001x1,8002x1
M_G01201.BIN	c1	2	406	7	0xe04	38	2	MSG+XA	83379c1b48cf	8000x1,8001x1
M_G01201.BIN	c1	2	406	8	0xe38	32	0	MSG+XA	78a38f41f08b	8000x1
M_G01201.BIN	c1	2	406	9	0xe64	44	0	MSG+XA	dc9d9533ec65	8000x1,8001x1
M_G01201.BIN	c1	2	406	10	0xe9c	72	0	MSG+XA	2e602e4870ef	8000x1,8001x2
M_G01201.BIN	c1	2	406	11	0xef0	56	0	MSG+XA	55c9ae7b1fc1	8000x1,8001x1
M_G01201.BIN	c1	2	406	12	0xf34	30	2	MSG+XA	57ca44933fcf	8000x1
M_G01201.BIN	c1	2	406	13	0xf60	12	0	MSG+XA	1b6df8e2cb28	8000x1
M_G01201.BIN	c1	2	406	14	0xf78	44	0	MSG+XA	3d8afaf877d8	8000x1,8001x1
M_G01201.BIN	c1	3	670	0	0x11bc	20	0	MSG	8741d6905dda	8000x1
M_G01201.BIN	c1	3	670	1	0x11d0	24	0	MSG	f7df61a9927b	8000x1
M_G01201.BIN	c1	4	412	0	0x12f4	418	2	MSG+XA	ac133e0480b1	8000x1,8001x9,8002x6
M_G01201.BIN	c1	4	412	1	0x14a4	134	2	MSG+XA	8f40633f230f	8000x1,8001x2,8002x2
M_G01201.BIN	c1	5	122	0	0x15d0	272	0	MSG+XA	0b9342205102	8000x1,8001x6,8002x3
M_G01201.BIN	c1	6	4028	0	0x18d4	34	2	MSG+XA	5add1e4be267	8000x1
M_G01201.BIN	c1	6	4028	2	0x1910	30	2	MSG+XA	1b8b4c83ac58	8000x1
M_G01201.BIN	c1	6	4028	4	0x1948	32	0	MSG+XA	d4430273f8de	8000x1
M_G01201.BIN	c1	6	4028	5	0x1974	116	0	MSG+XA	b66a94dbcdd0	8000x1,8001x2,8002x1
M_G01201.BIN	c1	6	4028	6	0x19f4	104	0	MSG+XA	c34b02b9aa47	8000x1,8001x2,8002x1
M_G01201.BIN	c1	6	4028	7	0x1a68	100	0	MSG+XA	3607eb6c4fa5	8000x1,8001x2,8002x1
M_G01201.BIN	c1	6	4028	8	0x1ad8	96	0	MSG+XA	c6d5758438d5	8000x1,8001x2,8002x1
M_G01201.BIN	c1	6	4028	9	0x1b44	96	0	MSG+XA	ef4a3a050693	8000x1,8001x2,8002x1
M_G01201.BIN	c1	6	4028	10	0x1bb0	88	0	MSG+XA	0525532366c9	8000x1,8001x1,8002x1
M_G01201.BIN	c1	6	4028	11	0x1c14	112	0	MSG+XA	5d9a12b3de9f	8000x1,8001x2,8002x1
M_G01201.BIN	c1	6	4028	12	0x1c90	114	2	MSG+XA	4cf87c5e7ae3	8000x1,8001x2,8002x1
M_G01201.BIN	c1	6	4028	13	0x1d10	114	2	MSG+XA	276f497b4b4e	8000x1,8001x2,8002x1
M_G01201.BIN	c1	6	4028	14	0x1d90	118	2	MSG+XA	475581395419	8000x1,8001x2,8002x1
M_G01201.BIN	c1	6	4028	15	0x1e14	108	0	MSG+XA	056700bdba85	8000x1,8001x2,8002x1
M_G01201.BIN	c1	6	4028	16	0x1e8c	110	2	MSG+XA	d08d89bfb03b	8000x1,8001x2,8002x1
M_G01201.BIN	c1	6	4028	17	0x1f08	102	2	MSG+XA	be93625b06c4	8000x1,8001x2,8002x1
M_G01202.BIN	c1	1	22	0	0x594	48	0	SEL3.3	a254fe09c3d7	8001x3
M_G01202.BIN	c1	2	670	0	0x7dc	20	0	MSG	8741d6905dda	8000x1
M_G01202.BIN	c1	2	670	1	0x7f0	24	0	MSG	f7df61a9927b	8000x1
M_G01202.BIN	c1	3	4028	0	0x9fc	34	2	MSG+XA	5add1e4be267	8000x1
M_G01202.BIN	c1	3	4028	2	0xa38	30	2	MSG+XA	1b8b4c83ac58	8000x1
M_G01202.BIN	c1	3	4028	4	0xa70	32	0	MSG+XA	d4430273f8de	8000x1
M_G01202.BIN	c1	3	4028	5	0xa9c	116	0	MSG+XA	b66a94dbcdd0	8000x1,8001x2,8002x1
M_G01202.BIN	c1	3	4028	6	0xb1c	104	0	MSG+XA	c34b02b9aa47	8000x1,8001x2,8002x1
M_G01202.BIN	c1	3	4028	7	0xb90	100	0	MSG+XA	3607eb6c4fa5	8000x1,8001x2,8002x1
M_G01202.BIN	c1	3	4028	8	0xc00	96	0	MSG+XA	c6d5758438d5	8000x1,8001x2,8002x1
M_G01202.BIN	c1	3	4028	9	0xc6c	96	0	MSG+XA	ef4a3a050693	8000x1,8001x2,8002x1
M_G01202.BIN	c1	3	4028	10	0xcd8	88	0	MSG+XA	0525532366c9	8000x1,8001x1,8002x1
M_G01202.BIN	c1	3	4028	11	0xd3c	112	0	MSG+XA	5d9a12b3de9f	8000x1,8001x2,8002x1
M_G01202.BIN	c1	3	4028	12	0xdb8	114	2	MSG+XA	4cf87c5e7ae3	8000x1,8001x2,8002x1
M_G01202.BIN	c1	3	4028	13	0xe38	114	2	MSG+XA	276f497b4b4e	8000x1,8001x2,8002x1
M_G01202.BIN	c1	3	4028	14	0xeb8	118	2	MSG+XA	475581395419	8000x1,8001x2,8002x1
M_G01202.BIN	c1	3	4028	15	0xf3c	108	0	MSG+XA	056700bdba85	8000x1,8001x2,8002x1
M_G01202.BIN	c1	3	4028	16	0xfb4	110	2	MSG+XA	d08d89bfb03b	8000x1,8001x2,8002x1
M_G01202.BIN	c1	3	4028	17	0x1030	102	2	MSG+XA	be93625b06c4	8000x1,8001x2,8002x1
M_G01202.BIN	c1	4	2212	0	0x1178	62	2	MSG+XA	810ac7afe0f8	8000x1,8001x1
M_G01202.BIN	c1	4	2212	1	0x11c4	108	0	MSG+XA	acbbd08c757d	8000x1,8001x2,8002x2
M_G01202.BIN	c1	4	2212	2	0x123c	48	0	MSG+XA	95dfdb946b60	8000x1,8001x1
M_G02000.BIN	c1	1	8050	0	0x854	50	2	MSG	5257d015c3bd	8000x1,8001x1
M_G02000.BIN	c1	2	8000	0	0x8d4	46	2	MSG	9743fa149b31	8000x1,8001x1
M_G02000.BIN	c1	3	8001	0	0x950	64	0	MSG	46b4790ae2f7	8000x1,8001x1
M_G02000.BIN	c1	4	8002	0	0x9dc	50	2	MSG	2841145cbdc1	8000x1,8001x1
M_G02000.BIN	c1	25	7	0	0x11c0	28	0	MSG+XA	8ab021bdd3c9	8000x1
M_G02000.BIN	c1	25	7	1	0x11e8	24	0	MSG+XA	7c74877dc4cd	8000x1
M_G02001.BIN	c1	1	8050	0	0x66c	50	2	MSG	5257d015c3bd	8000x1,8001x1
M_G02001.BIN	c1	2	8000	0	0x6ec	46	2	MSG	9743fa149b31	8000x1,8001x1
M_G02001.BIN	c1	3	8001	0	0x768	64	0	MSG	46b4790ae2f7	8000x1,8001x1
M_G02001.BIN	c1	4	8002	0	0x7f4	50	2	MSG	2841145cbdc1	8000x1,8001x1
M_G02001.BIN	c1	6	1901	0	0xb18	28	0	MSG+XA	24c1910fe04c	8000x1
M_G02001.BIN	c1	6	1901	1	0xb40	20	0	MSG+XA	c12b45c41501	8000x1
M_G02001.BIN	c1	6	1901	2	0xb60	174	2	MSG+XA	109c0f4aeba3	8000x1,8001x4,8002x2
M_G02001.BIN	c1	6	1901	3	0xc1c	16	0	MSG+XA	2781599e86bc	8000x1
M_G02001.BIN	c1	6	1901	4	0xc38	32	0	MSG+XA	a1832e76d30f	8000x1
M_G02001.BIN	c1	6	1901	5	0xc64	20	0	MSG+XA	d038dc769743	8000x1
M_G02001.BIN	c1	7	3101	0	0xf50	78	2	MSG+XA	20785c0fd9bc	8000x1,8001x2
M_G02001.BIN	c1	7	3101	1	0xfac	22	2	MSG+XA	33e45da7adeb	8000x1
M_G02001.BIN	c1	7	3101	2	0xfd0	50	2	MSG+XA	659a53464ef5	8000x1,8001x1
M_G02001.BIN	c1	7	3101	3	0x1010	22	2	MSG+XA	0436c15051f5	8000x1
M_G02001.BIN	c1	7	3101	4	0x1034	24	0	MSG+XA	1e1c2ebb177e	8000x1
M_G02001.BIN	c1	7	3101	5	0x1058	20	0	MSG+XA	29114673dcf4	8000x1
M_G02001.BIN	c1	7	3101	6	0x1078	26	2	MSG+XA	4125c223b9ed	8000x1
M_G02001.BIN	c1	7	3101	7	0x10a0	32	0	MSG+XA	a1832e76d30f	8000x1
M_G02001.BIN	c1	7	3101	8	0x10cc	20	0	MSG+XA	d038dc769743	8000x1
M_G02001.BIN	c1	8	701	0	0x140c	76	0	MSG+XA	4a4168df1252	8000x1,8001x1,8002x1
M_G02001.BIN	c1	8	701	1	0x1464	52	0	MSG+XA	cc7b0226aabd	8000x1,8001x1
M_G02001.BIN	c1	8	701	2	0x14a4	24	0	MSG+XA	f6520d2d95f8	8000x1
M_G02001.BIN	c1	8	701	3	0x14c8	210	2	MSG+XA	2d75847c1aeb	8000x1,8001x5,8002x3
M_G02001.BIN	c1	8	701	4	0x15a8	44	0	MSG+XA	3873c80e18de	8000x1,8001x1
M_G02001.BIN	c1	8	701	5	0x15e0	138	2	MSG+XA	58b053dd62c3	8000x1,8001x3,8002x1
M_G02001.BIN	c1	8	701	6	0x1678	26	2	MSG+XA	570064594c3b	8000x1
M_G02001.BIN	c1	8	701	7	0x16a0	32	0	MSG+XA	a1832e76d30f	8000x1
M_G02001.BIN	c1	8	701	8	0x16cc	20	0	MSG+XA	d038dc769743	8000x1
M_G02001.BIN	c1	9	2401	0	0x1ba0	14	2	MSG+XA	74125f50b51e	8000x1
M_G02001.BIN	c1	9	2401	1	0x1bbc	20	0	MSG+XA	293b4480742c	8000x1
M_G02001.BIN	c1	9	2401	2	0x1bdc	54	2	MSG+XA	782a0ef9d7ae	8000x1,8001x1
M_G02001.BIN	c1	9	2401	3	0x1c20	20	0	MSG+XA	33300640092c	8000x1
M_G02001.BIN	c1	9	2401	4	0x1c40	52	0	MSG+XA	e1c3d1762d4e	8000x1,8001x1
M_G02001.BIN	c1	9	2401	5	0x1c80	32	0	MSG+XA	e423f09f98c0	8000x1
M_G02001.BIN	c1	9	2401	6	0x1cac	70	2	MSG+XA	e4a0921200d6	8000x1,8001x2
M_G02001.BIN	c1	9	2401	7	0x1d00	14	2	MSG+XA	2388e02548e1	8000x1
M_G02001.BIN	c1	9	2401	8	0x1d1c	24	0	MSG+XA	401cb64e4537	8000x1
M_G02001.BIN	c1	9	2401	9	0x1d40	22	2	MSG+XA	5bf973d3d1a6	8000x1
M_G02001.BIN	c1	9	2401	10	0x1d64	98	2	MSG+XA	4b092848e4d7	8000x1,8001x2,8002x1
M_G02001.BIN	c1	9	2401	11	0x1dd4	40	0	MSG+XA	5954a44c1709	8000x1,8001x1
M_G02001.BIN	c1	9	2401	12	0x1e08	38	2	MSG+XA	dc4db4704f46	8000x1,8001x1
M_G02001.BIN	c1	9	2401	13	0x1e3c	38	2	MSG+XA	494726feb90b	8000x1,8001x1
M_G02001.BIN	c1	9	2401	14	0x1e70	32	0	MSG+XA	23cb13091b5d	8000x1
M_G02001.BIN	c1	9	2401	15	0x1e9c	18	2	MSG+XA	ce5be415bfcd	8000x1
M_G02001.BIN	c1	9	2401	16	0x1ebc	16	0	MSG+XA	be31631fd456	8000x1
M_G02001.BIN	c1	9	2401	17	0x1ed8	32	0	MSG+XA	a1832e76d30f	8000x1
M_G02001.BIN	c1	9	2401	18	0x1f04	20	0	MSG+XA	d038dc769743	8000x1
M_G02001.BIN	c1	10	6	0	0x20a0	32	0	MSG+XA	a1832e76d30f	8000x1
M_G02001.BIN	c1	10	6	1	0x20cc	20	0	MSG+XA	d038dc769743	8000x1
M_G02002.BIN	c1	1	8050	0	0x688	50	2	MSG	5257d015c3bd	8000x1,8001x1
M_G02002.BIN	c1	2	8000	0	0x708	46	2	MSG	9743fa149b31	8000x1,8001x1
M_G02002.BIN	c1	3	8001	0	0x784	64	0	MSG	46b4790ae2f7	8000x1,8001x1
M_G02002.BIN	c1	4	8002	0	0x810	50	2	MSG	2841145cbdc1	8000x1,8001x1
M_G02003.BIN	c1	1	8050	0	0x66c	50	2	MSG	5257d015c3bd	8000x1,8001x1
M_G02003.BIN	c1	2	8000	0	0x6ec	46	2	MSG	9743fa149b31	8000x1,8001x1
M_G02003.BIN	c1	3	8001	0	0x768	64	0	MSG	46b4790ae2f7	8000x1,8001x1
M_G02003.BIN	c1	4	8002	0	0x7f4	50	2	MSG	2841145cbdc1	8000x1,8001x1
M_G02003.BIN	c1	6	301	0	0xb64	96	0	MSG+XA	8fc9dae89c7b	8000x1,8001x2,8002x1
M_G02003.BIN	c1	6	301	1	0xbd0	48	0	MSG+XA	85a70f50ea18	8000x1,8001x1
M_G02003.BIN	c1	6	301	2	0xc0c	46	2	MSG+XA	31579182cc23	8000x1,8001x1
M_G02003.BIN	c1	6	301	3	0xc48	76	0	MSG+XA	61300f6043bb	8000x1,8001x2
M_G02003.BIN	c1	6	301	4	0xca0	50	2	MSG+XA	362bec4683a1	8000x1,8001x1
M_G02003.BIN	c1	6	301	5	0xce0	32	0	MSG+XA	a1832e76d30f	8000x1
M_G02003.BIN	c1	6	301	6	0xd0c	20	0	MSG+XA	d038dc769743	8000x1
M_G02003.BIN	c1	7	1101	0	0xfb8	126	2	MSG+XA	83cc1fb80181	8000x1,8001x3,8002x1
M_G02003.BIN	c1	7	1101	1	0x1044	44	0	MSG+XA	9bf3c2fff744	8000x1,8001x1
M_G02003.BIN	c1	7	1101	2	0x107c	92	0	MSG+XA	51f652b14aba	8000x1,8001x1,8002x2
M_G02003.BIN	c1	7	1101	3	0x10e4	90	2	MSG+XA	5e9dbd82aba9	8000x1,8001x2,8002x1
M_G02003.BIN	c1	7	1101	4	0x114c	16	0	MSG+XA	106e4efe970f	8000x1
M_G02003.BIN	c1	7	1101	5	0x1168	32	0	MSG+XA	a1832e76d30f	8000x1
M_G02003.BIN	c1	7	1101	6	0x1194	20	0	MSG+XA	d038dc769743	8000x1
M_G02003.BIN	c1	8	701	0	0x14d4	76	0	MSG+XA	4a4168df1252	8000x1,8001x1,8002x1
M_G02003.BIN	c1	8	701	1	0x152c	52	0	MSG+XA	cc7b0226aabd	8000x1,8001x1
M_G02003.BIN	c1	8	701	2	0x156c	24	0	MSG+XA	f6520d2d95f8	8000x1
M_G02003.BIN	c1	8	701	3	0x1590	210	2	MSG+XA	2d75847c1aeb	8000x1,8001x5,8002x3
M_G02003.BIN	c1	8	701	4	0x1670	44	0	MSG+XA	3873c80e18de	8000x1,8001x1
M_G02003.BIN	c1	8	701	5	0x16a8	138	2	MSG+XA	58b053dd62c3	8000x1,8001x3,8002x1
M_G02003.BIN	c1	8	701	6	0x1740	26	2	MSG+XA	570064594c3b	8000x1
M_G02003.BIN	c1	8	701	7	0x1768	32	0	MSG+XA	a1832e76d30f	8000x1
M_G02003.BIN	c1	8	701	8	0x1794	20	0	MSG+XA	d038dc769743	8000x1
M_G02003.BIN	c1	9	2401	0	0x1c68	14	2	MSG+XA	74125f50b51e	8000x1
M_G02003.BIN	c1	9	2401	1	0x1c84	20	0	MSG+XA	293b4480742c	8000x1
M_G02003.BIN	c1	9	2401	2	0x1ca4	54	2	MSG+XA	782a0ef9d7ae	8000x1,8001x1
M_G02003.BIN	c1	9	2401	3	0x1ce8	20	0	MSG+XA	33300640092c	8000x1
M_G02003.BIN	c1	9	2401	4	0x1d08	52	0	MSG+XA	e1c3d1762d4e	8000x1,8001x1
M_G02003.BIN	c1	9	2401	5	0x1d48	32	0	MSG+XA	e423f09f98c0	8000x1
M_G02003.BIN	c1	9	2401	6	0x1d74	70	2	MSG+XA	e4a0921200d6	8000x1,8001x2
M_G02003.BIN	c1	9	2401	7	0x1dc8	14	2	MSG+XA	2388e02548e1	8000x1
M_G02003.BIN	c1	9	2401	8	0x1de4	24	0	MSG+XA	401cb64e4537	8000x1
M_G02003.BIN	c1	9	2401	9	0x1e08	22	2	MSG+XA	5bf973d3d1a6	8000x1
M_G02003.BIN	c1	9	2401	10	0x1e2c	98	2	MSG+XA	4b092848e4d7	8000x1,8001x2,8002x1
M_G02003.BIN	c1	9	2401	11	0x1e9c	40	0	MSG+XA	5954a44c1709	8000x1,8001x1
M_G02003.BIN	c1	9	2401	12	0x1ed0	38	2	MSG+XA	dc4db4704f46	8000x1,8001x1
M_G02003.BIN	c1	9	2401	13	0x1f04	38	2	MSG+XA	494726feb90b	8000x1,8001x1
M_G02003.BIN	c1	9	2401	14	0x1f38	32	0	MSG+XA	23cb13091b5d	8000x1
M_G02003.BIN	c1	9	2401	15	0x1f64	18	2	MSG+XA	ce5be415bfcd	8000x1
M_G02003.BIN	c1	9	2401	16	0x1f84	16	0	MSG+XA	be31631fd456	8000x1
M_G02003.BIN	c1	9	2401	17	0x1fa0	32	0	MSG+XA	a1832e76d30f	8000x1
M_G02003.BIN	c1	9	2401	18	0x1fcc	20	0	MSG+XA	d038dc769743	8000x1
M_G02003.BIN	c1	10	6	0	0x2168	32	0	MSG+XA	a1832e76d30f	8000x1
M_G02003.BIN	c1	10	6	1	0x2194	20	0	MSG+XA	d038dc769743	8000x1
M_G02004.BIN	c1	1	8050	0	0x66c	50	2	MSG	5257d015c3bd	8000x1,8001x1
M_G02004.BIN	c1	2	8000	0	0x6ec	46	2	MSG	9743fa149b31	8000x1,8001x1
M_G02004.BIN	c1	3	8001	0	0x768	64	0	MSG	46b4790ae2f7	8000x1,8001x1
M_G02004.BIN	c1	4	8002	0	0x7f4	50	2	MSG	2841145cbdc1	8000x1,8001x1
M_G02004.BIN	c1	6	401	0	0xb64	50	2	MSG+XA	a4e5a0d8f929	8000x1,8001x1
M_G02004.BIN	c1	6	401	1	0xba4	14	2	MSG+XA	9e5555579473	8000x1
M_G02004.BIN	c1	6	401	2	0xbc0	108	0	MSG+XA	9b583786f5c3	8000x1,8001x2,8002x1
M_G02004.BIN	c1	6	401	3	0xc38	64	0	MSG+XA	f0e441286617	8000x1,8001x1,8002x1
M_G02004.BIN	c1	6	401	5	0xc90	32	0	MSG+XA	a1832e76d30f	8000x1
M_G02004.BIN	c1	6	401	6	0xcbc	20	0	MSG+XA	d038dc769743	8000x1
M_G02004.BIN	c1	7	2901	0	0xf98	42	2	MSG+XA	dc82a4de22c3	8000x1,8001x1
M_G02004.BIN	c1	7	2901	1	0xfd0	30	2	MSG+XA	e3aecde91b8d	8000x1
M_G02004.BIN	c1	7	2901	2	0xffc	40	0	MSG+XA	427ce48804ae	8000x1,8001x1
M_G02004.BIN	c1	7	2901	3	0x1030	102	2	MSG+XA	4fa8df3c9814	8000x1,8001x2,8002x1
M_G02004.BIN	c1	7	2901	4	0x10a4	42	2	MSG+XA	e916318842f1	8000x1,8001x1
M_G02004.BIN	c1	7	2901	5	0x10dc	38	2	MSG+XA	2c1c5da64d23	8000x1,8001x1
M_G02004.BIN	c1	7	2901	6	0x1110	46	2	MSG+XA	495290a01ef6	8000x1,8001x1
M_G02004.BIN	c1	7	2901	8	0x1158	32	0	MSG+XA	a1832e76d30f	8000x1
M_G02004.BIN	c1	7	2901	9	0x1184	20	0	MSG+XA	d038dc769743	8000x1
M_G02004.BIN	c1	8	701	0	0x14c4	76	0	MSG+XA	4a4168df1252	8000x1,8001x1,8002x1
M_G02004.BIN	c1	8	701	1	0x151c	52	0	MSG+XA	cc7b0226aabd	8000x1,8001x1
M_G02004.BIN	c1	8	701	2	0x155c	24	0	MSG+XA	f6520d2d95f8	8000x1
M_G02004.BIN	c1	8	701	3	0x1580	210	2	MSG+XA	2d75847c1aeb	8000x1,8001x5,8002x3
M_G02004.BIN	c1	8	701	4	0x1660	44	0	MSG+XA	3873c80e18de	8000x1,8001x1
M_G02004.BIN	c1	8	701	5	0x1698	138	2	MSG+XA	58b053dd62c3	8000x1,8001x3,8002x1
M_G02004.BIN	c1	8	701	6	0x1730	26	2	MSG+XA	570064594c3b	8000x1
M_G02004.BIN	c1	8	701	7	0x1758	32	0	MSG+XA	a1832e76d30f	8000x1
M_G02004.BIN	c1	8	701	8	0x1784	20	0	MSG+XA	d038dc769743	8000x1
M_G02004.BIN	c1	9	2401	0	0x1c58	14	2	MSG+XA	74125f50b51e	8000x1
M_G02004.BIN	c1	9	2401	1	0x1c74	20	0	MSG+XA	293b4480742c	8000x1
M_G02004.BIN	c1	9	2401	2	0x1c94	54	2	MSG+XA	782a0ef9d7ae	8000x1,8001x1
M_G02004.BIN	c1	9	2401	3	0x1cd8	20	0	MSG+XA	33300640092c	8000x1
M_G02004.BIN	c1	9	2401	4	0x1cf8	52	0	MSG+XA	e1c3d1762d4e	8000x1,8001x1
M_G02004.BIN	c1	9	2401	5	0x1d38	32	0	MSG+XA	e423f09f98c0	8000x1
M_G02004.BIN	c1	9	2401	6	0x1d64	70	2	MSG+XA	e4a0921200d6	8000x1,8001x2
M_G02004.BIN	c1	9	2401	7	0x1db8	14	2	MSG+XA	2388e02548e1	8000x1
M_G02004.BIN	c1	9	2401	8	0x1dd4	24	0	MSG+XA	401cb64e4537	8000x1
M_G02004.BIN	c1	9	2401	9	0x1df8	22	2	MSG+XA	5bf973d3d1a6	8000x1
M_G02004.BIN	c1	9	2401	10	0x1e1c	98	2	MSG+XA	4b092848e4d7	8000x1,8001x2,8002x1
M_G02004.BIN	c1	9	2401	11	0x1e8c	40	0	MSG+XA	5954a44c1709	8000x1,8001x1
M_G02004.BIN	c1	9	2401	12	0x1ec0	38	2	MSG+XA	dc4db4704f46	8000x1,8001x1
M_G02004.BIN	c1	9	2401	13	0x1ef4	38	2	MSG+XA	494726feb90b	8000x1,8001x1
M_G02004.BIN	c1	9	2401	14	0x1f28	32	0	MSG+XA	23cb13091b5d	8000x1
M_G02004.BIN	c1	9	2401	15	0x1f54	18	2	MSG+XA	ce5be415bfcd	8000x1
M_G02004.BIN	c1	9	2401	16	0x1f74	16	0	MSG+XA	be31631fd456	8000x1
M_G02004.BIN	c1	9	2401	17	0x1f90	32	0	MSG+XA	a1832e76d30f	8000x1
M_G02004.BIN	c1	9	2401	18	0x1fbc	20	0	MSG+XA	d038dc769743	8000x1
M_G02004.BIN	c1	10	6	0	0x2158	32	0	MSG+XA	a1832e76d30f	8000x1
M_G02004.BIN	c1	10	6	1	0x2184	20	0	MSG+XA	d038dc769743	8000x1
M_G02005.BIN	c1	1	8050	0	0x650	50	2	MSG	5257d015c3bd	8000x1,8001x1
M_G02005.BIN	c1	2	8000	0	0x6d0	46	2	MSG	9743fa149b31	8000x1,8001x1
M_G02005.BIN	c1	3	8001	0	0x74c	64	0	MSG	46b4790ae2f7	8000x1,8001x1
M_G02005.BIN	c1	4	8002	0	0x7d8	50	2	MSG	2841145cbdc1	8000x1,8001x1
M_G02005.BIN	c1	6	1501	0	0xb08	152	0	MSG+XA	a6048e5cb1f5	8000x1,8001x3,8002x2
M_G02005.BIN	c1	6	1501	1	0xbac	32	0	MSG+XA	013bf5747a7d	8000x1
M_G02005.BIN	c1	6	1501	2	0xbd8	28	0	MSG+XA	c20154c257c3	8000x1
M_G02005.BIN	c1	6	1501	3	0xc00	24	0	MSG+XA	cc48f80970db	8000x1
M_G02005.BIN	c1	6	1501	4	0xc24	32	0	MSG+XA	a1832e76d30f	8000x1
M_G02005.BIN	c1	6	1501	5	0xc50	20	0	MSG+XA	d038dc769743	8000x1
M_G02005.BIN	c1	7	701	0	0xf90	76	0	MSG+XA	4a4168df1252	8000x1,8001x1,8002x1
M_G02005.BIN	c1	7	701	1	0xfe8	52	0	MSG+XA	cc7b0226aabd	8000x1,8001x1
M_G02005.BIN	c1	7	701	2	0x1028	24	0	MSG+XA	f6520d2d95f8	8000x1
M_G02005.BIN	c1	7	701	3	0x104c	210	2	MSG+XA	2d75847c1aeb	8000x1,8001x5,8002x3
M_G02005.BIN	c1	7	701	4	0x112c	44	0	MSG+XA	3873c80e18de	8000x1,8001x1
M_G02005.BIN	c1	7	701	5	0x1164	138	2	MSG+XA	58b053dd62c3	8000x1,8001x3,8002x1
M_G02005.BIN	c1	7	701	6	0x11fc	26	2	MSG+XA	570064594c3b	8000x1
M_G02005.BIN	c1	7	701	7	0x1224	32	0	MSG+XA	a1832e76d30f	8000x1
M_G02005.BIN	c1	7	701	8	0x1250	20	0	MSG+XA	d038dc769743	8000x1
M_G02005.BIN	c1	8	2401	0	0x1724	14	2	MSG+XA	74125f50b51e	8000x1
M_G02005.BIN	c1	8	2401	1	0x1740	20	0	MSG+XA	293b4480742c	8000x1
M_G02005.BIN	c1	8	2401	2	0x1760	54	2	MSG+XA	782a0ef9d7ae	8000x1,8001x1
M_G02005.BIN	c1	8	2401	3	0x17a4	20	0	MSG+XA	33300640092c	8000x1
M_G02005.BIN	c1	8	2401	4	0x17c4	52	0	MSG+XA	e1c3d1762d4e	8000x1,8001x1
M_G02005.BIN	c1	8	2401	5	0x1804	32	0	MSG+XA	e423f09f98c0	8000x1
M_G02005.BIN	c1	8	2401	6	0x1830	70	2	MSG+XA	e4a0921200d6	8000x1,8001x2
M_G02005.BIN	c1	8	2401	7	0x1884	14	2	MSG+XA	2388e02548e1	8000x1
M_G02005.BIN	c1	8	2401	8	0x18a0	24	0	MSG+XA	401cb64e4537	8000x1
M_G02005.BIN	c1	8	2401	9	0x18c4	22	2	MSG+XA	5bf973d3d1a6	8000x1
M_G02005.BIN	c1	8	2401	10	0x18e8	98	2	MSG+XA	4b092848e4d7	8000x1,8001x2,8002x1
M_G02005.BIN	c1	8	2401	11	0x1958	40	0	MSG+XA	5954a44c1709	8000x1,8001x1
M_G02005.BIN	c1	8	2401	12	0x198c	38	2	MSG+XA	dc4db4704f46	8000x1,8001x1
M_G02005.BIN	c1	8	2401	13	0x19c0	38	2	MSG+XA	494726feb90b	8000x1,8001x1
M_G02005.BIN	c1	8	2401	14	0x19f4	32	0	MSG+XA	23cb13091b5d	8000x1
M_G02005.BIN	c1	8	2401	15	0x1a20	18	2	MSG+XA	ce5be415bfcd	8000x1
M_G02005.BIN	c1	8	2401	16	0x1a40	16	0	MSG+XA	be31631fd456	8000x1
M_G02005.BIN	c1	8	2401	17	0x1a5c	32	0	MSG+XA	a1832e76d30f	8000x1
M_G02005.BIN	c1	8	2401	18	0x1a88	20	0	MSG+XA	d038dc769743	8000x1
M_G02005.BIN	c1	9	6	0	0x1c24	32	0	MSG+XA	a1832e76d30f	8000x1
M_G02005.BIN	c1	9	6	1	0x1c50	20	0	MSG+XA	d038dc769743	8000x1
M_G02018.BIN	c1	2	8050	0	0x6e4	50	2	MSG	5257d015c3bd	8000x1,8001x1
M_G02018.BIN	c1	3	8000	0	0x764	46	2	MSG	9743fa149b31	8000x1,8001x1
M_G02018.BIN	c1	4	8001	0	0x7e0	64	0	MSG	46b4790ae2f7	8000x1,8001x1
M_G02018.BIN	c1	5	8002	0	0x86c	50	2	MSG	2841145cbdc1	8000x1,8001x1
M_G02018.BIN	c1	8	433	0	0xb28	84	0	MSG+XA	145cbd45d2ea	8000x1,8001x1,8002x1
M_G02018.BIN	c1	8	433	1	0xb88	58	2	MSG+XA	970895aebeac	8000x1,8001x1
M_G02019.BIN	c1	1	8050	0	0x624	50	2	MSG	5257d015c3bd	8000x1,8001x1
M_G02019.BIN	c1	2	8000	0	0x6a4	46	2	MSG	9743fa149b31	8000x1,8001x1
M_G02019.BIN	c1	3	8001	0	0x720	64	0	MSG	46b4790ae2f7	8000x1,8001x1
M_G02019.BIN	c1	4	8002	0	0x7ac	50	2	MSG	2841145cbdc1	8000x1,8001x1
M_G02021.BIN	c1	2	8050	0	0x6e4	50	2	MSG	5257d015c3bd	8000x1,8001x1
M_G02021.BIN	c1	3	8000	0	0x764	46	2	MSG	9743fa149b31	8000x1,8001x1
M_G02021.BIN	c1	4	8001	0	0x7e0	64	0	MSG	46b4790ae2f7	8000x1,8001x1
M_G02021.BIN	c1	5	8002	0	0x86c	50	2	MSG	2841145cbdc1	8000x1,8001x1
M_G02021.BIN	c1	8	433	0	0xb28	84	0	MSG+XA	145cbd45d2ea	8000x1,8001x1,8002x1
M_G02021.BIN	c1	8	433	1	0xb88	58	2	MSG+XA	970895aebeac	8000x1,8001x1
M_G02100.BIN	c1	1	8050	0	0x638	50	2	MSG	5257d015c3bd	8000x1,8001x1
M_G02100.BIN	c1	2	8000	0	0x6b8	46	2	MSG	9743fa149b31	8000x1,8001x1
M_G02100.BIN	c1	3	8001	0	0x734	64	0	MSG	46b4790ae2f7	8000x1,8001x1
M_G02100.BIN	c1	4	8002	0	0x7c0	50	2	MSG	2841145cbdc1	8000x1,8001x1
M_G02100.BIN	c1	7	433	0	0xa6c	84	0	MSG+XA	145cbd45d2ea	8000x1,8001x1,8002x1
M_G02100.BIN	c1	7	433	1	0xacc	58	2	MSG+XA	970895aebeac	8000x1,8001x1
M_G02106.BIN	c1	1	8050	0	0x634	50	2	MSG	5257d015c3bd	8000x1,8001x1
M_G02106.BIN	c1	2	8000	0	0x6b4	46	2	MSG	9743fa149b31	8000x1,8001x1
M_G02106.BIN	c1	3	8001	0	0x730	64	0	MSG	46b4790ae2f7	8000x1,8001x1
M_G02106.BIN	c1	4	8002	0	0x7bc	50	2	MSG	2841145cbdc1	8000x1,8001x1
M_G02106.BIN	c1	6	2303	0	0xc4c	38	2	MSG+XA	e702960e6b2a	8000x1,8001x1
M_G02106.BIN	c1	6	2303	1	0xc80	46	2	MSG+XA	dff9982c71b6	8000x1,8001x1
M_G02106.BIN	c1	6	2303	2	0xcbc	16	0	MSG+XA	3ee4f8fa78ef	8000x1
M_G02106.BIN	c1	6	2303	3	0xccc	8	0	MSG	7904edc513d3	8000x1
M_G02106.BIN	c1	6	2303	4	0xce0	24	0	MSG+XA	d640bc04bc23	8000x1
M_G02106.BIN	c1	6	2303	5	0xd04	18	2	MSG+XA	18a10de0b6e4	8000x1
M_G02106.BIN	c1	6	2303	6	0xd24	36	0	MSG+XA	67cdedfbfe0f	8000x1,8002x1
M_G02106.BIN	c1	6	2303	7	0xd54	746	2	MSG+XA	2bfc054b171e	8000x1,8001x19,8002x12
M_G02106.BIN	c1	6	2303	8	0x104c	18	2	MSG+XA	7e88f6b6c4d0	8000x1
M_G02106.BIN	c1	6	2303	9	0x106c	18	2	MSG+XA	cca6e9863508	8000x1
M_G02106.BIN	c1	6	2303	10	0x108c	18	2	MSG+XA	344222dbd5ca	8000x1
M_G02106.BIN	c1	6	2303	11	0x10ac	48	0	MSG+XA	0547d179441e	8000x1,8001x1
M_G02106.BIN	c1	7	2003	0	0x13b0	64	0	MSG+XA	0359f2346212	8000x1,8001x2
M_G02106.BIN	c1	7	2003	1	0x13fc	44	0	MSG+XA	9d81c69015db	8000x1,8001x1
M_G02106.BIN	c1	7	2003	2	0x1434	20	0	MSG+XA	dc9b6bb1a8af	8000x1
M_G02106.BIN	c1	7	2003	3	0x1454	32	0	MSG+XA	0cdd126dd176	8000x1
M_G02106.BIN	c1	7	2003	4	0x1480	44	0	MSG+XA	6156667c710b	8000x1,8001x1
M_G02106.BIN	c1	7	2003	5	0x14b8	32	0	MSG+XA	9fd97ed4865e	8000x1
M_G02106.BIN	c1	7	2003	6	0x14e4	20	0	MSG+XA	07af6e7f85c9	8000x1
M_G02106.BIN	c1	8	9	0	0x1688	32	0	MSG+XA	9fd97ed4865e	8000x1
M_G02106.BIN	c1	8	9	1	0x16b4	20	0	MSG+XA	07af6e7f85c9	8000x1
M_G02107.BIN	c1	1	8050	0	0x650	50	2	MSG	5257d015c3bd	8000x1,8001x1
M_G02107.BIN	c1	2	8000	0	0x6d0	46	2	MSG	9743fa149b31	8000x1,8001x1
M_G02107.BIN	c1	3	8001	0	0x74c	64	0	MSG	46b4790ae2f7	8000x1,8001x1
M_G02107.BIN	c1	4	8002	0	0x7d8	50	2	MSG	2841145cbdc1	8000x1,8001x1
M_G02107.BIN	c1	6	303	0	0xc4c	180	0	MSG+XA	91bd7d6bec07	8000x1,8001x4,8002x3
M_G02107.BIN	c1	6	303	1	0xd0c	120	0	MSG+XA	1ff008178674	8000x1,8001x3,8002x1
M_G02107.BIN	c1	6	303	2	0xd90	44	0	MSG+XA	106877c93285	8000x1,8001x1
M_G02107.BIN	c1	6	303	3	0xdc8	132	0	MSG+XA	ffedc6d9becb	8000x1,8001x3,8002x1
M_G02107.BIN	c1	6	303	4	0xe58	30	2	MSG+XA	78ab8ae3d63d	8000x1
M_G02107.BIN	c1	6	303	5	0xe84	52	0	MSG+XA	753090e89251	8000x1,8001x1
M_G02107.BIN	c1	6	303	6	0xec4	28	0	MSG+XA	ba685eef4a2b	8000x1
M_G02107.BIN	c1	6	303	7	0xeec	32	0	MSG+XA	9fd97ed4865e	8000x1
M_G02107.BIN	c1	6	303	8	0xf18	20	0	MSG+XA	07af6e7f85c9	8000x1
M_G02107.BIN	c1	7	2303	0	0x12d4	38	2	MSG+XA	e702960e6b2a	8000x1,8001x1
M_G02107.BIN	c1	7	2303	1	0x1308	46	2	MSG+XA	dff9982c71b6	8000x1,8001x1
M_G02107.BIN	c1	7	2303	2	0x1344	16	0	MSG+XA	3ee4f8fa78ef	8000x1
M_G02107.BIN	c1	7	2303	3	0x1354	8	0	MSG	7904edc513d3	8000x1
M_G02107.BIN	c1	7	2303	4	0x1368	24	0	MSG+XA	d640bc04bc23	8000x1
M_G02107.BIN	c1	7	2303	5	0x138c	18	2	MSG+XA	18a10de0b6e4	8000x1
M_G02107.BIN	c1	7	2303	6	0x13ac	36	0	MSG+XA	67cdedfbfe0f	8000x1,8002x1
M_G02107.BIN	c1	7	2303	7	0x13dc	746	2	MSG+XA	2bfc054b171e	8000x1,8001x19,8002x12
M_G02107.BIN	c1	7	2303	8	0x16d4	18	2	MSG+XA	7e88f6b6c4d0	8000x1
M_G02107.BIN	c1	7	2303	9	0x16f4	18	2	MSG+XA	cca6e9863508	8000x1
M_G02107.BIN	c1	7	2303	10	0x1714	18	2	MSG+XA	344222dbd5ca	8000x1
M_G02107.BIN	c1	7	2303	11	0x1734	48	0	MSG+XA	0547d179441e	8000x1,8001x1
M_G02107.BIN	c1	8	2003	0	0x1a38	64	0	MSG+XA	0359f2346212	8000x1,8001x2
M_G02107.BIN	c1	8	2003	1	0x1a84	44	0	MSG+XA	9d81c69015db	8000x1,8001x1
M_G02107.BIN	c1	8	2003	2	0x1abc	20	0	MSG+XA	dc9b6bb1a8af	8000x1
M_G02107.BIN	c1	8	2003	3	0x1adc	32	0	MSG+XA	0cdd126dd176	8000x1
M_G02107.BIN	c1	8	2003	4	0x1b08	44	0	MSG+XA	6156667c710b	8000x1,8001x1
M_G02107.BIN	c1	8	2003	5	0x1b40	32	0	MSG+XA	9fd97ed4865e	8000x1
M_G02107.BIN	c1	8	2003	6	0x1b6c	20	0	MSG+XA	07af6e7f85c9	8000x1
M_G02107.BIN	c1	9	9	0	0x1d10	32	0	MSG+XA	9fd97ed4865e	8000x1
M_G02107.BIN	c1	9	9	1	0x1d3c	20	0	MSG+XA	07af6e7f85c9	8000x1
M_G02108.BIN	c1	1	8050	0	0x634	50	2	MSG	5257d015c3bd	8000x1,8001x1
M_G02108.BIN	c1	2	8000	0	0x6b4	46	2	MSG	9743fa149b31	8000x1,8001x1
M_G02108.BIN	c1	3	8001	0	0x730	64	0	MSG	46b4790ae2f7	8000x1,8001x1
M_G02108.BIN	c1	4	8002	0	0x7bc	50	2	MSG	2841145cbdc1	8000x1,8001x1
M_G02108.BIN	c1	6	2303	0	0xc4c	38	2	MSG+XA	e702960e6b2a	8000x1,8001x1
M_G02108.BIN	c1	6	2303	1	0xc80	46	2	MSG+XA	dff9982c71b6	8000x1,8001x1
M_G02108.BIN	c1	6	2303	2	0xcbc	16	0	MSG+XA	3ee4f8fa78ef	8000x1
M_G02108.BIN	c1	6	2303	3	0xccc	8	0	MSG	7904edc513d3	8000x1
M_G02108.BIN	c1	6	2303	4	0xce0	24	0	MSG+XA	d640bc04bc23	8000x1
M_G02108.BIN	c1	6	2303	5	0xd04	18	2	MSG+XA	18a10de0b6e4	8000x1
M_G02108.BIN	c1	6	2303	6	0xd24	36	0	MSG+XA	67cdedfbfe0f	8000x1,8002x1
M_G02108.BIN	c1	6	2303	7	0xd54	746	2	MSG+XA	2bfc054b171e	8000x1,8001x19,8002x12
M_G02108.BIN	c1	6	2303	8	0x104c	18	2	MSG+XA	7e88f6b6c4d0	8000x1
M_G02108.BIN	c1	6	2303	9	0x106c	18	2	MSG+XA	cca6e9863508	8000x1
M_G02108.BIN	c1	6	2303	10	0x108c	18	2	MSG+XA	344222dbd5ca	8000x1
M_G02108.BIN	c1	6	2303	11	0x10ac	48	0	MSG+XA	0547d179441e	8000x1,8001x1
M_G02108.BIN	c1	7	2003	0	0x13b0	64	0	MSG+XA	0359f2346212	8000x1,8001x2
M_G02108.BIN	c1	7	2003	1	0x13fc	44	0	MSG+XA	9d81c69015db	8000x1,8001x1
M_G02108.BIN	c1	7	2003	2	0x1434	20	0	MSG+XA	dc9b6bb1a8af	8000x1
M_G02108.BIN	c1	7	2003	3	0x1454	32	0	MSG+XA	0cdd126dd176	8000x1
M_G02108.BIN	c1	7	2003	4	0x1480	44	0	MSG+XA	6156667c710b	8000x1,8001x1
M_G02108.BIN	c1	7	2003	5	0x14b8	32	0	MSG+XA	9fd97ed4865e	8000x1
M_G02108.BIN	c1	7	2003	6	0x14e4	20	0	MSG+XA	07af6e7f85c9	8000x1
M_G02108.BIN	c1	8	9	0	0x1688	32	0	MSG+XA	9fd97ed4865e	8000x1
M_G02108.BIN	c1	8	9	1	0x16b4	20	0	MSG+XA	07af6e7f85c9	8000x1
M_G02109.BIN	c1	1	8050	0	0x650	50	2	MSG	5257d015c3bd	8000x1,8001x1
M_G02109.BIN	c1	2	8000	0	0x6d0	46	2	MSG	9743fa149b31	8000x1,8001x1
M_G02109.BIN	c1	3	8001	0	0x74c	64	0	MSG	46b4790ae2f7	8000x1,8001x1
M_G02109.BIN	c1	4	8002	0	0x7d8	50	2	MSG	2841145cbdc1	8000x1,8001x1
M_G02109.BIN	c1	6	3003	0	0x990	44	0	MSG+XA	a7c29c679980	8000x1,8001x1
M_G02109.BIN	c1	6	3003	1	0x9bc	14	2	MSG	a4aafa9870de	8000x1
M_G02109.BIN	c1	7	2303	0	0xd74	38	2	MSG+XA	e702960e6b2a	8000x1,8001x1
M_G02109.BIN	c1	7	2303	1	0xda8	46	2	MSG+XA	dff9982c71b6	8000x1,8001x1
M_G02109.BIN	c1	7	2303	2	0xde4	16	0	MSG+XA	3ee4f8fa78ef	8000x1
M_G02109.BIN	c1	7	2303	3	0xdf4	8	0	MSG	7904edc513d3	8000x1
M_G02109.BIN	c1	7	2303	4	0xe08	24	0	MSG+XA	d640bc04bc23	8000x1
M_G02109.BIN	c1	7	2303	5	0xe2c	18	2	MSG+XA	18a10de0b6e4	8000x1
M_G02109.BIN	c1	7	2303	6	0xe4c	36	0	MSG+XA	67cdedfbfe0f	8000x1,8002x1
M_G02109.BIN	c1	7	2303	7	0xe7c	746	2	MSG+XA	2bfc054b171e	8000x1,8001x19,8002x12
M_G02109.BIN	c1	7	2303	8	0x1174	18	2	MSG+XA	7e88f6b6c4d0	8000x1
M_G02109.BIN	c1	7	2303	9	0x1194	18	2	MSG+XA	cca6e9863508	8000x1
M_G02109.BIN	c1	7	2303	10	0x11b4	18	2	MSG+XA	344222dbd5ca	8000x1
M_G02109.BIN	c1	7	2303	11	0x11d4	48	0	MSG+XA	0547d179441e	8000x1,8001x1
M_G02109.BIN	c1	8	2003	0	0x14d8	64	0	MSG+XA	0359f2346212	8000x1,8001x2
M_G02109.BIN	c1	8	2003	1	0x1524	44	0	MSG+XA	9d81c69015db	8000x1,8001x1
M_G02109.BIN	c1	8	2003	2	0x155c	20	0	MSG+XA	dc9b6bb1a8af	8000x1
M_G02109.BIN	c1	8	2003	3	0x157c	32	0	MSG+XA	0cdd126dd176	8000x1
M_G02109.BIN	c1	8	2003	4	0x15a8	44	0	MSG+XA	6156667c710b	8000x1,8001x1
M_G02109.BIN	c1	8	2003	5	0x15e0	32	0	MSG+XA	9fd97ed4865e	8000x1
M_G02109.BIN	c1	8	2003	6	0x160c	20	0	MSG+XA	07af6e7f85c9	8000x1
M_G02109.BIN	c1	9	9	0	0x17b0	32	0	MSG+XA	9fd97ed4865e	8000x1
M_G02109.BIN	c1	9	9	1	0x17dc	20	0	MSG+XA	07af6e7f85c9	8000x1
M_G02110.BIN	c1	1	8050	0	0x634	50	2	MSG	5257d015c3bd	8000x1,8001x1
M_G02110.BIN	c1	2	8000	0	0x6b4	46	2	MSG	9743fa149b31	8000x1,8001x1
M_G02110.BIN	c1	3	8001	0	0x730	64	0	MSG	46b4790ae2f7	8000x1,8001x1
M_G02110.BIN	c1	4	8002	0	0x7bc	50	2	MSG	2841145cbdc1	8000x1,8001x1
M_G02110.BIN	c1	6	2303	0	0xc4c	38	2	MSG+XA	e702960e6b2a	8000x1,8001x1
M_G02110.BIN	c1	6	2303	1	0xc80	46	2	MSG+XA	dff9982c71b6	8000x1,8001x1
M_G02110.BIN	c1	6	2303	2	0xcbc	16	0	MSG+XA	3ee4f8fa78ef	8000x1
M_G02110.BIN	c1	6	2303	3	0xccc	8	0	MSG	7904edc513d3	8000x1
M_G02110.BIN	c1	6	2303	4	0xce0	24	0	MSG+XA	d640bc04bc23	8000x1
M_G02110.BIN	c1	6	2303	5	0xd04	18	2	MSG+XA	18a10de0b6e4	8000x1
M_G02110.BIN	c1	6	2303	6	0xd24	36	0	MSG+XA	67cdedfbfe0f	8000x1,8002x1
M_G02110.BIN	c1	6	2303	7	0xd54	746	2	MSG+XA	2bfc054b171e	8000x1,8001x19,8002x12
M_G02110.BIN	c1	6	2303	8	0x104c	18	2	MSG+XA	7e88f6b6c4d0	8000x1
M_G02110.BIN	c1	6	2303	9	0x106c	18	2	MSG+XA	cca6e9863508	8000x1
M_G02110.BIN	c1	6	2303	10	0x108c	18	2	MSG+XA	344222dbd5ca	8000x1
M_G02110.BIN	c1	6	2303	11	0x10ac	48	0	MSG+XA	0547d179441e	8000x1,8001x1
M_G02110.BIN	c1	7	2003	0	0x13b0	64	0	MSG+XA	0359f2346212	8000x1,8001x2
M_G02110.BIN	c1	7	2003	1	0x13fc	44	0	MSG+XA	9d81c69015db	8000x1,8001x1
M_G02110.BIN	c1	7	2003	2	0x1434	20	0	MSG+XA	dc9b6bb1a8af	8000x1
M_G02110.BIN	c1	7	2003	3	0x1454	32	0	MSG+XA	0cdd126dd176	8000x1
M_G02110.BIN	c1	7	2003	4	0x1480	44	0	MSG+XA	6156667c710b	8000x1,8001x1
M_G02110.BIN	c1	7	2003	5	0x14b8	32	0	MSG+XA	9fd97ed4865e	8000x1
M_G02110.BIN	c1	7	2003	6	0x14e4	20	0	MSG+XA	07af6e7f85c9	8000x1
M_G02110.BIN	c1	8	9	0	0x1688	32	0	MSG+XA	9fd97ed4865e	8000x1
M_G02110.BIN	c1	8	9	1	0x16b4	20	0	MSG+XA	07af6e7f85c9	8000x1
M_G02111.BIN	c1	1	8050	0	0x66c	50	2	MSG	5257d015c3bd	8000x1,8001x1
M_G02111.BIN	c1	2	8000	0	0x6ec	46	2	MSG	9743fa149b31	8000x1,8001x1
M_G02111.BIN	c1	3	8001	0	0x768	64	0	MSG	46b4790ae2f7	8000x1,8001x1
M_G02111.BIN	c1	4	8002	0	0x7f4	50	2	MSG	2841145cbdc1	8000x1,8001x1
M_G02111.BIN	c1	6	103	0	0xab4	32	0	MSG+XA	9fd97ed4865e	8000x1
M_G02111.BIN	c1	6	103	1	0xae0	20	0	MSG+XA	07af6e7f85c9	8000x1
M_G02111.BIN	c1	6	103	2	0xb00	18	2	MSG+XA	13c9ccc5e3c5	8000x1
M_G02111.BIN	c1	7	1503	0	0xed4	82	2	MSG+XA	eba3f10c79f0	8000x1,8001x1,8002x1
M_G02111.BIN	c1	7	1503	1	0xf34	48	0	MSG+XA	bc4004167ccf	8000x1,8001x1
M_G02111.BIN	c1	7	1503	2	0xf70	52	0	MSG+XA	40abb0e8ad45	8000x1,8001x1
M_G02111.BIN	c1	7	1503	3	0xfb0	60	0	MSG+XA	6ed79a79ef99	8000x1,8001x1
M_G02111.BIN	c1	7	1503	4	0xff8	46	2	MSG+XA	284e2978ac7a	8000x1,8001x1
M_G02111.BIN	c1	7	1503	5	0x1028	48	0	SEL3.1	5a73808116fa	8001x3
M_G02111.BIN	c1	7	1503	6	0x1064	40	0	MSG+XA	982b82f84db4	8000x1,8001x1
M_G02111.BIN	c1	7	1503	7	0x1098	48	0	MSG+XA	a70f4e21c677	8000x1,8001x1
M_G02111.BIN	c1	7	1503	8	0x10d4	30	2	MSG+XA	7ec2cd1461ff	8000x1
M_G02111.BIN	c1	7	1503	9	0x1100	32	0	MSG+XA	9fd97ed4865e	8000x1
M_G02111.BIN	c1	7	1503	10	0x112c	20	0	MSG+XA	07af6e7f85c9	8000x1
M_G02111.BIN	c1	8	2303	0	0x14e8	38	2	MSG+XA	e702960e6b2a	8000x1,8001x1
M_G02111.BIN	c1	8	2303	1	0x151c	46	2	MSG+XA	dff9982c71b6	8000x1,8001x1
M_G02111.BIN	c1	8	2303	2	0x1558	16	0	MSG+XA	3ee4f8fa78ef	8000x1
M_G02111.BIN	c1	8	2303	3	0x1568	8	0	MSG	7904edc513d3	8000x1
M_G02111.BIN	c1	8	2303	4	0x157c	24	0	MSG+XA	d640bc04bc23	8000x1
M_G02111.BIN	c1	8	2303	5	0x15a0	18	2	MSG+XA	18a10de0b6e4	8000x1
M_G02111.BIN	c1	8	2303	6	0x15c0	36	0	MSG+XA	67cdedfbfe0f	8000x1,8002x1
M_G02111.BIN	c1	8	2303	7	0x15f0	746	2	MSG+XA	2bfc054b171e	8000x1,8001x19,8002x12
M_G02111.BIN	c1	8	2303	8	0x18e8	18	2	MSG+XA	7e88f6b6c4d0	8000x1
M_G02111.BIN	c1	8	2303	9	0x1908	18	2	MSG+XA	cca6e9863508	8000x1
M_G02111.BIN	c1	8	2303	10	0x1928	18	2	MSG+XA	344222dbd5ca	8000x1
M_G02111.BIN	c1	8	2303	11	0x1948	48	0	MSG+XA	0547d179441e	8000x1,8001x1
M_G02111.BIN	c1	9	2003	0	0x1c4c	64	0	MSG+XA	0359f2346212	8000x1,8001x2
M_G02111.BIN	c1	9	2003	1	0x1c98	44	0	MSG+XA	9d81c69015db	8000x1,8001x1
M_G02111.BIN	c1	9	2003	2	0x1cd0	20	0	MSG+XA	dc9b6bb1a8af	8000x1
M_G02111.BIN	c1	9	2003	3	0x1cf0	32	0	MSG+XA	0cdd126dd176	8000x1
M_G02111.BIN	c1	9	2003	4	0x1d1c	44	0	MSG+XA	6156667c710b	8000x1,8001x1
M_G02111.BIN	c1	9	2003	5	0x1d54	32	0	MSG+XA	9fd97ed4865e	8000x1
M_G02111.BIN	c1	9	2003	6	0x1d80	20	0	MSG+XA	07af6e7f85c9	8000x1
M_G02111.BIN	c1	10	9	0	0x1f24	32	0	MSG+XA	9fd97ed4865e	8000x1
M_G02111.BIN	c1	10	9	1	0x1f50	20	0	MSG+XA	07af6e7f85c9	8000x1
M_G02112.BIN	c1	1	8050	0	0x634	50	2	MSG	5257d015c3bd	8000x1,8001x1
M_G02112.BIN	c1	2	8000	0	0x6b4	46	2	MSG	9743fa149b31	8000x1,8001x1
M_G02112.BIN	c1	3	8001	0	0x730	64	0	MSG	46b4790ae2f7	8000x1,8001x1
M_G02112.BIN	c1	4	8002	0	0x7bc	50	2	MSG	2841145cbdc1	8000x1,8001x1
M_G02112.BIN	c1	6	2303	0	0xc4c	38	2	MSG+XA	e702960e6b2a	8000x1,8001x1
M_G02112.BIN	c1	6	2303	1	0xc80	46	2	MSG+XA	dff9982c71b6	8000x1,8001x1
M_G02112.BIN	c1	6	2303	2	0xcbc	16	0	MSG+XA	3ee4f8fa78ef	8000x1
M_G02112.BIN	c1	6	2303	3	0xccc	8	0	MSG	7904edc513d3	8000x1
M_G02112.BIN	c1	6	2303	4	0xce0	24	0	MSG+XA	d640bc04bc23	8000x1
M_G02112.BIN	c1	6	2303	5	0xd04	18	2	MSG+XA	18a10de0b6e4	8000x1
M_G02112.BIN	c1	6	2303	6	0xd24	36	0	MSG+XA	67cdedfbfe0f	8000x1,8002x1
M_G02112.BIN	c1	6	2303	7	0xd54	746	2	MSG+XA	2bfc054b171e	8000x1,8001x19,8002x12
M_G02112.BIN	c1	6	2303	8	0x104c	18	2	MSG+XA	7e88f6b6c4d0	8000x1
M_G02112.BIN	c1	6	2303	9	0x106c	18	2	MSG+XA	cca6e9863508	8000x1
M_G02112.BIN	c1	6	2303	10	0x108c	18	2	MSG+XA	344222dbd5ca	8000x1
M_G02112.BIN	c1	6	2303	11	0x10ac	48	0	MSG+XA	0547d179441e	8000x1,8001x1
M_G02112.BIN	c1	7	2003	0	0x13b0	64	0	MSG+XA	0359f2346212	8000x1,8001x2
M_G02112.BIN	c1	7	2003	1	0x13fc	44	0	MSG+XA	9d81c69015db	8000x1,8001x1
M_G02112.BIN	c1	7	2003	2	0x1434	20	0	MSG+XA	dc9b6bb1a8af	8000x1
M_G02112.BIN	c1	7	2003	3	0x1454	32	0	MSG+XA	0cdd126dd176	8000x1
M_G02112.BIN	c1	7	2003	4	0x1480	44	0	MSG+XA	6156667c710b	8000x1,8001x1
M_G02112.BIN	c1	7	2003	5	0x14b8	32	0	MSG+XA	9fd97ed4865e	8000x1
M_G02112.BIN	c1	7	2003	6	0x14e4	20	0	MSG+XA	07af6e7f85c9	8000x1
M_G02112.BIN	c1	8	9	0	0x1688	32	0	MSG+XA	9fd97ed4865e	8000x1
M_G02112.BIN	c1	8	9	1	0x16b4	20	0	MSG+XA	07af6e7f85c9	8000x1
M_G02113.BIN	c1	1	8050	0	0x66c	50	2	MSG	5257d015c3bd	8000x1,8001x1
M_G02113.BIN	c1	2	8000	0	0x6ec	46	2	MSG	9743fa149b31	8000x1,8001x1
M_G02113.BIN	c1	3	8001	0	0x768	64	0	MSG	46b4790ae2f7	8000x1,8001x1
M_G02113.BIN	c1	4	8002	0	0x7f4	50	2	MSG	2841145cbdc1	8000x1,8001x1
M_G02113.BIN	c1	6	1803	0	0xb18	26	2	MSG+XA	95c64ef9fd26	8000x1
M_G02113.BIN	c1	6	1803	1	0xb40	22	2	MSG+XA	c26d89fd9295	8000x1
M_G02113.BIN	c1	6	1803	2	0xb64	14	2	MSG+XA	efeff7f2c314	8000x1
M_G02113.BIN	c1	6	1803	3	0xb80	32	0	MSG+XA	9fd97ed4865e	8000x1
M_G02113.BIN	c1	6	1803	4	0xbac	20	0	MSG+XA	07af6e7f85c9	8000x1
M_G02113.BIN	c1	7	2803	0	0xdd8	22	2	MSG+XA	3aeeebe34595	8000x1
M_G02113.BIN	c1	7	2803	1	0xdfc	32	0	MSG+XA	918fa5a9a46c	8000x1
M_G02113.BIN	c1	7	2803	2	0xe28	24	0	MSG+XA	16a29be689fa	8000x1
M_G02113.BIN	c1	7	2803	3	0xe4c	16	0	MSG+XA	daf579626f0c	8000x1
M_G02113.BIN	c1	7	2803	4	0xe68	18	2	MSG+XA	81e3331abd74	8000x1
M_G02113.BIN	c1	7	2803	5	0xe88	32	0	MSG+XA	6bac9c9d4303	8000x1
M_G02113.BIN	c1	7	2803	6	0xeb4	54	2	MSG+XA	6002d8acab2e	8000x1,8001x1
M_G02113.BIN	c1	8	2303	0	0x1294	38	2	MSG+XA	e702960e6b2a	8000x1,8001x1
M_G02113.BIN	c1	8	2303	1	0x12c8	46	2	MSG+XA	dff9982c71b6	8000x1,8001x1
M_G02113.BIN	c1	8	2303	2	0x1304	16	0	MSG+XA	3ee4f8fa78ef	8000x1
M_G02113.BIN	c1	8	2303	3	0x1314	8	0	MSG	7904edc513d3	8000x1
M_G02113.BIN	c1	8	2303	4	0x1328	24	0	MSG+XA	d640bc04bc23	8000x1
M_G02113.BIN	c1	8	2303	5	0x134c	18	2	MSG+XA	18a10de0b6e4	8000x1
M_G02113.BIN	c1	8	2303	6	0x136c	36	0	MSG+XA	67cdedfbfe0f	8000x1,8002x1
M_G02113.BIN	c1	8	2303	7	0x139c	746	2	MSG+XA	2bfc054b171e	8000x1,8001x19,8002x12
M_G02113.BIN	c1	8	2303	8	0x1694	18	2	MSG+XA	7e88f6b6c4d0	8000x1
M_G02113.BIN	c1	8	2303	9	0x16b4	18	2	MSG+XA	cca6e9863508	8000x1
M_G02113.BIN	c1	8	2303	10	0x16d4	18	2	MSG+XA	344222dbd5ca	8000x1
M_G02113.BIN	c1	8	2303	11	0x16f4	48	0	MSG+XA	0547d179441e	8000x1,8001x1
M_G02113.BIN	c1	9	2003	0	0x19f8	64	0	MSG+XA	0359f2346212	8000x1,8001x2
M_G02113.BIN	c1	9	2003	1	0x1a44	44	0	MSG+XA	9d81c69015db	8000x1,8001x1
M_G02113.BIN	c1	9	2003	2	0x1a7c	20	0	MSG+XA	dc9b6bb1a8af	8000x1
M_G02113.BIN	c1	9	2003	3	0x1a9c	32	0	MSG+XA	0cdd126dd176	8000x1
M_G02113.BIN	c1	9	2003	4	0x1ac8	44	0	MSG+XA	6156667c710b	8000x1,8001x1
M_G02113.BIN	c1	9	2003	5	0x1b00	32	0	MSG+XA	9fd97ed4865e	8000x1
M_G02113.BIN	c1	9	2003	6	0x1b2c	20	0	MSG+XA	07af6e7f85c9	8000x1
M_G02113.BIN	c1	10	9	0	0x1cd0	32	0	MSG+XA	9fd97ed4865e	8000x1
M_G02113.BIN	c1	10	9	1	0x1cfc	20	0	MSG+XA	07af6e7f85c9	8000x1
M_G02114.BIN	c1	1	8050	0	0x650	50	2	MSG	5257d015c3bd	8000x1,8001x1
M_G02114.BIN	c1	2	8000	0	0x6d0	46	2	MSG	9743fa149b31	8000x1,8001x1
M_G02114.BIN	c1	3	8001	0	0x74c	64	0	MSG	46b4790ae2f7	8000x1,8001x1
M_G02114.BIN	c1	4	8002	0	0x7d8	50	2	MSG	2841145cbdc1	8000x1,8001x1
M_G02114.BIN	c1	6	1903	0	0xaf8	58	2	MSG+XA	1daa7a505bac	8000x1,8001x1
M_G02114.BIN	c1	6	1903	1	0xb40	44	0	MSG+XA	d0432c6b6812	8000x1,8001x1
M_G02114.BIN	c1	6	1903	2	0xb78	32	0	MSG+XA	9fd97ed4865e	8000x1
M_G02114.BIN	c1	6	1903	3	0xba4	20	0	MSG+XA	07af6e7f85c9	8000x1
M_G02114.BIN	c1	7	2303	0	0xf60	38	2	MSG+XA	e702960e6b2a	8000x1,8001x1
M_G02114.BIN	c1	7	2303	1	0xf94	46	2	MSG+XA	dff9982c71b6	8000x1,8001x1
M_G02114.BIN	c1	7	2303	2	0xfd0	16	0	MSG+XA	3ee4f8fa78ef	8000x1
M_G02114.BIN	c1	7	2303	3	0xfe0	8	0	MSG	7904edc513d3	8000x1
M_G02114.BIN	c1	7	2303	4	0xff4	24	0	MSG+XA	d640bc04bc23	8000x1
M_G02114.BIN	c1	7	2303	5	0x1018	18	2	MSG+XA	18a10de0b6e4	8000x1
M_G02114.BIN	c1	7	2303	6	0x1038	36	0	MSG+XA	67cdedfbfe0f	8000x1,8002x1
M_G02114.BIN	c1	7	2303	7	0x1068	746	2	MSG+XA	2bfc054b171e	8000x1,8001x19,8002x12
M_G02114.BIN	c1	7	2303	8	0x1360	18	2	MSG+XA	7e88f6b6c4d0	8000x1
M_G02114.BIN	c1	7	2303	9	0x1380	18	2	MSG+XA	cca6e9863508	8000x1
M_G02114.BIN	c1	7	2303	10	0x13a0	18	2	MSG+XA	344222dbd5ca	8000x1
M_G02114.BIN	c1	7	2303	11	0x13c0	48	0	MSG+XA	0547d179441e	8000x1,8001x1
M_G02114.BIN	c1	8	2003	0	0x16c4	64	0	MSG+XA	0359f2346212	8000x1,8001x2
M_G02114.BIN	c1	8	2003	1	0x1710	44	0	MSG+XA	9d81c69015db	8000x1,8001x1
M_G02114.BIN	c1	8	2003	2	0x1748	20	0	MSG+XA	dc9b6bb1a8af	8000x1
M_G02114.BIN	c1	8	2003	3	0x1768	32	0	MSG+XA	0cdd126dd176	8000x1
M_G02114.BIN	c1	8	2003	4	0x1794	44	0	MSG+XA	6156667c710b	8000x1,8001x1
M_G02114.BIN	c1	8	2003	5	0x17cc	32	0	MSG+XA	9fd97ed4865e	8000x1
M_G02114.BIN	c1	8	2003	6	0x17f8	20	0	MSG+XA	07af6e7f85c9	8000x1
M_G02114.BIN	c1	9	9	0	0x199c	32	0	MSG+XA	9fd97ed4865e	8000x1
M_G02114.BIN	c1	9	9	1	0x19c8	20	0	MSG+XA	07af6e7f85c9	8000x1
M_G02115.BIN	c1	1	8050	0	0x634	50	2	MSG	5257d015c3bd	8000x1,8001x1
M_G02115.BIN	c1	2	8000	0	0x6b4	46	2	MSG	9743fa149b31	8000x1,8001x1
M_G02115.BIN	c1	3	8001	0	0x730	64	0	MSG	46b4790ae2f7	8000x1,8001x1
M_G02115.BIN	c1	4	8002	0	0x7bc	50	2	MSG	2841145cbdc1	8000x1,8001x1
M_G02115.BIN	c1	6	2303	0	0xc4c	38	2	MSG+XA	e702960e6b2a	8000x1,8001x1
M_G02115.BIN	c1	6	2303	1	0xc80	46	2	MSG+XA	dff9982c71b6	8000x1,8001x1
M_G02115.BIN	c1	6	2303	2	0xcbc	16	0	MSG+XA	3ee4f8fa78ef	8000x1
M_G02115.BIN	c1	6	2303	3	0xccc	8	0	MSG	7904edc513d3	8000x1
M_G02115.BIN	c1	6	2303	4	0xce0	24	0	MSG+XA	d640bc04bc23	8000x1
M_G02115.BIN	c1	6	2303	5	0xd04	18	2	MSG+XA	18a10de0b6e4	8000x1
M_G02115.BIN	c1	6	2303	6	0xd24	36	0	MSG+XA	67cdedfbfe0f	8000x1,8002x1
M_G02115.BIN	c1	6	2303	7	0xd54	746	2	MSG+XA	2bfc054b171e	8000x1,8001x19,8002x12
M_G02115.BIN	c1	6	2303	8	0x104c	18	2	MSG+XA	7e88f6b6c4d0	8000x1
M_G02115.BIN	c1	6	2303	9	0x106c	18	2	MSG+XA	cca6e9863508	8000x1
M_G02115.BIN	c1	6	2303	10	0x108c	18	2	MSG+XA	344222dbd5ca	8000x1
M_G02115.BIN	c1	6	2303	11	0x10ac	48	0	MSG+XA	0547d179441e	8000x1,8001x1
M_G02115.BIN	c1	7	2003	0	0x13b0	64	0	MSG+XA	0359f2346212	8000x1,8001x2
M_G02115.BIN	c1	7	2003	1	0x13fc	44	0	MSG+XA	9d81c69015db	8000x1,8001x1
M_G02115.BIN	c1	7	2003	2	0x1434	20	0	MSG+XA	dc9b6bb1a8af	8000x1
M_G02115.BIN	c1	7	2003	3	0x1454	32	0	MSG+XA	0cdd126dd176	8000x1
M_G02115.BIN	c1	7	2003	4	0x1480	44	0	MSG+XA	6156667c710b	8000x1,8001x1
M_G02115.BIN	c1	7	2003	5	0x14b8	32	0	MSG+XA	9fd97ed4865e	8000x1
M_G02115.BIN	c1	7	2003	6	0x14e4	20	0	MSG+XA	07af6e7f85c9	8000x1
M_G02115.BIN	c1	8	9	0	0x1688	32	0	MSG+XA	9fd97ed4865e	8000x1
M_G02115.BIN	c1	8	9	1	0x16b4	20	0	MSG+XA	07af6e7f85c9	8000x1
M_G02116.BIN	c1	1	8050	0	0x5fc	50	2	MSG	5257d015c3bd	8000x1,8001x1
M_G02116.BIN	c1	2	8000	0	0x67c	46	2	MSG	9743fa149b31	8000x1,8001x1
M_G02116.BIN	c1	3	8001	0	0x6f8	64	0	MSG	46b4790ae2f7	8000x1,8001x1
M_G02116.BIN	c1	4	8002	0	0x784	50	2	MSG	2841145cbdc1	8000x1,8001x1
M_G02116.BIN	c1	6	2203	0	0xd10	32	0	MSG+XA	31b92a848e8c	8000x1
M_G02116.BIN	c1	6	2203	1	0xd3c	22	2	MSG+XA	82b8bc2645f3	8000x1
M_G02116.BIN	c1	6	2203	2	0xd60	16	0	MSG+XA	b55a9b71121f	8000x1
M_G02116.BIN	c1	6	2203	3	0xd7c	22	2	MSG+XA	0de59e82947f	8000x1
M_G02116.BIN	c1	6	2203	4	0xda0	40	0	MSG+XA	ce45184c33cb	8000x1,8001x1
M_G02116.BIN	c1	6	2203	5	0xdd4	16	0	MSG+XA	97be2422bd41	8000x1
M_G02116.BIN	c1	6	2203	6	0xdf0	16	0	MSG+XA	0299fe55b439	8000x1
M_G02116.BIN	c1	6	2203	7	0xe0c	28	0	MSG+XA	f3d8bc424e72	8000x1
M_G02116.BIN	c1	6	2203	8	0xe34	16	0	MSG+XA	cb0fcb818ee1	8000x1
M_G02116.BIN	c1	6	2203	9	0xe50	48	0	MSG+XA	2b45df1728fb	8000x1,8001x1
M_G02116.BIN	c1	6	2203	10	0xe8c	14	2	MSG+XA	8edee2b7ff05	8000x1
M_G02116.BIN	c1	6	2203	11	0xea8	18	2	MSG+XA	cf2b447c003a	8000x1
M_G02116.BIN	c1	6	2203	12	0xec8	32	0	MSG+XA	177f2e228fad	8000x1
M_G02116.BIN	c1	6	2203	13	0xef4	30	2	MSG+XA	f67f1ce5da81	8000x1
M_G02116.BIN	c1	6	2203	14	0xf20	26	2	MSG+XA	a2efe476e39d	8000x1
M_G02116.BIN	c1	6	2203	15	0xf48	20	0	MSG+XA	2b6679b00dc4	8000x1
M_G02116.BIN	c1	6	2203	16	0xf68	46	2	MSG+XA	4df8c711a6c3	8000x1,8001x1
M_G02116.BIN	c1	6	2203	17	0xfa4	24	0	MSG+XA	97a23d6579ff	8000x1
M_G02116.BIN	c1	6	2203	18	0xfc8	26	2	MSG+XA	f20d1fee0b1d	8000x1
M_G02116.BIN	c1	6	2203	19	0xff0	40	0	MSG+XA	e6b2da03548e	8000x1,8001x1
M_G02116.BIN	c1	6	2203	20	0x1024	46	2	MSG+XA	ee44591f4b9a	8000x1,8001x1
M_G02116.BIN	c1	6	2203	21	0x1060	20	0	MSG+XA	e5227492779c	8000x1
M_G02119.BIN	c1	1	8050	0	0x638	50	2	MSG	5257d015c3bd	8000x1,8001x1
M_G02119.BIN	c1	2	8000	0	0x6b8	46	2	MSG	9743fa149b31	8000x1,8001x1
M_G02119.BIN	c1	3	8001	0	0x734	64	0	MSG	46b4790ae2f7	8000x1,8001x1
M_G02119.BIN	c1	4	8002	0	0x7c0	50	2	MSG	2841145cbdc1	8000x1,8001x1
M_G02120.BIN	c1	1	8050	0	0x638	50	2	MSG	5257d015c3bd	8000x1,8001x1
M_G02120.BIN	c1	2	8000	0	0x6b8	46	2	MSG	9743fa149b31	8000x1,8001x1
M_G02120.BIN	c1	3	8001	0	0x734	64	0	MSG	46b4790ae2f7	8000x1,8001x1
M_G02120.BIN	c1	4	8002	0	0x7c0	50	2	MSG	2841145cbdc1	8000x1,8001x1
M_G02200.BIN	c1	1	8050	0	0x8cc	50	2	MSG	5257d015c3bd	8000x1,8001x1
M_G02200.BIN	c1	2	8000	0	0x94c	46	2	MSG	9743fa149b31	8000x1,8001x1
M_G02200.BIN	c1	3	8001	0	0x9c8	64	0	MSG	46b4790ae2f7	8000x1,8001x1
M_G02200.BIN	c1	4	8002	0	0xa54	50	2	MSG	2841145cbdc1	8000x1,8001x1
M_G02217.BIN	c1	1	8050	0	0x648	50	2	MSG	5257d015c3bd	8000x1,8001x1
M_G02217.BIN	c1	2	8000	0	0x6c8	46	2	MSG	9743fa149b31	8000x1,8001x1
M_G02217.BIN	c1	3	8001	0	0x744	64	0	MSG	46b4790ae2f7	8000x1,8001x1
M_G02217.BIN	c1	4	8002	0	0x7d0	50	2	MSG	2841145cbdc1	8000x1,8001x1
M_G02217.BIN	c1	6	2204	0	0xd1c	28	0	MSG+XA	8ab021bdd3c9	8000x1
M_G02217.BIN	c1	6	2204	1	0xd44	24	0	MSG+XA	7c74877dc4cd	8000x1
M_G02217.BIN	c1	6	2204	2	0xd68	122	2	MSG+XA	0cd145777a8b	8000x1,8001x3,8002x1
M_G02217.BIN	c1	6	2204	3	0xdf0	70	2	MSG+XA	e69905f780aa	8000x1,8001x1,8002x1
M_G02217.BIN	c1	6	2204	4	0xe44	94	2	MSG+XA	034d96301431	8000x1,8001x1,8002x1
M_G02217.BIN	c1	6	2204	5	0xeb0	42	2	MSG+XA	1f7e34d16976	8000x1,8001x1
M_G02217.BIN	c1	6	2204	6	0xee8	144	0	MSG+XA	03442ad58d4a	8000x1,8001x4,8002x1
M_G02217.BIN	c1	6	2204	7	0xf84	36	0	MSG+XA	68868d477eb1	8000x1,8001x1
M_G02217.BIN	c1	6	2204	8	0xfb4	116	0	MSG+XA	dcec411e6b08	8000x1,8001x2,8002x1
M_G02217.BIN	c1	6	2204	9	0x1034	20	0	MSG+XA	37788a2ca28f	8000x1
M_G02217.BIN	c1	6	2204	10	0x1054	18	2	MSG+XA	227249766a08	8000x1
M_G02220.BIN	c1	1	8050	0	0x62c	50	2	MSG	5257d015c3bd	8000x1,8001x1
M_G02220.BIN	c1	2	8000	0	0x6ac	46	2	MSG	9743fa149b31	8000x1,8001x1
M_G02220.BIN	c1	3	8001	0	0x728	64	0	MSG	46b4790ae2f7	8000x1,8001x1
M_G02220.BIN	c1	4	8002	0	0x7b4	50	2	MSG	2841145cbdc1	8000x1,8001x1
M_G03000.BIN	c1	0	121	0	0x65c	114	2	MSG+XA	2a69df1fbe38	8000x1,8001x3,8002x1
M_G03000.BIN	c1	0	121	1	0x6dc	56	0	MSG+XA	ff7959d5eeba	8000x1,8001x1
M_G03000.BIN	c1	0	121	2	0x720	16	0	MSG+XA	e5b7d519a17b	8000x1
M_G03000.BIN	c1	0	121	3	0x73c	54	2	MSG+XA	9eb1accd1144	8000x1,8001x1
M_G03000.BIN	c1	0	121	4	0x780	60	0	MSG+XA	984ef4f8bd28	8000x1,8001x1,8002x1
M_G03000.BIN	c1	0	121	5	0x7c8	46	2	MSG+XA	b176725b4ba4	8000x1,8001x1
M_G03000.BIN	c1	0	121	6	0x804	30	2	MSG+XA	2a8740861a39	8000x1
M_G03000.BIN	c1	0	121	7	0x830	44	0	MSG+XA	dcbd6b0f43df	8000x1,8001x1
M_G03000.BIN	c1	1	423	0	0x920	52	0	MSG+XA	3fd2d28c8932	8000x1,8001x1
M_G03000.BIN	c1	2	821	0	0xa4c	112	0	MSG+XA	54638daee228	8000x1,8001x2,8002x1
M_G03000.BIN	c1	3	1021	0	0xb68	76	0	MSG+XA	e77cd1b98e00	8000x1,8001x1,8002x1
M_G03000.BIN	c1	4	1121	0	0xc88	140	0	MSG+XA	fe08755a7fee	8000x1,8001x3,8002x2
M_G03000.BIN	c1	5	1821	0	0x100c	40	0	MSG+XA	2ec5b6f9e7ee	8000x1,8001x1
M_G03000.BIN	c1	5	1821	1	0x1040	18	2	MSG+XA	d7712de28f45	8000x1
M_G03000.BIN	c1	5	1821	2	0x1060	32	0	MSG+XA	9bc2bd091755	8000x1
M_G03000.BIN	c1	5	1821	3	0x108c	46	2	MSG+XA	29183616fd00	8000x1,8001x1
M_G03000.BIN	c1	5	1821	4	0x10c8	52	0	MSG+XA	12ed61f93542	8000x1,8001x1
M_G03000.BIN	c1	5	1821	5	0x1108	106	2	MSG+XA	e8501f6bec9e	8000x1,8001x2,8002x1
M_G03000.BIN	c1	5	1821	6	0x1180	26	2	MSG+XA	2645284a4c32	8000x1
M_G03000.BIN	c1	5	1821	7	0x11a8	24	0	MSG+XA	66abb2d56010	8000x1
M_G03000.BIN	c1	5	1821	8	0x11cc	42	2	MSG+XA	bedbec434d29	8000x1,8001x1
M_G03000.BIN	c1	5	1821	9	0x1204	42	2	MSG+XA	e8dc11306a3e	8000x1,8001x1
M_G03000.BIN	c1	5	1821	10	0x123c	16	0	MSG+XA	b55a9b71121f	8000x1
M_G03000.BIN	c1	5	1821	11	0x1258	58	2	MSG+XA	2ad181b69c5a	8000x1,8001x1
M_G03000.BIN	c1	6	1921	0	0x1370	72	0	MSG+XA	9fbca0266126	8000x1,8001x2
M_G03000.BIN	c1	7	2221	0	0x14c8	94	2	MSG+XA	32201426115c	8000x1,8001x2,8002x1
M_G03000.BIN	c1	7	2221	1	0x1534	60	0	MSG+XA	0bb72ec50276	8000x1,8001x1
M_G03000.BIN	c1	8	221	0	0x1864	54	2	MSG+XA	2c51bb48ff25	8000x1,8001x1
M_G03000.BIN	c1	8	221	1	0x18a8	52	0	MSG+XA	0efc8f227b51	8000x1,8001x1
M_G03000.BIN	c1	8	221	2	0x18dc	42	2	SEL3.1	5dac437f0565	8001x3
M_G03000.BIN	c1	8	221	3	0x1908	44	0	SEL3.1	693436c89882	8001x3
M_G03000.BIN	c1	8	221	4	0x1934	34	2	SEL3.1	5279c90e3b6d	8001x3
M_G03000.BIN	c1	8	221	5	0x1958	54	2	SEL3.1	6bddf06b5f58	8001x3
M_G03000.BIN	c1	8	221	6	0x1990	48	0	SEL3.1	f4f9c123d1f3	8001x3
M_G03000.BIN	c1	8	221	7	0x19c0	38	2	SEL3.1	271ec1e1b2c7	8001x3
M_G03000.BIN	c1	8	221	8	0x19e8	38	2	SEL3.1	0bb9a527cbea	8001x3
M_G03000.BIN	c1	8	221	9	0x1a10	38	2	SEL3.1	ca6b9bcf1b60	8001x3
M_G03000.BIN	c1	8	221	10	0x1a38	42	2	SEL3.1	10285aa94599	8001x3
M_G03000.BIN	c1	8	221	11	0x1a64	44	0	SEL3.1	06a19d3850eb	8001x3
M_G03000.BIN	c1	8	221	12	0x1a90	50	2	SEL3.1	653fb99a7c07	8001x3
M_G03000.BIN	c1	8	221	13	0x1ac4	36	0	SEL3.1	3b103c7a94ae	8001x3
M_G03000.BIN	c1	8	221	14	0x1ae8	52	0	SEL3.1	cdf6def871fc	8001x3
M_G03000.BIN	c1	8	221	15	0x1b1c	30	2	SEL3.1	d82df28b7d3e	8001x3
M_G03000.BIN	c1	8	221	16	0x1b3c	42	2	SEL3.1	7d5688ac2bd9	8001x3
M_G03000.BIN	c1	8	221	17	0x1b68	40	0	SEL3.1	eb21b66c46ec	8001x3
M_G03000.BIN	c1	8	221	18	0x1b90	36	0	SEL3.1	0013e5e89015	8001x3
M_G03000.BIN	c1	8	221	19	0x1bb4	52	0	SEL3.1	ab73dd1f1b60	8001x3
M_G03000.BIN	c1	8	221	20	0x1be8	50	2	SEL3.1	f95e0fbf0005	8001x3
M_G03000.BIN	c1	8	221	21	0x1c1c	36	0	SEL3.1	d47fd41b0d58	8001x3
M_G03000.BIN	c1	8	221	22	0x1c40	38	2	SEL3.1	d00a153976ec	8001x3
M_G03000.BIN	c1	8	221	23	0x1c68	40	0	SEL3.1	d8b5ca11771e	8001x3
M_G03000.BIN	c1	8	221	24	0x1c90	50	2	SEL3.1	81e0999446cc	8001x3
M_G03000.BIN	c1	8	221	25	0x1cc4	36	0	SEL3.1	b8619e681738	8001x3
M_G03000.BIN	c1	8	221	26	0x1ce8	40	0	SEL3.1	9fc5cb15ff66	8001x3
M_G03000.BIN	c1	8	221	27	0x1d10	36	0	SEL3.1	ee41d95a3043	8001x3
M_G03000.BIN	c1	8	221	28	0x1d34	46	2	SEL3.1	8aa7c74a1e0a	8001x3
M_G03000.BIN	c1	8	221	29	0x1d64	52	0	SEL3.1	e81b78723355	8001x3
M_G03000.BIN	c1	8	221	30	0x1d98	38	2	SEL3.1	cddc44bf77b7	8001x3
M_G03000.BIN	c1	8	221	31	0x1dc0	44	0	SEL3.1	d9b92d280b8a	8001x3
M_G03000.BIN	c1	11	4029	1	0x20c4	38	2	SEL3.3	eff0e5a9e4ba	8001x3
M_G03000.BIN	c1	12	670	0	0x2328	20	0	MSG	8741d6905dda	8000x1
M_G03000.BIN	c1	12	670	1	0x233c	24	0	MSG	f7df61a9927b	8000x1
M_G03000.BIN	c1	13	8051	0	0x23cc	36	0	MSG	fdec36d7ba70	8000x1,8001x1
M_G03000.BIN	c1	14	8003	0	0x2450	60	0	MSG	395d2f1721e7	8000x1,8001x1
M_G03000.BIN	c1	15	8004	0	0x24dc	78	2	MSG	0dcef7fd3cd8	8000x1,8001x2
M_G03001.BIN	c1	0	121	0	0x678	114	2	MSG+XA	2a69df1fbe38	8000x1,8001x3,8002x1
M_G03001.BIN	c1	0	121	1	0x6f8	56	0	MSG+XA	ff7959d5eeba	8000x1,8001x1
M_G03001.BIN	c1	0	121	2	0x73c	16	0	MSG+XA	e5b7d519a17b	8000x1
M_G03001.BIN	c1	0	121	3	0x758	54	2	MSG+XA	9eb1accd1144	8000x1,8001x1
M_G03001.BIN	c1	0	121	4	0x79c	60	0	MSG+XA	984ef4f8bd28	8000x1,8001x1,8002x1
M_G03001.BIN	c1	0	121	5	0x7e4	46	2	MSG+XA	b176725b4ba4	8000x1,8001x1
M_G03001.BIN	c1	0	121	6	0x820	30	2	MSG+XA	2a8740861a39	8000x1
M_G03001.BIN	c1	0	121	7	0x84c	44	0	MSG+XA	dcbd6b0f43df	8000x1,8001x1
M_G03001.BIN	c1	1	423	0	0x93c	52	0	MSG+XA	3fd2d28c8932	8000x1,8001x1
M_G03001.BIN	c1	2	821	0	0xa68	112	0	MSG+XA	54638daee228	8000x1,8001x2,8002x1
M_G03001.BIN	c1	3	1021	0	0xb84	76	0	MSG+XA	e77cd1b98e00	8000x1,8001x1,8002x1
M_G03001.BIN	c1	4	1121	0	0xca4	140	0	MSG+XA	fe08755a7fee	8000x1,8001x3,8002x2
M_G03001.BIN	c1	5	1821	0	0x1028	40	0	MSG+XA	2ec5b6f9e7ee	8000x1,8001x1
M_G03001.BIN	c1	5	1821	1	0x105c	18	2	MSG+XA	d7712de28f45	8000x1
M_G03001.BIN	c1	5	1821	2	0x107c	32	0	MSG+XA	9bc2bd091755	8000x1
M_G03001.BIN	c1	5	1821	3	0x10a8	46	2	MSG+XA	29183616fd00	8000x1,8001x1
M_G03001.BIN	c1	5	1821	4	0x10e4	52	0	MSG+XA	12ed61f93542	8000x1,8001x1
M_G03001.BIN	c1	5	1821	5	0x1124	106	2	MSG+XA	e8501f6bec9e	8000x1,8001x2,8002x1
M_G03001.BIN	c1	5	1821	6	0x119c	26	2	MSG+XA	2645284a4c32	8000x1
M_G03001.BIN	c1	5	1821	7	0x11c4	24	0	MSG+XA	66abb2d56010	8000x1
M_G03001.BIN	c1	5	1821	8	0x11e8	42	2	MSG+XA	bedbec434d29	8000x1,8001x1
M_G03001.BIN	c1	5	1821	9	0x1220	42	2	MSG+XA	e8dc11306a3e	8000x1,8001x1
M_G03001.BIN	c1	5	1821	10	0x1258	16	0	MSG+XA	b55a9b71121f	8000x1
M_G03001.BIN	c1	5	1821	11	0x1274	58	2	MSG+XA	2ad181b69c5a	8000x1,8001x1
M_G03001.BIN	c1	6	1921	0	0x138c	72	0	MSG+XA	9fbca0266126	8000x1,8001x2
M_G03001.BIN	c1	7	2221	0	0x14e4	94	2	MSG+XA	32201426115c	8000x1,8001x2,8002x1
M_G03001.BIN	c1	7	2221	1	0x1550	60	0	MSG+XA	0bb72ec50276	8000x1,8001x1
M_G03001.BIN	c1	8	221	0	0x1880	54	2	MSG+XA	2c51bb48ff25	8000x1,8001x1
M_G03001.BIN	c1	8	221	1	0x18c4	52	0	MSG+XA	0efc8f227b51	8000x1,8001x1
M_G03001.BIN	c1	8	221	2	0x18f8	42	2	SEL3.1	5dac437f0565	8001x3
M_G03001.BIN	c1	8	221	3	0x1924	44	0	SEL3.1	693436c89882	8001x3
M_G03001.BIN	c1	8	221	4	0x1950	34	2	SEL3.1	5279c90e3b6d	8001x3
M_G03001.BIN	c1	8	221	5	0x1974	54	2	SEL3.1	6bddf06b5f58	8001x3
M_G03001.BIN	c1	8	221	6	0x19ac	48	0	SEL3.1	f4f9c123d1f3	8001x3
M_G03001.BIN	c1	8	221	7	0x19dc	38	2	SEL3.1	271ec1e1b2c7	8001x3
M_G03001.BIN	c1	8	221	8	0x1a04	38	2	SEL3.1	0bb9a527cbea	8001x3
M_G03001.BIN	c1	8	221	9	0x1a2c	38	2	SEL3.1	ca6b9bcf1b60	8001x3
M_G03001.BIN	c1	8	221	10	0x1a54	42	2	SEL3.1	10285aa94599	8001x3
M_G03001.BIN	c1	8	221	11	0x1a80	44	0	SEL3.1	06a19d3850eb	8001x3
M_G03001.BIN	c1	8	221	12	0x1aac	50	2	SEL3.1	653fb99a7c07	8001x3
M_G03001.BIN	c1	8	221	13	0x1ae0	36	0	SEL3.1	3b103c7a94ae	8001x3
M_G03001.BIN	c1	8	221	14	0x1b04	52	0	SEL3.1	cdf6def871fc	8001x3
M_G03001.BIN	c1	8	221	15	0x1b38	30	2	SEL3.1	d82df28b7d3e	8001x3
M_G03001.BIN	c1	8	221	16	0x1b58	42	2	SEL3.1	7d5688ac2bd9	8001x3
M_G03001.BIN	c1	8	221	17	0x1b84	40	0	SEL3.1	eb21b66c46ec	8001x3
M_G03001.BIN	c1	8	221	18	0x1bac	36	0	SEL3.1	0013e5e89015	8001x3
M_G03001.BIN	c1	8	221	19	0x1bd0	52	0	SEL3.1	ab73dd1f1b60	8001x3
M_G03001.BIN	c1	8	221	20	0x1c04	50	2	SEL3.1	f95e0fbf0005	8001x3
M_G03001.BIN	c1	8	221	21	0x1c38	36	0	SEL3.1	d47fd41b0d58	8001x3
M_G03001.BIN	c1	8	221	22	0x1c5c	38	2	SEL3.1	d00a153976ec	8001x3
M_G03001.BIN	c1	8	221	23	0x1c84	40	0	SEL3.1	d8b5ca11771e	8001x3
M_G03001.BIN	c1	8	221	24	0x1cac	50	2	SEL3.1	81e0999446cc	8001x3
M_G03001.BIN	c1	8	221	25	0x1ce0	36	0	SEL3.1	b8619e681738	8001x3
M_G03001.BIN	c1	8	221	26	0x1d04	40	0	SEL3.1	9fc5cb15ff66	8001x3
M_G03001.BIN	c1	8	221	27	0x1d2c	36	0	SEL3.1	ee41d95a3043	8001x3
M_G03001.BIN	c1	8	221	28	0x1d50	46	2	SEL3.1	8aa7c74a1e0a	8001x3
M_G03001.BIN	c1	8	221	29	0x1d80	52	0	SEL3.1	e81b78723355	8001x3
M_G03001.BIN	c1	8	221	30	0x1db4	38	2	SEL3.1	cddc44bf77b7	8001x3
M_G03001.BIN	c1	8	221	31	0x1ddc	44	0	SEL3.1	d9b92d280b8a	8001x3
M_G03001.BIN	c1	12	4029	1	0x2134	38	2	SEL3.3	eff0e5a9e4ba	8001x3
M_G03001.BIN	c1	13	670	0	0x2398	20	0	MSG	8741d6905dda	8000x1
M_G03001.BIN	c1	13	670	1	0x23ac	24	0	MSG	f7df61a9927b	8000x1
M_G03001.BIN	c1	14	8051	0	0x243c	36	0	MSG	fdec36d7ba70	8000x1,8001x1
M_G03001.BIN	c1	15	8003	0	0x24c0	60	0	MSG	395d2f1721e7	8000x1,8001x1
M_G03001.BIN	c1	16	8004	0	0x254c	78	2	MSG	0dcef7fd3cd8	8000x1,8001x2
M_G03003.BIN	c1	0	121	0	0x65c	114	2	MSG+XA	2a69df1fbe38	8000x1,8001x3,8002x1
M_G03003.BIN	c1	0	121	1	0x6dc	56	0	MSG+XA	ff7959d5eeba	8000x1,8001x1
M_G03003.BIN	c1	0	121	2	0x720	16	0	MSG+XA	e5b7d519a17b	8000x1
M_G03003.BIN	c1	0	121	3	0x73c	54	2	MSG+XA	9eb1accd1144	8000x1,8001x1
M_G03003.BIN	c1	0	121	4	0x780	60	0	MSG+XA	984ef4f8bd28	8000x1,8001x1,8002x1
M_G03003.BIN	c1	0	121	5	0x7c8	46	2	MSG+XA	b176725b4ba4	8000x1,8001x1
M_G03003.BIN	c1	0	121	6	0x804	30	2	MSG+XA	2a8740861a39	8000x1
M_G03003.BIN	c1	0	121	7	0x830	44	0	MSG+XA	dcbd6b0f43df	8000x1,8001x1
M_G03003.BIN	c1	1	423	0	0x920	52	0	MSG+XA	3fd2d28c8932	8000x1,8001x1
M_G03003.BIN	c1	2	821	0	0xa4c	112	0	MSG+XA	54638daee228	8000x1,8001x2,8002x1
M_G03003.BIN	c1	3	1021	0	0xb68	76	0	MSG+XA	e77cd1b98e00	8000x1,8001x1,8002x1
M_G03003.BIN	c1	4	1121	0	0xc88	140	0	MSG+XA	fe08755a7fee	8000x1,8001x3,8002x2
M_G03003.BIN	c1	5	1821	0	0x100c	40	0	MSG+XA	2ec5b6f9e7ee	8000x1,8001x1
M_G03003.BIN	c1	5	1821	1	0x1040	18	2	MSG+XA	d7712de28f45	8000x1
M_G03003.BIN	c1	5	1821	2	0x1060	32	0	MSG+XA	9bc2bd091755	8000x1
M_G03003.BIN	c1	5	1821	3	0x108c	46	2	MSG+XA	29183616fd00	8000x1,8001x1
M_G03003.BIN	c1	5	1821	4	0x10c8	52	0	MSG+XA	12ed61f93542	8000x1,8001x1
M_G03003.BIN	c1	5	1821	5	0x1108	106	2	MSG+XA	e8501f6bec9e	8000x1,8001x2,8002x1
M_G03003.BIN	c1	5	1821	6	0x1180	26	2	MSG+XA	2645284a4c32	8000x1
M_G03003.BIN	c1	5	1821	7	0x11a8	24	0	MSG+XA	66abb2d56010	8000x1
M_G03003.BIN	c1	5	1821	8	0x11cc	42	2	MSG+XA	bedbec434d29	8000x1,8001x1
M_G03003.BIN	c1	5	1821	9	0x1204	42	2	MSG+XA	e8dc11306a3e	8000x1,8001x1
M_G03003.BIN	c1	5	1821	10	0x123c	16	0	MSG+XA	b55a9b71121f	8000x1
M_G03003.BIN	c1	5	1821	11	0x1258	58	2	MSG+XA	2ad181b69c5a	8000x1,8001x1
M_G03003.BIN	c1	6	1921	0	0x1370	72	0	MSG+XA	9fbca0266126	8000x1,8001x2
M_G03003.BIN	c1	7	2221	0	0x14c8	94	2	MSG+XA	32201426115c	8000x1,8001x2,8002x1
M_G03003.BIN	c1	7	2221	1	0x1534	60	0	MSG+XA	0bb72ec50276	8000x1,8001x1
M_G03003.BIN	c1	8	221	0	0x1864	54	2	MSG+XA	2c51bb48ff25	8000x1,8001x1
M_G03003.BIN	c1	8	221	1	0x18a8	52	0	MSG+XA	0efc8f227b51	8000x1,8001x1
M_G03003.BIN	c1	8	221	2	0x18dc	42	2	SEL3.1	5dac437f0565	8001x3
M_G03003.BIN	c1	8	221	3	0x1908	44	0	SEL3.1	693436c89882	8001x3
M_G03003.BIN	c1	8	221	4	0x1934	34	2	SEL3.1	5279c90e3b6d	8001x3
M_G03003.BIN	c1	8	221	5	0x1958	54	2	SEL3.1	6bddf06b5f58	8001x3
M_G03003.BIN	c1	8	221	6	0x1990	48	0	SEL3.1	f4f9c123d1f3	8001x3
M_G03003.BIN	c1	8	221	7	0x19c0	38	2	SEL3.1	271ec1e1b2c7	8001x3
M_G03003.BIN	c1	8	221	8	0x19e8	38	2	SEL3.1	0bb9a527cbea	8001x3
M_G03003.BIN	c1	8	221	9	0x1a10	38	2	SEL3.1	ca6b9bcf1b60	8001x3
M_G03003.BIN	c1	8	221	10	0x1a38	42	2	SEL3.1	10285aa94599	8001x3
M_G03003.BIN	c1	8	221	11	0x1a64	44	0	SEL3.1	06a19d3850eb	8001x3
M_G03003.BIN	c1	8	221	12	0x1a90	50	2	SEL3.1	653fb99a7c07	8001x3
M_G03003.BIN	c1	8	221	13	0x1ac4	36	0	SEL3.1	3b103c7a94ae	8001x3
M_G03003.BIN	c1	8	221	14	0x1ae8	52	0	SEL3.1	cdf6def871fc	8001x3
M_G03003.BIN	c1	8	221	15	0x1b1c	30	2	SEL3.1	d82df28b7d3e	8001x3
M_G03003.BIN	c1	8	221	16	0x1b3c	42	2	SEL3.1	7d5688ac2bd9	8001x3
M_G03003.BIN	c1	8	221	17	0x1b68	40	0	SEL3.1	eb21b66c46ec	8001x3
M_G03003.BIN	c1	8	221	18	0x1b90	36	0	SEL3.1	0013e5e89015	8001x3
M_G03003.BIN	c1	8	221	19	0x1bb4	52	0	SEL3.1	ab73dd1f1b60	8001x3
M_G03003.BIN	c1	8	221	20	0x1be8	50	2	SEL3.1	f95e0fbf0005	8001x3
M_G03003.BIN	c1	8	221	21	0x1c1c	36	0	SEL3.1	d47fd41b0d58	8001x3
M_G03003.BIN	c1	8	221	22	0x1c40	38	2	SEL3.1	d00a153976ec	8001x3
M_G03003.BIN	c1	8	221	23	0x1c68	40	0	SEL3.1	d8b5ca11771e	8001x3
M_G03003.BIN	c1	8	221	24	0x1c90	50	2	SEL3.1	81e0999446cc	8001x3
M_G03003.BIN	c1	8	221	25	0x1cc4	36	0	SEL3.1	b8619e681738	8001x3
M_G03003.BIN	c1	8	221	26	0x1ce8	40	0	SEL3.1	9fc5cb15ff66	8001x3
M_G03003.BIN	c1	8	221	27	0x1d10	36	0	SEL3.1	ee41d95a3043	8001x3
M_G03003.BIN	c1	8	221	28	0x1d34	46	2	SEL3.1	8aa7c74a1e0a	8001x3
M_G03003.BIN	c1	8	221	29	0x1d64	52	0	SEL3.1	e81b78723355	8001x3
M_G03003.BIN	c1	8	221	30	0x1d98	38	2	SEL3.1	cddc44bf77b7	8001x3
M_G03003.BIN	c1	8	221	31	0x1dc0	44	0	SEL3.1	d9b92d280b8a	8001x3
M_G03003.BIN	c1	11	4029	1	0x20c4	38	2	SEL3.3	eff0e5a9e4ba	8001x3
M_G03003.BIN	c1	12	670	0	0x2328	20	0	MSG	8741d6905dda	8000x1
M_G03003.BIN	c1	12	670	1	0x233c	24	0	MSG	f7df61a9927b	8000x1
M_G03003.BIN	c1	13	8051	0	0x23cc	36	0	MSG	fdec36d7ba70	8000x1,8001x1
M_G03003.BIN	c1	14	8003	0	0x2450	60	0	MSG	395d2f1721e7	8000x1,8001x1
M_G03003.BIN	c1	15	8004	0	0x24dc	78	2	MSG	0dcef7fd3cd8	8000x1,8001x2
M_G03004.BIN	c1	0	121	0	0x678	114	2	MSG+XA	2a69df1fbe38	8000x1,8001x3,8002x1
M_G03004.BIN	c1	0	121	1	0x6f8	56	0	MSG+XA	ff7959d5eeba	8000x1,8001x1
M_G03004.BIN	c1	0	121	2	0x73c	16	0	MSG+XA	e5b7d519a17b	8000x1
M_G03004.BIN	c1	0	121	3	0x758	54	2	MSG+XA	9eb1accd1144	8000x1,8001x1
M_G03004.BIN	c1	0	121	4	0x79c	60	0	MSG+XA	984ef4f8bd28	8000x1,8001x1,8002x1
M_G03004.BIN	c1	0	121	5	0x7e4	46	2	MSG+XA	b176725b4ba4	8000x1,8001x1
M_G03004.BIN	c1	0	121	6	0x820	30	2	MSG+XA	2a8740861a39	8000x1
M_G03004.BIN	c1	0	121	7	0x84c	44	0	MSG+XA	dcbd6b0f43df	8000x1,8001x1
M_G03004.BIN	c1	1	423	0	0x93c	52	0	MSG+XA	3fd2d28c8932	8000x1,8001x1
M_G03004.BIN	c1	2	821	0	0xa68	112	0	MSG+XA	54638daee228	8000x1,8001x2,8002x1
M_G03004.BIN	c1	3	1021	0	0xb84	76	0	MSG+XA	e77cd1b98e00	8000x1,8001x1,8002x1
M_G03004.BIN	c1	4	1121	0	0xca4	140	0	MSG+XA	fe08755a7fee	8000x1,8001x3,8002x2
M_G03004.BIN	c1	5	1821	0	0x1028	40	0	MSG+XA	2ec5b6f9e7ee	8000x1,8001x1
M_G03004.BIN	c1	5	1821	1	0x105c	18	2	MSG+XA	d7712de28f45	8000x1
M_G03004.BIN	c1	5	1821	2	0x107c	32	0	MSG+XA	9bc2bd091755	8000x1
M_G03004.BIN	c1	5	1821	3	0x10a8	46	2	MSG+XA	29183616fd00	8000x1,8001x1
M_G03004.BIN	c1	5	1821	4	0x10e4	52	0	MSG+XA	12ed61f93542	8000x1,8001x1
M_G03004.BIN	c1	5	1821	5	0x1124	106	2	MSG+XA	e8501f6bec9e	8000x1,8001x2,8002x1
M_G03004.BIN	c1	5	1821	6	0x119c	26	2	MSG+XA	2645284a4c32	8000x1
M_G03004.BIN	c1	5	1821	7	0x11c4	24	0	MSG+XA	66abb2d56010	8000x1
M_G03004.BIN	c1	5	1821	8	0x11e8	42	2	MSG+XA	bedbec434d29	8000x1,8001x1
M_G03004.BIN	c1	5	1821	9	0x1220	42	2	MSG+XA	e8dc11306a3e	8000x1,8001x1
M_G03004.BIN	c1	5	1821	10	0x1258	16	0	MSG+XA	b55a9b71121f	8000x1
M_G03004.BIN	c1	5	1821	11	0x1274	58	2	MSG+XA	2ad181b69c5a	8000x1,8001x1
M_G03004.BIN	c1	6	1921	0	0x138c	72	0	MSG+XA	9fbca0266126	8000x1,8001x2
M_G03004.BIN	c1	7	2221	0	0x14e4	94	2	MSG+XA	32201426115c	8000x1,8001x2,8002x1
M_G03004.BIN	c1	7	2221	1	0x1550	60	0	MSG+XA	0bb72ec50276	8000x1,8001x1
M_G03004.BIN	c1	8	221	0	0x1880	54	2	MSG+XA	2c51bb48ff25	8000x1,8001x1
M_G03004.BIN	c1	8	221	1	0x18c4	52	0	MSG+XA	0efc8f227b51	8000x1,8001x1
M_G03004.BIN	c1	8	221	2	0x18f8	42	2	SEL3.1	5dac437f0565	8001x3
M_G03004.BIN	c1	8	221	3	0x1924	44	0	SEL3.1	693436c89882	8001x3
M_G03004.BIN	c1	8	221	4	0x1950	34	2	SEL3.1	5279c90e3b6d	8001x3
M_G03004.BIN	c1	8	221	5	0x1974	54	2	SEL3.1	6bddf06b5f58	8001x3
M_G03004.BIN	c1	8	221	6	0x19ac	48	0	SEL3.1	f4f9c123d1f3	8001x3
M_G03004.BIN	c1	8	221	7	0x19dc	38	2	SEL3.1	271ec1e1b2c7	8001x3
M_G03004.BIN	c1	8	221	8	0x1a04	38	2	SEL3.1	0bb9a527cbea	8001x3
M_G03004.BIN	c1	8	221	9	0x1a2c	38	2	SEL3.1	ca6b9bcf1b60	8001x3
M_G03004.BIN	c1	8	221	10	0x1a54	42	2	SEL3.1	10285aa94599	8001x3
M_G03004.BIN	c1	8	221	11	0x1a80	44	0	SEL3.1	06a19d3850eb	8001x3
M_G03004.BIN	c1	8	221	12	0x1aac	50	2	SEL3.1	653fb99a7c07	8001x3
M_G03004.BIN	c1	8	221	13	0x1ae0	36	0	SEL3.1	3b103c7a94ae	8001x3
M_G03004.BIN	c1	8	221	14	0x1b04	52	0	SEL3.1	cdf6def871fc	8001x3
M_G03004.BIN	c1	8	221	15	0x1b38	30	2	SEL3.1	d82df28b7d3e	8001x3
M_G03004.BIN	c1	8	221	16	0x1b58	42	2	SEL3.1	7d5688ac2bd9	8001x3
M_G03004.BIN	c1	8	221	17	0x1b84	40	0	SEL3.1	eb21b66c46ec	8001x3
M_G03004.BIN	c1	8	221	18	0x1bac	36	0	SEL3.1	0013e5e89015	8001x3
M_G03004.BIN	c1	8	221	19	0x1bd0	52	0	SEL3.1	ab73dd1f1b60	8001x3
M_G03004.BIN	c1	8	221	20	0x1c04	50	2	SEL3.1	f95e0fbf0005	8001x3
M_G03004.BIN	c1	8	221	21	0x1c38	36	0	SEL3.1	d47fd41b0d58	8001x3
M_G03004.BIN	c1	8	221	22	0x1c5c	38	2	SEL3.1	d00a153976ec	8001x3
M_G03004.BIN	c1	8	221	23	0x1c84	40	0	SEL3.1	d8b5ca11771e	8001x3
M_G03004.BIN	c1	8	221	24	0x1cac	50	2	SEL3.1	81e0999446cc	8001x3
M_G03004.BIN	c1	8	221	25	0x1ce0	36	0	SEL3.1	b8619e681738	8001x3
M_G03004.BIN	c1	8	221	26	0x1d04	40	0	SEL3.1	9fc5cb15ff66	8001x3
M_G03004.BIN	c1	8	221	27	0x1d2c	36	0	SEL3.1	ee41d95a3043	8001x3
M_G03004.BIN	c1	8	221	28	0x1d50	46	2	SEL3.1	8aa7c74a1e0a	8001x3
M_G03004.BIN	c1	8	221	29	0x1d80	52	0	SEL3.1	e81b78723355	8001x3
M_G03004.BIN	c1	8	221	30	0x1db4	38	2	SEL3.1	cddc44bf77b7	8001x3
M_G03004.BIN	c1	8	221	31	0x1ddc	44	0	SEL3.1	d9b92d280b8a	8001x3
M_G03004.BIN	c1	12	4029	1	0x2134	38	2	SEL3.3	eff0e5a9e4ba	8001x3
M_G03004.BIN	c1	13	670	0	0x2398	20	0	MSG	8741d6905dda	8000x1
M_G03004.BIN	c1	13	670	1	0x23ac	24	0	MSG	f7df61a9927b	8000x1
M_G03004.BIN	c1	14	8051	0	0x243c	36	0	MSG	fdec36d7ba70	8000x1,8001x1
M_G03004.BIN	c1	15	8003	0	0x24c0	60	0	MSG	395d2f1721e7	8000x1,8001x1
M_G03004.BIN	c1	16	8004	0	0x254c	78	2	MSG	0dcef7fd3cd8	8000x1,8001x2
M_G03100.BIN	c1	0	121	0	0x640	114	2	MSG+XA	2a69df1fbe38	8000x1,8001x3,8002x1
M_G03100.BIN	c1	0	121	1	0x6c0	56	0	MSG+XA	ff7959d5eeba	8000x1,8001x1
M_G03100.BIN	c1	0	121	2	0x704	16	0	MSG+XA	e5b7d519a17b	8000x1
M_G03100.BIN	c1	0	121	3	0x720	54	2	MSG+XA	9eb1accd1144	8000x1,8001x1
M_G03100.BIN	c1	0	121	4	0x764	60	0	MSG+XA	984ef4f8bd28	8000x1,8001x1,8002x1
M_G03100.BIN	c1	0	121	5	0x7ac	46	2	MSG+XA	b176725b4ba4	8000x1,8001x1
M_G03100.BIN	c1	0	121	6	0x7e8	30	2	MSG+XA	2a8740861a39	8000x1
M_G03100.BIN	c1	0	121	7	0x814	44	0	MSG+XA	dcbd6b0f43df	8000x1,8001x1
M_G03100.BIN	c1	1	423	0	0x904	52	0	MSG+XA	3fd2d28c8932	8000x1,8001x1
M_G03100.BIN	c1	2	821	0	0xa30	112	0	MSG+XA	54638daee228	8000x1,8001x2,8002x1
M_G03100.BIN	c1	3	1021	0	0xb4c	76	0	MSG+XA	e77cd1b98e00	8000x1,8001x1,8002x1
M_G03100.BIN	c1	4	1121	0	0xc6c	140	0	MSG+XA	fe08755a7fee	8000x1,8001x3,8002x2
M_G03100.BIN	c1	5	1821	0	0xff0	40	0	MSG+XA	2ec5b6f9e7ee	8000x1,8001x1
M_G03100.BIN	c1	5	1821	1	0x1024	18	2	MSG+XA	d7712de28f45	8000x1
M_G03100.BIN	c1	5	1821	2	0x1044	32	0	MSG+XA	9bc2bd091755	8000x1
M_G03100.BIN	c1	5	1821	3	0x1070	46	2	MSG+XA	29183616fd00	8000x1,8001x1
M_G03100.BIN	c1	5	1821	4	0x10ac	52	0	MSG+XA	12ed61f93542	8000x1,8001x1
M_G03100.BIN	c1	5	1821	5	0x10ec	106	2	MSG+XA	e8501f6bec9e	8000x1,8001x2,8002x1
M_G03100.BIN	c1	5	1821	6	0x1164	26	2	MSG+XA	2645284a4c32	8000x1
M_G03100.BIN	c1	5	1821	7	0x118c	24	0	MSG+XA	66abb2d56010	8000x1
M_G03100.BIN	c1	5	1821	8	0x11b0	42	2	MSG+XA	bedbec434d29	8000x1,8001x1
M_G03100.BIN	c1	5	1821	9	0x11e8	42	2	MSG+XA	e8dc11306a3e	8000x1,8001x1
M_G03100.BIN	c1	5	1821	10	0x1220	16	0	MSG+XA	b55a9b71121f	8000x1
M_G03100.BIN	c1	5	1821	11	0x123c	58	2	MSG+XA	2ad181b69c5a	8000x1,8001x1
M_G03100.BIN	c1	6	1921	0	0x1354	72	0	MSG+XA	9fbca0266126	8000x1,8001x2
M_G03100.BIN	c1	7	2221	0	0x14ac	94	2	MSG+XA	32201426115c	8000x1,8001x2,8002x1
M_G03100.BIN	c1	7	2221	1	0x1518	60	0	MSG+XA	0bb72ec50276	8000x1,8001x1
M_G03100.BIN	c1	10	4029	1	0x182c	38	2	SEL3.3	eff0e5a9e4ba	8001x3
M_G03100.BIN	c1	11	670	0	0x1a90	20	0	MSG	8741d6905dda	8000x1
M_G03100.BIN	c1	11	670	1	0x1aa4	24	0	MSG	f7df61a9927b	8000x1
M_G03100.BIN	c1	12	8051	0	0x1b34	36	0	MSG	fdec36d7ba70	8000x1,8001x1
M_G03100.BIN	c1	13	8003	0	0x1bb8	60	0	MSG	395d2f1721e7	8000x1,8001x1
M_G03100.BIN	c1	14	8004	0	0x1c44	78	2	MSG	0dcef7fd3cd8	8000x1,8001x2
M_G03102.BIN	c1	0	121	0	0x65c	114	2	MSG+XA	2a69df1fbe38	8000x1,8001x3,8002x1
M_G03102.BIN	c1	0	121	1	0x6dc	56	0	MSG+XA	ff7959d5eeba	8000x1,8001x1
M_G03102.BIN	c1	0	121	2	0x720	16	0	MSG+XA	e5b7d519a17b	8000x1
M_G03102.BIN	c1	0	121	3	0x73c	54	2	MSG+XA	9eb1accd1144	8000x1,8001x1
M_G03102.BIN	c1	0	121	4	0x780	60	0	MSG+XA	984ef4f8bd28	8000x1,8001x1,8002x1
M_G03102.BIN	c1	0	121	5	0x7c8	46	2	MSG+XA	b176725b4ba4	8000x1,8001x1
M_G03102.BIN	c1	0	121	6	0x804	30	2	MSG+XA	2a8740861a39	8000x1
M_G03102.BIN	c1	0	121	7	0x830	44	0	MSG+XA	dcbd6b0f43df	8000x1,8001x1
M_G03102.BIN	c1	1	423	0	0x920	52	0	MSG+XA	3fd2d28c8932	8000x1,8001x1
M_G03102.BIN	c1	2	821	0	0xa4c	112	0	MSG+XA	54638daee228	8000x1,8001x2,8002x1
M_G03102.BIN	c1	3	1021	0	0xb68	76	0	MSG+XA	e77cd1b98e00	8000x1,8001x1,8002x1
M_G03102.BIN	c1	4	1121	0	0xc88	140	0	MSG+XA	fe08755a7fee	8000x1,8001x3,8002x2
M_G03102.BIN	c1	5	1821	0	0x100c	40	0	MSG+XA	2ec5b6f9e7ee	8000x1,8001x1
M_G03102.BIN	c1	5	1821	1	0x1040	18	2	MSG+XA	d7712de28f45	8000x1
M_G03102.BIN	c1	5	1821	2	0x1060	32	0	MSG+XA	9bc2bd091755	8000x1
M_G03102.BIN	c1	5	1821	3	0x108c	46	2	MSG+XA	29183616fd00	8000x1,8001x1
M_G03102.BIN	c1	5	1821	4	0x10c8	52	0	MSG+XA	12ed61f93542	8000x1,8001x1
M_G03102.BIN	c1	5	1821	5	0x1108	106	2	MSG+XA	e8501f6bec9e	8000x1,8001x2,8002x1
M_G03102.BIN	c1	5	1821	6	0x1180	26	2	MSG+XA	2645284a4c32	8000x1
M_G03102.BIN	c1	5	1821	7	0x11a8	24	0	MSG+XA	66abb2d56010	8000x1
M_G03102.BIN	c1	5	1821	8	0x11cc	42	2	MSG+XA	bedbec434d29	8000x1,8001x1
M_G03102.BIN	c1	5	1821	9	0x1204	42	2	MSG+XA	e8dc11306a3e	8000x1,8001x1
M_G03102.BIN	c1	5	1821	10	0x123c	16	0	MSG+XA	b55a9b71121f	8000x1
M_G03102.BIN	c1	5	1821	11	0x1258	58	2	MSG+XA	2ad181b69c5a	8000x1,8001x1
M_G03102.BIN	c1	6	1921	0	0x1370	72	0	MSG+XA	9fbca0266126	8000x1,8001x2
M_G03102.BIN	c1	7	2221	0	0x14c8	94	2	MSG+XA	32201426115c	8000x1,8001x2,8002x1
M_G03102.BIN	c1	7	2221	1	0x1534	60	0	MSG+XA	0bb72ec50276	8000x1,8001x1
M_G03102.BIN	c1	8	221	0	0x1864	54	2	MSG+XA	2c51bb48ff25	8000x1,8001x1
M_G03102.BIN	c1	8	221	1	0x18a8	52	0	MSG+XA	0efc8f227b51	8000x1,8001x1
M_G03102.BIN	c1	8	221	2	0x18dc	42	2	SEL3.1	5dac437f0565	8001x3
M_G03102.BIN	c1	8	221	3	0x1908	44	0	SEL3.1	693436c89882	8001x3
M_G03102.BIN	c1	8	221	4	0x1934	34	2	SEL3.1	5279c90e3b6d	8001x3
M_G03102.BIN	c1	8	221	5	0x1958	54	2	SEL3.1	6bddf06b5f58	8001x3
M_G03102.BIN	c1	8	221	6	0x1990	48	0	SEL3.1	f4f9c123d1f3	8001x3
M_G03102.BIN	c1	8	221	7	0x19c0	38	2	SEL3.1	271ec1e1b2c7	8001x3
M_G03102.BIN	c1	8	221	8	0x19e8	38	2	SEL3.1	0bb9a527cbea	8001x3
M_G03102.BIN	c1	8	221	9	0x1a10	38	2	SEL3.1	ca6b9bcf1b60	8001x3
M_G03102.BIN	c1	8	221	10	0x1a38	42	2	SEL3.1	10285aa94599	8001x3
M_G03102.BIN	c1	8	221	11	0x1a64	44	0	SEL3.1	06a19d3850eb	8001x3
M_G03102.BIN	c1	8	221	12	0x1a90	50	2	SEL3.1	653fb99a7c07	8001x3
M_G03102.BIN	c1	8	221	13	0x1ac4	36	0	SEL3.1	3b103c7a94ae	8001x3
M_G03102.BIN	c1	8	221	14	0x1ae8	52	0	SEL3.1	cdf6def871fc	8001x3
M_G03102.BIN	c1	8	221	15	0x1b1c	30	2	SEL3.1	d82df28b7d3e	8001x3
M_G03102.BIN	c1	8	221	16	0x1b3c	42	2	SEL3.1	7d5688ac2bd9	8001x3
M_G03102.BIN	c1	8	221	17	0x1b68	40	0	SEL3.1	eb21b66c46ec	8001x3
M_G03102.BIN	c1	8	221	18	0x1b90	36	0	SEL3.1	0013e5e89015	8001x3
M_G03102.BIN	c1	8	221	19	0x1bb4	52	0	SEL3.1	ab73dd1f1b60	8001x3
M_G03102.BIN	c1	8	221	20	0x1be8	50	2	SEL3.1	f95e0fbf0005	8001x3
M_G03102.BIN	c1	8	221	21	0x1c1c	36	0	SEL3.1	d47fd41b0d58	8001x3
M_G03102.BIN	c1	8	221	22	0x1c40	38	2	SEL3.1	d00a153976ec	8001x3
M_G03102.BIN	c1	8	221	23	0x1c68	40	0	SEL3.1	d8b5ca11771e	8001x3
M_G03102.BIN	c1	8	221	24	0x1c90	50	2	SEL3.1	81e0999446cc	8001x3
M_G03102.BIN	c1	8	221	25	0x1cc4	36	0	SEL3.1	b8619e681738	8001x3
M_G03102.BIN	c1	8	221	26	0x1ce8	40	0	SEL3.1	9fc5cb15ff66	8001x3
M_G03102.BIN	c1	8	221	27	0x1d10	36	0	SEL3.1	ee41d95a3043	8001x3
M_G03102.BIN	c1	8	221	28	0x1d34	46	2	SEL3.1	8aa7c74a1e0a	8001x3
M_G03102.BIN	c1	8	221	29	0x1d64	52	0	SEL3.1	e81b78723355	8001x3
M_G03102.BIN	c1	8	221	30	0x1d98	38	2	SEL3.1	cddc44bf77b7	8001x3
M_G03102.BIN	c1	8	221	31	0x1dc0	44	0	SEL3.1	d9b92d280b8a	8001x3
M_G03102.BIN	c1	11	4029	1	0x20c4	38	2	SEL3.3	eff0e5a9e4ba	8001x3
M_G03102.BIN	c1	12	670	0	0x2328	20	0	MSG	8741d6905dda	8000x1
M_G03102.BIN	c1	12	670	1	0x233c	24	0	MSG	f7df61a9927b	8000x1
M_G03102.BIN	c1	13	8051	0	0x23cc	36	0	MSG	fdec36d7ba70	8000x1,8001x1
M_G03102.BIN	c1	14	8003	0	0x2450	60	0	MSG	395d2f1721e7	8000x1,8001x1
M_G03102.BIN	c1	15	8004	0	0x24dc	78	2	MSG	0dcef7fd3cd8	8000x1,8001x2
M_G03103.BIN	c1	0	121	0	0x664	114	2	MSG+XA	2a69df1fbe38	8000x1,8001x3,8002x1
M_G03103.BIN	c1	0	121	1	0x6e4	56	0	MSG+XA	ff7959d5eeba	8000x1,8001x1
M_G03103.BIN	c1	0	121	2	0x728	16	0	MSG+XA	e5b7d519a17b	8000x1
M_G03103.BIN	c1	0	121	3	0x744	54	2	MSG+XA	9eb1accd1144	8000x1,8001x1
M_G03103.BIN	c1	0	121	4	0x788	60	0	MSG+XA	984ef4f8bd28	8000x1,8001x1,8002x1
M_G03103.BIN	c1	0	121	5	0x7d0	46	2	MSG+XA	b176725b4ba4	8000x1,8001x1
M_G03103.BIN	c1	0	121	6	0x80c	30	2	MSG+XA	2a8740861a39	8000x1
M_G03103.BIN	c1	0	121	7	0x838	44	0	MSG+XA	dcbd6b0f43df	8000x1,8001x1
M_G03103.BIN	c1	1	423	0	0x928	52	0	MSG+XA	3fd2d28c8932	8000x1,8001x1
M_G03103.BIN	c1	2	821	0	0xa54	112	0	MSG+XA	54638daee228	8000x1,8001x2,8002x1
M_G03103.BIN	c1	3	1021	0	0xb70	76	0	MSG+XA	e77cd1b98e00	8000x1,8001x1,8002x1
M_G03103.BIN	c1	4	1121	0	0xc90	140	0	MSG+XA	fe08755a7fee	8000x1,8001x3,8002x2
M_G03103.BIN	c1	5	1821	0	0x1014	40	0	MSG+XA	2ec5b6f9e7ee	8000x1,8001x1
M_G03103.BIN	c1	5	1821	1	0x1048	18	2	MSG+XA	d7712de28f45	8000x1
M_G03103.BIN	c1	5	1821	2	0x1068	32	0	MSG+XA	9bc2bd091755	8000x1
M_G03103.BIN	c1	5	1821	3	0x1094	46	2	MSG+XA	29183616fd00	8000x1,8001x1
M_G03103.BIN	c1	5	1821	4	0x10d0	52	0	MSG+XA	12ed61f93542	8000x1,8001x1
M_G03103.BIN	c1	5	1821	5	0x1110	106	2	MSG+XA	e8501f6bec9e	8000x1,8001x2,8002x1
M_G03103.BIN	c1	5	1821	6	0x1188	26	2	MSG+XA	2645284a4c32	8000x1
M_G03103.BIN	c1	5	1821	7	0x11b0	24	0	MSG+XA	66abb2d56010	8000x1
M_G03103.BIN	c1	5	1821	8	0x11d4	42	2	MSG+XA	bedbec434d29	8000x1,8001x1
M_G03103.BIN	c1	5	1821	9	0x120c	42	2	MSG+XA	e8dc11306a3e	8000x1,8001x1
M_G03103.BIN	c1	5	1821	10	0x1244	16	0	MSG+XA	b55a9b71121f	8000x1
M_G03103.BIN	c1	5	1821	11	0x1260	58	2	MSG+XA	2ad181b69c5a	8000x1,8001x1
M_G03103.BIN	c1	6	1921	0	0x1378	72	0	MSG+XA	9fbca0266126	8000x1,8001x2
M_G03103.BIN	c1	7	2221	0	0x14d0	94	2	MSG+XA	32201426115c	8000x1,8001x2,8002x1
M_G03103.BIN	c1	7	2221	1	0x153c	60	0	MSG+XA	0bb72ec50276	8000x1,8001x1
M_G03103.BIN	c1	8	221	0	0x186c	54	2	MSG+XA	2c51bb48ff25	8000x1,8001x1
M_G03103.BIN	c1	8	221	1	0x18b0	52	0	MSG+XA	0efc8f227b51	8000x1,8001x1
M_G03103.BIN	c1	8	221	2	0x18e4	42	2	SEL3.1	5dac437f0565	8001x3
M_G03103.BIN	c1	8	221	3	0x1910	44	0	SEL3.1	693436c89882	8001x3
M_G03103.BIN	c1	8	221	4	0x193c	34	2	SEL3.1	5279c90e3b6d	8001x3
M_G03103.BIN	c1	8	221	5	0x1960	54	2	SEL3.1	6bddf06b5f58	8001x3
M_G03103.BIN	c1	8	221	6	0x1998	48	0	SEL3.1	f4f9c123d1f3	8001x3
M_G03103.BIN	c1	8	221	7	0x19c8	38	2	SEL3.1	271ec1e1b2c7	8001x3
M_G03103.BIN	c1	8	221	8	0x19f0	38	2	SEL3.1	0bb9a527cbea	8001x3
M_G03103.BIN	c1	8	221	9	0x1a18	38	2	SEL3.1	ca6b9bcf1b60	8001x3
M_G03103.BIN	c1	8	221	10	0x1a40	42	2	SEL3.1	10285aa94599	8001x3
M_G03103.BIN	c1	8	221	11	0x1a6c	44	0	SEL3.1	06a19d3850eb	8001x3
M_G03103.BIN	c1	8	221	12	0x1a98	50	2	SEL3.1	653fb99a7c07	8001x3
M_G03103.BIN	c1	8	221	13	0x1acc	36	0	SEL3.1	3b103c7a94ae	8001x3
M_G03103.BIN	c1	8	221	14	0x1af0	52	0	SEL3.1	cdf6def871fc	8001x3
M_G03103.BIN	c1	8	221	15	0x1b24	30	2	SEL3.1	d82df28b7d3e	8001x3
M_G03103.BIN	c1	8	221	16	0x1b44	42	2	SEL3.1	7d5688ac2bd9	8001x3
M_G03103.BIN	c1	8	221	17	0x1b70	40	0	SEL3.1	eb21b66c46ec	8001x3
M_G03103.BIN	c1	8	221	18	0x1b98	36	0	SEL3.1	0013e5e89015	8001x3
M_G03103.BIN	c1	8	221	19	0x1bbc	52	0	SEL3.1	ab73dd1f1b60	8001x3
M_G03103.BIN	c1	8	221	20	0x1bf0	50	2	SEL3.1	f95e0fbf0005	8001x3
M_G03103.BIN	c1	8	221	21	0x1c24	36	0	SEL3.1	d47fd41b0d58	8001x3
M_G03103.BIN	c1	8	221	22	0x1c48	38	2	SEL3.1	d00a153976ec	8001x3
M_G03103.BIN	c1	8	221	23	0x1c70	40	0	SEL3.1	d8b5ca11771e	8001x3
M_G03103.BIN	c1	8	221	24	0x1c98	50	2	SEL3.1	81e0999446cc	8001x3
M_G03103.BIN	c1	8	221	25	0x1ccc	36	0	SEL3.1	b8619e681738	8001x3
M_G03103.BIN	c1	8	221	26	0x1cf0	40	0	SEL3.1	9fc5cb15ff66	8001x3
M_G03103.BIN	c1	8	221	27	0x1d18	36	0	SEL3.1	ee41d95a3043	8001x3
M_G03103.BIN	c1	8	221	28	0x1d3c	46	2	SEL3.1	8aa7c74a1e0a	8001x3
M_G03103.BIN	c1	8	221	29	0x1d6c	52	0	SEL3.1	e81b78723355	8001x3
M_G03103.BIN	c1	8	221	30	0x1da0	38	2	SEL3.1	cddc44bf77b7	8001x3
M_G03103.BIN	c1	8	221	31	0x1dc8	44	0	SEL3.1	d9b92d280b8a	8001x3
M_G03103.BIN	c1	11	4029	1	0x20cc	38	2	SEL3.3	eff0e5a9e4ba	8001x3
M_G03103.BIN	c1	12	670	0	0x2330	20	0	MSG	8741d6905dda	8000x1
M_G03103.BIN	c1	12	670	1	0x2344	24	0	MSG	f7df61a9927b	8000x1
M_G03103.BIN	c1	13	8051	0	0x23d4	36	0	MSG	fdec36d7ba70	8000x1,8001x1
M_G03103.BIN	c1	14	8003	0	0x2458	60	0	MSG	395d2f1721e7	8000x1,8001x1
M_G03103.BIN	c1	15	8004	0	0x24e4	78	2	MSG	0dcef7fd3cd8	8000x1,8001x2
M_G03200.BIN	c1	2	4029	1	0x6a0	38	2	SEL3.3	eff0e5a9e4ba	8001x3
M_G03200.BIN	c1	3	670	0	0x904	20	0	MSG	8741d6905dda	8000x1
M_G03200.BIN	c1	3	670	1	0x918	24	0	MSG	f7df61a9927b	8000x1
M_G03200.BIN	c1	4	8051	0	0x9a8	36	0	MSG	fdec36d7ba70	8000x1,8001x1
M_G03200.BIN	c1	5	8003	0	0xa2c	60	0	MSG	395d2f1721e7	8000x1,8001x1
M_G03200.BIN	c1	6	8004	0	0xab8	78	2	MSG	0dcef7fd3cd8	8000x1,8001x2
M_G03202.BIN	c1	2	4029	1	0x6a0	38	2	SEL3.3	eff0e5a9e4ba	8001x3
M_G03202.BIN	c1	3	670	0	0x904	20	0	MSG	8741d6905dda	8000x1
M_G03202.BIN	c1	3	670	1	0x918	24	0	MSG	f7df61a9927b	8000x1
M_G03202.BIN	c1	4	8051	0	0x9a8	36	0	MSG	fdec36d7ba70	8000x1,8001x1
M_G03202.BIN	c1	5	8003	0	0xa2c	60	0	MSG	395d2f1721e7	8000x1,8001x1
M_G03202.BIN	c1	6	8004	0	0xab8	78	2	MSG	0dcef7fd3cd8	8000x1,8001x2
M_G04000.BIN	c1	1	8005	0	0x304	50	2	MSG	eef85ef602aa	8000x1,8001x1
M_G04100.BIN	c1	1	8005	0	0x304	50	2	MSG	eef85ef602aa	8000x1,8001x1
M_G04200.BIN	c1	0	20	0	0x420	36	0	SEL4.3	8d9ed6f021ad	8001x3
M_G04200.BIN	c1	1	8005	0	0x49c	50	2	MSG	eef85ef602aa	8000x1,8001x1
M_G04201.BIN	c1	0	8005	0	0x278	50	2	MSG	eef85ef602aa	8000x1,8001x1
M_G04202.BIN	c1	0	8005	0	0x278	50	2	MSG	eef85ef602aa	8000x1,8001x1
M_G04203.BIN	c1	0	8005	0	0x278	50	2	MSG	eef85ef602aa	8000x1,8001x1
M_G04204.BIN	c1	0	2061	1	0x358	56	0	MSG+XA	2552bbda9e5e	8000x1,8001x1
M_G04204.BIN	c1	1	8005	0	0x3dc	50	2	MSG	eef85ef602aa	8000x1,8001x1
M_G05200.BIN	c1	0	2108	0	0x2a0	16	0	MSG+XA	1085c7af3e8d	8000x1
M_G05200.BIN	c1	0	2108	1	0x2bc	18	2	MSG+XA	d55f57c7510b	8000x1
M_G05200.BIN	c1	0	2108	2	0x2dc	44	0	MSG+XA	d7a9f13169fa	8000x1,8001x1
M_G05200.BIN	c1	0	2108	3	0x314	12	0	MSG+XA	1da949e03429	8000x1
M_G05200.BIN	c1	1	20	0	0x4d0	36	0	SEL4.3	8d9ed6f021ad	8001x3
M_G06000.BIN	c1	0	1204	0	0x63c	114	2	MSG+XA	19e323ba9481	8000x1,8001x2,8002x1
M_G06000.BIN	c1	1	2006	0	0xb9c	94	2	MSG+XA	523990638c46	8000x1,8001x2,8002x1
M_G06000.BIN	c1	1	2006	1	0xc08	126	2	MSG+XA	03447bbae25f	8000x1,8001x3,8002x1
M_G06000.BIN	c1	1	2006	2	0xc94	462	2	MSG+XA	39f92343d32a	8000x1,8001x11,8002x7
M_G06000.BIN	c1	1	2006	3	0xe70	80	0	MSG+XA	94429ca69fa1	8000x1,8001x2
M_G06000.BIN	c1	1	2006	4	0xecc	236	0	MSG+XA	9933b61c2af0	8000x1,8001x5,8002x3
M_G06000.BIN	c1	1	2006	5	0xfc4	92	0	MSG+XA	9b3fd325de44	8000x1,8001x2,8002x1
M_G06000.BIN	c1	1	2006	6	0x102c	42	2	MSG+XA	2527b564a6ec	8000x1,8001x1
M_G06000.BIN	c1	1	2006	7	0x1064	140	0	MSG+XA	852e01320b02	8000x1,8001x3,8002x1
M_G06000.BIN	c1	1	2006	8	0x10fc	30	2	MSG+XA	c2b5897f5e9a	8000x1
M_G06000.BIN	c1	1	2006	9	0x111c	14	2	MSG	e2825a9dd04a	8000x1
M_G06000.BIN	c1	1	2006	10	0x1138	44	0	MSG+XA	58da73b56863	8000x1,8001x1
M_G06000.BIN	c1	1	2006	11	0x1170	24	0	MSG+XA	5a7773fe812c	8000x1
M_G06000.BIN	c1	1	2006	12	0x1194	356	0	MSG+XA	8e7254c02627	8000x1,8001x8,8002x4
M_G06000.BIN	c1	1	2006	13	0x1304	46	2	MSG+XA	7b80739637d7	8000x1,8001x1
M_G06000.BIN	c1	2	446	0	0x13b8	104	0	MSG+XA	db8f79938d2c	8000x1,8001x2,8002x1
M_G06000.BIN	c1	8	8052	0	0x1930	26	2	MSG	fd0cc4069093	8000x1
M_G06001.BIN	c1	2	8052	0	0x768	26	2	MSG	fd0cc4069093	8000x1
M_G06002.BIN	c1	2	8052	0	0x840	26	2	MSG	fd0cc4069093	8000x1
M_G06003.BIN	c1	2	8052	0	0x794	26	2	MSG	fd0cc4069093	8000x1
M_G06004.BIN	c1	2	8052	0	0x758	26	2	MSG	fd0cc4069093	8000x1
M_G06005.BIN	c1	0	2205	0	0x5ec	30	2	MSG+XA	dc8ba86eba5e	8000x1
M_G06005.BIN	c1	0	2205	1	0x618	14	2	MSG+XA	97e4800d27ad	8000x1
M_G06005.BIN	c1	0	2205	2	0x634	68	0	MSG+XA	4702065451ce	8000x1,8001x2
M_G06005.BIN	c1	0	2205	3	0x684	84	0	MSG+XA	f9e0e9c8ddbb	8000x1,8001x2
M_G06005.BIN	c1	0	2205	4	0x6e4	22	2	MSG+XA	bfcc91d61ae3	8000x1
M_G06005.BIN	c1	0	2205	5	0x708	26	2	MSG+XA	92aa7b53f8cf	8000x1
M_G06005.BIN	c1	1	2205	0	0x84c	30	2	MSG+XA	dc8ba86eba5e	8000x1
M_G06005.BIN	c1	1	2205	1	0x878	14	2	MSG+XA	97e4800d27ad	8000x1
M_G06005.BIN	c1	1	2205	2	0x894	68	0	MSG+XA	4702065451ce	8000x1,8001x2
M_G06005.BIN	c1	1	2205	3	0x8e4	84	0	MSG+XA	f9e0e9c8ddbb	8000x1,8001x2
M_G06005.BIN	c1	1	2205	4	0x944	22	2	MSG+XA	bfcc91d61ae3	8000x1
M_G06005.BIN	c1	1	2205	5	0x968	26	2	MSG+XA	92aa7b53f8cf	8000x1
M_G06005.BIN	c1	3	8052	0	0xbd0	26	2	MSG	fd0cc4069093	8000x1
M_G06100.BIN	c1	0	446	0	0x5c4	104	0	MSG+XA	db8f79938d2c	8000x1,8001x2,8002x1
M_G06100.BIN	c1	6	8052	0	0xb3c	26	2	MSG	fd0cc4069093	8000x1
M_G06105.BIN	c1	0	2205	0	0x614	30	2	MSG+XA	dc8ba86eba5e	8000x1
M_G06105.BIN	c1	0	2205	1	0x640	14	2	MSG+XA	97e4800d27ad	8000x1
M_G06105.BIN	c1	0	2205	2	0x65c	68	0	MSG+XA	4702065451ce	8000x1,8001x2
M_G06105.BIN	c1	0	2205	3	0x6ac	84	0	MSG+XA	f9e0e9c8ddbb	8000x1,8001x2
M_G06105.BIN	c1	0	2205	4	0x70c	22	2	MSG+XA	bfcc91d61ae3	8000x1
M_G06105.BIN	c1	0	2205	5	0x730	26	2	MSG+XA	92aa7b53f8cf	8000x1
M_G06105.BIN	c1	1	2205	0	0x874	30	2	MSG+XA	dc8ba86eba5e	8000x1
M_G06105.BIN	c1	1	2205	1	0x8a0	14	2	MSG+XA	97e4800d27ad	8000x1
M_G06105.BIN	c1	1	2205	2	0x8bc	68	0	MSG+XA	4702065451ce	8000x1,8001x2
M_G06105.BIN	c1	1	2205	3	0x90c	84	0	MSG+XA	f9e0e9c8ddbb	8000x1,8001x2
M_G06105.BIN	c1	1	2205	4	0x96c	22	2	MSG+XA	bfcc91d61ae3	8000x1
M_G06105.BIN	c1	1	2205	5	0x990	26	2	MSG+XA	92aa7b53f8cf	8000x1
M_G06105.BIN	c1	3	8052	0	0xbf8	26	2	MSG	fd0cc4069093	8000x1
M_G06200.BIN	c1	3	8052	0	0xbd4	26	2	MSG	fd0cc4069093	8000x1
M_G06200.BIN	c1	4	2906	0	0xe30	54	2	MSG+XA	ea50ca51149b	8000x1,8001x1
M_G06200.BIN	c1	4	2906	1	0xe74	58	2	MSG+XA	ee8e3a4f3e03	8000x1,8001x1,8002x1
M_G06200.BIN	c1	4	2906	2	0xebc	30	2	MSG+XA	a867b0351d72	8000x1
M_G06200.BIN	c1	5	2907	0	0x1130	24	0	MSG+XA	c5419b19ea2c	8000x1
M_G06200.BIN	c1	5	2907	1	0x1154	24	0	MSG+XA	415fa4d77733	8000x1
M_G06200.BIN	c1	5	2907	2	0x1178	32	0	MSG+XA	58005bec5ff4	8000x1
M_G06200.BIN	c1	5	2907	3	0x11a4	16	0	MSG+XA	59436dac0197	8000x1
M_G06200.BIN	c1	34	434	0	0x1720	62	2	MSG+XA	54f691b8f2ad	8000x1,8001x1,8002x1
M_G06200.BIN	c1	34	434	1	0x176c	26	2	MSG+XA	a8bda0acdeec	8000x1
M_G06205.BIN	c1	0	1705	0	0x590	24	0	MSG+XA	81333a186a49	8000x1
M_G06205.BIN	c1	0	1705	1	0x5b4	30	2	MSG+XA	375ac874708f	8000x1
M_G06205.BIN	c1	0	1705	2	0x5e0	34	2	MSG+XA	cb88c50574fd	8000x1
M_G06205.BIN	c1	0	1705	3	0x610	26	2	MSG+XA	b721d0e4c51f	8000x1
M_G06205.BIN	c1	0	1705	4	0x638	52	0	MSG+XA	534f7be253e3	8000x1,8001x1
M_G06205.BIN	c1	1	1705	0	0x788	24	0	MSG+XA	81333a186a49	8000x1
M_G06205.BIN	c1	1	1705	1	0x7ac	30	2	MSG+XA	375ac874708f	8000x1
M_G06205.BIN	c1	1	1705	2	0x7d8	34	2	MSG+XA	cb88c50574fd	8000x1
M_G06205.BIN	c1	1	1705	3	0x808	26	2	MSG+XA	b721d0e4c51f	8000x1
M_G06205.BIN	c1	1	1705	4	0x830	52	0	MSG+XA	534f7be253e3	8000x1,8001x1
M_G06205.BIN	c1	3	8052	0	0xab0	26	2	MSG	fd0cc4069093	8000x1
M_G07000.BIN	c1	1	8006	0	0x468	32	0	MSG	f7dc2072635a	8000x1
M_G07100.BIN	c1	1	8006	0	0x40c	32	0	MSG	f7dc2072635a	8000x1
M_G07100.BIN	c1	2	114	0	0x658	72	0	MSG+XA	aaced4221a9b	8000x1,8001x1,8002x1
M_G07100.BIN	c1	2	114	1	0x6ac	46	2	MSG+XA	d54c23e65049	8000x1,8001x1
M_G07100.BIN	c1	2	114	2	0x6e8	22	2	MSG+XA	a79463218f87	8000x1
M_G07100.BIN	c1	2	114	3	0x70c	46	2	MSG+XA	91de799e338b	8000x1,8001x1
M_G07100.BIN	c1	2	114	4	0x748	28	0	MSG+XA	f8e42fef111b	8000x1
M_G07100.BIN	c1	2	114	5	0x770	72	0	MSG+XA	21ae18b610b3	8000x1,8001x1,8002x1
M_G07100.BIN	c1	2	114	6	0x7c4	40	0	MSG+XA	8a639d8f4322	8000x1,8001x1
M_G07100.BIN	c1	2	114	7	0x7f8	100	0	MSG+XA	35fddd209e8c	8000x1,8001x3,8002x1
M_G07100.BIN	c1	2	114	8	0x868	40	0	MSG+XA	0940ece8350c	8000x1,8001x1
M_G07100.BIN	c1	2	114	9	0x89c	62	2	MSG+XA	4da2b1b228a5	8000x1,8001x2
M_G07200.BIN	c1	1	8006	0	0x4a0	32	0	MSG	f7dc2072635a	8000x1
M_G07200.BIN	c1	2	2106	0	0x75c	78	2	MSG+XA	d841d4677f47	8000x1,8001x2
M_G07200.BIN	c1	2	2106	1	0x7ac	16	0	MSG	f8aa1e95f0dd	8000x1
M_G07200.BIN	c1	2	2106	2	0x7c8	44	0	MSG+XA	1899e74e5f45	8000x1,8001x1
M_G07200.BIN	c1	2	2106	3	0x800	206	2	MSG+XA	822b7f1ccd51	8000x1,8001x3,8002x4
M_G07200.BIN	c1	2	2106	4	0x8dc	24	0	MSG+XA	eab15d96800b	8000x1
M_G07200.BIN	c1	2	2106	5	0x900	42	2	MSG+XA	bf64c511b1c9	8000x1,8001x1
M_G07200.BIN	c1	2	2106	6	0x938	292	0	MSG+XA	0a13a144026a	8000x1,8001x6,8002x4
M_G07200.BIN	c1	2	2106	7	0xa68	58	2	MSG+XA	05e967b33ec1	8000x1,8001x1
M_G07200.BIN	c1	2	2106	8	0xab0	54	2	MSG+XA	005e77dd8100	8000x1,8001x1
M_G07200.BIN	c1	2	2106	9	0xaf4	70	2	MSG+XA	a5167490a282	8000x1,8001x2
M_G07200.BIN	c1	3	3043	0	0xc3c	56	0	MSG+XA	7ed7ce06ebad	8000x1,8001x1
M_G07200.BIN	c1	3	3043	1	0xc80	40	0	MSG+XA	5ea3627c79f5	8000x1,8001x1
M_G08000.BIN	c1	2	8007	0	0x388	40	0	MSG	4141efcf24fe	8000x1,8001x1
M_G08000.BIN	c1	3	8009	0	0x410	32	0	MSG	f2e52bd99e00	8000x1
M_G08000.BIN	c1	4	1502	0	0x690	42	2	SEL3.1	7d5688ac2bd9	8001x3
M_G08000.BIN	c1	4	1502	1	0x6c8	28	0	MSG+XA	8ab021bdd3c9	8000x1
M_G08000.BIN	c1	4	1502	2	0x6f0	24	0	MSG+XA	7c74877dc4cd	8000x1
M_G08000.BIN	c1	4	1502	3	0x714	46	2	MSG+XA	cf73e1a0000c	8000x1,8001x1
M_G08000.BIN	c1	4	1502	4	0x750	54	2	MSG+XA	2c51bb48ff25	8000x1,8001x1
M_G08000.BIN	c1	4	1502	5	0x794	52	0	MSG+XA	0efc8f227b51	8000x1,8001x1
M_G08000.BIN	c1	4	1502	6	0x7d4	146	2	MSG+XA	0d35b99ac711	8000x1,8001x3,8002x1
M_G08100.BIN	c1	2	8007	0	0x36c	40	0	MSG	4141efcf24fe	8000x1,8001x1
M_G08100.BIN	c1	3	8009	0	0x3f4	32	0	MSG	f2e52bd99e00	8000x1
M_G08200.BIN	c1	2	8007	0	0x3b0	40	0	MSG	4141efcf24fe	8000x1,8001x1
M_G08200.BIN	c1	3	8009	0	0x438	32	0	MSG	f2e52bd99e00	8000x1
M_G08200.BIN	c1	4	2906	0	0x698	54	2	MSG+XA	ea50ca51149b	8000x1,8001x1
M_G08200.BIN	c1	4	2906	1	0x6dc	58	2	MSG+XA	ee8e3a4f3e03	8000x1,8001x1,8002x1
M_G08200.BIN	c1	4	2906	2	0x724	30	2	MSG+XA	a867b0351d72	8000x1
M_G09000.BIN	c1	2	1202	0	0x490	26	2	MSG+XA	b6f54608cb62	8000x1
M_G09000.BIN	c1	2	1202	1	0x4b8	52	0	MSG+XA	486cb58d731a	8000x1,8001x1
M_G09000.BIN	c1	2	1202	2	0x4f8	60	0	MSG+XA	0fe9681a7301	8000x1,8001x1
M_G09200.BIN	c1	1	8026	1	0x2b0	22	2	MSG	f19f53491a99	8000x1
M_G10000.BIN	c1	0	1203	0	0x658	24	0	MSG+XA	a9f0bed75c5f	8000x1
M_G10000.BIN	c1	0	1203	5	0x6ac	48	0	MSG+XA	93e6b624786e	8000x1,8001x1
M_G10000.BIN	c1	0	1203	6	0x6e8	30	2	MSG+XA	1b972c2a3a01	8000x1
M_G10000.BIN	c1	0	1203	7	0x714	22	2	MSG+XA	252b8c7b421c	8000x1
M_G10000.BIN	c1	0	1203	8	0x738	112	0	MSG+XA	0dcba094873d	8000x1,8001x2,8002x2
M_G10000.BIN	c1	0	1203	9	0x7b4	20	0	MSG+XA	80ede5639c98	8000x1
M_G10000.BIN	c1	0	1203	10	0x7d4	110	2	MSG+XA	2798a4ddd78e	8000x1,8001x2,8002x1
M_G10000.BIN	c1	0	1203	11	0x850	42	2	MSG+XA	88a6d086f022	8000x1,8001x1
M_G10001.BIN	c1	0	1203	0	0x658	24	0	MSG+XA	a9f0bed75c5f	8000x1
M_G10001.BIN	c1	0	1203	5	0x6ac	48	0	MSG+XA	93e6b624786e	8000x1,8001x1
M_G10001.BIN	c1	0	1203	6	0x6e8	30	2	MSG+XA	1b972c2a3a01	8000x1
M_G10001.BIN	c1	0	1203	7	0x714	22	2	MSG+XA	252b8c7b421c	8000x1
M_G10001.BIN	c1	0	1203	8	0x738	112	0	MSG+XA	0dcba094873d	8000x1,8001x2,8002x2
M_G10001.BIN	c1	0	1203	9	0x7b4	20	0	MSG+XA	80ede5639c98	8000x1
M_G10001.BIN	c1	0	1203	10	0x7d4	110	2	MSG+XA	2798a4ddd78e	8000x1,8001x2,8002x1
M_G10001.BIN	c1	0	1203	11	0x850	42	2	MSG+XA	88a6d086f022	8000x1,8001x1
M_G11000.BIN	c1	0	1203	0	0x620	24	0	MSG+XA	a9f0bed75c5f	8000x1
M_G11000.BIN	c1	0	1203	5	0x674	48	0	MSG+XA	93e6b624786e	8000x1,8001x1
M_G11000.BIN	c1	0	1203	6	0x6b0	30	2	MSG+XA	1b972c2a3a01	8000x1
M_G11000.BIN	c1	0	1203	7	0x6dc	22	2	MSG+XA	252b8c7b421c	8000x1
M_G11000.BIN	c1	0	1203	8	0x700	112	0	MSG+XA	0dcba094873d	8000x1,8001x2,8002x2
M_G11000.BIN	c1	0	1203	9	0x77c	20	0	MSG+XA	80ede5639c98	8000x1
M_G11000.BIN	c1	0	1203	10	0x79c	110	2	MSG+XA	2798a4ddd78e	8000x1,8001x2,8002x1
M_G11000.BIN	c1	0	1203	11	0x818	42	2	MSG+XA	88a6d086f022	8000x1,8001x1
M_G11000.BIN	c1	1	8010	0	0x890	58	2	MSG	b845be53685c	8000x1,8001x1
M_G11000.BIN	c1	2	8011	0	0x914	48	0	MSG	694119048dda	8000x1,8001x1
M_G11001.BIN	c1	0	1203	0	0x62c	24	0	MSG+XA	a9f0bed75c5f	8000x1
M_G11001.BIN	c1	0	1203	5	0x680	48	0	MSG+XA	93e6b624786e	8000x1,8001x1
M_G11001.BIN	c1	0	1203	6	0x6bc	30	2	MSG+XA	1b972c2a3a01	8000x1
M_G11001.BIN	c1	0	1203	7	0x6e8	22	2	MSG+XA	252b8c7b421c	8000x1
M_G11001.BIN	c1	0	1203	8	0x70c	112	0	MSG+XA	0dcba094873d	8000x1,8001x2,8002x2
M_G11001.BIN	c1	0	1203	9	0x788	20	0	MSG+XA	80ede5639c98	8000x1
M_G11001.BIN	c1	0	1203	10	0x7a8	110	2	MSG+XA	2798a4ddd78e	8000x1,8001x2,8002x1
M_G11001.BIN	c1	0	1203	11	0x824	42	2	MSG+XA	88a6d086f022	8000x1,8001x1
M_G11001.BIN	c1	1	8010	0	0x89c	58	2	MSG	b845be53685c	8000x1,8001x1
M_G11100.BIN	c1	0	8010	0	0x294	58	2	MSG	b845be53685c	8000x1,8001x1
M_G11100.BIN	c1	1	8011	0	0x318	48	0	MSG	694119048dda	8000x1,8001x1
M_G11101.BIN	c1	0	8010	0	0x2a0	58	2	MSG	b845be53685c	8000x1,8001x1
M_G11200.BIN	c1	0	8010	0	0x2b4	58	2	MSG	b845be53685c	8000x1,8001x1
M_G11200.BIN	c1	1	8011	0	0x338	48	0	MSG	694119048dda	8000x1,8001x1
M_G11201.BIN	c1	0	8010	0	0x2c0	58	2	MSG	b845be53685c	8000x1,8001x1
M_G12000.BIN	c1	1	835	1	0x548	22	2	MSG	f19f53491a99	8000x1
M_G12001.BIN	c1	1	4001	0	0x538	54	2	MSG+XA	bd33900ef5a9	8000x1,8001x1
M_G12100.BIN	c1	1	835	1	0x548	22	2	MSG	f19f53491a99	8000x1
M_G12101.BIN	c1	1	4001	0	0x538	54	2	MSG+XA	bd33900ef5a9	8000x1,8001x1
M_G12200.BIN	c1	1	835	1	0x4d0	22	2	MSG	f19f53491a99	8000x1
M_G12201.BIN	c1	1	4001	0	0x4c0	54	2	MSG+XA	bd33900ef5a9	8000x1,8001x1
M_G13000.BIN	c1	3	8012	0	0x574	58	2	MSG	af34b2b9e68f	8000x1,8001x1
M_G13000.BIN	c1	4	605	0	0x85c	14	2	MSG+XA	db311fb7339a	8000x1
M_G13000.BIN	c1	4	605	1	0x878	16	0	MSG+XA	f10c87c79bec	8000x1
M_G13000.BIN	c1	4	605	2	0x894	20	0	MSG+XA	7b74d65de211	8000x1
M_G13000.BIN	c1	4	605	3	0x8b4	38	2	MSG+XA	4d8ffbaa5426	8000x1,8001x1
M_G13000.BIN	c1	4	605	4	0x8e8	18	2	MSG+XA	ce3e9664a7cc	8000x1
M_G13001.BIN	c1	3	8012	0	0x574	58	2	MSG	af34b2b9e68f	8000x1,8001x1
M_G13001.BIN	c1	4	605	0	0x85c	14	2	MSG+XA	db311fb7339a	8000x1
M_G13001.BIN	c1	4	605	1	0x878	16	0	MSG+XA	f10c87c79bec	8000x1
M_G13001.BIN	c1	4	605	2	0x894	20	0	MSG+XA	7b74d65de211	8000x1
M_G13001.BIN	c1	4	605	3	0x8b4	38	2	MSG+XA	4d8ffbaa5426	8000x1,8001x1
M_G13001.BIN	c1	4	605	4	0x8e8	18	2	MSG+XA	ce3e9664a7cc	8000x1
M_G13100.BIN	c1	3	8012	0	0x570	58	2	MSG	af34b2b9e68f	8000x1,8001x1
M_G13100.BIN	c1	4	185	0	0x690	224	0	MSG+XA	75784e31de45	8000x1,8001x5,8002x4
M_G13100.BIN	c1	5	183	0	0x8b8	46	2	MSG+XA	81c61addcaee	8000x1,8001x1
M_G13200.BIN	c1	2	2105	0	0x678	104	0	MSG+XA	4648ef35d4f8	8000x1,8001x1,8002x2
M_G13200.BIN	c1	2	2105	1	0x6ec	16	0	MSG+XA	106e4efe970f	8000x1
M_G13200.BIN	c1	2	2105	2	0x708	64	0	MSG+XA	2f76a1f71674	8000x1,8001x1
M_G13200.BIN	c1	2	2105	3	0x754	50	2	MSG+XA	c7f2f07153fe	8000x1,8001x1
M_G13200.BIN	c1	2	2105	4	0x794	12	0	MSG+XA	67f45e764f1b	8000x1
M_G13200.BIN	c1	2	2105	5	0x7a0	16	0	MSG	f8aa1e95f0dd	8000x1
M_G13200.BIN	c1	2	2105	6	0x7bc	78	2	MSG+XA	86b664e5b4a7	8000x1,8001x2
M_G13200.BIN	c1	2	2105	7	0x80c	16	0	MSG	f8aa1e95f0dd	8000x1
M_G13200.BIN	c1	2	2105	8	0x828	74	2	MSG+XA	f03e01a3da5d	8000x1,8001x1,8002x1
M_G13200.BIN	c1	2	2105	9	0x880	14	2	MSG+XA	9e5555579473	8000x1
M_G13200.BIN	c1	2	2105	10	0x89c	30	2	MSG+XA	9922af941fc6	8000x1
M_G13200.BIN	c1	4	8012	0	0x990	58	2	MSG	af34b2b9e68f	8000x1,8001x1
M_G13202.BIN	c1	3	8012	0	0x518	58	2	MSG	af34b2b9e68f	8000x1,8001x1
M_G14000.BIN	c1	1	1	0	0x47c	38	2	MSG+XA	a779518b4655	8000x1,8001x1
M_G14000.BIN	c1	3	8013	0	0x5f4	62	2	MSG	1edd906af306	8000x1,8001x1
M_G14000.BIN	c1	4	605	0	0x8e0	14	2	MSG+XA	db311fb7339a	8000x1
M_G14000.BIN	c1	4	605	1	0x8fc	16	0	MSG+XA	f10c87c79bec	8000x1
M_G14000.BIN	c1	4	605	2	0x918	20	0	MSG+XA	7b74d65de211	8000x1
M_G14000.BIN	c1	4	605	3	0x938	38	2	MSG+XA	4d8ffbaa5426	8000x1,8001x1
M_G14000.BIN	c1	4	605	4	0x96c	18	2	MSG+XA	ce3e9664a7cc	8000x1
M_G14002.BIN	c1	1	1	0	0x498	38	2	MSG+XA	a779518b4655	8000x1,8001x1
M_G14002.BIN	c1	2	4027	0	0x574	44	0	SEL3.3	fd68fb5c4e1c	8001x3
M_G14002.BIN	c1	4	8013	0	0x6f0	62	2	MSG	1edd906af306	8000x1,8001x1
M_G14002.BIN	c1	5	605	0	0x9dc	14	2	MSG+XA	db311fb7339a	8000x1
M_G14002.BIN	c1	5	605	1	0x9f8	16	0	MSG+XA	f10c87c79bec	8000x1
M_G14002.BIN	c1	5	605	2	0xa14	20	0	MSG+XA	7b74d65de211	8000x1
M_G14002.BIN	c1	5	605	3	0xa34	38	2	MSG+XA	4d8ffbaa5426	8000x1,8001x1
M_G14002.BIN	c1	5	605	4	0xa68	18	2	MSG+XA	ce3e9664a7cc	8000x1
M_G14003.BIN	c1	1	1	0	0x498	38	2	MSG+XA	a779518b4655	8000x1,8001x1
M_G14003.BIN	c1	2	4027	0	0x574	44	0	SEL3.3	fd68fb5c4e1c	8001x3
M_G14003.BIN	c1	4	8013	0	0x6f0	62	2	MSG	1edd906af306	8000x1,8001x1
M_G14003.BIN	c1	5	605	0	0x9dc	14	2	MSG+XA	db311fb7339a	8000x1
M_G14003.BIN	c1	5	605	1	0x9f8	16	0	MSG+XA	f10c87c79bec	8000x1
M_G14003.BIN	c1	5	605	2	0xa14	20	0	MSG+XA	7b74d65de211	8000x1
M_G14003.BIN	c1	5	605	3	0xa34	38	2	MSG+XA	4d8ffbaa5426	8000x1,8001x1
M_G14003.BIN	c1	5	605	4	0xa68	18	2	MSG+XA	ce3e9664a7cc	8000x1
M_G14100.BIN	c1	1	1	0	0x490	38	2	MSG+XA	a779518b4655	8000x1,8001x1
M_G14100.BIN	c1	3	8013	0	0x608	62	2	MSG	1edd906af306	8000x1,8001x1
M_G14100.BIN	c1	4	184	0	0x86c	168	0	MSG+XA	154dd3450708	8000x1,8001x4,8002x2
M_G14100.BIN	c1	4	184	1	0x920	40	0	MSG+XA	1835145cf071	8000x1,8001x1
M_G14100.BIN	c1	4	184	3	0x960	90	2	MSG+XA	b9ba0edc2038	8000x1,8001x2,8002x1
M_G14102.BIN	c1	1	1	0	0x474	38	2	MSG+XA	a779518b4655	8000x1,8001x1
M_G14102.BIN	c1	2	4027	0	0x550	44	0	SEL3.3	fd68fb5c4e1c	8001x3
M_G14102.BIN	c1	4	8013	0	0x6cc	62	2	MSG	1edd906af306	8000x1,8001x1
M_G14200.BIN	c1	1	1	0	0x410	38	2	MSG+XA	a779518b4655	8000x1,8001x1
M_G14200.BIN	c1	2	107	0	0x5b0	18	2	MSG+XA	6b6ab78b03e0	8000x1
M_G14200.BIN	c1	2	107	1	0x5d0	104	0	MSG+XA	646fe095b64e	8000x1,8001x2,8002x1
M_G14200.BIN	c1	2	107	2	0x644	68	0	MSG+XA	01cf93764342	8000x1,8001x2
M_G14200.BIN	c1	3	4027	0	0x73c	44	0	SEL3.3	fd68fb5c4e1c	8001x3
M_G14200.BIN	c1	5	8013	0	0x8b8	62	2	MSG	1edd906af306	8000x1,8001x1
M_G14200.BIN	c1	6	2108	0	0xa84	16	0	MSG+XA	1085c7af3e8d	8000x1
M_G14200.BIN	c1	6	2108	1	0xaa0	18	2	MSG+XA	d55f57c7510b	8000x1
M_G14200.BIN	c1	6	2108	2	0xac0	44	0	MSG+XA	d7a9f13169fa	8000x1,8001x1
M_G14200.BIN	c1	6	2108	3	0xaf8	12	0	MSG+XA	1da949e03429	8000x1
M_G14200.BIN	c1	7	23	0	0xbd0	62	2	MSG+XA	7e215cbce9fe	8000x1,8001x1
M_G14200.BIN	c1	7	23	1	0xc1c	44	0	MSG+XA	344e863065fc	8000x1,8001x1
M_G14201.BIN	c1	1	1	0	0x3f4	38	2	MSG+XA	a779518b4655	8000x1,8001x1
M_G14201.BIN	c1	2	107	0	0x594	18	2	MSG+XA	6b6ab78b03e0	8000x1
M_G14201.BIN	c1	2	107	1	0x5b4	104	0	MSG+XA	646fe095b64e	8000x1,8001x2,8002x1
M_G14201.BIN	c1	2	107	2	0x628	68	0	MSG+XA	01cf93764342	8000x1,8001x2
M_G14201.BIN	c1	3	4027	0	0x720	44	0	SEL3.3	fd68fb5c4e1c	8001x3
M_G14201.BIN	c1	5	8013	0	0x89c	62	2	MSG	1edd906af306	8000x1,8001x1
M_G14201.BIN	c1	6	23	0	0x9a8	62	2	MSG+XA	7e215cbce9fe	8000x1,8001x1
M_G14201.BIN	c1	6	23	1	0x9f4	44	0	MSG+XA	344e863065fc	8000x1,8001x1
M_G14202.BIN	c1	1	1	0	0x410	38	2	MSG+XA	a779518b4655	8000x1,8001x1
M_G14202.BIN	c1	2	107	0	0x5b0	18	2	MSG+XA	6b6ab78b03e0	8000x1
M_G14202.BIN	c1	2	107	1	0x5d0	104	0	MSG+XA	646fe095b64e	8000x1,8001x2,8002x1
M_G14202.BIN	c1	2	107	2	0x644	68	0	MSG+XA	01cf93764342	8000x1,8001x2
M_G14202.BIN	c1	3	4027	0	0x73c	44	0	SEL3.3	fd68fb5c4e1c	8001x3
M_G14202.BIN	c1	5	8013	0	0x8b8	62	2	MSG	1edd906af306	8000x1,8001x1
M_G14202.BIN	c1	6	2108	0	0xa84	16	0	MSG+XA	1085c7af3e8d	8000x1
M_G14202.BIN	c1	6	2108	1	0xaa0	18	2	MSG+XA	d55f57c7510b	8000x1
M_G14202.BIN	c1	6	2108	2	0xac0	44	0	MSG+XA	d7a9f13169fa	8000x1,8001x1
M_G14202.BIN	c1	6	2108	3	0xaf8	12	0	MSG+XA	1da949e03429	8000x1
M_G14202.BIN	c1	7	23	0	0xbd0	62	2	MSG+XA	7e215cbce9fe	8000x1,8001x1
M_G14202.BIN	c1	7	23	1	0xc1c	44	0	MSG+XA	344e863065fc	8000x1,8001x1
M_G14204.BIN	c1	2	8013	0	0x45c	62	2	MSG	1edd906af306	8000x1,8001x1
M_G14204.BIN	c1	3	2805	0	0x804	62	2	MSG+XA	723f9806428f	8000x1,8001x1
M_G14204.BIN	c1	3	2805	1	0x850	44	0	MSG+XA	19fb57d5b07b	8000x1,8001x1
M_G14204.BIN	c1	3	2805	2	0x888	48	0	MSG+XA	48f58c1596f0	8000x1,8001x1
M_G14204.BIN	c1	3	2805	3	0x8c4	142	2	MSG+XA	57d5befeae7c	8000x1,8001x4,8002x1
M_G14204.BIN	c1	3	2805	4	0x960	24	0	MSG+XA	141942233e14	8000x1
M_G14204.BIN	c1	3	2805	5	0x984	22	2	MSG+XA	cd97176d5332	8000x1
M_G14204.BIN	c1	3	2805	6	0x9a8	80	0	MSG+XA	18b3835835c9	8000x1,8001x2
M_G14204.BIN	c1	3	2805	7	0xa04	42	2	MSG+XA	a4ba35fd3ced	8000x1,8001x1
M_G14204.BIN	c1	3	2805	8	0xa3c	48	0	MSG+XA	933b1f17ba6e	8000x1,8001x1
M_G14204.BIN	c1	3	2805	9	0xa78	124	0	MSG+XA	b5d86b267059	8000x1,8001x2,8002x2
M_G14204.BIN	c1	3	2805	10	0xb00	44	0	MSG+XA	7bb047afb5c8	8000x1,8001x1
M_G14204.BIN	c1	3	2805	11	0xb38	54	2	MSG+XA	bffd894c6e12	8000x1,8001x1
M_G14204.BIN	c1	3	2805	12	0xb7c	158	2	MSG+XA	080282218031	8000x1,8001x3,8002x2
M_G14204.BIN	c1	3	2805	13	0xc28	20	0	MSG+XA	4a1913dbb105	8000x1
M_G14204.BIN	c1	3	2805	14	0xc48	26	2	MSG+XA	2409da36b1d5	8000x1
M_G14204.BIN	c1	3	2805	15	0xc70	26	2	MSG+XA	2e3dbd05f28c	8000x1
M_G14204.BIN	c1	3	2805	16	0xc98	28	0	MSG+XA	5846f53f67a5	8000x1
M_G14204.BIN	c1	3	2805	17	0xcc0	56	0	MSG+XA	2748a0303fa9	8000x1,8001x1
M_G14204.BIN	c1	4	23	0	0xdc4	62	2	MSG+XA	7e215cbce9fe	8000x1,8001x1
M_G14204.BIN	c1	4	23	1	0xe10	44	0	MSG+XA	344e863065fc	8000x1,8001x1
M_G14205.BIN	c1	2	107	0	0x7a0	18	2	MSG+XA	6b6ab78b03e0	8000x1
M_G14205.BIN	c1	2	107	1	0x7c0	104	0	MSG+XA	646fe095b64e	8000x1,8001x2,8002x1
M_G14205.BIN	c1	2	107	2	0x834	68	0	MSG+XA	01cf93764342	8000x1,8001x2
M_G14205.BIN	c1	3	4027	0	0x92c	44	0	SEL3.3	fd68fb5c4e1c	8001x3
M_G14205.BIN	c1	5	8013	0	0xaa8	62	2	MSG	1edd906af306	8000x1,8001x1
M_G14205.BIN	c1	6	23	0	0xbb4	62	2	MSG+XA	7e215cbce9fe	8000x1,8001x1
M_G14205.BIN	c1	6	23	1	0xc00	44	0	MSG+XA	344e863065fc	8000x1,8001x1
M_G15000.BIN	c1	1	830	0	0x6d0	44	0	MSG+XA	aa0315823a70	8000x1,8001x1
M_G15000.BIN	c1	1	830	1	0x708	70	2	MSG+XA	e13c8110ee19	8000x1,8001x1,8002x1
M_G15000.BIN	c1	1	830	2	0x75c	70	2	MSG+XA	5c9a0a2a71ba	8000x1,8001x1,8002x1
M_G15000.BIN	c1	1	830	3	0x7b0	50	2	MSG+XA	529d26d1697d	8000x1,8001x1
M_G15000.BIN	c1	1	830	4	0x7f0	46	2	MSG+XA	55fd940ea5fb	8000x1,8001x1
M_G15000.BIN	c1	1	830	5	0x82c	28	0	MSG+XA	dd96d91ba037	8000x1
M_G15000.BIN	c1	1	830	6	0x854	42	2	MSG+XA	afa2138e98d8	8000x1,8001x1
M_G15000.BIN	c1	1	830	7	0x88c	20	0	MSG+XA	6c4e80672cbd	8000x1
M_G15000.BIN	c1	1	830	8	0x8ac	162	2	MSG+XA	c514ab843d71	8000x1,8001x3,8002x2
M_G15000.BIN	c1	1	830	9	0x95c	42	2	MSG+XA	5a7c9b90f293	8000x1,8001x1
M_G15000.BIN	c1	2	831	0	0xa88	158	2	MSG+XA	49e289588c35	8000x1,8001x3,8002x2
M_G15000.BIN	c1	3	930	0	0xd0c	38	2	MSG+XA	7ca3e33bb2c2	8000x1,8001x1
M_G15000.BIN	c1	3	930	1	0xd40	48	0	MSG+XA	def6df5ab7e9	8000x1,8001x1
M_G15000.BIN	c1	3	930	2	0xd7c	20	0	MSG+XA	89ef788b3125	8000x1
M_G15000.BIN	c1	3	930	3	0xd9c	46	2	MSG+XA	66b55c335c62	8000x1,8001x1
M_G15000.BIN	c1	3	930	4	0xdd8	62	2	MSG+XA	37e200b02bb2	8000x1,8001x1
M_G15000.BIN	c1	3	930	5	0xe24	56	0	MSG+XA	b84ad7c054d5	8000x1,8001x1
M_G15000.BIN	c1	3	930	6	0xe68	42	2	MSG+XA	c7254559c187	8000x1,8001x1
M_G15000.BIN	c1	4	1130	0	0x1048	64	0	MSG+XA	fdf1e91c7b80	8000x1,8001x1,8002x1
M_G15000.BIN	c1	4	1130	1	0x1094	18	2	MSG+XA	691f95e50d59	8000x1
M_G15000.BIN	c1	4	1130	2	0x10b4	18	2	MSG+XA	5aa6af66476c	8000x1
M_G15000.BIN	c1	4	1130	3	0x10d4	28	0	MSG+XA	14ca3f9602bc	8000x1
M_G15000.BIN	c1	5	1230	0	0x1214	92	0	MSG+XA	d103e37065c5	8000x1,8001x2,8002x1
M_G15000.BIN	c1	5	1230	1	0x127c	50	2	MSG+XA	3e9039a33215	8000x1,8001x1
M_G15000.BIN	c1	6	1430	0	0x1460	70	2	MSG+XA	b206a58df764	8000x1,8001x2
M_G15000.BIN	c1	6	1430	1	0x14b4	22	2	MSG+XA	fb8c2aa06715	8000x1
M_G15000.BIN	c1	6	1430	2	0x14d8	40	0	MSG+XA	e22aaac272f0	8000x1,8001x1
M_G15000.BIN	c1	6	1430	3	0x150c	52	0	MSG+XA	603eb74a294e	8000x1,8001x1
M_G15000.BIN	c1	7	1630	0	0x16d8	30	2	MSG+XA	7099d2de08e7	8000x1
M_G15000.BIN	c1	7	1630	1	0x1704	18	2	MSG+XA	691f95e50d59	8000x1
M_G15000.BIN	c1	7	1630	2	0x1724	40	0	MSG+XA	226b527c5015	8000x1,8001x1
M_G15000.BIN	c1	7	1630	3	0x1758	42	2	MSG+XA	af821a4e0a61	8000x1,8001x1
M_G15000.BIN	c1	7	1630	4	0x1790	42	2	MSG+XA	5ae73fb6b523	8000x1,8001x1
M_G15000.BIN	c1	7	1630	5	0x17c8	24	0	MSG+XA	a13db4ab7034	8000x1
M_G15000.BIN	c1	8	1730	0	0x1938	60	0	MSG+XA	f64e4e9eb978	8000x1,8001x1
M_G15000.BIN	c1	8	1730	1	0x1980	18	2	MSG+XA	95f5e41600b8	8000x1
M_G15000.BIN	c1	8	1730	2	0x19a0	14	2	MSG+XA	e2825a9dd04a	8000x1
M_G15000.BIN	c1	8	1730	3	0x19bc	80	0	MSG+XA	c27d5cdb84c5	8000x1,8001x2
M_G15000.BIN	c1	9	2630	0	0x1ff4	170	2	MSG+XA	227b92f93099	8000x1,8001x3,8002x2
M_G15000.BIN	c1	9	2630	1	0x20ac	64	0	MSG+XA	42302062d306	8000x1,8001x1
M_G15000.BIN	c1	9	2630	2	0x20f8	118	2	MSG+XA	3271b8dc2697	8000x1,8001x3,8002x1
M_G15000.BIN	c1	9	2630	3	0x217c	18	2	MSG+XA	691f95e50d59	8000x1
M_G15000.BIN	c1	9	2630	4	0x219c	16	0	MSG+XA	ba96b3f772a2	8000x1
M_G15000.BIN	c1	9	2630	5	0x21b8	94	2	MSG+XA	c8f57b0a62c0	8000x1,8001x2,8002x1
M_G15000.BIN	c1	9	2630	6	0x2224	24	0	MSG+XA	211ec44eb70f	8000x1
M_G15000.BIN	c1	9	2630	7	0x2248	32	0	MSG+XA	1259ef276233	8000x1
M_G15000.BIN	c1	9	2630	8	0x2274	74	2	MSG+XA	749e47ee50b0	8000x1,8001x1,8002x1
M_G15000.BIN	c1	9	2630	9	0x22cc	34	2	MSG+XA	57f1d2395047	8000x1
M_G15000.BIN	c1	9	2630	10	0x22fc	52	0	MSG+XA	01c1ba355055	8000x1,8001x1
M_G15000.BIN	c1	9	2630	11	0x233c	42	2	MSG+XA	a433dedde4f2	8000x1,8001x1
M_G15000.BIN	c1	9	2630	12	0x2374	66	2	MSG+XA	9baa6847715b	8000x1,8001x2
M_G15000.BIN	c1	9	2630	13	0x23c4	40	0	MSG+XA	f22d9e9dfed3	8000x1,8001x1
M_G15000.BIN	c1	9	2630	14	0x23f8	32	0	MSG+XA	56ad35e58b1b	8000x1
M_G15000.BIN	c1	9	2630	16	0x2430	28	0	MSG+XA	555086760991	8000x1
M_G15000.BIN	c1	9	2630	17	0x2458	20	0	MSG+XA	870dd86fa519	8000x1
M_G15000.BIN	c1	9	2630	18	0x2478	118	2	MSG+XA	1c01bc27a2f2	8000x1,8001x3,8002x1
M_G15000.BIN	c1	9	2630	19	0x24fc	46	2	MSG+XA	ad7495651f20	8000x1,8001x1
M_G15000.BIN	c1	9	2630	20	0x2538	46	2	MSG+XA	473c5a5a6857	8000x1,8001x1
M_G15000.BIN	c1	9	2630	21	0x2574	48	0	MSG+XA	c033f8686c5b	8000x1,8001x1
M_G15000.BIN	c1	9	2630	22	0x25b0	20	0	MSG+XA	1ca9a6ca2f97	8000x1
M_G15000.BIN	c1	9	2630	23	0x25d0	146	2	MSG+XA	ceb0a191ea2d	8000x1,8001x3,8002x2
M_G15000.BIN	c1	10	2830	0	0x2840	74	2	MSG+XA	54246ce16218	8000x1,8001x1,8002x1
M_G15000.BIN	c1	10	2830	1	0x2898	74	2	MSG+XA	b140e725258c	8000x1,8001x2
M_G15000.BIN	c1	10	2830	2	0x28f0	52	0	MSG+XA	2be47ebf6499	8000x1,8001x1
M_G15000.BIN	c1	10	2830	3	0x2930	16	0	MSG+XA	d78e9ca5eca2	8000x1
M_G15000.BIN	c1	10	2830	4	0x294c	72	0	MSG+XA	aa5707d1b9dd	8000x1,8001x2
M_G15000.BIN	c1	10	2830	5	0x29a0	146	2	MSG+XA	6d2aa31de9ea	8000x1,8001x3,8002x2
M_G15000.BIN	c1	10	2830	6	0x2a40	58	2	MSG+XA	7ae0cbc3e981	8000x1,8001x1
M_G15000.BIN	c1	11	2930	0	0x2c54	64	0	MSG+XA	34534718e338	8000x1,8001x1
M_G15000.BIN	c1	11	2930	1	0x2ca0	32	0	MSG+XA	18c465f7004e	8000x1
M_G15000.BIN	c1	11	2930	2	0x2ccc	54	2	MSG+XA	d5788b07b241	8000x1,8001x1
M_G15000.BIN	c1	11	2930	3	0x2d10	72	0	MSG+XA	aa5707d1b9dd	8000x1,8001x2
M_G15000.BIN	c1	11	2930	4	0x2d64	146	2	MSG+XA	6d2aa31de9ea	8000x1,8001x3,8002x2
M_G15000.BIN	c1	11	2930	5	0x2e04	72	0	MSG+XA	8c8265487b9d	8000x1,8001x2
M_G15000.BIN	c1	12	3030	0	0x2fe0	32	0	MSG+XA	8f47bdbdf5f3	8000x1
M_G15000.BIN	c1	12	3030	1	0x300c	82	2	MSG+XA	c566d563b321	8000x1,8001x2
M_G15000.BIN	c1	12	3030	2	0x306c	54	2	MSG+XA	0ec6467c540e	8000x1,8001x1
M_G15000.BIN	c1	13	833	0	0x314c	44	0	MSG	3f716a7f1ffc	8000x1,8001x1
M_G15000.BIN	c1	15	8014	0	0x3260	62	2	MSG	e6f4bf3baead	8000x1,8001x1
M_G15001.BIN	c1	1	833	0	0x434	44	0	MSG	3f716a7f1ffc	8000x1,8001x1
M_G15001.BIN	c1	3	1007	0	0x5e4	82	2	MSG+XA	bd0815825ea0	8000x1,8001x2
M_G15001.BIN	c1	4	8014	0	0x698	62	2	MSG	e6f4bf3baead	8000x1,8001x1
M_G15002.BIN	c1	2	8014	0	0x3dc	62	2	MSG	e6f4bf3baead	8000x1,8001x1
M_G15003.BIN	c1	2	8014	0	0x3dc	62	2	MSG	e6f4bf3baead	8000x1,8001x1
M_G15100.BIN	c1	1	830	0	0x6b4	44	0	MSG+XA	aa0315823a70	8000x1,8001x1
M_G15100.BIN	c1	1	830	1	0x6ec	70	2	MSG+XA	e13c8110ee19	8000x1,8001x1,8002x1
M_G15100.BIN	c1	1	830	2	0x740	70	2	MSG+XA	5c9a0a2a71ba	8000x1,8001x1,8002x1
M_G15100.BIN	c1	1	830	3	0x794	50	2	MSG+XA	529d26d1697d	8000x1,8001x1
M_G15100.BIN	c1	1	830	4	0x7d4	46	2	MSG+XA	55fd940ea5fb	8000x1,8001x1
M_G15100.BIN	c1	1	830	5	0x810	28	0	MSG+XA	dd96d91ba037	8000x1
M_G15100.BIN	c1	1	830	6	0x838	42	2	MSG+XA	afa2138e98d8	8000x1,8001x1
M_G15100.BIN	c1	1	830	7	0x870	20	0	MSG+XA	6c4e80672cbd	8000x1
M_G15100.BIN	c1	1	830	8	0x890	162	2	MSG+XA	c514ab843d71	8000x1,8001x3,8002x2
M_G15100.BIN	c1	1	830	9	0x940	42	2	MSG+XA	5a7c9b90f293	8000x1,8001x1
M_G15100.BIN	c1	2	831	0	0xa6c	158	2	MSG+XA	49e289588c35	8000x1,8001x3,8002x2
M_G15100.BIN	c1	3	930	0	0xcf0	38	2	MSG+XA	7ca3e33bb2c2	8000x1,8001x1
M_G15100.BIN	c1	3	930	1	0xd24	48	0	MSG+XA	def6df5ab7e9	8000x1,8001x1
M_G15100.BIN	c1	3	930	2	0xd60	20	0	MSG+XA	89ef788b3125	8000x1
M_G15100.BIN	c1	3	930	3	0xd80	46	2	MSG+XA	66b55c335c62	8000x1,8001x1
M_G15100.BIN	c1	3	930	4	0xdbc	62	2	MSG+XA	37e200b02bb2	8000x1,8001x1
M_G15100.BIN	c1	3	930	5	0xe08	56	0	MSG+XA	b84ad7c054d5	8000x1,8001x1
M_G15100.BIN	c1	3	930	6	0xe4c	42	2	MSG+XA	c7254559c187	8000x1,8001x1
M_G15100.BIN	c1	4	1130	0	0x102c	64	0	MSG+XA	fdf1e91c7b80	8000x1,8001x1,8002x1
M_G15100.BIN	c1	4	1130	1	0x1078	18	2	MSG+XA	691f95e50d59	8000x1
M_G15100.BIN	c1	4	1130	2	0x1098	18	2	MSG+XA	5aa6af66476c	8000x1
M_G15100.BIN	c1	4	1130	3	0x10b8	28	0	MSG+XA	14ca3f9602bc	8000x1
M_G15100.BIN	c1	5	1230	0	0x11f8	92	0	MSG+XA	d103e37065c5	8000x1,8001x2,8002x1
M_G15100.BIN	c1	5	1230	1	0x1260	50	2	MSG+XA	3e9039a33215	8000x1,8001x1
M_G15100.BIN	c1	6	1430	0	0x1444	70	2	MSG+XA	b206a58df764	8000x1,8001x2
M_G15100.BIN	c1	6	1430	1	0x1498	22	2	MSG+XA	fb8c2aa06715	8000x1
M_G15100.BIN	c1	6	1430	2	0x14bc	40	0	MSG+XA	e22aaac272f0	8000x1,8001x1
M_G15100.BIN	c1	6	1430	3	0x14f0	52	0	MSG+XA	603eb74a294e	8000x1,8001x1
M_G15100.BIN	c1	7	1630	0	0x16bc	30	2	MSG+XA	7099d2de08e7	8000x1
M_G15100.BIN	c1	7	1630	1	0x16e8	18	2	MSG+XA	691f95e50d59	8000x1
M_G15100.BIN	c1	7	1630	2	0x1708	40	0	MSG+XA	226b527c5015	8000x1,8001x1
M_G15100.BIN	c1	7	1630	3	0x173c	42	2	MSG+XA	af821a4e0a61	8000x1,8001x1
M_G15100.BIN	c1	7	1630	4	0x1774	42	2	MSG+XA	5ae73fb6b523	8000x1,8001x1
M_G15100.BIN	c1	7	1630	5	0x17ac	24	0	MSG+XA	a13db4ab7034	8000x1
M_G15100.BIN	c1	8	1730	0	0x191c	60	0	MSG+XA	f64e4e9eb978	8000x1,8001x1
M_G15100.BIN	c1	8	1730	1	0x1964	18	2	MSG+XA	95f5e41600b8	8000x1
M_G15100.BIN	c1	8	1730	2	0x1984	14	2	MSG+XA	e2825a9dd04a	8000x1
M_G15100.BIN	c1	8	1730	3	0x19a0	80	0	MSG+XA	c27d5cdb84c5	8000x1,8001x2
M_G15100.BIN	c1	9	2630	0	0x1fd8	170	2	MSG+XA	227b92f93099	8000x1,8001x3,8002x2
M_G15100.BIN	c1	9	2630	1	0x2090	64	0	MSG+XA	42302062d306	8000x1,8001x1
M_G15100.BIN	c1	9	2630	2	0x20dc	118	2	MSG+XA	3271b8dc2697	8000x1,8001x3,8002x1
M_G15100.BIN	c1	9	2630	3	0x2160	18	2	MSG+XA	691f95e50d59	8000x1
M_G15100.BIN	c1	9	2630	4	0x2180	16	0	MSG+XA	ba96b3f772a2	8000x1
M_G15100.BIN	c1	9	2630	5	0x219c	94	2	MSG+XA	c8f57b0a62c0	8000x1,8001x2,8002x1
M_G15100.BIN	c1	9	2630	6	0x2208	24	0	MSG+XA	211ec44eb70f	8000x1
M_G15100.BIN	c1	9	2630	7	0x222c	32	0	MSG+XA	1259ef276233	8000x1
M_G15100.BIN	c1	9	2630	8	0x2258	74	2	MSG+XA	749e47ee50b0	8000x1,8001x1,8002x1
M_G15100.BIN	c1	9	2630	9	0x22b0	34	2	MSG+XA	57f1d2395047	8000x1
M_G15100.BIN	c1	9	2630	10	0x22e0	52	0	MSG+XA	01c1ba355055	8000x1,8001x1
M_G15100.BIN	c1	9	2630	11	0x2320	42	2	MSG+XA	a433dedde4f2	8000x1,8001x1
M_G15100.BIN	c1	9	2630	12	0x2358	66	2	MSG+XA	9baa6847715b	8000x1,8001x2
M_G15100.BIN	c1	9	2630	13	0x23a8	40	0	MSG+XA	f22d9e9dfed3	8000x1,8001x1
M_G15100.BIN	c1	9	2630	14	0x23dc	32	0	MSG+XA	56ad35e58b1b	8000x1
M_G15100.BIN	c1	9	2630	16	0x2414	28	0	MSG+XA	555086760991	8000x1
M_G15100.BIN	c1	9	2630	17	0x243c	20	0	MSG+XA	870dd86fa519	8000x1
M_G15100.BIN	c1	9	2630	18	0x245c	118	2	MSG+XA	1c01bc27a2f2	8000x1,8001x3,8002x1
M_G15100.BIN	c1	9	2630	19	0x24e0	46	2	MSG+XA	ad7495651f20	8000x1,8001x1
M_G15100.BIN	c1	9	2630	20	0x251c	46	2	MSG+XA	473c5a5a6857	8000x1,8001x1
M_G15100.BIN	c1	9	2630	21	0x2558	48	0	MSG+XA	c033f8686c5b	8000x1,8001x1
M_G15100.BIN	c1	9	2630	22	0x2594	20	0	MSG+XA	1ca9a6ca2f97	8000x1
M_G15100.BIN	c1	9	2630	23	0x25b4	146	2	MSG+XA	ceb0a191ea2d	8000x1,8001x3,8002x2
M_G15100.BIN	c1	10	2830	0	0x2824	74	2	MSG+XA	54246ce16218	8000x1,8001x1,8002x1
M_G15100.BIN	c1	10	2830	1	0x287c	74	2	MSG+XA	b140e725258c	8000x1,8001x2
M_G15100.BIN	c1	10	2830	2	0x28d4	52	0	MSG+XA	2be47ebf6499	8000x1,8001x1
M_G15100.BIN	c1	10	2830	3	0x2914	16	0	MSG+XA	d78e9ca5eca2	8000x1
M_G15100.BIN	c1	10	2830	4	0x2930	72	0	MSG+XA	aa5707d1b9dd	8000x1,8001x2
M_G15100.BIN	c1	10	2830	5	0x2984	146	2	MSG+XA	6d2aa31de9ea	8000x1,8001x3,8002x2
M_G15100.BIN	c1	10	2830	6	0x2a24	58	2	MSG+XA	7ae0cbc3e981	8000x1,8001x1
M_G15100.BIN	c1	11	2930	0	0x2c38	64	0	MSG+XA	34534718e338	8000x1,8001x1
M_G15100.BIN	c1	11	2930	1	0x2c84	32	0	MSG+XA	18c465f7004e	8000x1
M_G15100.BIN	c1	11	2930	2	0x2cb0	54	2	MSG+XA	d5788b07b241	8000x1,8001x1
M_G15100.BIN	c1	11	2930	3	0x2cf4	72	0	MSG+XA	aa5707d1b9dd	8000x1,8001x2
M_G15100.BIN	c1	11	2930	4	0x2d48	146	2	MSG+XA	6d2aa31de9ea	8000x1,8001x3,8002x2
M_G15100.BIN	c1	11	2930	5	0x2de8	72	0	MSG+XA	8c8265487b9d	8000x1,8001x2
M_G15100.BIN	c1	12	833	0	0x2ed8	44	0	MSG	3f716a7f1ffc	8000x1,8001x1
M_G15100.BIN	c1	14	8014	0	0x2fec	62	2	MSG	e6f4bf3baead	8000x1,8001x1
M_G15101.BIN	c1	1	833	0	0x434	44	0	MSG	3f716a7f1ffc	8000x1,8001x1
M_G15101.BIN	c1	3	1007	0	0x5e4	82	2	MSG+XA	bd0815825ea0	8000x1,8001x2
M_G15101.BIN	c1	4	8014	0	0x698	62	2	MSG	e6f4bf3baead	8000x1,8001x1
M_G15102.BIN	c1	2	8014	0	0x3dc	62	2	MSG	e6f4bf3baead	8000x1,8001x1
M_G15103.BIN	c1	2	8014	0	0x3dc	62	2	MSG	e6f4bf3baead	8000x1,8001x1
M_G15200.BIN	c1	1	830	0	0x6f4	44	0	MSG+XA	aa0315823a70	8000x1,8001x1
M_G15200.BIN	c1	1	830	1	0x72c	70	2	MSG+XA	e13c8110ee19	8000x1,8001x1,8002x1
M_G15200.BIN	c1	1	830	2	0x780	70	2	MSG+XA	5c9a0a2a71ba	8000x1,8001x1,8002x1
M_G15200.BIN	c1	1	830	3	0x7d4	50	2	MSG+XA	529d26d1697d	8000x1,8001x1
M_G15200.BIN	c1	1	830	4	0x814	46	2	MSG+XA	55fd940ea5fb	8000x1,8001x1
M_G15200.BIN	c1	1	830	5	0x850	28	0	MSG+XA	dd96d91ba037	8000x1
M_G15200.BIN	c1	1	830	6	0x878	42	2	MSG+XA	afa2138e98d8	8000x1,8001x1
M_G15200.BIN	c1	1	830	7	0x8b0	20	0	MSG+XA	6c4e80672cbd	8000x1
M_G15200.BIN	c1	1	830	8	0x8d0	162	2	MSG+XA	c514ab843d71	8000x1,8001x3,8002x2
M_G15200.BIN	c1	1	830	9	0x980	42	2	MSG+XA	5a7c9b90f293	8000x1,8001x1
M_G15200.BIN	c1	2	831	0	0xaac	158	2	MSG+XA	49e289588c35	8000x1,8001x3,8002x2
M_G15200.BIN	c1	3	931	0	0xcec	64	0	MSG+XA	49aea9273524	8000x1,8001x1,8002x1
M_G15200.BIN	c1	3	931	1	0xd38	74	2	MSG+XA	38d447c4f853	8000x1,8001x2
M_G15200.BIN	c1	3	931	2	0xd90	66	2	MSG+XA	6d30badba40b	8000x1,8001x2
M_G15200.BIN	c1	4	1031	0	0xf44	82	2	MSG+XA	3a858c7f603e	8000x1,8001x2,8002x1
M_G15200.BIN	c1	4	1031	1	0xfa4	38	2	MSG+XA	cdcac15d7e65	8000x1,8001x1
M_G15200.BIN	c1	5	1131	0	0x11dc	30	2	MSG+XA	e90758d5316f	8000x1
M_G15200.BIN	c1	5	1131	1	0x1208	22	2	MSG+XA	a927f923e3be	8000x1
M_G15200.BIN	c1	5	1131	2	0x122c	14	2	MSG+XA	4d10425ae0d8	8000x1
M_G15200.BIN	c1	5	1131	3	0x1248	70	2	MSG+XA	bce1d66cd673	8000x1,8001x1,8002x1
M_G15200.BIN	c1	5	1131	4	0x129c	18	2	MSG+XA	1cdf4bfb8784	8000x1
M_G15200.BIN	c1	5	1131	5	0x12bc	40	0	MSG+XA	fef2ebf4ff2b	8000x1,8001x1
M_G15200.BIN	c1	6	1331	0	0x1438	48	0	MSG+XA	1958d31b8235	8000x1,8001x1
M_G15200.BIN	c1	6	1331	1	0x1474	56	0	MSG+XA	83df73833f9d	8000x1,8001x1
M_G15200.BIN	c1	7	1431	0	0x16dc	82	2	MSG+XA	2cf655871ebe	8000x1,8001x2,8002x1
M_G15200.BIN	c1	7	1431	1	0x173c	98	2	MSG+XA	93c853de5aa5	8000x1,8001x2,8002x1
M_G15200.BIN	c1	7	1431	2	0x17ac	28	0	MSG+XA	f45ffd7593c3	8000x1
M_G15200.BIN	c1	7	1431	3	0x17d4	54	2	MSG+XA	e6f217e69a1b	8000x1,8001x1
M_G15200.BIN	c1	7	1431	4	0x1818	38	2	MSG+XA	830c23683658	8000x1,8001x1
M_G15200.BIN	c1	7	1431	5	0x184c	64	0	MSG+XA	bdfc0fdfff7d	8000x1,8001x2
M_G15200.BIN	c1	8	1531	0	0x19ec	62	2	MSG+XA	3c92bce76b88	8000x1,8001x1,8002x1
M_G15200.BIN	c1	8	1531	1	0x1a38	58	2	MSG+XA	959a1581075d	8000x1,8001x1
M_G15200.BIN	c1	9	1931	0	0x1bd8	78	2	MSG+XA	0c09e335b86c	8000x1,8001x2
M_G15200.BIN	c1	9	1931	1	0x1c34	72	0	MSG+XA	81575ae40d97	8000x1,8001x2
M_G15200.BIN	c1	10	2109	0	0x1e18	136	0	MSG+XA	cf2591a6e7a9	8000x1,8001x3,8002x1
M_G15200.BIN	c1	10	2109	1	0x1ea0	16	0	MSG	f8aa1e95f0dd	8000x1
M_G15200.BIN	c1	10	2109	2	0x1ebc	92	0	MSG+XA	439bf014c0b0	8000x1,8001x2,8002x1
M_G15200.BIN	c1	10	2109	3	0x1f24	54	2	MSG+XA	e34501af5ba0	8000x1,8001x1
M_G15200.BIN	c1	11	2231	0	0x2174	54	2	MSG+XA	9046de98eb3a	8000x1,8001x1
M_G15200.BIN	c1	11	2231	1	0x21ac	14	2	MSG	32f395471758	8000x1
M_G15200.BIN	c1	11	2231	2	0x21c8	78	2	MSG+XA	05a8ad221e6d	8000x1,8001x2
M_G15200.BIN	c1	11	2231	3	0x2224	248	0	MSG+XA	e22814ece7f7	8000x1,8001x5,8002x4
M_G15200.BIN	c1	11	2231	4	0x2328	46	2	MSG+XA	50c6ba975b0b	8000x1,8001x1
M_G15200.BIN	c1	11	2231	5	0x2364	44	0	MSG+XA	f10156800e0e	8000x1,8001x1
M_G15200.BIN	c1	11	2231	6	0x239c	60	0	MSG+XA	c541159b4ea2	8000x1,8001x1
M_G15200.BIN	c1	12	2331	0	0x27bc	94	2	MSG+XA	dcf8fa60a62a	8000x1,8001x2,8002x1
M_G15200.BIN	c1	12	2331	1	0x2828	54	2	MSG+XA	6cc685aff91c	8000x1,8001x1
M_G15200.BIN	c1	12	2331	2	0x286c	60	0	MSG+XA	8e1df0fd3a5d	8000x1,8001x1
M_G15200.BIN	c1	12	2331	3	0x28b4	92	0	MSG+XA	881cb3e524fb	8000x1,8001x2,8002x1
M_G15200.BIN	c1	12	2331	4	0x291c	46	2	MSG+XA	5eaa395d1e30	8000x1,8001x1
M_G15200.BIN	c1	12	2331	5	0x2958	134	2	MSG+XA	28a7b959155b	8000x1,8001x3,8002x2
M_G15200.BIN	c1	12	2331	6	0x29ec	40	0	MSG+XA	aa380b5b9d47	8000x1,8001x1
M_G15200.BIN	c1	12	2331	7	0x2a20	116	0	MSG+XA	6313cb0f966c	8000x1,8001x3,8002x1
M_G15200.BIN	c1	12	2331	8	0x2aa0	18	2	MSG+XA	bcc0a9a70dde	8000x1
M_G15200.BIN	c1	12	2331	9	0x2ac0	16	0	MSG+XA	e8f71296bfe7	8000x1
M_G15200.BIN	c1	12	2331	10	0x2adc	46	2	MSG+XA	822c3c1a90ac	8000x1,8001x1
M_G15200.BIN	c1	13	3031	0	0x2e08	128	0	MSG+XA	f7c5f10ae437	8000x1,8001x3,8002x1
M_G15200.BIN	c1	13	3031	1	0x2e94	16	0	MSG+XA	59436dac0197	8000x1
M_G15200.BIN	c1	13	3031	2	0x2eb0	108	0	MSG+XA	4bd4fe7784ef	8000x1,8001x3,8002x1
M_G15200.BIN	c1	13	3031	3	0x2f28	24	0	MSG+XA	6398c76e4e48	8000x1
M_G15200.BIN	c1	13	3031	4	0x2f4c	106	2	MSG+XA	9ef6be7f97b4	8000x1,8001x2,8002x1
M_G15200.BIN	c1	13	3031	5	0x2fc4	56	0	MSG+XA	8675dbae3416	8000x1,8001x1
M_G15200.BIN	c1	13	3031	6	0x2ffc	44	0	MSG	287c885a5b92	8000x1,8001x1
M_G15200.BIN	c1	13	3031	7	0x3034	26	2	MSG+XA	b0807e2551bb	8000x1
M_G15200.BIN	c1	13	3031	8	0x305c	48	0	MSG+XA	3b894d88c640	8000x1,8001x1
M_G15200.BIN	c1	14	833	0	0x3134	44	0	MSG	3f716a7f1ffc	8000x1,8001x1
M_G15200.BIN	c1	16	8014	0	0x3248	62	2	MSG	e6f4bf3baead	8000x1,8001x1
M_G15201.BIN	c1	2	8014	0	0x444	62	2	MSG	e6f4bf3baead	8000x1,8001x1
M_G15202.BIN	c1	2	8014	0	0x40c	62	2	MSG	e6f4bf3baead	8000x1,8001x1
M_G15203.BIN	c1	2	8014	0	0x40c	62	2	MSG	e6f4bf3baead	8000x1,8001x1
M_G16001.BIN	c1	0	1830	0	0x49c	34	2	MSG+XA	9e0ec10ad0b6	8000x1
M_G16001.BIN	c1	0	1830	1	0x4c0	14	2	MSG	e2825a9dd04a	8000x1
M_G16001.BIN	c1	0	1830	2	0x4dc	22	2	MSG+XA	6de2bf7b7b1b	8000x1
M_G16001.BIN	c1	0	1830	3	0x500	28	0	MSG+XA	cb7270544f8a	8000x1
M_G16001.BIN	c1	0	1830	4	0x528	20	0	MSG+XA	c7c7b7d07a07	8000x1
M_G16001.BIN	c1	0	1830	5	0x548	14	2	MSG+XA	f1805d773a0a	8000x1
M_G16001.BIN	c1	0	1830	6	0x564	28	0	MSG+XA	2ad843f47b69	8000x1
M_G16001.BIN	c1	1	1930	0	0x714	32	0	MSG+XA	88a3211f08d5	8000x1
M_G16001.BIN	c1	1	1930	1	0x740	26	2	MSG+XA	039f9a329c1f	8000x1
M_G16001.BIN	c1	1	1930	2	0x768	72	0	MSG+XA	8d8fc74f51ad	8000x1,8001x2
M_G16001.BIN	c1	1	1930	3	0x7b0	14	2	MSG	e2825a9dd04a	8000x1
M_G16001.BIN	c1	1	1930	4	0x7cc	28	0	MSG+XA	874102b7d652	8000x1
M_G16001.BIN	c1	1	1930	5	0x7f4	108	0	MSG+XA	bb0de4d1a920	8000x1,8001x2,8002x1
M_G16001.BIN	c1	1	1930	6	0x860	16	0	MSG	f8aa1e95f0dd	8000x1
M_G16001.BIN	c1	1	1930	7	0x87c	38	2	MSG+XA	2923ac57274b	8000x1,8001x1
M_G16001.BIN	c1	2	2130	0	0x9b4	182	2	MSG+XA	c769ea728618	8000x1,8001x4,8002x3
M_G16001.BIN	c1	2	2130	1	0xa78	56	0	MSG+XA	f69b55e16288	8000x1,8001x1
M_G16001.BIN	c1	2	2130	2	0xabc	16	0	MSG+XA	ce2b15e5cf8d	8000x1
M_G16001.BIN	c1	3	2330	0	0xde0	118	2	MSG+XA	1110d9064859	8000x1,8001x3,8002x1
M_G16001.BIN	c1	3	2330	1	0xe64	68	0	MSG+XA	71b42ac5a410	8000x1,8001x2
M_G16001.BIN	c1	3	2330	2	0xeb4	24	0	MSG+XA	211ec44eb70f	8000x1
M_G16001.BIN	c1	3	2330	3	0xed8	32	0	MSG+XA	1259ef276233	8000x1
M_G16001.BIN	c1	3	2330	4	0xf04	74	2	MSG+XA	749e47ee50b0	8000x1,8001x1,8002x1
M_G16001.BIN	c1	3	2330	5	0xf5c	34	2	MSG+XA	57f1d2395047	8000x1
M_G16001.BIN	c1	3	2330	6	0xf8c	52	0	MSG+XA	01c1ba355055	8000x1,8001x1
M_G16001.BIN	c1	3	2330	7	0xfcc	42	2	MSG+XA	a433dedde4f2	8000x1,8001x1
M_G16001.BIN	c1	3	2330	8	0x1004	66	2	MSG+XA	9baa6847715b	8000x1,8001x2
M_G16001.BIN	c1	3	2330	9	0x1054	40	0	MSG+XA	f22d9e9dfed3	8000x1,8001x1
M_G16001.BIN	c1	3	2330	10	0x1088	32	0	MSG+XA	56ad35e58b1b	8000x1
M_G16001.BIN	c1	3	2330	12	0x10c0	28	0	MSG+XA	555086760991	8000x1
M_G16001.BIN	c1	3	2330	13	0x10e8	20	0	MSG+XA	870dd86fa519	8000x1
M_G16001.BIN	c1	3	2330	14	0x1108	118	2	MSG+XA	1c01bc27a2f2	8000x1,8001x3,8002x1
M_G16001.BIN	c1	3	2330	15	0x118c	46	2	MSG+XA	ad7495651f20	8000x1,8001x1
M_G16001.BIN	c1	3	2330	16	0x11c8	46	2	MSG+XA	473c5a5a6857	8000x1,8001x1
M_G16001.BIN	c1	3	2330	17	0x1204	48	0	MSG+XA	c033f8686c5b	8000x1,8001x1
M_G16001.BIN	c1	3	2330	18	0x1240	20	0	MSG+XA	1ca9a6ca2f97	8000x1
M_G16001.BIN	c1	3	2330	19	0x1260	146	2	MSG+XA	ceb0a191ea2d	8000x1,8001x3,8002x2
M_G16001.BIN	c1	4	2430	0	0x1644	74	2	MSG+XA	082d9b1fc5da	8000x1,8001x1,8002x1
M_G16001.BIN	c1	4	2430	1	0x169c	22	2	MSG+XA	d4d3e1fd73a8	8000x1
M_G16001.BIN	c1	4	2430	2	0x16c0	116	0	MSG+XA	08e9d7592746	8000x1,8001x2,8002x2
M_G16001.BIN	c1	4	2430	3	0x1740	70	2	MSG+XA	c2d4e06eaeb5	8000x1,8001x2
M_G16001.BIN	c1	4	2430	4	0x1794	24	0	MSG+XA	211ec44eb70f	8000x1
M_G16001.BIN	c1	4	2430	5	0x17b8	32	0	MSG+XA	1259ef276233	8000x1
M_G16001.BIN	c1	4	2430	6	0x17e4	74	2	MSG+XA	749e47ee50b0	8000x1,8001x1,8002x1
M_G16001.BIN	c1	4	2430	7	0x183c	34	2	MSG+XA	57f1d2395047	8000x1
M_G16001.BIN	c1	4	2430	8	0x186c	52	0	MSG+XA	01c1ba355055	8000x1,8001x1
M_G16001.BIN	c1	4	2430	9	0x18ac	42	2	MSG+XA	a433dedde4f2	8000x1,8001x1
M_G16001.BIN	c1	4	2430	10	0x18e4	66	2	MSG+XA	9baa6847715b	8000x1,8001x2
M_G16001.BIN	c1	4	2430	11	0x1934	40	0	MSG+XA	f22d9e9dfed3	8000x1,8001x1
M_G16001.BIN	c1	4	2430	12	0x1968	32	0	MSG+XA	56ad35e58b1b	8000x1
M_G16001.BIN	c1	4	2430	14	0x19a0	28	0	MSG+XA	555086760991	8000x1
M_G16001.BIN	c1	4	2430	15	0x19c8	20	0	MSG+XA	870dd86fa519	8000x1
M_G16001.BIN	c1	4	2430	16	0x19e8	118	2	MSG+XA	1c01bc27a2f2	8000x1,8001x3,8002x1
M_G16001.BIN	c1	4	2430	17	0x1a6c	46	2	MSG+XA	ad7495651f20	8000x1,8001x1
M_G16001.BIN	c1	4	2430	18	0x1aa8	46	2	MSG+XA	473c5a5a6857	8000x1,8001x1
M_G16001.BIN	c1	4	2430	19	0x1ae4	48	0	MSG+XA	c033f8686c5b	8000x1,8001x1
M_G16001.BIN	c1	4	2430	20	0x1b20	20	0	MSG+XA	1ca9a6ca2f97	8000x1
M_G16001.BIN	c1	4	2430	21	0x1b40	146	2	MSG+XA	ceb0a191ea2d	8000x1,8001x3,8002x2
M_G16001.BIN	c1	5	2530	0	0x1f48	168	0	MSG+XA	7d02723b2854	8000x1,8001x4,8002x2
M_G16001.BIN	c1	5	2530	1	0x1ffc	120	0	MSG+XA	249f25aabf0d	8000x1,8001x3,8002x1
M_G16001.BIN	c1	5	2530	2	0x2080	32	0	MSG+XA	752e1373cdc8	8000x1
M_G16001.BIN	c1	5	2530	3	0x20ac	48	0	MSG+XA	2155422cf5fd	8000x1,8001x1
M_G16001.BIN	c1	5	2530	4	0x20e8	24	0	MSG+XA	211ec44eb70f	8000x1
M_G16001.BIN	c1	5	2530	5	0x210c	32	0	MSG+XA	1259ef276233	8000x1
M_G16001.BIN	c1	5	2530	6	0x2138	74	2	MSG+XA	749e47ee50b0	8000x1,8001x1,8002x1
M_G16001.BIN	c1	5	2530	7	0x2190	34	2	MSG+XA	57f1d2395047	8000x1
M_G16001.BIN	c1	5	2530	8	0x21c0	52	0	MSG+XA	01c1ba355055	8000x1,8001x1
M_G16001.BIN	c1	5	2530	9	0x2200	42	2	MSG+XA	a433dedde4f2	8000x1,8001x1
M_G16001.BIN	c1	5	2530	10	0x2238	66	2	MSG+XA	9baa6847715b	8000x1,8001x2
M_G16001.BIN	c1	5	2530	11	0x2288	40	0	MSG+XA	f22d9e9dfed3	8000x1,8001x1
M_G16001.BIN	c1	5	2530	12	0x22bc	32	0	MSG+XA	56ad35e58b1b	8000x1
M_G16001.BIN	c1	5	2530	14	0x22f4	28	0	MSG+XA	555086760991	8000x1
M_G16001.BIN	c1	5	2530	15	0x231c	20	0	MSG+XA	870dd86fa519	8000x1
M_G16001.BIN	c1	5	2530	16	0x233c	118	2	MSG+XA	1c01bc27a2f2	8000x1,8001x3,8002x1
M_G16001.BIN	c1	5	2530	17	0x23c0	46	2	MSG+XA	ad7495651f20	8000x1,8001x1
M_G16001.BIN	c1	5	2530	18	0x23fc	46	2	MSG+XA	473c5a5a6857	8000x1,8001x1
M_G16001.BIN	c1	5	2530	19	0x2438	48	0	MSG+XA	c033f8686c5b	8000x1,8001x1
M_G16001.BIN	c1	5	2530	20	0x2474	20	0	MSG+XA	1ca9a6ca2f97	8000x1
M_G16001.BIN	c1	5	2530	21	0x2494	146	2	MSG+XA	ceb0a191ea2d	8000x1,8001x3,8002x2
M_G16001.BIN	c1	6	2730	0	0x285c	68	0	MSG+XA	6e654f55b63d	8000x1,8001x2
M_G16001.BIN	c1	6	2730	1	0x28ac	78	2	MSG+XA	141bd533769f	8000x1,8001x2
M_G16001.BIN	c1	6	2730	2	0x2908	24	0	MSG+XA	211ec44eb70f	8000x1
M_G16001.BIN	c1	6	2730	3	0x292c	32	0	MSG+XA	1259ef276233	8000x1
M_G16001.BIN	c1	6	2730	4	0x2958	74	2	MSG+XA	749e47ee50b0	8000x1,8001x1,8002x1
M_G16001.BIN	c1	6	2730	5	0x29b0	34	2	MSG+XA	57f1d2395047	8000x1
M_G16001.BIN	c1	6	2730	6	0x29e0	52	0	MSG+XA	01c1ba355055	8000x1,8001x1
M_G16001.BIN	c1	6	2730	7	0x2a20	42	2	MSG+XA	a433dedde4f2	8000x1,8001x1
M_G16001.BIN	c1	6	2730	8	0x2a58	66	2	MSG+XA	9baa6847715b	8000x1,8001x2
M_G16001.BIN	c1	6	2730	9	0x2aa8	40	0	MSG+XA	f22d9e9dfed3	8000x1,8001x1
M_G16001.BIN	c1	6	2730	10	0x2adc	32	0	MSG+XA	56ad35e58b1b	8000x1
M_G16001.BIN	c1	6	2730	12	0x2b14	28	0	MSG+XA	555086760991	8000x1
M_G16001.BIN	c1	6	2730	13	0x2b3c	20	0	MSG+XA	870dd86fa519	8000x1
M_G16001.BIN	c1	6	2730	14	0x2b5c	118	2	MSG+XA	1c01bc27a2f2	8000x1,8001x3,8002x1
M_G16001.BIN	c1	6	2730	15	0x2be0	46	2	MSG+XA	ad7495651f20	8000x1,8001x1
M_G16001.BIN	c1	6	2730	16	0x2c1c	46	2	MSG+XA	473c5a5a6857	8000x1,8001x1
M_G16001.BIN	c1	6	2730	17	0x2c58	48	0	MSG+XA	c033f8686c5b	8000x1,8001x1
M_G16001.BIN	c1	6	2730	18	0x2c94	20	0	MSG+XA	1ca9a6ca2f97	8000x1
M_G16001.BIN	c1	6	2730	19	0x2cb4	146	2	MSG+XA	ceb0a191ea2d	8000x1,8001x3,8002x2
M_G16101.BIN	c1	1	1830	0	0x51c	34	2	MSG+XA	9e0ec10ad0b6	8000x1
M_G16101.BIN	c1	1	1830	1	0x540	14	2	MSG	e2825a9dd04a	8000x1
M_G16101.BIN	c1	1	1830	2	0x55c	22	2	MSG+XA	6de2bf7b7b1b	8000x1
M_G16101.BIN	c1	1	1830	3	0x580	28	0	MSG+XA	cb7270544f8a	8000x1
M_G16101.BIN	c1	1	1830	4	0x5a8	20	0	MSG+XA	c7c7b7d07a07	8000x1
M_G16101.BIN	c1	1	1830	5	0x5c8	14	2	MSG+XA	f1805d773a0a	8000x1
M_G16101.BIN	c1	1	1830	6	0x5e4	28	0	MSG+XA	2ad843f47b69	8000x1
M_G16101.BIN	c1	2	1930	0	0x794	32	0	MSG+XA	88a3211f08d5	8000x1
M_G16101.BIN	c1	2	1930	1	0x7c0	26	2	MSG+XA	039f9a329c1f	8000x1
M_G16101.BIN	c1	2	1930	2	0x7e8	72	0	MSG+XA	8d8fc74f51ad	8000x1,8001x2
M_G16101.BIN	c1	2	1930	3	0x830	14	2	MSG	e2825a9dd04a	8000x1
M_G16101.BIN	c1	2	1930	4	0x84c	28	0	MSG+XA	874102b7d652	8000x1
M_G16101.BIN	c1	2	1930	5	0x874	108	0	MSG+XA	bb0de4d1a920	8000x1,8001x2,8002x1
M_G16101.BIN	c1	2	1930	6	0x8e0	16	0	MSG	f8aa1e95f0dd	8000x1
M_G16101.BIN	c1	2	1930	7	0x8fc	38	2	MSG+XA	2923ac57274b	8000x1,8001x1
M_G16101.BIN	c1	3	2130	0	0xa34	182	2	MSG+XA	c769ea728618	8000x1,8001x4,8002x3
M_G16101.BIN	c1	3	2130	1	0xaf8	56	0	MSG+XA	f69b55e16288	8000x1,8001x1
M_G16101.BIN	c1	3	2130	2	0xb3c	16	0	MSG+XA	ce2b15e5cf8d	8000x1
M_G16101.BIN	c1	4	2330	0	0xe60	118	2	MSG+XA	1110d9064859	8000x1,8001x3,8002x1
M_G16101.BIN	c1	4	2330	1	0xee4	68	0	MSG+XA	71b42ac5a410	8000x1,8001x2
M_G16101.BIN	c1	4	2330	2	0xf34	24	0	MSG+XA	211ec44eb70f	8000x1
M_G16101.BIN	c1	4	2330	3	0xf58	32	0	MSG+XA	1259ef276233	8000x1
M_G16101.BIN	c1	4	2330	4	0xf84	74	2	MSG+XA	749e47ee50b0	8000x1,8001x1,8002x1
M_G16101.BIN	c1	4	2330	5	0xfdc	34	2	MSG+XA	57f1d2395047	8000x1
M_G16101.BIN	c1	4	2330	6	0x100c	52	0	MSG+XA	01c1ba355055	8000x1,8001x1
M_G16101.BIN	c1	4	2330	7	0x104c	42	2	MSG+XA	a433dedde4f2	8000x1,8001x1
M_G16101.BIN	c1	4	2330	8	0x1084	66	2	MSG+XA	9baa6847715b	8000x1,8001x2
M_G16101.BIN	c1	4	2330	9	0x10d4	40	0	MSG+XA	f22d9e9dfed3	8000x1,8001x1
M_G16101.BIN	c1	4	2330	10	0x1108	32	0	MSG+XA	56ad35e58b1b	8000x1
M_G16101.BIN	c1	4	2330	12	0x1140	28	0	MSG+XA	555086760991	8000x1
M_G16101.BIN	c1	4	2330	13	0x1168	20	0	MSG+XA	870dd86fa519	8000x1
M_G16101.BIN	c1	4	2330	14	0x1188	118	2	MSG+XA	1c01bc27a2f2	8000x1,8001x3,8002x1
M_G16101.BIN	c1	4	2330	15	0x120c	46	2	MSG+XA	ad7495651f20	8000x1,8001x1
M_G16101.BIN	c1	4	2330	16	0x1248	46	2	MSG+XA	473c5a5a6857	8000x1,8001x1
M_G16101.BIN	c1	4	2330	17	0x1284	48	0	MSG+XA	c033f8686c5b	8000x1,8001x1
M_G16101.BIN	c1	4	2330	18	0x12c0	20	0	MSG+XA	1ca9a6ca2f97	8000x1
M_G16101.BIN	c1	4	2330	19	0x12e0	146	2	MSG+XA	ceb0a191ea2d	8000x1,8001x3,8002x2
M_G16101.BIN	c1	5	2430	0	0x16c4	74	2	MSG+XA	082d9b1fc5da	8000x1,8001x1,8002x1
M_G16101.BIN	c1	5	2430	1	0x171c	22	2	MSG+XA	d4d3e1fd73a8	8000x1
M_G16101.BIN	c1	5	2430	2	0x1740	116	0	MSG+XA	08e9d7592746	8000x1,8001x2,8002x2
M_G16101.BIN	c1	5	2430	3	0x17c0	70	2	MSG+XA	c2d4e06eaeb5	8000x1,8001x2
M_G16101.BIN	c1	5	2430	4	0x1814	24	0	MSG+XA	211ec44eb70f	8000x1
M_G16101.BIN	c1	5	2430	5	0x1838	32	0	MSG+XA	1259ef276233	8000x1
M_G16101.BIN	c1	5	2430	6	0x1864	74	2	MSG+XA	749e47ee50b0	8000x1,8001x1,8002x1
M_G16101.BIN	c1	5	2430	7	0x18bc	34	2	MSG+XA	57f1d2395047	8000x1
M_G16101.BIN	c1	5	2430	8	0x18ec	52	0	MSG+XA	01c1ba355055	8000x1,8001x1
M_G16101.BIN	c1	5	2430	9	0x192c	42	2	MSG+XA	a433dedde4f2	8000x1,8001x1
M_G16101.BIN	c1	5	2430	10	0x1964	66	2	MSG+XA	9baa6847715b	8000x1,8001x2
M_G16101.BIN	c1	5	2430	11	0x19b4	40	0	MSG+XA	f22d9e9dfed3	8000x1,8001x1
M_G16101.BIN	c1	5	2430	12	0x19e8	32	0	MSG+XA	56ad35e58b1b	8000x1
M_G16101.BIN	c1	5	2430	14	0x1a20	28	0	MSG+XA	555086760991	8000x1
M_G16101.BIN	c1	5	2430	15	0x1a48	20	0	MSG+XA	870dd86fa519	8000x1
M_G16101.BIN	c1	5	2430	16	0x1a68	118	2	MSG+XA	1c01bc27a2f2	8000x1,8001x3,8002x1
M_G16101.BIN	c1	5	2430	17	0x1aec	46	2	MSG+XA	ad7495651f20	8000x1,8001x1
M_G16101.BIN	c1	5	2430	18	0x1b28	46	2	MSG+XA	473c5a5a6857	8000x1,8001x1
M_G16101.BIN	c1	5	2430	19	0x1b64	48	0	MSG+XA	c033f8686c5b	8000x1,8001x1
M_G16101.BIN	c1	5	2430	20	0x1ba0	20	0	MSG+XA	1ca9a6ca2f97	8000x1
M_G16101.BIN	c1	5	2430	21	0x1bc0	146	2	MSG+XA	ceb0a191ea2d	8000x1,8001x3,8002x2
M_G16101.BIN	c1	6	2530	0	0x1fc8	168	0	MSG+XA	7d02723b2854	8000x1,8001x4,8002x2
M_G16101.BIN	c1	6	2530	1	0x207c	120	0	MSG+XA	249f25aabf0d	8000x1,8001x3,8002x1
M_G16101.BIN	c1	6	2530	2	0x2100	32	0	MSG+XA	752e1373cdc8	8000x1
M_G16101.BIN	c1	6	2530	3	0x212c	48	0	MSG+XA	2155422cf5fd	8000x1,8001x1
M_G16101.BIN	c1	6	2530	4	0x2168	24	0	MSG+XA	211ec44eb70f	8000x1
M_G16101.BIN	c1	6	2530	5	0x218c	32	0	MSG+XA	1259ef276233	8000x1
M_G16101.BIN	c1	6	2530	6	0x21b8	74	2	MSG+XA	749e47ee50b0	8000x1,8001x1,8002x1
M_G16101.BIN	c1	6	2530	7	0x2210	34	2	MSG+XA	57f1d2395047	8000x1
M_G16101.BIN	c1	6	2530	8	0x2240	52	0	MSG+XA	01c1ba355055	8000x1,8001x1
M_G16101.BIN	c1	6	2530	9	0x2280	42	2	MSG+XA	a433dedde4f2	8000x1,8001x1
M_G16101.BIN	c1	6	2530	10	0x22b8	66	2	MSG+XA	9baa6847715b	8000x1,8001x2
M_G16101.BIN	c1	6	2530	11	0x2308	40	0	MSG+XA	f22d9e9dfed3	8000x1,8001x1
M_G16101.BIN	c1	6	2530	12	0x233c	32	0	MSG+XA	56ad35e58b1b	8000x1
M_G16101.BIN	c1	6	2530	14	0x2374	28	0	MSG+XA	555086760991	8000x1
M_G16101.BIN	c1	6	2530	15	0x239c	20	0	MSG+XA	870dd86fa519	8000x1
M_G16101.BIN	c1	6	2530	16	0x23bc	118	2	MSG+XA	1c01bc27a2f2	8000x1,8001x3,8002x1
M_G16101.BIN	c1	6	2530	17	0x2440	46	2	MSG+XA	ad7495651f20	8000x1,8001x1
M_G16101.BIN	c1	6	2530	18	0x247c	46	2	MSG+XA	473c5a5a6857	8000x1,8001x1
M_G16101.BIN	c1	6	2530	19	0x24b8	48	0	MSG+XA	c033f8686c5b	8000x1,8001x1
M_G16101.BIN	c1	6	2530	20	0x24f4	20	0	MSG+XA	1ca9a6ca2f97	8000x1
M_G16101.BIN	c1	6	2530	21	0x2514	146	2	MSG+XA	ceb0a191ea2d	8000x1,8001x3,8002x2
M_G16101.BIN	c1	7	2730	0	0x28dc	68	0	MSG+XA	6e654f55b63d	8000x1,8001x2
M_G16101.BIN	c1	7	2730	1	0x292c	78	2	MSG+XA	141bd533769f	8000x1,8001x2
M_G16101.BIN	c1	7	2730	2	0x2988	24	0	MSG+XA	211ec44eb70f	8000x1
M_G16101.BIN	c1	7	2730	3	0x29ac	32	0	MSG+XA	1259ef276233	8000x1
M_G16101.BIN	c1	7	2730	4	0x29d8	74	2	MSG+XA	749e47ee50b0	8000x1,8001x1,8002x1
M_G16101.BIN	c1	7	2730	5	0x2a30	34	2	MSG+XA	57f1d2395047	8000x1
M_G16101.BIN	c1	7	2730	6	0x2a60	52	0	MSG+XA	01c1ba355055	8000x1,8001x1
M_G16101.BIN	c1	7	2730	7	0x2aa0	42	2	MSG+XA	a433dedde4f2	8000x1,8001x1
M_G16101.BIN	c1	7	2730	8	0x2ad8	66	2	MSG+XA	9baa6847715b	8000x1,8001x2
M_G16101.BIN	c1	7	2730	9	0x2b28	40	0	MSG+XA	f22d9e9dfed3	8000x1,8001x1
M_G16101.BIN	c1	7	2730	10	0x2b5c	32	0	MSG+XA	56ad35e58b1b	8000x1
M_G16101.BIN	c1	7	2730	12	0x2b94	28	0	MSG+XA	555086760991	8000x1
M_G16101.BIN	c1	7	2730	13	0x2bbc	20	0	MSG+XA	870dd86fa519	8000x1
M_G16101.BIN	c1	7	2730	14	0x2bdc	118	2	MSG+XA	1c01bc27a2f2	8000x1,8001x3,8002x1
M_G16101.BIN	c1	7	2730	15	0x2c60	46	2	MSG+XA	ad7495651f20	8000x1,8001x1
M_G16101.BIN	c1	7	2730	16	0x2c9c	46	2	MSG+XA	473c5a5a6857	8000x1,8001x1
M_G16101.BIN	c1	7	2730	17	0x2cd8	48	0	MSG+XA	c033f8686c5b	8000x1,8001x1
M_G16101.BIN	c1	7	2730	18	0x2d14	20	0	MSG+XA	1ca9a6ca2f97	8000x1
M_G16101.BIN	c1	7	2730	19	0x2d34	146	2	MSG+XA	ceb0a191ea2d	8000x1,8001x3,8002x2
M_G16201.BIN	c1	0	1831	0	0x3a4	96	0	MSG+XA	37956b1db285	8000x1,8001x2,8002x1
M_G16201.BIN	c1	0	1831	1	0x410	22	2	MSG+XA	83e16c120a16	8000x1
M_G16201.BIN	c1	1	2031	0	0x4f8	50	2	MSG+XA	e73bf10bc68e	8000x1,8001x1
M_G16201.BIN	c1	1	2031	1	0x538	18	2	MSG+XA	691f95e50d59	8000x1
M_G16201.BIN	c1	1	2031	2	0x558	32	0	MSG+XA	cd6a1d9d1e8a	8000x1
M_G16201.BIN	c1	1	2031	3	0x584	30	2	MSG+XA	4b385a38efed	8000x1
M_G17000.BIN	c1	1	471	0	0x660	16	0	MSG+XA	b8388008961e	8000x1
M_G17000.BIN	c1	1	471	2	0x688	44	0	MSG+XA	b6c05bfd33be	8000x1,8001x1
M_G17000.BIN	c1	1	471	3	0x6c0	94	2	MSG+XA	774a29ef0af0	8000x1,8001x2,8002x1
M_G17000.BIN	c1	1	471	4	0x72c	94	2	MSG+XA	68ebcfc59c6d	8000x1,8001x2,8002x1
M_G17000.BIN	c1	2	2306	0	0xb6c	40	0	MSG+XA	3fe926987e1f	8000x1,8001x1
M_G17000.BIN	c1	2	2306	1	0xba0	78	2	MSG+XA	9efa99b98ba9	8000x1,8001x1,8002x1
M_G17000.BIN	c1	2	2306	2	0xbfc	24	0	MSG+XA	cd2d6d0d237c	8000x1
M_G17000.BIN	c1	2	2306	3	0xc20	24	0	MSG+XA	6838a76e5673	8000x1
M_G17000.BIN	c1	2	2306	4	0xc44	26	2	MSG+XA	deaff6df2721	8000x1
M_G17000.BIN	c1	2	2306	5	0xc6c	32	0	MSG+XA	a1174f410655	8000x1
M_G17000.BIN	c1	2	2306	6	0xc98	32	0	MSG+XA	2e44b8607ea0	8000x1
M_G17000.BIN	c1	2	2306	7	0xcc4	40	0	MSG+XA	61e7175660c0	8000x1,8001x1
M_G17000.BIN	c1	2	2306	8	0xcf8	58	2	MSG+XA	f4f8783ad9fb	8000x1,8001x1
M_G17000.BIN	c1	2	2306	9	0xd40	50	2	MSG+XA	838aebc6b742	8000x1,8001x1
M_G17000.BIN	c1	2	2306	10	0xd80	42	2	MSG+XA	96fe0eba4aaf	8000x1,8001x1
M_G17000.BIN	c1	3	3006	0	0xe94	26	2	MSG	95daa95fae4a	8000x1
M_G17000.BIN	c1	4	4022	0	0x1290	22	2	MSG+XA	f6f2c7f6c080	8000x1
M_G17000.BIN	c1	4	4022	1	0x12b4	18	2	MSG+XA	b5385fa69b02	8000x1
M_G17000.BIN	c1	4	4022	2	0x12d4	122	2	MSG+XA	36967e5b16fe	8000x1,8001x2,8002x2
M_G17000.BIN	c1	4	4022	3	0x135c	94	2	MSG+XA	df0cac6548ab	8000x1,8001x2,8002x1
M_G17000.BIN	c1	4	4022	4	0x13c8	110	2	MSG+XA	7ec7d62f3078	8000x1,8001x2,8002x1
M_G17000.BIN	c1	5	4023	0	0x1810	22	2	MSG+XA	f6f2c7f6c080	8000x1
M_G17000.BIN	c1	5	4023	1	0x1834	18	2	MSG+XA	b5385fa69b02	8000x1
M_G17000.BIN	c1	5	4023	2	0x1854	122	2	MSG+XA	36967e5b16fe	8000x1,8001x2,8002x2
M_G17000.BIN	c1	5	4023	3	0x18dc	94	2	MSG+XA	df0cac6548ab	8000x1,8001x2,8002x1
M_G17000.BIN	c1	5	4023	4	0x1948	110	2	MSG+XA	7ec7d62f3078	8000x1,8001x2,8002x1
M_G17000.BIN	c1	6	4024	0	0x1d90	22	2	MSG+XA	f6f2c7f6c080	8000x1
M_G17000.BIN	c1	6	4024	1	0x1db4	18	2	MSG+XA	b5385fa69b02	8000x1
M_G17000.BIN	c1	6	4024	2	0x1dd4	122	2	MSG+XA	36967e5b16fe	8000x1,8001x2,8002x2
M_G17000.BIN	c1	6	4024	3	0x1e5c	94	2	MSG+XA	df0cac6548ab	8000x1,8001x2,8002x1
M_G17000.BIN	c1	6	4024	4	0x1ec8	110	2	MSG+XA	7ec7d62f3078	8000x1,8001x2,8002x1
M_G17000.BIN	c1	7	4058	0	0x21f8	22	2	MSG+XA	f6f2c7f6c080	8000x1
M_G17000.BIN	c1	7	4058	2	0x2228	18	2	MSG+XA	b5385fa69b02	8000x1
M_G17000.BIN	c1	8	4059	0	0x24f4	22	2	MSG+XA	f6f2c7f6c080	8000x1
M_G17000.BIN	c1	8	4059	2	0x2524	18	2	MSG+XA	b5385fa69b02	8000x1
M_G17000.BIN	c1	9	4060	0	0x27f0	22	2	MSG+XA	f6f2c7f6c080	8000x1
M_G17000.BIN	c1	9	4060	2	0x2820	18	2	MSG+XA	b5385fa69b02	8000x1
M_G17002.BIN	c1	1	4022	0	0x860	22	2	MSG+XA	f6f2c7f6c080	8000x1
M_G17002.BIN	c1	1	4022	1	0x884	18	2	MSG+XA	b5385fa69b02	8000x1
M_G17002.BIN	c1	1	4022	2	0x8a4	122	2	MSG+XA	36967e5b16fe	8000x1,8001x2,8002x2
M_G17002.BIN	c1	1	4022	3	0x92c	94	2	MSG+XA	df0cac6548ab	8000x1,8001x2,8002x1
M_G17002.BIN	c1	1	4022	4	0x998	110	2	MSG+XA	7ec7d62f3078	8000x1,8001x2,8002x1
M_G17002.BIN	c1	2	4023	0	0xde0	22	2	MSG+XA	f6f2c7f6c080	8000x1
M_G17002.BIN	c1	2	4023	1	0xe04	18	2	MSG+XA	b5385fa69b02	8000x1
M_G17002.BIN	c1	2	4023	2	0xe24	122	2	MSG+XA	36967e5b16fe	8000x1,8001x2,8002x2
M_G17002.BIN	c1	2	4023	3	0xeac	94	2	MSG+XA	df0cac6548ab	8000x1,8001x2,8002x1
M_G17002.BIN	c1	2	4023	4	0xf18	110	2	MSG+XA	7ec7d62f3078	8000x1,8001x2,8002x1
M_G17002.BIN	c1	3	4024	0	0x1360	22	2	MSG+XA	f6f2c7f6c080	8000x1
M_G17002.BIN	c1	3	4024	1	0x1384	18	2	MSG+XA	b5385fa69b02	8000x1
M_G17002.BIN	c1	3	4024	2	0x13a4	122	2	MSG+XA	36967e5b16fe	8000x1,8001x2,8002x2
M_G17002.BIN	c1	3	4024	3	0x142c	94	2	MSG+XA	df0cac6548ab	8000x1,8001x2,8002x1
M_G17002.BIN	c1	3	4024	4	0x1498	110	2	MSG+XA	7ec7d62f3078	8000x1,8001x2,8002x1
M_G17002.BIN	c1	4	4058	0	0x17c8	22	2	MSG+XA	f6f2c7f6c080	8000x1
M_G17002.BIN	c1	4	4058	2	0x17f8	18	2	MSG+XA	b5385fa69b02	8000x1
M_G17002.BIN	c1	5	4059	0	0x1ac4	22	2	MSG+XA	f6f2c7f6c080	8000x1
M_G17002.BIN	c1	5	4059	2	0x1af4	18	2	MSG+XA	b5385fa69b02	8000x1
M_G17002.BIN	c1	6	4060	0	0x1dc0	22	2	MSG+XA	f6f2c7f6c080	8000x1
M_G17002.BIN	c1	6	4060	2	0x1df0	18	2	MSG+XA	b5385fa69b02	8000x1
M_G17100.BIN	c1	2	3005	0	0x774	68	0	MSG+XA	dfbe005dd80f	8000x1,8001x2
M_G17100.BIN	c1	2	3005	1	0x7c4	14	2	MSG+XA	129dd68ae928	8000x1
M_G17100.BIN	c1	2	3005	2	0x7e0	42	2	MSG+XA	88a1882e5c62	8000x1,8001x1
M_G17100.BIN	c1	2	3005	3	0x818	16	0	MSG+XA	3e1e9ef65f87	8000x1
M_G17100.BIN	c1	2	3005	4	0x834	52	0	MSG+XA	ea9769c5e620	8000x1,8001x1
M_G17100.BIN	c1	2	3005	5	0x874	22	2	MSG+XA	2b8af3a5123f	8000x1
M_G17100.BIN	c1	2	3005	6	0x898	40	0	MSG+XA	deac81713300	8000x1,8001x1
M_G17100.BIN	c1	2	3005	7	0x8cc	24	0	MSG+XA	853f396e68fb	8000x1
M_G17100.BIN	c1	2	3005	8	0x8f0	14	2	MSG+XA	9e5555579473	8000x1
M_G17100.BIN	c1	2	3005	9	0x90c	22	2	MSG+XA	f5fe1f5ed4fb	8000x1
M_G17100.BIN	c1	2	3005	10	0x924	16	0	MSG	f8aa1e95f0dd	8000x1
M_G17100.BIN	c1	3	4022	0	0xd14	22	2	MSG+XA	f6f2c7f6c080	8000x1
M_G17100.BIN	c1	3	4022	1	0xd38	18	2	MSG+XA	b5385fa69b02	8000x1
M_G17100.BIN	c1	3	4022	2	0xd58	122	2	MSG+XA	36967e5b16fe	8000x1,8001x2,8002x2
M_G17100.BIN	c1	3	4022	3	0xde0	94	2	MSG+XA	df0cac6548ab	8000x1,8001x2,8002x1
M_G17100.BIN	c1	3	4022	4	0xe4c	110	2	MSG+XA	7ec7d62f3078	8000x1,8001x2,8002x1
M_G17100.BIN	c1	4	4023	0	0x1294	22	2	MSG+XA	f6f2c7f6c080	8000x1
M_G17100.BIN	c1	4	4023	1	0x12b8	18	2	MSG+XA	b5385fa69b02	8000x1
M_G17100.BIN	c1	4	4023	2	0x12d8	122	2	MSG+XA	36967e5b16fe	8000x1,8001x2,8002x2
M_G17100.BIN	c1	4	4023	3	0x1360	94	2	MSG+XA	df0cac6548ab	8000x1,8001x2,8002x1
M_G17100.BIN	c1	4	4023	4	0x13cc	110	2	MSG+XA	7ec7d62f3078	8000x1,8001x2,8002x1
M_G17100.BIN	c1	5	4024	0	0x1814	22	2	MSG+XA	f6f2c7f6c080	8000x1
M_G17100.BIN	c1	5	4024	1	0x1838	18	2	MSG+XA	b5385fa69b02	8000x1
M_G17100.BIN	c1	5	4024	2	0x1858	122	2	MSG+XA	36967e5b16fe	8000x1,8001x2,8002x2
M_G17100.BIN	c1	5	4024	3	0x18e0	94	2	MSG+XA	df0cac6548ab	8000x1,8001x2,8002x1
M_G17100.BIN	c1	5	4024	4	0x194c	110	2	MSG+XA	7ec7d62f3078	8000x1,8001x2,8002x1
M_G17100.BIN	c1	6	4058	0	0x1c7c	22	2	MSG+XA	f6f2c7f6c080	8000x1
M_G17100.BIN	c1	6	4058	2	0x1cac	18	2	MSG+XA	b5385fa69b02	8000x1
M_G17100.BIN	c1	7	4059	0	0x1f78	22	2	MSG+XA	f6f2c7f6c080	8000x1
M_G17100.BIN	c1	7	4059	2	0x1fa8	18	2	MSG+XA	b5385fa69b02	8000x1
M_G17100.BIN	c1	8	4060	0	0x2274	22	2	MSG+XA	f6f2c7f6c080	8000x1
M_G17100.BIN	c1	8	4060	2	0x22a4	18	2	MSG+XA	b5385fa69b02	8000x1
M_G17102.BIN	c1	2	3005	0	0x774	68	0	MSG+XA	dfbe005dd80f	8000x1,8001x2
M_G17102.BIN	c1	2	3005	1	0x7c4	14	2	MSG+XA	129dd68ae928	8000x1
M_G17102.BIN	c1	2	3005	2	0x7e0	42	2	MSG+XA	88a1882e5c62	8000x1,8001x1
M_G17102.BIN	c1	2	3005	3	0x818	16	0	MSG+XA	3e1e9ef65f87	8000x1
M_G17102.BIN	c1	2	3005	4	0x834	52	0	MSG+XA	ea9769c5e620	8000x1,8001x1
M_G17102.BIN	c1	2	3005	5	0x874	22	2	MSG+XA	2b8af3a5123f	8000x1
M_G17102.BIN	c1	2	3005	6	0x898	40	0	MSG+XA	deac81713300	8000x1,8001x1
M_G17102.BIN	c1	2	3005	7	0x8cc	24	0	MSG+XA	853f396e68fb	8000x1
M_G17102.BIN	c1	2	3005	8	0x8f0	14	2	MSG+XA	9e5555579473	8000x1
M_G17102.BIN	c1	2	3005	9	0x90c	22	2	MSG+XA	f5fe1f5ed4fb	8000x1
M_G17102.BIN	c1	2	3005	10	0x924	16	0	MSG	f8aa1e95f0dd	8000x1
M_G17102.BIN	c1	3	4022	0	0xd14	22	2	MSG+XA	f6f2c7f6c080	8000x1
M_G17102.BIN	c1	3	4022	1	0xd38	18	2	MSG+XA	b5385fa69b02	8000x1
M_G17102.BIN	c1	3	4022	2	0xd58	122	2	MSG+XA	36967e5b16fe	8000x1,8001x2,8002x2
M_G17102.BIN	c1	3	4022	3	0xde0	94	2	MSG+XA	df0cac6548ab	8000x1,8001x2,8002x1
M_G17102.BIN	c1	3	4022	4	0xe4c	110	2	MSG+XA	7ec7d62f3078	8000x1,8001x2,8002x1
M_G17102.BIN	c1	4	4023	0	0x1294	22	2	MSG+XA	f6f2c7f6c080	8000x1
M_G17102.BIN	c1	4	4023	1	0x12b8	18	2	MSG+XA	b5385fa69b02	8000x1
M_G17102.BIN	c1	4	4023	2	0x12d8	122	2	MSG+XA	36967e5b16fe	8000x1,8001x2,8002x2
M_G17102.BIN	c1	4	4023	3	0x1360	94	2	MSG+XA	df0cac6548ab	8000x1,8001x2,8002x1
M_G17102.BIN	c1	4	4023	4	0x13cc	110	2	MSG+XA	7ec7d62f3078	8000x1,8001x2,8002x1
M_G17102.BIN	c1	5	4024	0	0x1814	22	2	MSG+XA	f6f2c7f6c080	8000x1
M_G17102.BIN	c1	5	4024	1	0x1838	18	2	MSG+XA	b5385fa69b02	8000x1
M_G17102.BIN	c1	5	4024	2	0x1858	122	2	MSG+XA	36967e5b16fe	8000x1,8001x2,8002x2
M_G17102.BIN	c1	5	4024	3	0x18e0	94	2	MSG+XA	df0cac6548ab	8000x1,8001x2,8002x1
M_G17102.BIN	c1	5	4024	4	0x194c	110	2	MSG+XA	7ec7d62f3078	8000x1,8001x2,8002x1
M_G17102.BIN	c1	6	4058	0	0x1c7c	22	2	MSG+XA	f6f2c7f6c080	8000x1
M_G17102.BIN	c1	6	4058	2	0x1cac	18	2	MSG+XA	b5385fa69b02	8000x1
M_G17102.BIN	c1	7	4059	0	0x1f78	22	2	MSG+XA	f6f2c7f6c080	8000x1
M_G17102.BIN	c1	7	4059	2	0x1fa8	18	2	MSG+XA	b5385fa69b02	8000x1
M_G17102.BIN	c1	8	4060	0	0x2274	22	2	MSG+XA	f6f2c7f6c080	8000x1
M_G17102.BIN	c1	8	4060	2	0x22a4	18	2	MSG+XA	b5385fa69b02	8000x1
M_G17200.BIN	c1	1	2907	0	0x898	24	0	MSG+XA	c5419b19ea2c	8000x1
M_G17200.BIN	c1	1	2907	1	0x8bc	24	0	MSG+XA	415fa4d77733	8000x1
M_G17200.BIN	c1	1	2907	2	0x8e0	32	0	MSG+XA	58005bec5ff4	8000x1
M_G17200.BIN	c1	1	2907	3	0x90c	16	0	MSG+XA	59436dac0197	8000x1
M_G17200.BIN	c1	2	1105	0	0xab4	26	2	MSG+XA	1e7088f5006b	8000x1
M_G17200.BIN	c1	2	1105	1	0xadc	20	0	MSG+XA	2b8585b947e4	8000x1
M_G17201.BIN	c1	1	1105	0	0x758	26	2	MSG+XA	1e7088f5006b	8000x1
M_G17201.BIN	c1	1	1105	1	0x780	20	0	MSG+XA	2b8585b947e4	8000x1
M_G17201.BIN	c1	2	1171	0	0x8b8	44	0	MSG+XA	c864eeca3688	8000x1,8001x1
M_G17201.BIN	c1	5	332	0	0xcb0	30	2	MSG+XA	f79fdd6d679d	8000x1
M_G17201.BIN	c1	5	332	1	0xcdc	106	2	MSG+XA	d917166a9678	8000x1,8001x2,8002x2
M_G17201.BIN	c1	5	332	2	0xd54	34	2	MSG+XA	7573a4f6a3a3	8000x1
M_G17201.BIN	c1	5	332	3	0xd84	44	0	MSG+XA	1307a8989e79	8000x1,8001x1
M_G17201.BIN	c1	5	332	4	0xdbc	28	0	MSG+XA	c497fc54aac6	8000x1
M_G17201.BIN	c1	5	332	5	0xde4	48	0	MSG+XA	9f376206db02	8000x1,8001x1
M_G17201.BIN	c1	5	332	6	0xe20	56	0	MSG+XA	824d9e31e849	8000x1,8001x1
M_G17201.BIN	c1	5	332	7	0xe64	62	2	MSG+XA	c81b1d745665	8000x1,8001x2
M_G17201.BIN	c1	6	832	0	0x13c4	46	2	MSG+XA	a0d9cf028dee	8000x1,8001x1
M_G17201.BIN	c1	6	832	1	0x1400	18	2	MSG+XA	d66384c2ac6d	8000x1
M_G17201.BIN	c1	6	832	2	0x1420	130	2	MSG+XA	f98e8bd98eac	8000x1,8001x3,8002x2
M_G17201.BIN	c1	6	832	3	0x14b0	44	0	MSG+XA	c9d32a9e9053	8000x1,8001x1
M_G17201.BIN	c1	6	832	4	0x14e8	102	2	MSG+XA	35a85a92e72b	8000x1,8001x2,8002x1
M_G17201.BIN	c1	6	832	5	0x155c	196	0	MSG+XA	df5816aa84f7	8000x1,8001x3,8002x3
M_G17201.BIN	c1	6	832	6	0x162c	90	2	MSG+XA	fc1723b4b9c0	8000x1,8001x2,8002x1
M_G17201.BIN	c1	6	832	7	0x1694	20	0	MSG+XA	a8b80d9ec93a	8000x1
M_G17201.BIN	c1	6	832	8	0x16b4	24	0	MSG+XA	c9234bad0148	8000x1
M_G17201.BIN	c1	6	832	9	0x16d8	106	2	MSG+XA	9f1a73178a05	8000x1,8001x2,8002x1
M_G17201.BIN	c1	7	1232	0	0x17f8	42	2	MSG+XA	a90a9c75dfb6	8000x1,8001x1
M_G17201.BIN	c1	7	1232	1	0x1830	124	0	MSG+XA	270826af4629	8000x1,8001x3,8002x1
M_G17202.BIN	c1	1	1105	0	0x718	26	2	MSG+XA	1e7088f5006b	8000x1
M_G17202.BIN	c1	1	1105	1	0x740	20	0	MSG+XA	2b8585b947e4	8000x1
M_G17202.BIN	c1	3	332	0	0xaa4	30	2	MSG+XA	f79fdd6d679d	8000x1
M_G17202.BIN	c1	3	332	1	0xad0	106	2	MSG+XA	d917166a9678	8000x1,8001x2,8002x2
M_G17202.BIN	c1	3	332	2	0xb48	34	2	MSG+XA	7573a4f6a3a3	8000x1
M_G17202.BIN	c1	3	332	3	0xb78	44	0	MSG+XA	1307a8989e79	8000x1,8001x1
M_G17202.BIN	c1	3	332	4	0xbb0	28	0	MSG+XA	c497fc54aac6	8000x1
M_G17202.BIN	c1	3	332	5	0xbd8	48	0	MSG+XA	9f376206db02	8000x1,8001x1
M_G17202.BIN	c1	3	332	6	0xc14	56	0	MSG+XA	824d9e31e849	8000x1,8001x1
M_G17202.BIN	c1	3	332	7	0xc58	62	2	MSG+XA	c81b1d745665	8000x1,8001x2
M_G17202.BIN	c1	4	832	0	0x11b8	46	2	MSG+XA	a0d9cf028dee	8000x1,8001x1
M_G17202.BIN	c1	4	832	1	0x11f4	18	2	MSG+XA	d66384c2ac6d	8000x1
M_G17202.BIN	c1	4	832	2	0x1214	130	2	MSG+XA	f98e8bd98eac	8000x1,8001x3,8002x2
M_G17202.BIN	c1	4	832	3	0x12a4	44	0	MSG+XA	c9d32a9e9053	8000x1,8001x1
M_G17202.BIN	c1	4	832	4	0x12dc	102	2	MSG+XA	35a85a92e72b	8000x1,8001x2,8002x1
M_G17202.BIN	c1	4	832	5	0x1350	196	0	MSG+XA	df5816aa84f7	8000x1,8001x3,8002x3
M_G17202.BIN	c1	4	832	6	0x1420	90	2	MSG+XA	fc1723b4b9c0	8000x1,8001x2,8002x1
M_G17202.BIN	c1	4	832	7	0x1488	20	0	MSG+XA	a8b80d9ec93a	8000x1
M_G17202.BIN	c1	4	832	8	0x14a8	24	0	MSG+XA	c9234bad0148	8000x1
M_G17202.BIN	c1	4	832	9	0x14cc	106	2	MSG+XA	9f1a73178a05	8000x1,8001x2,8002x1
M_G17202.BIN	c1	5	1232	0	0x15ec	42	2	MSG+XA	a90a9c75dfb6	8000x1,8001x1
M_G17202.BIN	c1	5	1232	1	0x1624	124	0	MSG+XA	270826af4629	8000x1,8001x3,8002x1
M_H01000.BIN	c1	0	173	0	0x478	116	0	MSG+XA	ba088fac395e	8000x1,8001x3,8002x1
M_H01000.BIN	c1	1	180	0	0x5dc	68	0	MSG+XA	96f489f4ea9c	8000x1,8001x2
M_H01000.BIN	c1	2	3172	0	0x700	108	0	MSG+XA	54ce44947fc1	8000x1,8001x2,8002x1
M_H01000.BIN	c1	3	3180	0	0x86c	118	2	MSG+XA	bd1e22323cb9	8000x1,8001x2,8002x1
M_H01001.BIN	c1	0	173	0	0x440	116	0	MSG+XA	ba088fac395e	8000x1,8001x3,8002x1
M_H01001.BIN	c1	1	180	0	0x5a4	68	0	MSG+XA	96f489f4ea9c	8000x1,8001x2
M_H02000.BIN	c1	0	8027	1	0x408	22	2	MSG	f19f53491a99	8000x1
M_H02001.BIN	c1	0	171	0	0x590	44	0	MSG+XA	554acadc92e3	8000x1,8001x1
M_H02001.BIN	c1	0	171	1	0x5c8	152	0	MSG+XA	f0a6f738d6bf	8000x1,8001x4,8002x1
M_H02001.BIN	c1	0	171	2	0x66c	22	2	MSG+XA	b6732702444e	8000x1
M_H02001.BIN	c1	0	171	3	0x690	30	2	MSG+XA	32444baea7d7	8000x1
M_H02001.BIN	c1	1	176	0	0x7c4	34	2	MSG+XA	906ea4f4eb43	8000x1
M_H02001.BIN	c1	2	3171	0	0x918	112	0	MSG+XA	03f19f785ae1	8000x1,8001x2,8002x1
M_H02001.BIN	c1	2	3171	1	0x994	108	0	MSG+XA	54ce44947fc1	8000x1,8001x2,8002x1
M_H02001.BIN	c1	3	3174	0	0xbd8	124	0	MSG+XA	7301127c98e9	8000x1,8001x3,8002x1
M_H02001.BIN	c1	3	3174	1	0xc60	54	2	MSG+XA	7a18498fc1e5	8000x1,8001x1
M_H02001.BIN	c1	3	3174	2	0xca4	42	2	MSG+XA	4b11dd6dfbb5	8000x1,8001x1
M_H02001.BIN	c1	3	3174	4	0xce8	58	2	MSG+XA	eaae936a9a80	8000x1,8001x1
M_H02001.BIN	c1	3	3174	5	0xd30	44	0	MSG+XA	7367a629fb97	8000x1,8001x1
M_H02001.BIN	c1	3	3174	6	0xd68	16	0	MSG+XA	dc4c00d72efb	8000x1
M_H02001.BIN	c1	4	3176	0	0xe80	58	2	MSG+XA	eaae936a9a80	8000x1,8001x1
M_H02001.BIN	c1	4	3176	1	0xec8	44	0	MSG+XA	7367a629fb97	8000x1,8001x1
M_H02001.BIN	c1	4	3176	2	0xf00	16	0	MSG+XA	dc4c00d72efb	8000x1
M_H02001.BIN	c1	5	3179	1	0x115c	26	2	MSG+XA	22e533563900	8000x1
M_H02001.BIN	c1	5	3179	2	0x1184	28	0	MSG+XA	acbe5c2cc452	8000x1
M_H02001.BIN	c1	5	3179	3	0x11ac	22	2	MSG+XA	cd97176d5332	8000x1
M_H02001.BIN	c1	5	3179	4	0x11d0	24	0	MSG+XA	d3eb43f4e821	8000x1
M_H02001.BIN	c1	5	3179	5	0x11f4	28	0	MSG+XA	b97c9e7c1ae0	8000x1
M_H02001.BIN	c1	5	3179	6	0x121c	20	0	MSG+XA	429c94ea47fa	8000x1
M_H02001.BIN	c1	5	3179	7	0x123c	16	0	MSG+XA	f8aa1e95f0dd	8000x1
M_H02001.BIN	c1	7	8027	1	0x1414	22	2	MSG	f19f53491a99	8000x1
M_H02002.BIN	c1	0	8027	1	0x33c	22	2	MSG	f19f53491a99	8000x1
M_H02100.BIN	c1	0	8027	1	0x380	22	2	MSG	f19f53491a99	8000x1
M_H02102.BIN	c1	0	8027	1	0x32c	22	2	MSG	f19f53491a99	8000x1
M_H02200.BIN	c1	0	8027	1	0x3b0	22	2	MSG	f19f53491a99	8000x1
M_H02202.BIN	c1	0	8027	1	0x35c	22	2	MSG	f19f53491a99	8000x1
M_H03000.BIN	c1	0	174	0	0x564	116	0	MSG+XA	ba088fac395e	8000x1,8001x3,8002x1
M_H03000.BIN	c1	0	174	1	0x5e4	56	0	MSG+XA	6ff4a133f67f	8000x1,8001x1
M_H03000.BIN	c1	2	181	0	0x7d0	88	0	MSG+XA	989df503c3e4	8000x1,8001x2,8002x1
M_H03001.BIN	c1	0	174	0	0x510	116	0	MSG+XA	ba088fac395e	8000x1,8001x3,8002x1
M_H03001.BIN	c1	0	174	1	0x590	56	0	MSG+XA	6ff4a133f67f	8000x1,8001x1
M_H03001.BIN	c1	2	181	0	0x77c	88	0	MSG+XA	989df503c3e4	8000x1,8001x2,8002x1
M_H04000.BIN	c1	0	1908	0	0x5b4	18	2	MSG	90f19b12b8b2	8000x1
M_H04000.BIN	c1	1	340	0	0x860	44	0	MSG+XA	ca1d25499fc2	8000x1,8001x1
M_H04000.BIN	c1	1	340	1	0x898	28	0	MSG+XA	a07cd9158854	8000x1
M_H04000.BIN	c1	1	340	2	0x8c0	60	0	MSG+XA	01c52b9b9841	8000x1,8001x1
M_H04000.BIN	c1	1	340	3	0x908	40	0	MSG+XA	b4adc47b04e8	8000x1,8001x1
M_H04000.BIN	c1	1	340	4	0x93c	38	2	MSG+XA	4d01a490dd19	8000x1,8001x1
M_H04000.BIN	c1	1	340	5	0x970	24	0	MSG+XA	9c8c67a2cff1	8000x1
M_H04000.BIN	c1	1	340	6	0x994	52	0	MSG+XA	e8111419fce9	8000x1,8001x1
M_H04000.BIN	c1	1	340	7	0x9d4	30	2	MSG+XA	bbf3c6c24598	8000x1
M_H04000.BIN	c1	1	340	8	0xa00	54	2	MSG+XA	72d09eacb80b	8000x1,8001x1
M_H04000.BIN	c1	1	340	9	0xa44	14	2	MSG+XA	9e5555579473	8000x1
M_H04000.BIN	c1	1	340	10	0xa60	38	2	MSG+XA	bbb048349ee1	8000x1,8001x1
M_H04000.BIN	c1	1	340	11	0xa94	34	2	MSG+XA	b1ba72ee4ff0	8000x1
M_H04000.BIN	c1	2	1240	0	0xbd4	48	0	MSG+XA	307d6d3ff7cf	8000x1,8001x1
M_H04000.BIN	c1	2	1240	1	0xc10	66	2	MSG+XA	6c5f8508a0f8	8000x1,8001x1,8002x1
M_H04000.BIN	c1	2	1240	2	0xc60	48	0	MSG+XA	20e75935a021	8000x1,8001x1
M_H04000.BIN	c1	3	1340	0	0xda0	118	2	MSG+XA	90464df31765	8000x1,8001x3,8002x1
M_H04000.BIN	c1	3	1340	1	0xe24	58	2	MSG+XA	a0bbbf38994e	8000x1,8001x1
M_H04000.BIN	c1	3	1340	2	0xe6c	114	2	MSG+XA	42b22f297e42	8000x1,8001x2,8002x1
M_H04000.BIN	c1	4	1940	0	0x1100	70	2	MSG+XA	f749071c05b5	8000x1,8001x2
M_H04000.BIN	c1	4	1940	1	0x1154	50	2	MSG+XA	3d244db404d8	8000x1,8001x1
M_H04000.BIN	c1	4	1940	2	0x1194	120	0	MSG+XA	fd3a68c612e1	8000x1,8001x3,8002x1
M_H04000.BIN	c1	4	1940	3	0x1218	58	2	MSG+XA	211dfe467210	8000x1,8001x1
M_H04000.BIN	c1	4	1940	4	0x1260	14	2	MSG+XA	3faa1ec80534	8000x1
M_H04000.BIN	c1	4	1940	5	0x127c	46	2	MSG+XA	b53afefcf9ff	8000x1,8001x1
M_H04000.BIN	c1	4	1940	6	0x12b8	40	0	MSG+XA	2d82aabc4235	8000x1,8001x1
M_H04000.BIN	c1	4	1940	7	0x12ec	68	0	MSG+XA	174a37f2ba18	8000x1,8001x1,8002x1
M_H04000.BIN	c1	5	2440	0	0x1450	42	2	MSG+XA	8c7a1a636ff0	8000x1,8001x1
M_H04000.BIN	c1	5	2440	1	0x1488	104	0	MSG+XA	2b60b43d35c1	8000x1,8001x2,8002x1
M_H04000.BIN	c1	5	2440	2	0x14fc	80	0	MSG+XA	425dbe864c84	8000x1,8001x2
M_H04100.BIN	c1	0	1908	0	0x5c8	18	2	MSG	90f19b12b8b2	8000x1
M_H04100.BIN	c1	1	340	0	0x874	44	0	MSG+XA	ca1d25499fc2	8000x1,8001x1
M_H04100.BIN	c1	1	340	1	0x8ac	28	0	MSG+XA	a07cd9158854	8000x1
M_H04100.BIN	c1	1	340	2	0x8d4	60	0	MSG+XA	01c52b9b9841	8000x1,8001x1
M_H04100.BIN	c1	1	340	3	0x91c	40	0	MSG+XA	b4adc47b04e8	8000x1,8001x1
M_H04100.BIN	c1	1	340	4	0x950	38	2	MSG+XA	4d01a490dd19	8000x1,8001x1
M_H04100.BIN	c1	1	340	5	0x984	24	0	MSG+XA	9c8c67a2cff1	8000x1
M_H04100.BIN	c1	1	340	6	0x9a8	52	0	MSG+XA	e8111419fce9	8000x1,8001x1
M_H04100.BIN	c1	1	340	7	0x9e8	30	2	MSG+XA	bbf3c6c24598	8000x1
M_H04100.BIN	c1	1	340	8	0xa14	54	2	MSG+XA	72d09eacb80b	8000x1,8001x1
M_H04100.BIN	c1	1	340	9	0xa58	14	2	MSG+XA	9e5555579473	8000x1
M_H04100.BIN	c1	1	340	10	0xa74	38	2	MSG+XA	bbb048349ee1	8000x1,8001x1
M_H04100.BIN	c1	1	340	11	0xaa8	34	2	MSG+XA	b1ba72ee4ff0	8000x1
M_H04100.BIN	c1	2	1240	0	0xbe8	48	0	MSG+XA	307d6d3ff7cf	8000x1,8001x1
M_H04100.BIN	c1	2	1240	1	0xc24	66	2	MSG+XA	6c5f8508a0f8	8000x1,8001x1,8002x1
M_H04100.BIN	c1	2	1240	2	0xc74	48	0	MSG+XA	20e75935a021	8000x1,8001x1
M_H04100.BIN	c1	3	1340	0	0xdb4	118	2	MSG+XA	90464df31765	8000x1,8001x3,8002x1
M_H04100.BIN	c1	3	1340	1	0xe38	58	2	MSG+XA	a0bbbf38994e	8000x1,8001x1
M_H04100.BIN	c1	3	1340	2	0xe80	114	2	MSG+XA	42b22f297e42	8000x1,8001x2,8002x1
M_H04100.BIN	c1	4	1940	0	0x1114	70	2	MSG+XA	f749071c05b5	8000x1,8001x2
M_H04100.BIN	c1	4	1940	1	0x1168	50	2	MSG+XA	3d244db404d8	8000x1,8001x1
M_H04100.BIN	c1	4	1940	2	0x11a8	120	0	MSG+XA	fd3a68c612e1	8000x1,8001x3,8002x1
M_H04100.BIN	c1	4	1940	3	0x122c	58	2	MSG+XA	211dfe467210	8000x1,8001x1
M_H04100.BIN	c1	4	1940	4	0x1274	14	2	MSG+XA	3faa1ec80534	8000x1
M_H04100.BIN	c1	4	1940	5	0x1290	46	2	MSG+XA	b53afefcf9ff	8000x1,8001x1
M_H04100.BIN	c1	4	1940	6	0x12cc	40	0	MSG+XA	2d82aabc4235	8000x1,8001x1
M_H04100.BIN	c1	4	1940	7	0x1300	68	0	MSG+XA	174a37f2ba18	8000x1,8001x1,8002x1
M_H04100.BIN	c1	5	2440	0	0x1464	42	2	MSG+XA	8c7a1a636ff0	8000x1,8001x1
M_H04100.BIN	c1	5	2440	1	0x149c	104	0	MSG+XA	2b60b43d35c1	8000x1,8001x2,8002x1
M_H04100.BIN	c1	5	2440	2	0x1510	80	0	MSG+XA	425dbe864c84	8000x1,8001x2
M_H04101.BIN	c1	0	1908	0	0x558	18	2	MSG	90f19b12b8b2	8000x1
M_H04101.BIN	c1	1	340	0	0x804	44	0	MSG+XA	ca1d25499fc2	8000x1,8001x1
M_H04101.BIN	c1	1	340	1	0x83c	28	0	MSG+XA	a07cd9158854	8000x1
M_H04101.BIN	c1	1	340	2	0x864	60	0	MSG+XA	01c52b9b9841	8000x1,8001x1
M_H04101.BIN	c1	1	340	3	0x8ac	40	0	MSG+XA	b4adc47b04e8	8000x1,8001x1
M_H04101.BIN	c1	1	340	4	0x8e0	38	2	MSG+XA	4d01a490dd19	8000x1,8001x1
M_H04101.BIN	c1	1	340	5	0x914	24	0	MSG+XA	9c8c67a2cff1	8000x1
M_H04101.BIN	c1	1	340	6	0x938	52	0	MSG+XA	e8111419fce9	8000x1,8001x1
M_H04101.BIN	c1	1	340	7	0x978	30	2	MSG+XA	bbf3c6c24598	8000x1
M_H04101.BIN	c1	1	340	8	0x9a4	54	2	MSG+XA	72d09eacb80b	8000x1,8001x1
M_H04101.BIN	c1	1	340	9	0x9e8	14	2	MSG+XA	9e5555579473	8000x1
M_H04101.BIN	c1	1	340	10	0xa04	38	2	MSG+XA	bbb048349ee1	8000x1,8001x1
M_H04101.BIN	c1	1	340	11	0xa38	34	2	MSG+XA	b1ba72ee4ff0	8000x1
M_H04101.BIN	c1	2	1240	0	0xb78	48	0	MSG+XA	307d6d3ff7cf	8000x1,8001x1
M_H04101.BIN	c1	2	1240	1	0xbb4	66	2	MSG+XA	6c5f8508a0f8	8000x1,8001x1,8002x1
M_H04101.BIN	c1	2	1240	2	0xc04	48	0	MSG+XA	20e75935a021	8000x1,8001x1
M_H04101.BIN	c1	3	1340	0	0xd44	118	2	MSG+XA	90464df31765	8000x1,8001x3,8002x1
M_H04101.BIN	c1	3	1340	1	0xdc8	58	2	MSG+XA	a0bbbf38994e	8000x1,8001x1
M_H04101.BIN	c1	3	1340	2	0xe10	114	2	MSG+XA	42b22f297e42	8000x1,8001x2,8002x1
M_H04101.BIN	c1	4	1940	0	0x10a4	70	2	MSG+XA	f749071c05b5	8000x1,8001x2
M_H04101.BIN	c1	4	1940	1	0x10f8	50	2	MSG+XA	3d244db404d8	8000x1,8001x1
M_H04101.BIN	c1	4	1940	2	0x1138	120	0	MSG+XA	fd3a68c612e1	8000x1,8001x3,8002x1
M_H04101.BIN	c1	4	1940	3	0x11bc	58	2	MSG+XA	211dfe467210	8000x1,8001x1
M_H04101.BIN	c1	4	1940	4	0x1204	14	2	MSG+XA	3faa1ec80534	8000x1
M_H04101.BIN	c1	4	1940	5	0x1220	46	2	MSG+XA	b53afefcf9ff	8000x1,8001x1
M_H04101.BIN	c1	4	1940	6	0x125c	40	0	MSG+XA	2d82aabc4235	8000x1,8001x1
M_H04101.BIN	c1	4	1940	7	0x1290	68	0	MSG+XA	174a37f2ba18	8000x1,8001x1,8002x1
M_H04101.BIN	c1	5	2440	0	0x13f4	42	2	MSG+XA	8c7a1a636ff0	8000x1,8001x1
M_H04101.BIN	c1	5	2440	1	0x142c	104	0	MSG+XA	2b60b43d35c1	8000x1,8001x2,8002x1
M_H04101.BIN	c1	5	2440	2	0x14a0	80	0	MSG+XA	425dbe864c84	8000x1,8001x2
M_H04200.BIN	c1	0	8028	1	0x2e8	22	2	MSG	f19f53491a99	8000x1
M_H05000.BIN	c1	1	8053	0	0x498	72	0	MSG	e6fcfa59340b	8000x1,8001x2
M_H05000.BIN	c1	2	1005	0	0x728	54	2	MSG+XA	9573b59f237c	8000x1,8001x1
M_H05000.BIN	c1	2	1005	1	0x76c	38	2	MSG+XA	e1c5ee1cef9d	8000x1,8001x1
M_H05000.BIN	c1	2	1005	2	0x7a0	70	2	MSG+XA	e6752c3ac3e3	8000x1,8001x1,8002x1
M_H05000.BIN	c1	2	1005	3	0x7f4	48	0	MSG+XA	fafc571dbb5f	8000x1,8001x1
M_H05000.BIN	c1	3	1305	0	0x8f0	24	0	MSG+XA	7fda930d548e	8000x1
M_H05000.BIN	c1	4	1805	0	0xabc	86	2	MSG+XA	50b249c2a560	8000x1,8001x2,8002x1
M_H05000.BIN	c1	4	1805	1	0xb20	156	0	MSG+XA	8df91236ebf6	8000x1,8001x3,8002x2
M_H05000.BIN	c1	6	2920	0	0xe20	50	2	MSG+XA	8a7357fcc225	8000x1,8001x1
M_H05000.BIN	c1	6	2920	1	0xe60	24	0	MSG+XA	aab6ff7bdd83	8000x1
M_H05000.BIN	c1	6	2920	2	0xe84	48	0	MSG+XA	4da08b13a983	8000x1,8001x1
M_H05000.BIN	c1	6	2920	3	0xec0	18	2	MSG+XA	691f95e50d59	8000x1
M_H05000.BIN	c1	6	2920	4	0xee0	84	0	MSG+XA	95f1faf25a6a	8000x1,8001x2
M_H05001.BIN	c1	1	8053	0	0x498	72	0	MSG	e6fcfa59340b	8000x1,8001x2
M_H05001.BIN	c1	2	1005	0	0x728	54	2	MSG+XA	9573b59f237c	8000x1,8001x1
M_H05001.BIN	c1	2	1005	1	0x76c	38	2	MSG+XA	e1c5ee1cef9d	8000x1,8001x1
M_H05001.BIN	c1	2	1005	2	0x7a0	70	2	MSG+XA	e6752c3ac3e3	8000x1,8001x1,8002x1
M_H05001.BIN	c1	2	1005	3	0x7f4	48	0	MSG+XA	fafc571dbb5f	8000x1,8001x1
M_H05001.BIN	c1	3	1305	0	0x8f0	24	0	MSG+XA	7fda930d548e	8000x1
M_H05001.BIN	c1	4	1805	0	0xabc	86	2	MSG+XA	50b249c2a560	8000x1,8001x2,8002x1
M_H05001.BIN	c1	4	1805	1	0xb20	156	0	MSG+XA	8df91236ebf6	8000x1,8001x3,8002x2
M_H05001.BIN	c1	6	2920	0	0xe20	50	2	MSG+XA	8a7357fcc225	8000x1,8001x1
M_H05001.BIN	c1	6	2920	1	0xe60	24	0	MSG+XA	aab6ff7bdd83	8000x1
M_H05001.BIN	c1	6	2920	2	0xe84	48	0	MSG+XA	4da08b13a983	8000x1,8001x1
M_H05001.BIN	c1	6	2920	3	0xec0	18	2	MSG+XA	691f95e50d59	8000x1
M_H05001.BIN	c1	6	2920	4	0xee0	84	0	MSG+XA	95f1faf25a6a	8000x1,8001x2
M_H05002.BIN	c1	1	8053	0	0x498	72	0	MSG	e6fcfa59340b	8000x1,8001x2
M_H05002.BIN	c1	2	1005	0	0x728	54	2	MSG+XA	9573b59f237c	8000x1,8001x1
M_H05002.BIN	c1	2	1005	1	0x76c	38	2	MSG+XA	e1c5ee1cef9d	8000x1,8001x1
M_H05002.BIN	c1	2	1005	2	0x7a0	70	2	MSG+XA	e6752c3ac3e3	8000x1,8001x1,8002x1
M_H05002.BIN	c1	2	1005	3	0x7f4	48	0	MSG+XA	fafc571dbb5f	8000x1,8001x1
M_H05002.BIN	c1	3	1305	0	0x8f0	24	0	MSG+XA	7fda930d548e	8000x1
M_H05002.BIN	c1	4	1805	0	0xabc	86	2	MSG+XA	50b249c2a560	8000x1,8001x2,8002x1
M_H05002.BIN	c1	4	1805	1	0xb20	156	0	MSG+XA	8df91236ebf6	8000x1,8001x3,8002x2
M_H05002.BIN	c1	6	2920	0	0xe20	50	2	MSG+XA	8a7357fcc225	8000x1,8001x1
M_H05002.BIN	c1	6	2920	1	0xe60	24	0	MSG+XA	aab6ff7bdd83	8000x1
M_H05002.BIN	c1	6	2920	2	0xe84	48	0	MSG+XA	4da08b13a983	8000x1,8001x1
M_H05002.BIN	c1	6	2920	3	0xec0	18	2	MSG+XA	691f95e50d59	8000x1
M_H05002.BIN	c1	6	2920	4	0xee0	84	0	MSG+XA	95f1faf25a6a	8000x1,8001x2
M_H05003.BIN	c1	1	8053	0	0x498	72	0	MSG	e6fcfa59340b	8000x1,8001x2
M_H05003.BIN	c1	2	1005	0	0x728	54	2	MSG+XA	9573b59f237c	8000x1,8001x1
M_H05003.BIN	c1	2	1005	1	0x76c	38	2	MSG+XA	e1c5ee1cef9d	8000x1,8001x1
M_H05003.BIN	c1	2	1005	2	0x7a0	70	2	MSG+XA	e6752c3ac3e3	8000x1,8001x1,8002x1
M_H05003.BIN	c1	2	1005	3	0x7f4	48	0	MSG+XA	fafc571dbb5f	8000x1,8001x1
M_H05003.BIN	c1	3	1305	0	0x8f0	24	0	MSG+XA	7fda930d548e	8000x1
M_H05003.BIN	c1	4	1805	0	0xabc	86	2	MSG+XA	50b249c2a560	8000x1,8001x2,8002x1
M_H05003.BIN	c1	4	1805	1	0xb20	156	0	MSG+XA	8df91236ebf6	8000x1,8001x3,8002x2
M_H05003.BIN	c1	6	2920	0	0xe20	50	2	MSG+XA	8a7357fcc225	8000x1,8001x1
M_H05003.BIN	c1	6	2920	1	0xe60	24	0	MSG+XA	aab6ff7bdd83	8000x1
M_H05003.BIN	c1	6	2920	2	0xe84	48	0	MSG+XA	4da08b13a983	8000x1,8001x1
M_H05003.BIN	c1	6	2920	3	0xec0	18	2	MSG+XA	691f95e50d59	8000x1
M_H05003.BIN	c1	6	2920	4	0xee0	84	0	MSG+XA	95f1faf25a6a	8000x1,8001x2
M_H05100.BIN	c1	1	8053	0	0x474	72	0	MSG	e6fcfa59340b	8000x1,8001x2
M_H05100.BIN	c1	2	1005	0	0x704	54	2	MSG+XA	9573b59f237c	8000x1,8001x1
M_H05100.BIN	c1	2	1005	1	0x748	38	2	MSG+XA	e1c5ee1cef9d	8000x1,8001x1
M_H05100.BIN	c1	2	1005	2	0x77c	70	2	MSG+XA	e6752c3ac3e3	8000x1,8001x1,8002x1
M_H05100.BIN	c1	2	1005	3	0x7d0	48	0	MSG+XA	fafc571dbb5f	8000x1,8001x1
M_H05100.BIN	c1	3	1305	0	0x8cc	24	0	MSG+XA	7fda930d548e	8000x1
M_H05100.BIN	c1	4	1805	0	0xa98	86	2	MSG+XA	50b249c2a560	8000x1,8001x2,8002x1
M_H05100.BIN	c1	4	1805	1	0xafc	156	0	MSG+XA	8df91236ebf6	8000x1,8001x3,8002x2
M_H05100.BIN	c1	6	2920	0	0xdfc	50	2	MSG+XA	8a7357fcc225	8000x1,8001x1
M_H05100.BIN	c1	6	2920	1	0xe3c	24	0	MSG+XA	aab6ff7bdd83	8000x1
M_H05100.BIN	c1	6	2920	2	0xe60	48	0	MSG+XA	4da08b13a983	8000x1,8001x1
M_H05100.BIN	c1	6	2920	3	0xe9c	18	2	MSG+XA	691f95e50d59	8000x1
M_H05100.BIN	c1	6	2920	4	0xebc	84	0	MSG+XA	95f1faf25a6a	8000x1,8001x2
M_H05200.BIN	c1	1	8053	0	0x44c	72	0	MSG	e6fcfa59340b	8000x1,8001x2
M_H05200.BIN	c1	2	1005	0	0x6dc	54	2	MSG+XA	9573b59f237c	8000x1,8001x1
M_H05200.BIN	c1	2	1005	1	0x720	38	2	MSG+XA	e1c5ee1cef9d	8000x1,8001x1
M_H05200.BIN	c1	2	1005	2	0x754	70	2	MSG+XA	e6752c3ac3e3	8000x1,8001x1,8002x1
M_H05200.BIN	c1	2	1005	3	0x7a8	48	0	MSG+XA	fafc571dbb5f	8000x1,8001x1
M_H05200.BIN	c1	3	1305	0	0x8a4	24	0	MSG+XA	7fda930d548e	8000x1
M_H05200.BIN	c1	4	1805	0	0xa70	86	2	MSG+XA	50b249c2a560	8000x1,8001x2,8002x1
M_H05200.BIN	c1	4	1805	1	0xad4	156	0	MSG+XA	8df91236ebf6	8000x1,8001x3,8002x2
M_H05200.BIN	c1	6	2920	0	0xdd4	50	2	MSG+XA	8a7357fcc225	8000x1,8001x1
M_H05200.BIN	c1	6	2920	1	0xe14	24	0	MSG+XA	aab6ff7bdd83	8000x1
M_H05200.BIN	c1	6	2920	2	0xe38	48	0	MSG+XA	4da08b13a983	8000x1,8001x1
M_H05200.BIN	c1	6	2920	3	0xe74	18	2	MSG+XA	691f95e50d59	8000x1
M_H05200.BIN	c1	6	2920	4	0xe94	84	0	MSG+XA	95f1faf25a6a	8000x1,8001x2
M_H06000.BIN	c1	1	1006	0	0x5d0	20	0	MSG+XA	5ab627a0e0de	8000x1
M_H06000.BIN	c1	1	1006	2	0x5fc	18	2	MSG+XA	bdfb0efe2f92	8000x1
M_H06001.BIN	c1	1	220	0	0x640	70	2	MSG+XA	e0f9d4fcd9d3	8000x1,8001x1,8002x1
M_H06001.BIN	c1	1	220	1	0x694	16	0	MSG+XA	cdfd7136ae2c	8000x1
M_H06001.BIN	c1	1	220	2	0x6b0	244	0	MSG+XA	d20dd16d8187	8000x1,8001x6,8002x3
M_H06001.BIN	c1	1	220	3	0x7b0	24	0	MSG+XA	d4fd5edec0ae	8000x1
M_H06001.BIN	c1	1	220	4	0x7d4	142	2	MSG+XA	20a43267deaa	8000x1,8001x3,8002x2
M_H06001.BIN	c1	1	220	5	0x870	20	0	MSG+XA	53fb46829cb5	8000x1
M_H06001.BIN	c1	1	220	6	0x890	94	2	MSG+XA	f2ab693be014	8000x1,8001x2,8002x1
M_H06001.BIN	c1	1	220	7	0x8fc	52	0	MSG+XA	00706be45e97	8000x1,8001x1
M_H06001.BIN	c1	1	220	8	0x93c	94	2	MSG+XA	c7b029d46c3e	8000x1,8001x2,8002x1
M_H06001.BIN	c1	1	220	9	0x9a8	158	2	MSG+XA	4580510c7b03	8000x1,8001x4,8002x1
M_H06001.BIN	c1	2	520	0	0xc94	140	0	MSG+XA	821a146f3d31	8000x1,8001x4,8002x1
M_H06001.BIN	c1	2	520	1	0xd2c	70	2	MSG+XA	107470cc4b0a	8000x1,8001x2
M_H06001.BIN	c1	2	520	2	0xd80	104	0	MSG+XA	fcde1b0dbe5b	8000x1,8001x3,8002x1
M_H06001.BIN	c1	2	520	3	0xdf4	28	0	MSG+XA	d6020e9c14cd	8000x1
M_H06001.BIN	c1	2	520	4	0xe1c	228	0	MSG+XA	1bddc325c68b	8000x1,8001x4,8002x3
M_H06001.BIN	c1	2	520	5	0xf0c	18	2	MSG+XA	691f95e50d59	8000x1
M_H06001.BIN	c1	2	520	6	0xf2c	32	0	MSG+XA	a0a3981a3700	8000x1
M_H06001.BIN	c1	2	520	7	0xf58	16	0	MSG+XA	106e4efe970f	8000x1
M_H06001.BIN	c1	2	520	8	0xf74	54	2	MSG+XA	851e783fe403	8000x1,8001x1
M_H06001.BIN	c1	2	520	9	0xfb8	106	2	MSG+XA	c9b8e765faaa	8000x1,8001x3,8002x1
M_H06001.BIN	c1	2	520	10	0x1030	40	0	MSG+XA	947f3b5c0518	8000x1,8001x1
M_H06001.BIN	c1	2	520	11	0x1064	86	2	MSG+XA	b4c895396241	8000x1,8001x1,8002x1
M_H06001.BIN	c1	3	620	0	0x1390	80	0	MSG+XA	30b47ce07f22	8000x1,8001x2
M_H06001.BIN	c1	3	620	1	0x13ec	50	2	MSG+XA	6074ed307809	8000x1,8001x1
M_H06001.BIN	c1	3	620	2	0x142c	14	2	MSG+XA	bc31eadf9dbd	8000x1
M_H06001.BIN	c1	3	620	3	0x1448	58	2	MSG+XA	152133ece879	8000x1,8001x1
M_H06001.BIN	c1	3	620	4	0x1490	46	2	MSG+XA	8ed118a67429	8000x1,8001x1
M_H06001.BIN	c1	3	620	5	0x14cc	62	2	MSG+XA	0781c806aa06	8000x1,8001x1,8002x1
M_H06001.BIN	c1	3	620	6	0x1518	62	2	MSG+XA	375af7a668a3	8000x1,8002x1
M_H06001.BIN	c1	3	620	7	0x1564	188	0	MSG+XA	08610ba9d6b4	8000x1,8001x4,8002x2
M_H06001.BIN	c1	3	620	8	0x162c	42	2	MSG+XA	b43107dd8af7	8000x1,8001x1
M_H06001.BIN	c1	3	620	9	0x1664	110	2	MSG+XA	735924fb1cb4	8000x1,8001x2,8002x1
M_H06001.BIN	c1	3	620	10	0x16e0	22	2	MSG+XA	1f614d95f6c3	8000x1
M_H06001.BIN	c1	3	620	11	0x1704	100	0	MSG+XA	4b3e41e82aa4	8000x1,8001x2,8002x1
M_H06001.BIN	c1	3	620	12	0x1774	78	2	MSG+XA	e9135ebd95f2	8000x1,8001x1,8002x1
M_H06001.BIN	c1	3	620	13	0x17d0	40	0	MSG+XA	06d9c309e66d	8000x1,8001x1
M_H06001.BIN	c1	3	620	14	0x1804	58	2	MSG+XA	7e6ff9383fcb	8000x1,8001x1
M_H06001.BIN	c1	4	720	0	0x19c8	104	0	MSG+XA	dda44849da53	8000x1,8001x2,8002x1
M_H06001.BIN	c1	4	720	1	0x1a3c	182	2	MSG+XA	907ddc52ade9	8000x1,8001x4,8002x2
M_H06001.BIN	c1	4	720	2	0x1b00	90	2	MSG+XA	184fb62fc680	8000x1,8001x1,8002x2
M_H06001.BIN	c1	4	720	3	0x1b68	16	0	MSG+XA	c1e86fa4d9c6	8000x1
M_H06001.BIN	c1	4	720	4	0x1b84	62	2	MSG+XA	b02d685201c1	8000x1,8001x1
M_H06001.BIN	c1	4	720	5	0x1bd0	48	0	MSG+XA	65839301275a	8000x1,8001x1
M_H06001.BIN	c1	5	920	0	0x1d30	122	2	MSG+XA	e3f78a35c5c2	8000x1,8001x2,8002x2
M_H06001.BIN	c1	5	920	1	0x1db8	120	0	MSG+XA	10daf125096f	8000x1,8001x3,8002x1
M_H06001.BIN	c1	5	920	2	0x1e3c	128	0	MSG+XA	b03a819d30c2	8000x1,8001x3,8002x1
M_H06001.BIN	c1	6	1120	0	0x2010	28	0	MSG+XA	c70da5458f0c	8000x1
M_H06001.BIN	c1	6	1120	1	0x2038	34	2	MSG+XA	f88527c423fc	8000x1
M_H06001.BIN	c1	6	1120	2	0x2068	42	2	MSG+XA	745cff6f8aaf	8000x1,8001x1
M_H06001.BIN	c1	6	1120	3	0x20a0	28	0	MSG+XA	c70da5458f0c	8000x1
M_H06001.BIN	c1	7	1420	0	0x2378	82	2	MSG+XA	6ca42c4582a2	8000x1,8001x1,8002x1
M_H06001.BIN	c1	7	1420	1	0x23d8	56	0	MSG+XA	df231b152cd8	8000x1,8001x1
M_H06001.BIN	c1	7	1420	2	0x241c	386	2	MSG+XA	737497a0f3fd	8000x1,8001x9,8002x5
M_H06001.BIN	c1	7	1420	3	0x25ac	46	2	MSG+XA	85632e1e0d5d	8000x1,8001x1
M_H06001.BIN	c1	7	1420	4	0x25e8	390	2	MSG+XA	5a6e89e9fc92	8000x1,8001x9,8002x5
M_H06001.BIN	c1	7	1420	5	0x277c	50	2	MSG+XA	0e6bb280c4a6	8000x1,8001x1
M_H06001.BIN	c1	8	1006	0	0x2978	20	0	MSG+XA	5ab627a0e0de	8000x1
M_H06001.BIN	c1	8	1006	2	0x29a4	18	2	MSG+XA	bdfb0efe2f92	8000x1
M_H06002.BIN	c1	10	1006	0	0x8d4	20	0	MSG+XA	5ab627a0e0de	8000x1
M_H06002.BIN	c1	10	1006	2	0x900	18	2	MSG+XA	bdfb0efe2f92	8000x1
M_H06100.BIN	c1	1	1006	0	0x4dc	20	0	MSG+XA	5ab627a0e0de	8000x1
M_H06100.BIN	c1	1	1006	2	0x508	18	2	MSG+XA	bdfb0efe2f92	8000x1
M_H06102.BIN	c1	2	3023	0	0x7b0	160	0	MSG+XA	5de710cfd034	8000x1,8001x4,8002x2
M_H06102.BIN	c1	2	3023	1	0x85c	54	2	MSG+XA	23c589fc6be0	8000x1,8001x1
M_H06102.BIN	c1	2	3023	2	0x894	42	2	SEL3.1	5dac437f0565	8001x3
M_H06102.BIN	c1	2	3023	3	0x8c0	44	0	SEL3.1	693436c89882	8001x3
M_H06102.BIN	c1	2	3023	4	0x8ec	34	2	SEL3.1	5279c90e3b6d	8001x3
M_H06102.BIN	c1	2	3023	5	0x910	54	2	SEL3.1	6bddf06b5f58	8001x3
M_H06102.BIN	c1	2	3023	6	0x948	48	0	SEL3.1	f4f9c123d1f3	8001x3
M_H06102.BIN	c1	2	3023	7	0x978	38	2	SEL3.1	271ec1e1b2c7	8001x3
M_H06102.BIN	c1	2	3023	8	0x9a0	38	2	SEL3.1	0bb9a527cbea	8001x3
M_H06102.BIN	c1	2	3023	9	0x9c8	38	2	SEL3.1	ca6b9bcf1b60	8001x3
M_H06102.BIN	c1	2	3023	10	0x9f0	42	2	SEL3.1	10285aa94599	8001x3
M_H06102.BIN	c1	2	3023	11	0xa1c	44	0	SEL3.1	06a19d3850eb	8001x3
M_H06102.BIN	c1	2	3023	12	0xa48	50	2	SEL3.1	653fb99a7c07	8001x3
M_H06102.BIN	c1	2	3023	13	0xa7c	36	0	SEL3.1	3b103c7a94ae	8001x3
M_H06102.BIN	c1	2	3023	14	0xaa0	52	0	SEL3.1	cdf6def871fc	8001x3
M_H06102.BIN	c1	2	3023	15	0xad4	30	2	SEL3.1	d82df28b7d3e	8001x3
M_H06102.BIN	c1	2	3023	16	0xaf4	42	2	SEL3.1	7d5688ac2bd9	8001x3
M_H06102.BIN	c1	2	3023	17	0xb20	40	0	SEL3.1	eb21b66c46ec	8001x3
M_H06102.BIN	c1	2	3023	18	0xb48	36	0	SEL3.1	0013e5e89015	8001x3
M_H06102.BIN	c1	2	3023	19	0xb6c	52	0	SEL3.1	ab73dd1f1b60	8001x3
M_H06102.BIN	c1	2	3023	20	0xba0	50	2	SEL3.1	f95e0fbf0005	8001x3
M_H06102.BIN	c1	2	3023	21	0xbd4	36	0	SEL3.1	d47fd41b0d58	8001x3
M_H06102.BIN	c1	2	3023	22	0xbf8	38	2	SEL3.1	d00a153976ec	8001x3
M_H06102.BIN	c1	2	3023	23	0xc20	40	0	SEL3.1	d8b5ca11771e	8001x3
M_H06102.BIN	c1	2	3023	24	0xc48	50	2	SEL3.1	81e0999446cc	8001x3
M_H06102.BIN	c1	2	3023	25	0xc7c	36	0	SEL3.1	b8619e681738	8001x3
M_H06102.BIN	c1	2	3023	26	0xca0	40	0	SEL3.1	9fc5cb15ff66	8001x3
M_H06102.BIN	c1	2	3023	27	0xcc8	36	0	SEL3.1	ee41d95a3043	8001x3
M_H06102.BIN	c1	2	3023	28	0xcec	46	2	SEL3.1	8aa7c74a1e0a	8001x3
M_H06102.BIN	c1	2	3023	29	0xd1c	52	0	SEL3.1	e81b78723355	8001x3
M_H06102.BIN	c1	2	3023	30	0xd50	38	2	SEL3.1	cddc44bf77b7	8001x3
M_H06102.BIN	c1	2	3023	31	0xd78	44	0	SEL3.1	d9b92d280b8a	8001x3
M_H06102.BIN	c1	2	3023	32	0xdb0	54	2	MSG+XA	2c51bb48ff25	8000x1,8001x1
M_H06102.BIN	c1	2	3023	33	0xdf4	52	0	MSG+XA	0efc8f227b51	8000x1,8001x1
M_H06102.BIN	c1	4	1006	0	0x1034	20	0	MSG+XA	5ab627a0e0de	8000x1
M_H06102.BIN	c1	4	1006	2	0x1060	18	2	MSG+XA	bdfb0efe2f92	8000x1
M_H06200.BIN	c1	1	2907	0	0x6c0	24	0	MSG+XA	c5419b19ea2c	8000x1
M_H06200.BIN	c1	1	2907	1	0x6e4	24	0	MSG+XA	415fa4d77733	8000x1
M_H06200.BIN	c1	1	2907	2	0x708	32	0	MSG+XA	58005bec5ff4	8000x1
M_H06200.BIN	c1	1	2907	3	0x734	16	0	MSG+XA	59436dac0197	8000x1
M_H06202.BIN	c1	2	2907	0	0x7e0	24	0	MSG+XA	c5419b19ea2c	8000x1
M_H06202.BIN	c1	2	2907	1	0x804	24	0	MSG+XA	415fa4d77733	8000x1
M_H06202.BIN	c1	2	2907	2	0x828	32	0	MSG+XA	58005bec5ff4	8000x1
M_H06202.BIN	c1	2	2907	3	0x854	16	0	MSG+XA	59436dac0197	8000x1
M_H06202.BIN	c1	4	1105	0	0xa50	26	2	MSG+XA	1e7088f5006b	8000x1
M_H06202.BIN	c1	4	1105	1	0xa78	20	0	MSG+XA	2b8585b947e4	8000x1
M_H07000.BIN	c1	1	2020	0	0x3e0	54	2	MSG+XA	1e46a1853a94	8000x1,8001x1
M_H07000.BIN	c1	1	2020	1	0x424	40	0	MSG+XA	2507a83018c5	8000x1,8001x1
M_H07000.BIN	c1	2	2420	0	0x514	58	2	MSG+XA	bc83f1e7f1dc	8000x1,8001x1
M_H07000.BIN	c1	2	2420	1	0x55c	56	0	MSG+XA	d5edfb2e827a	8000x1,8001x1
M_H08000.BIN	c1	0	1420	0	0x864	82	2	MSG+XA	6ca42c4582a2	8000x1,8001x1,8002x1
M_H08000.BIN	c1	0	1420	1	0x8c4	56	0	MSG+XA	df231b152cd8	8000x1,8001x1
M_H08000.BIN	c1	0	1420	2	0x908	386	2	MSG+XA	737497a0f3fd	8000x1,8001x9,8002x5
M_H08000.BIN	c1	0	1420	3	0xa98	46	2	MSG+XA	85632e1e0d5d	8000x1,8001x1
M_H08000.BIN	c1	0	1420	4	0xad4	390	2	MSG+XA	5a6e89e9fc92	8000x1,8001x9,8002x5
M_H08000.BIN	c1	0	1420	5	0xc68	50	2	MSG+XA	0e6bb280c4a6	8000x1,8001x1
M_H08000.BIN	c1	2	820	0	0xe20	92	0	MSG+XA	36dca6e5bf69	8000x1,8001x1,8002x3
M_H08000.BIN	c1	2	820	1	0xe88	76	0	MSG+XA	06da82c0e26c	8000x1,8001x2
M_H08000.BIN	c1	3	1020	0	0xfe8	130	2	MSG+XA	810e60fb9dd2	8000x1,8001x3,8002x2
M_H08000.BIN	c1	3	1020	1	0x1078	78	2	MSG+XA	1d6cdc2a25cc	8000x1,8001x2,8002x1
M_H08000.BIN	c1	3	1020	2	0x10d4	40	0	MSG+XA	8f30aad0c223	8000x1,8001x1
M_H08000.BIN	c1	4	1220	0	0x1264	70	2	MSG+XA	9c5ed9d72310	8000x1,8001x2
M_H08000.BIN	c1	4	1220	1	0x12b8	22	2	MSG+XA	32cfcf131214	8000x1
M_H08000.BIN	c1	4	1220	2	0x12dc	16	0	MSG+XA	cdfd7136ae2c	8000x1
M_H08000.BIN	c1	4	1220	3	0x12f8	80	0	MSG+XA	51766fe39a0c	8000x1,8001x2
M_H08000.BIN	c1	4	1220	4	0x1354	20	0	MSG+XA	f7247d81df5c	8000x1
M_H08000.BIN	c1	4	1220	5	0x1374	26	2	MSG+XA	9671c28954dc	8000x1
M_H08000.BIN	c1	4	1220	6	0x139c	38	2	MSG+XA	00434c239952	8000x1,8001x1
M_H08000.BIN	c1	5	1320	0	0x151c	60	0	MSG+XA	3729042c68f1	8000x1,8001x1
M_H08000.BIN	c1	5	1320	1	0x1564	64	0	MSG+XA	3009e35126d3	8000x1,8001x1,8002x1
M_H08000.BIN	c1	5	1320	2	0x15b0	52	0	MSG+XA	5ba96945de0e	8000x1,8001x1
M_H08000.BIN	c1	5	1320	3	0x15f0	108	0	MSG+XA	46c1bcfba88d	8000x1,8001x3,8002x1
M_H08000.BIN	c1	5	1320	4	0x1668	32	0	MSG+XA	f59913fcf206	8000x1
M_H08000.BIN	c1	5	1320	5	0x1694	74	2	MSG+XA	f73013197988	8000x1,8001x2
M_H08000.BIN	c1	6	2840	0	0x1838	68	0	MSG+XA	ba783fc371a7	8000x1,8001x1,8002x1
M_H08000.BIN	c1	6	2840	1	0x1888	54	2	MSG+XA	29f5970dc00a	8000x1,8001x1
M_H08000.BIN	c1	6	2840	2	0x18cc	54	2	MSG+XA	cde57a7751a4	8000x1,8001x1
M_H08000.BIN	c1	6	2840	3	0x1910	88	0	MSG+XA	4d08ddea7db9	8000x1,8001x2
M_H08000.BIN	c1	6	2840	4	0x1968	16	0	MSG	f8aa1e95f0dd	8000x1
M_H08001.BIN	c1	0	820	0	0x638	92	0	MSG+XA	36dca6e5bf69	8000x1,8001x1,8002x3
M_H08001.BIN	c1	0	820	1	0x6a0	76	0	MSG+XA	06da82c0e26c	8000x1,8001x2
M_H08001.BIN	c1	1	1020	0	0x800	130	2	MSG+XA	810e60fb9dd2	8000x1,8001x3,8002x2
M_H08001.BIN	c1	1	1020	1	0x890	78	2	MSG+XA	1d6cdc2a25cc	8000x1,8001x2,8002x1
M_H08001.BIN	c1	1	1020	2	0x8ec	40	0	MSG+XA	8f30aad0c223	8000x1,8001x1
M_H08001.BIN	c1	2	1220	0	0xa7c	70	2	MSG+XA	9c5ed9d72310	8000x1,8001x2
M_H08001.BIN	c1	2	1220	1	0xad0	22	2	MSG+XA	32cfcf131214	8000x1
M_H08001.BIN	c1	2	1220	2	0xaf4	16	0	MSG+XA	cdfd7136ae2c	8000x1
M_H08001.BIN	c1	2	1220	3	0xb10	80	0	MSG+XA	51766fe39a0c	8000x1,8001x2
M_H08001.BIN	c1	2	1220	4	0xb6c	20	0	MSG+XA	f7247d81df5c	8000x1
M_H08001.BIN	c1	2	1220	5	0xb8c	26	2	MSG+XA	9671c28954dc	8000x1
M_H08001.BIN	c1	2	1220	6	0xbb4	38	2	MSG+XA	00434c239952	8000x1,8001x1
M_H08001.BIN	c1	3	1320	0	0xd34	60	0	MSG+XA	3729042c68f1	8000x1,8001x1
M_H08001.BIN	c1	3	1320	1	0xd7c	64	0	MSG+XA	3009e35126d3	8000x1,8001x1,8002x1
M_H08001.BIN	c1	3	1320	2	0xdc8	52	0	MSG+XA	5ba96945de0e	8000x1,8001x1
M_H08001.BIN	c1	3	1320	3	0xe08	108	0	MSG+XA	46c1bcfba88d	8000x1,8001x3,8002x1
M_H08001.BIN	c1	3	1320	4	0xe80	32	0	MSG+XA	f59913fcf206	8000x1
M_H08001.BIN	c1	3	1320	5	0xeac	74	2	MSG+XA	f73013197988	8000x1,8001x2
M_H08002.BIN	c1	4	1623	0	0x8b4	94	2	MSG+XA	1faa6018932c	8000x1,8001x2,8002x1
M_H08002.BIN	c1	4	1623	1	0x920	58	2	MSG+XA	a5005fa3eda8	8000x1,8001x1
M_H08002.BIN	c1	5	1920	0	0xab0	76	0	MSG+XA	3635a1af3f3d	8000x1,8001x1,8002x1
M_H08002.BIN	c1	5	1920	1	0xb08	24	0	MSG+XA	431cf1383918	8000x1
M_H08002.BIN	c1	5	1920	2	0xb2c	68	0	MSG+XA	641a40dadb07	8000x1,8001x2
M_H08002.BIN	c1	5	1920	3	0xb7c	18	2	MSG+XA	3ebb8425dcc1	8000x1
M_H08002.BIN	c1	5	1920	4	0xb9c	20	0	MSG+XA	6da81f910c02	8000x1
M_H08002.BIN	c1	5	1920	5	0xbbc	76	0	MSG+XA	518abb8c38c3	8000x1,8001x1,8002x1
M_H08002.BIN	c1	6	2720	0	0xd1c	104	0	MSG+XA	4a00088ca829	8000x1,8001x2,8002x1
M_H08002.BIN	c1	6	2720	1	0xd90	70	2	MSG+XA	c829cc0cb74d	8000x1,8001x2
M_H08002.BIN	c1	6	2720	2	0xde4	96	0	MSG+XA	f68cc3d47c78	8000x1,8001x2,8002x1
M_H08002.BIN	c1	7	1642	0	0xf44	60	0	MSG+XA	99652e892042	8000x1,8001x1
M_H08002.BIN	c1	7	1642	1	0xf8c	50	2	MSG+XA	b81b10588929	8000x1,8001x1
M_H08002.BIN	c1	7	1642	2	0xfcc	44	0	MSG+XA	224f557ce762	8000x1,8001x1
M_H08002.BIN	c1	8	2840	0	0x1150	68	0	MSG+XA	ba783fc371a7	8000x1,8001x1,8002x1
M_H08002.BIN	c1	8	2840	1	0x11a0	54	2	MSG+XA	29f5970dc00a	8000x1,8001x1
M_H08002.BIN	c1	8	2840	2	0x11e4	54	2	MSG+XA	cde57a7751a4	8000x1,8001x1
M_H08002.BIN	c1	8	2840	3	0x1228	88	0	MSG+XA	4d08ddea7db9	8000x1,8001x2
M_H08002.BIN	c1	8	2840	4	0x1280	16	0	MSG	f8aa1e95f0dd	8000x1
M_H08100.BIN	c1	0	820	0	0x5ac	92	0	MSG+XA	36dca6e5bf69	8000x1,8001x1,8002x3
M_H08100.BIN	c1	0	820	1	0x614	76	0	MSG+XA	06da82c0e26c	8000x1,8001x2
M_H08102.BIN	c1	1	820	0	0x6ec	92	0	MSG+XA	36dca6e5bf69	8000x1,8001x1,8002x3
M_H08102.BIN	c1	1	820	1	0x754	76	0	MSG+XA	06da82c0e26c	8000x1,8001x2
M_H08102.BIN	c1	3	1642	0	0x8ec	60	0	MSG+XA	99652e892042	8000x1,8001x1
M_H08102.BIN	c1	3	1642	1	0x934	50	2	MSG+XA	b81b10588929	8000x1,8001x1
M_H08102.BIN	c1	3	1642	2	0x974	44	0	MSG+XA	224f557ce762	8000x1,8001x1
M_H08102.BIN	c1	4	2840	0	0xaf8	68	0	MSG+XA	ba783fc371a7	8000x1,8001x1,8002x1
M_H08102.BIN	c1	4	2840	1	0xb48	54	2	MSG+XA	29f5970dc00a	8000x1,8001x1
M_H08102.BIN	c1	4	2840	2	0xb8c	54	2	MSG+XA	cde57a7751a4	8000x1,8001x1
M_H08102.BIN	c1	4	2840	3	0xbd0	88	0	MSG+XA	4d08ddea7db9	8000x1,8001x2
M_H08102.BIN	c1	4	2840	4	0xc28	16	0	MSG	f8aa1e95f0dd	8000x1
M_H08103.BIN	c1	0	820	0	0x5ac	92	0	MSG+XA	36dca6e5bf69	8000x1,8001x1,8002x3
M_H08103.BIN	c1	0	820	1	0x614	76	0	MSG+XA	06da82c0e26c	8000x1,8001x2
M_H09000.BIN	c1	0	1908	0	0x734	18	2	MSG	90f19b12b8b2	8000x1
M_H09000.BIN	c1	13	1720	0	0xabc	34	2	MSG+XA	b00985faa3ec	8000x1
M_H09000.BIN	c1	13	1720	1	0xaec	60	0	MSG+XA	b8e9bbcf1eb6	8000x1,8001x1
M_H09000.BIN	c1	13	1720	2	0xb34	18	2	MSG+XA	691f95e50d59	8000x1
M_H09000.BIN	c1	13	1720	3	0xb54	70	2	MSG+XA	e2a7bdc176c0	8000x1,8001x1,8002x1
M_H09000.BIN	c1	13	1720	4	0xba8	20	0	MSG+XA	7a0c77228c6e	8000x1
M_H09000.BIN	c1	13	1720	5	0xbc8	70	2	MSG+XA	1d83d4e94307	8000x1,8001x2
M_H09100.BIN	c1	0	1908	0	0x734	18	2	MSG	90f19b12b8b2	8000x1
M_H09100.BIN	c1	13	1720	0	0xabc	34	2	MSG+XA	b00985faa3ec	8000x1
M_H09100.BIN	c1	13	1720	1	0xaec	60	0	MSG+XA	b8e9bbcf1eb6	8000x1,8001x1
M_H09100.BIN	c1	13	1720	2	0xb34	18	2	MSG+XA	691f95e50d59	8000x1
M_H09100.BIN	c1	13	1720	3	0xb54	70	2	MSG+XA	e2a7bdc176c0	8000x1,8001x1,8002x1
M_H09100.BIN	c1	13	1720	4	0xba8	20	0	MSG+XA	7a0c77228c6e	8000x1
M_H09100.BIN	c1	13	1720	5	0xbc8	70	2	MSG+XA	1d83d4e94307	8000x1,8001x2
M_H10000.BIN	c1	1	840	0	0x6c4	50	2	MSG+XA	d0a4089940da	8000x1,8001x1
M_H10000.BIN	c1	1	840	1	0x704	26	2	MSG+XA	088ca473f435	8000x1
M_H10000.BIN	c1	1	840	2	0x72c	28	0	MSG+XA	ad291f5c1ead	8000x1
M_H10000.BIN	c1	1	840	3	0x754	118	2	MSG+XA	d7142ca32e44	8000x1,8001x3,8002x1
M_H10000.BIN	c1	1	840	4	0x7d8	42	2	MSG+XA	b8e4b571ba5b	8000x1,8001x1
M_H10000.BIN	c1	2	940	0	0x978	24	0	MSG+XA	6de0757ae538	8000x1
M_H10000.BIN	c1	2	940	1	0x99c	28	0	MSG+XA	d3d7f4c07e73	8000x1
M_H10000.BIN	c1	2	940	2	0x9c4	18	2	MSG+XA	691f95e50d59	8000x1
M_H10000.BIN	c1	2	940	3	0x9e4	18	2	MSG+XA	ac6a4bdd4a3c	8000x1
M_H10000.BIN	c1	2	940	4	0xa04	80	0	MSG+XA	c627a5bd8c77	8000x1,8001x2
M_H10000.BIN	c1	3	1440	0	0xbbc	50	2	MSG+XA	8bfbc7a559b5	8000x1,8001x1
M_H10000.BIN	c1	3	1440	1	0xbfc	20	0	MSG+XA	53a5c7cad4b5	8000x1
M_H10000.BIN	c1	3	1440	2	0xc1c	128	0	MSG+XA	9633bed7b9fa	8000x1,8001x3,8002x2
M_H10000.BIN	c1	3	1440	3	0xca8	54	2	MSG+XA	c8b46f5abbe5	8000x1,8001x1
M_H10000.BIN	c1	4	2340	0	0xebc	72	0	MSG+XA	866cb3434567	8000x1,8001x1,8002x1
M_H10000.BIN	c1	4	2340	1	0xf10	16	0	MSG+XA	e84e8b4d5841	8000x1
M_H10000.BIN	c1	4	2340	2	0xf2c	96	0	MSG+XA	d5c4eb97f715	8000x1,8001x2,8002x1
M_H10000.BIN	c1	4	2340	3	0xf98	104	0	MSG+XA	bd18687f82bb	8000x1,8001x2,8002x1
M_H10000.BIN	c1	4	2340	4	0x100c	128	0	MSG+XA	cc82b6f3e11d	8000x1,8001x3,8002x1
M_H10000.BIN	c1	5	2540	0	0x12a4	64	0	MSG+XA	c439590594e7	8000x1,8001x2
M_H10000.BIN	c1	5	2540	1	0x12f0	54	2	MSG+XA	a471d56af431	8000x1,8001x1
M_H10000.BIN	c1	5	2540	2	0x1334	84	0	MSG+XA	72a13ea62837	8000x1,8001x2
M_H10000.BIN	c1	5	2540	3	0x1394	26	2	MSG+XA	02a308f05cc7	8000x1
M_H10000.BIN	c1	5	2540	4	0x13bc	46	2	MSG+XA	5316c16f00e5	8000x1,8001x1
M_H10000.BIN	c1	5	2540	5	0x13f8	52	0	MSG+XA	5a1654912772	8000x1,8001x1
M_H10000.BIN	c1	5	2540	6	0x1438	44	0	MSG+XA	1d816b506eb7	8000x1,8001x1
M_H10000.BIN	c1	6	2320	0	0x1574	122	2	MSG+XA	25e6fb25abb9	8000x1,8001x3,8002x1
M_H10000.BIN	c1	6	2320	1	0x15fc	70	2	MSG+XA	086051c210db	8000x1,8001x2
M_H10100.BIN	c1	1	840	0	0x6c4	50	2	MSG+XA	d0a4089940da	8000x1,8001x1
M_H10100.BIN	c1	1	840	1	0x704	26	2	MSG+XA	088ca473f435	8000x1
M_H10100.BIN	c1	1	840	2	0x72c	28	0	MSG+XA	ad291f5c1ead	8000x1
M_H10100.BIN	c1	1	840	3	0x754	118	2	MSG+XA	d7142ca32e44	8000x1,8001x3,8002x1
M_H10100.BIN	c1	1	840	4	0x7d8	42	2	MSG+XA	b8e4b571ba5b	8000x1,8001x1
M_H10100.BIN	c1	2	940	0	0x978	24	0	MSG+XA	6de0757ae538	8000x1
M_H10100.BIN	c1	2	940	1	0x99c	28	0	MSG+XA	d3d7f4c07e73	8000x1
M_H10100.BIN	c1	2	940	2	0x9c4	18	2	MSG+XA	691f95e50d59	8000x1
M_H10100.BIN	c1	2	940	3	0x9e4	18	2	MSG+XA	ac6a4bdd4a3c	8000x1
M_H10100.BIN	c1	2	940	4	0xa04	80	0	MSG+XA	c627a5bd8c77	8000x1,8001x2
M_H10100.BIN	c1	3	1440	0	0xbbc	50	2	MSG+XA	8bfbc7a559b5	8000x1,8001x1
M_H10100.BIN	c1	3	1440	1	0xbfc	20	0	MSG+XA	53a5c7cad4b5	8000x1
M_H10100.BIN	c1	3	1440	2	0xc1c	128	0	MSG+XA	9633bed7b9fa	8000x1,8001x3,8002x2
M_H10100.BIN	c1	3	1440	3	0xca8	54	2	MSG+XA	c8b46f5abbe5	8000x1,8001x1
M_H10100.BIN	c1	4	2340	0	0xebc	72	0	MSG+XA	866cb3434567	8000x1,8001x1,8002x1
M_H10100.BIN	c1	4	2340	1	0xf10	16	0	MSG+XA	e84e8b4d5841	8000x1
M_H10100.BIN	c1	4	2340	2	0xf2c	96	0	MSG+XA	d5c4eb97f715	8000x1,8001x2,8002x1
M_H10100.BIN	c1	4	2340	3	0xf98	104	0	MSG+XA	bd18687f82bb	8000x1,8001x2,8002x1
M_H10100.BIN	c1	4	2340	4	0x100c	128	0	MSG+XA	cc82b6f3e11d	8000x1,8001x3,8002x1
M_H10100.BIN	c1	5	2540	0	0x12a4	64	0	MSG+XA	c439590594e7	8000x1,8001x2
M_H10100.BIN	c1	5	2540	1	0x12f0	54	2	MSG+XA	a471d56af431	8000x1,8001x1
M_H10100.BIN	c1	5	2540	2	0x1334	84	0	MSG+XA	72a13ea62837	8000x1,8001x2
M_H10100.BIN	c1	5	2540	3	0x1394	26	2	MSG+XA	02a308f05cc7	8000x1
M_H10100.BIN	c1	5	2540	4	0x13bc	46	2	MSG+XA	5316c16f00e5	8000x1,8001x1
M_H10100.BIN	c1	5	2540	5	0x13f8	52	0	MSG+XA	5a1654912772	8000x1,8001x1
M_H10100.BIN	c1	5	2540	6	0x1438	44	0	MSG+XA	1d816b506eb7	8000x1,8001x1
M_H10100.BIN	c1	6	2320	0	0x1574	122	2	MSG+XA	25e6fb25abb9	8000x1,8001x3,8002x1
M_H10100.BIN	c1	6	2320	1	0x15fc	70	2	MSG+XA	086051c210db	8000x1,8001x2
M_H11000.BIN	c1	1	2120	0	0x488	40	0	MSG+XA	af82977fd867	8000x1,8001x1
M_H11000.BIN	c1	1	2120	1	0x4bc	18	2	MSG+XA	95f5e41600b8	8000x1
M_H11000.BIN	c1	1	2120	2	0x4dc	22	2	MSG+XA	4693ca169195	8000x1
M_H11000.BIN	c1	1	2120	3	0x500	30	2	MSG+XA	d24a601c5855	8000x1
M_H11200.BIN	c1	0	8029	1	0x2d0	22	2	MSG	f19f53491a99	8000x1
M_H12000.BIN	c1	0	3033	0	0x38c	172	0	MSG+XA	6270762501e5	8000x1,8001x4,8002x2
M_H12000.BIN	c1	0	3033	1	0x444	56	0	MSG+XA	9612e3ddec0e	8000x1,8001x1
M_H12100.BIN	c1	0	3033	0	0x38c	172	0	MSG+XA	6270762501e5	8000x1,8001x4,8002x2
M_H12100.BIN	c1	0	3033	1	0x444	56	0	MSG+XA	9612e3ddec0e	8000x1,8001x1
M_H13000.BIN	c1	0	814	0	0x4c8	100	0	MSG+XA	583111991924	8000x1,8001x2,8002x1
M_H13000.BIN	c1	0	814	1	0x538	44	0	MSG+XA	86ffdfa0eaa1	8000x1,8001x1
M_H13000.BIN	c1	2	8054	0	0x5fc	62	2	MSG	ca32fe3507dc	8000x1,8001x1
M_H13000.BIN	c1	3	8054	0	0x680	62	2	MSG	ca32fe3507dc	8000x1,8001x1
M_H13001.BIN	c1	0	2617	0	0x49c	30	2	MSG+XA	46e6e600161d	8000x1
M_H13001.BIN	c1	0	2617	1	0x4c8	26	2	MSG+XA	3dee7351b77b	8000x1
M_H13001.BIN	c1	0	2617	2	0x4f0	70	2	MSG+XA	7c98706540c6	8000x1,8001x2
M_H13001.BIN	c1	0	2617	3	0x544	66	2	MSG+XA	f77526303c12	8000x1,8001x2
M_H13002.BIN	c1	0	814	0	0x51c	100	0	MSG+XA	583111991924	8000x1,8001x2,8002x1
M_H13002.BIN	c1	0	814	1	0x58c	44	0	MSG+XA	86ffdfa0eaa1	8000x1,8001x1
M_H13002.BIN	c1	1	8054	0	0x5fc	62	2	MSG	ca32fe3507dc	8000x1,8001x1
M_H13002.BIN	c1	2	8054	0	0x680	62	2	MSG	ca32fe3507dc	8000x1,8001x1
M_H13003.BIN	c1	0	2614	0	0x528	44	0	MSG+XA	479247aa2247	8000x1,8001x1
M_H13003.BIN	c1	0	2614	1	0x560	72	0	MSG+XA	377728f955fe	8000x1,8001x2
M_H13003.BIN	c1	0	2614	2	0x5b4	40	0	MSG+XA	611169e79be1	8000x1,8001x1
M_H13003.BIN	c1	0	2614	3	0x5e8	156	0	MSG+XA	7ecdf9bfc648	8000x1,8001x4,8002x2
M_H13003.BIN	c1	0	2614	4	0x690	58	2	MSG+XA	1a4e38e855b5	8000x1,8001x1
M_H13003.BIN	c1	1	2623	0	0x7a4	64	0	MSG+XA	b7e5799e065d	8000x1,8001x2
M_H13003.BIN	c1	1	2623	1	0x7f0	46	2	MSG+XA	ba3e859d50d5	8000x1,8001x1
M_H13100.BIN	c1	0	814	0	0x45c	100	0	MSG+XA	583111991924	8000x1,8001x2,8002x1
M_H13100.BIN	c1	0	814	1	0x4cc	44	0	MSG+XA	86ffdfa0eaa1	8000x1,8001x1
M_H13100.BIN	c1	1	2617	0	0x638	30	2	MSG+XA	46e6e600161d	8000x1
M_H13100.BIN	c1	1	2617	1	0x664	26	2	MSG+XA	3dee7351b77b	8000x1
M_H13100.BIN	c1	1	2617	2	0x68c	70	2	MSG+XA	7c98706540c6	8000x1,8001x2
M_H13100.BIN	c1	1	2617	3	0x6e0	66	2	MSG+XA	f77526303c12	8000x1,8001x2
M_H13102.BIN	c1	0	814	0	0x494	100	0	MSG+XA	583111991924	8000x1,8001x2,8002x1
M_H13102.BIN	c1	0	814	1	0x504	44	0	MSG+XA	86ffdfa0eaa1	8000x1,8001x1
M_H13204.BIN	c1	0	2714	0	0x3f4	44	0	MSG+XA	9e7f5444ec18	8000x1,8001x1
M_H13204.BIN	c1	0	2714	1	0x42c	54	2	MSG+XA	912ec934c7aa	8000x1,8001x1
M_H13204.BIN	c1	1	4064	0	0x65c	34	2	MSG+XA	5add1e4be267	8000x1
M_H13204.BIN	c1	1	4064	2	0x698	30	2	MSG+XA	1b8b4c83ac58	8000x1
M_H13204.BIN	c1	1	4064	4	0x6d0	32	0	MSG+XA	d4430273f8de	8000x1
M_H13204.BIN	c1	1	4064	5	0x6fc	116	0	MSG+XA	b66a94dbcdd0	8000x1,8001x2,8002x1
M_H13204.BIN	c1	1	4064	6	0x77c	104	0	MSG+XA	c34b02b9aa47	8000x1,8001x2,8002x1
M_H13204.BIN	c1	1	4064	7	0x7f0	100	0	MSG+XA	3607eb6c4fa5	8000x1,8001x2,8002x1
M_H13204.BIN	c1	1	4064	8	0x860	96	0	MSG+XA	c6d5758438d5	8000x1,8001x2,8002x1
M_H13204.BIN	c1	1	4064	9	0x8cc	96	0	MSG+XA	ef4a3a050693	8000x1,8001x2,8002x1
M_H13204.BIN	c1	1	4064	10	0x938	88	0	MSG+XA	0525532366c9	8000x1,8001x1,8002x1
M_H13204.BIN	c1	1	4064	11	0x99c	112	0	MSG+XA	5d9a12b3de9f	8000x1,8001x2,8002x1
M_H13204.BIN	c1	1	4064	12	0xa18	114	2	MSG+XA	4cf87c5e7ae3	8000x1,8001x2,8002x1
M_H13204.BIN	c1	1	4064	13	0xa98	114	2	MSG+XA	276f497b4b4e	8000x1,8001x2,8002x1
M_H13204.BIN	c1	1	4064	14	0xb18	118	2	MSG+XA	475581395419	8000x1,8001x2,8002x1
M_H13204.BIN	c1	1	4064	15	0xb9c	108	0	MSG+XA	056700bdba85	8000x1,8001x2,8002x1
M_H13204.BIN	c1	1	4064	16	0xc14	110	2	MSG+XA	d08d89bfb03b	8000x1,8001x2,8002x1
M_H13204.BIN	c1	1	4064	17	0xc90	102	2	MSG+XA	be93625b06c4	8000x1,8001x2,8002x1
M_H15000.BIN	c1	0	8055	0	0x3bc	48	0	MSG	1c40928db8a0	8000x1,8001x1
M_H15000.BIN	c1	0	8055	1	0x3ec	46	2	MSG	4cb2d1232e7f	8000x1,8001x1
M_H15002.BIN	c1	0	8066	0	0x388	46	2	MSG	4cb2d1232e7f	8000x1,8001x1
M_H15003.BIN	c1	0	2615	0	0x488	42	2	MSG+XA	35561a2590ab	8000x1,8001x1
M_H15003.BIN	c1	0	2615	1	0x4c0	16	0	MSG+XA	af6d3ca192ea	8000x1
M_H15003.BIN	c1	0	2615	2	0x4dc	48	0	MSG+XA	3bf954b84e89	8000x1,8001x1
M_H15003.BIN	c1	0	2615	3	0x518	38	2	MSG+XA	2fa1c36c4492	8000x1,8001x1
M_H15003.BIN	c1	1	2616	0	0x680	120	0	MSG+XA	de00590df850	8000x1,8001x3,8002x1
M_H15003.BIN	c1	1	2616	1	0x704	50	2	MSG+XA	351584b67baa	8000x1,8001x1
M_H15003.BIN	c1	1	2616	2	0x744	80	0	MSG+XA	702afbdbbe4f	8000x1,8001x2
M_H15003.BIN	c1	2	2624	0	0x880	64	0	MSG+XA	b7e5799e065d	8000x1,8001x2
M_H15003.BIN	c1	2	2624	1	0x8cc	46	2	MSG+XA	ba3e859d50d5	8000x1,8001x1
M_H15003.BIN	c1	3	8066	0	0x940	46	2	MSG	4cb2d1232e7f	8000x1,8001x1
M_H15004.BIN	c1	0	8055	0	0x3c4	48	0	MSG	1c40928db8a0	8000x1,8001x1
M_H15004.BIN	c1	0	8055	1	0x3f4	46	2	MSG	4cb2d1232e7f	8000x1,8001x1
M_H15100.BIN	c1	0	2514	0	0x6c4	90	2	MSG+XA	d0ed347713db	8000x1,8001x2,8002x1
M_H15100.BIN	c1	0	2514	1	0x72c	308	0	MSG+XA	03239a9418b2	8000x1,8001x7,8002x4
M_H15100.BIN	c1	0	2514	2	0x86c	32	0	MSG+XA	8df78ac82e8e	8000x1
M_H15100.BIN	c1	0	2514	3	0x898	138	2	MSG+XA	01d0c63e3ff3	8000x1,8001x4,8002x1
M_H15100.BIN	c1	0	2514	4	0x930	28	0	MSG+XA	e23ee8950bf2	8000x1
M_H15100.BIN	c1	0	2514	5	0x958	154	2	MSG+XA	ccb5a635fa87	8000x1,8001x3,8002x2
M_H15100.BIN	c1	0	2514	6	0xa00	18	2	MSG+XA	3fe838300c93	8000x1
M_H15100.BIN	c1	0	2514	7	0xa20	68	0	MSG+XA	a8ccb51668c4	8000x1,8001x2
M_H15100.BIN	c1	0	2514	8	0xa70	22	2	MSG+XA	b4b391a926b9	8000x1
M_H15100.BIN	c1	0	2514	9	0xa94	158	2	MSG+XA	09fc7852d35a	8000x1,8001x4,8002x2
M_H15100.BIN	c1	0	2514	10	0xb40	32	0	MSG+XA	f18e06aa97b9	8000x1
M_H15100.BIN	c1	0	2514	11	0xb6c	44	0	MSG+XA	26d7aad0c481	8000x1,8001x1
M_H15100.BIN	c1	1	8055	0	0xc1c	48	0	MSG	1c40928db8a0	8000x1,8001x1
M_H15100.BIN	c1	1	8055	1	0xc4c	46	2	MSG	4cb2d1232e7f	8000x1,8001x1
M_H15101.BIN	c1	0	2514	0	0x6c4	90	2	MSG+XA	d0ed347713db	8000x1,8001x2,8002x1
M_H15101.BIN	c1	0	2514	1	0x72c	308	0	MSG+XA	03239a9418b2	8000x1,8001x7,8002x4
M_H15101.BIN	c1	0	2514	2	0x86c	32	0	MSG+XA	8df78ac82e8e	8000x1
M_H15101.BIN	c1	0	2514	3	0x898	138	2	MSG+XA	01d0c63e3ff3	8000x1,8001x4,8002x1
M_H15101.BIN	c1	0	2514	4	0x930	28	0	MSG+XA	e23ee8950bf2	8000x1
M_H15101.BIN	c1	0	2514	5	0x958	154	2	MSG+XA	ccb5a635fa87	8000x1,8001x3,8002x2
M_H15101.BIN	c1	0	2514	6	0xa00	18	2	MSG+XA	3fe838300c93	8000x1
M_H15101.BIN	c1	0	2514	7	0xa20	68	0	MSG+XA	a8ccb51668c4	8000x1,8001x2
M_H15101.BIN	c1	0	2514	8	0xa70	22	2	MSG+XA	b4b391a926b9	8000x1
M_H15101.BIN	c1	0	2514	9	0xa94	158	2	MSG+XA	09fc7852d35a	8000x1,8001x4,8002x2
M_H15101.BIN	c1	0	2514	10	0xb40	32	0	MSG+XA	f18e06aa97b9	8000x1
M_H15101.BIN	c1	0	2514	11	0xb6c	44	0	MSG+XA	26d7aad0c481	8000x1,8001x1
M_H15101.BIN	c1	1	8066	0	0xbdc	46	2	MSG	4cb2d1232e7f	8000x1,8001x1
M_H15104.BIN	c1	0	8055	0	0x39c	48	0	MSG	1c40928db8a0	8000x1,8001x1
M_H15104.BIN	c1	0	8055	1	0x3cc	46	2	MSG	4cb2d1232e7f	8000x1,8001x1
M_H15200.BIN	c1	0	8055	0	0x384	48	0	MSG	1c40928db8a0	8000x1,8001x1
M_H15200.BIN	c1	0	8055	1	0x3b4	46	2	MSG	4cb2d1232e7f	8000x1,8001x1
M_H15201.BIN	c1	0	2515	0	0x4c4	76	0	MSG+XA	f596cdf4575b	8000x1,8001x2
M_H15201.BIN	c1	0	2515	1	0x51c	142	2	MSG+XA	d083eaa4e665	8000x1,8001x3,8002x2
M_H15201.BIN	c1	0	2515	2	0x5b8	48	0	MSG+XA	929b169f2f4f	8000x1,8001x1
M_H15201.BIN	c1	0	2515	3	0x5f4	86	2	MSG+XA	c7353d3d4db4	8000x1,8001x1,8002x1
M_H15201.BIN	c1	0	2515	4	0x658	76	0	MSG+XA	f596cdf4575b	8000x1,8001x2
M_H15201.BIN	c1	0	2515	5	0x6a4	18	2	MSG	53511e3d7137	8000x1
M_H15201.BIN	c1	1	8066	0	0x6fc	46	2	MSG	4cb2d1232e7f	8000x1,8001x1
M_H16200.BIN	c1	0	2	0	0x3cc	44	0	MSG+XA	c306c1b327f2	8000x1,8001x1
M_H16200.BIN	c1	0	2	1	0x404	190	2	MSG+XA	2bfcb7ab8c76	8000x1,8001x4,8002x3
M_H16200.BIN	c1	0	2	2	0x4c4	32	0	SEL3.1	dd83d197915a	8001x3
M_H16200.BIN	c1	0	2	3	0x4f0	54	2	MSG+XA	a0f2665b3612	8000x1,8001x1
M_H16201.BIN	c1	0	2	0	0x3d4	44	0	MSG+XA	c306c1b327f2	8000x1,8001x1
M_H16201.BIN	c1	0	2	1	0x40c	190	2	MSG+XA	2bfcb7ab8c76	8000x1,8001x4,8002x3
M_H16201.BIN	c1	0	2	2	0x4cc	32	0	SEL3.1	dd83d197915a	8001x3
M_H16201.BIN	c1	0	2	3	0x4f8	54	2	MSG+XA	a0f2665b3612	8000x1,8001x1
M_H17000.BIN	c1	0	2520	0	0x520	214	2	MSG+XA	31ddb1544153	8000x1,8001x4,8002x3
M_H17000.BIN	c1	0	2520	1	0x604	56	0	MSG+XA	04517277458c	8000x1,8001x1
M_H17000.BIN	c1	0	2520	2	0x648	72	0	MSG+XA	0e9d04aa625c	8000x1,8001x2
M_H17000.BIN	c1	1	2640	0	0x84c	100	0	MSG+XA	fd985625b01f	8000x1,8001x2,8002x1
M_H17000.BIN	c1	1	2640	1	0x8bc	88	0	MSG+XA	07214fe44af5	8000x1,8001x2,8002x1
M_H17000.BIN	c1	1	2640	2	0x920	66	2	MSG+XA	38beeb854114	8000x1,8001x2
M_H17000.BIN	c1	1	2640	3	0x970	52	0	MSG+XA	1a67c5c85d51	8000x1,8001x1
M_H17000.BIN	c1	2	2740	0	0xa9c	76	0	MSG+XA	7551a14e7b69	8000x1,8001x2
M_H17000.BIN	c1	2	2740	1	0xaf4	98	2	MSG+XA	cc463a352fba	8000x1,8001x2,8002x1
M_H17000.BIN	c1	3	8015	0	0xbb8	52	0	MSG	6b382906c8bc	8000x1,8001x1
M_H17100.BIN	c1	0	2640	0	0x590	100	0	MSG+XA	fd985625b01f	8000x1,8001x2,8002x1
M_H17100.BIN	c1	0	2640	1	0x600	88	0	MSG+XA	07214fe44af5	8000x1,8001x2,8002x1
M_H17100.BIN	c1	0	2640	2	0x664	66	2	MSG+XA	38beeb854114	8000x1,8001x2
M_H17100.BIN	c1	0	2640	3	0x6b4	52	0	MSG+XA	1a67c5c85d51	8000x1,8001x1
M_H17100.BIN	c1	1	2740	0	0x7e0	76	0	MSG+XA	7551a14e7b69	8000x1,8001x2
M_H17100.BIN	c1	1	2740	1	0x838	98	2	MSG+XA	cc463a352fba	8000x1,8001x2,8002x1
M_H17100.BIN	c1	2	8015	0	0x8fc	52	0	MSG	6b382906c8bc	8000x1,8001x1
M_H17200.BIN	c1	0	8015	0	0x2cc	52	0	MSG	6b382906c8bc	8000x1,8001x1
M_H18000.BIN	c1	0	8016	0	0x2a8	50	2	MSG	3a65259776dc	8000x1,8001x1
M_H18001.BIN	c1	0	307	0	0x364	22	2	MSG	e32e1d61e171	8000x1
M_H18001.BIN	c1	1	8016	0	0x3e8	50	2	MSG	3a65259776dc	8000x1,8001x1
M_H18100.BIN	c1	0	8016	0	0x2a8	50	2	MSG	3a65259776dc	8000x1,8001x1
M_H18101.BIN	c1	0	307	0	0x364	22	2	MSG	e32e1d61e171	8000x1
M_H18101.BIN	c1	1	8016	0	0x3e8	50	2	MSG	3a65259776dc	8000x1,8001x1
M_H18200.BIN	c1	0	8016	0	0x2f8	50	2	MSG	3a65259776dc	8000x1,8001x1
M_H18201.BIN	c1	0	307	0	0x3b4	22	2	MSG	e32e1d61e171	8000x1
M_H18201.BIN	c1	1	8016	0	0x438	50	2	MSG	3a65259776dc	8000x1,8001x1
M_H19000.BIN	c1	1	8017	0	0x3f4	56	0	MSG	8837c8e70041	8000x1,8001x1
M_H19000.BIN	c1	2	8018	0	0x48c	28	0	MSG	78fd987f1d36	8000x1
M_H19001.BIN	c1	1	8017	0	0x428	56	0	MSG	8837c8e70041	8000x1,8001x1
M_H19001.BIN	c1	2	8018	0	0x4c0	28	0	MSG	78fd987f1d36	8000x1
M_H19002.BIN	c1	1	8017	0	0x3ec	56	0	MSG	8837c8e70041	8000x1,8001x1
M_H19002.BIN	c1	2	8018	0	0x484	28	0	MSG	78fd987f1d36	8000x1
M_H19003.BIN	c1	1	8017	0	0x41c	56	0	MSG	8837c8e70041	8000x1,8001x1
M_H19003.BIN	c1	2	8018	0	0x4b4	28	0	MSG	78fd987f1d36	8000x1
M_H19004.BIN	c1	1	8017	0	0x3f4	56	0	MSG	8837c8e70041	8000x1,8001x1
M_H19004.BIN	c1	2	8018	0	0x48c	28	0	MSG	78fd987f1d36	8000x1
M_H19005.BIN	c1	1	8017	0	0x428	56	0	MSG	8837c8e70041	8000x1,8001x1
M_H19005.BIN	c1	2	8018	0	0x4c0	28	0	MSG	78fd987f1d36	8000x1
M_H19100.BIN	c1	1	8017	0	0x3fc	56	0	MSG	8837c8e70041	8000x1,8001x1
M_H19100.BIN	c1	2	8018	0	0x494	28	0	MSG	78fd987f1d36	8000x1
M_H19102.BIN	c1	1	8017	0	0x3fc	56	0	MSG	8837c8e70041	8000x1,8001x1
M_H19102.BIN	c1	2	8018	0	0x494	28	0	MSG	78fd987f1d36	8000x1
M_H19104.BIN	c1	1	8017	0	0x3fc	56	0	MSG	8837c8e70041	8000x1,8001x1
M_H19104.BIN	c1	2	8018	0	0x494	28	0	MSG	78fd987f1d36	8000x1
M_H24000.BIN	c1	1	4054	0	0x378	18	2	MSG+XA	0c3318d79692	8000x1
M_H24100.BIN	c1	1	4054	0	0x380	18	2	MSG+XA	0c3318d79692	8000x1
M_H24200.BIN	c1	0	2907	0	0x434	24	0	MSG+XA	c5419b19ea2c	8000x1
M_H24200.BIN	c1	0	2907	1	0x458	24	0	MSG+XA	415fa4d77733	8000x1
M_H24200.BIN	c1	0	2907	2	0x47c	32	0	MSG+XA	58005bec5ff4	8000x1
M_H24200.BIN	c1	0	2907	3	0x4a8	16	0	MSG+XA	59436dac0197	8000x1
M_H25000.BIN	c1	0	8019	0	0x2a8	50	2	MSG	341aa427fc92	8000x1,8001x1
M_H25001.BIN	c1	0	808	0	0x318	20	0	MSG	e514c0dc1243	8000x1
M_H25001.BIN	c1	1	8019	0	0x384	50	2	MSG	341aa427fc92	8000x1,8001x1
M_H25100.BIN	c1	0	8019	0	0x2a8	50	2	MSG	341aa427fc92	8000x1,8001x1
M_H25101.BIN	c1	0	808	0	0x318	20	0	MSG	e514c0dc1243	8000x1
M_H25101.BIN	c1	1	8019	0	0x384	50	2	MSG	341aa427fc92	8000x1,8001x1
M_H25200.BIN	c1	0	8019	0	0x33c	50	2	MSG	341aa427fc92	8000x1,8001x1
M_H25201.BIN	c1	0	808	0	0x3ac	20	0	MSG	e514c0dc1243	8000x1
M_H25201.BIN	c1	1	8019	0	0x418	50	2	MSG	341aa427fc92	8000x1,8001x1
M_H26000.BIN	c1	0	3	0	0x3e8	16	0	MSG	f8aa1e95f0dd	8000x1
M_H26000.BIN	c1	0	3	1	0x404	190	2	MSG+XA	2de4245975d1	8000x1,8001x5,8002x2
M_H26000.BIN	c1	0	3	2	0x4d0	112	0	MSG+XA	a05eb5a67a0f	8000x1,8001x3,8002x1
M_H26000.BIN	c1	1	8020	0	0x5a0	52	0	MSG	095d47311c26	8000x1,8001x1
M_H26001.BIN	c1	0	3	0	0x3e4	16	0	MSG	f8aa1e95f0dd	8000x1
M_H26001.BIN	c1	0	3	1	0x400	190	2	MSG+XA	2de4245975d1	8000x1,8001x5,8002x2
M_H26001.BIN	c1	0	3	2	0x4cc	112	0	MSG+XA	a05eb5a67a0f	8000x1,8001x3,8002x1
M_H26001.BIN	c1	1	8020	0	0x59c	52	0	MSG	095d47311c26	8000x1,8001x1
M_H26002.BIN	c1	0	3	0	0x5c8	16	0	MSG	f8aa1e95f0dd	8000x1
M_H26002.BIN	c1	0	3	1	0x5e4	190	2	MSG+XA	2de4245975d1	8000x1,8001x5,8002x2
M_H26002.BIN	c1	0	3	2	0x6b0	112	0	MSG+XA	a05eb5a67a0f	8000x1,8001x3,8002x1
M_H26002.BIN	c1	1	8020	0	0x780	52	0	MSG	095d47311c26	8000x1,8001x1
M_H26002.BIN	c1	17	710	0	0x15d0	24	0	MSG+XA	dbfd04bbd61c	8000x1
M_H26002.BIN	c1	17	710	1	0x15f4	28	0	MSG+XA	02a50e54326d	8000x1
M_H26002.BIN	c1	17	710	2	0x161c	40	0	MSG+XA	078abcdcd383	8000x1,8001x1
M_H26002.BIN	c1	17	710	3	0x1650	80	0	MSG+XA	79a287fba3ff	8000x1,8001x2
M_H26002.BIN	c1	17	710	4	0x16ac	70	2	MSG+XA	0c79a38e1aa1	8000x1,8001x2
M_H26002.BIN	c1	17	710	5	0x1700	24	0	MSG+XA	42854cf2ff8d	8000x1
M_H26002.BIN	c1	17	710	6	0x1724	122	2	MSG+XA	904892322419	8000x1,8001x3,8002x1
M_H26002.BIN	c1	17	710	7	0x17ac	54	2	MSG+XA	8441e72bef9d	8000x1,8001x1
M_H26002.BIN	c1	17	710	8	0x17f0	148	0	MSG+XA	56e362c2de08	8000x1,8001x3,8002x2
M_H26002.BIN	c1	17	710	9	0x1890	84	0	MSG+XA	c7a5841642ed	8000x1,8001x2
M_H26002.BIN	c1	17	710	10	0x18f0	186	2	MSG+XA	7fa10921fb7e	8000x1,8001x4,8002x2
M_H26002.BIN	c1	17	710	11	0x19b8	118	2	MSG+XA	93c30a1ac8cb	8000x1,8001x3,8002x1
M_H26002.BIN	c1	17	710	12	0x1a3c	52	0	MSG+XA	2f0974d19897	8000x1,8001x1
M_H26002.BIN	c1	17	710	13	0x1a7c	136	0	MSG+XA	b0724c023648	8000x1,8001x3,8002x1
M_H26002.BIN	c1	17	710	14	0x1b10	144	0	MSG+XA	a727843baa5c	8000x1,8001x4,8002x1
M_H26002.BIN	c1	17	710	15	0x1bac	82	2	MSG+XA	68ed37ae4d7a	8000x1,8001x2
M_H26002.BIN	c1	17	710	16	0x1c0c	104	0	MSG+XA	e76853947d71	8000x1,8001x2,8002x1
M_H26002.BIN	c1	17	710	17	0x1c80	100	0	MSG+XA	0f9bb7fd4fc2	8000x1,8001x2,8002x1
M_H26002.BIN	c1	17	710	18	0x1cf0	100	0	MSG+XA	a8b1ccb11808	8000x1,8001x2,8002x1
M_H26002.BIN	c1	17	710	19	0x1d60	100	0	MSG+XA	aafde6dc2afa	8000x1,8001x2,8002x1
M_H26002.BIN	c1	17	710	20	0x1dd0	106	2	MSG+XA	3296bbe33cdf	8000x1,8001x2,8002x1
M_H26002.BIN	c1	17	710	21	0x1e48	104	0	MSG+XA	f9d009c7b932	8000x1,8001x2,8002x1
M_H26002.BIN	c1	17	710	22	0x1ebc	98	2	MSG+XA	8de2d0f485dc	8000x1,8001x2,8002x1
M_H26002.BIN	c1	17	710	23	0x1f2c	102	2	MSG+XA	e3afd8bb3b69	8000x1,8001x2,8002x1
M_H26002.BIN	c1	17	710	24	0x1fa0	118	2	MSG+XA	93c30a1ac8cb	8000x1,8001x3,8002x1
M_H26002.BIN	c1	17	710	25	0x2024	78	2	MSG+XA	9b7e5a721086	8000x1,8001x1,8002x1
M_H26002.BIN	c1	17	710	26	0x2080	34	2	MSG+XA	a375ebedd4f6	8000x1
M_H26002.BIN	c1	17	710	27	0x20b0	64	0	MSG+XA	9de34e536d04	8000x1,8001x2
M_H26002.BIN	c1	17	710	28	0x20fc	30	2	MSG+XA	cd89306b43aa	8000x1
M_H26002.BIN	c1	17	710	29	0x2128	106	2	MSG+XA	4be3aa5fae87	8000x1,8001x2,8002x1
M_H26002.BIN	c1	17	710	30	0x21a0	64	0	MSG+XA	11bea0c70fbd	8000x1,8001x1,8002x1
M_H26002.BIN	c1	17	710	31	0x21e0	22	2	MSG	8669ba26a8b6	8000x1
M_H26002.BIN	c1	17	710	32	0x21f8	24	0	MSG	9e5fb58a68da	8000x1
M_H26002.BIN	c1	17	710	33	0x2210	24	0	MSG	52d97cd8209c	8000x1
M_H26002.BIN	c1	17	710	34	0x2228	24	0	MSG	99bc3c1865a6	8000x1
M_H26002.BIN	c1	17	710	35	0x2240	30	2	MSG	4d4878c9791a	8000x1
M_H26002.BIN	c1	17	710	36	0x2260	28	0	MSG	c5c067b6e0f9	8000x1
M_H26002.BIN	c1	17	710	37	0x227c	22	2	MSG	3a72f32024e8	8000x1
M_H26002.BIN	c1	17	710	38	0x2294	26	2	MSG	d494c0fc2fb1	8000x1
M_H26003.BIN	c1	0	3	0	0x5c0	16	0	MSG	f8aa1e95f0dd	8000x1
M_H26003.BIN	c1	0	3	1	0x5dc	190	2	MSG+XA	2de4245975d1	8000x1,8001x5,8002x2
M_H26003.BIN	c1	0	3	2	0x6a8	112	0	MSG+XA	a05eb5a67a0f	8000x1,8001x3,8002x1
M_H26003.BIN	c1	1	8020	0	0x778	52	0	MSG	095d47311c26	8000x1,8001x1
M_H26003.BIN	c1	17	710	0	0x15c8	24	0	MSG+XA	dbfd04bbd61c	8000x1
M_H26003.BIN	c1	17	710	1	0x15ec	28	0	MSG+XA	02a50e54326d	8000x1
M_H26003.BIN	c1	17	710	2	0x1614	40	0	MSG+XA	078abcdcd383	8000x1,8001x1
M_H26003.BIN	c1	17	710	3	0x1648	80	0	MSG+XA	79a287fba3ff	8000x1,8001x2
M_H26003.BIN	c1	17	710	4	0x16a4	70	2	MSG+XA	0c79a38e1aa1	8000x1,8001x2
M_H26003.BIN	c1	17	710	5	0x16f8	24	0	MSG+XA	42854cf2ff8d	8000x1
M_H26003.BIN	c1	17	710	6	0x171c	122	2	MSG+XA	904892322419	8000x1,8001x3,8002x1
M_H26003.BIN	c1	17	710	7	0x17a4	54	2	MSG+XA	8441e72bef9d	8000x1,8001x1
M_H26003.BIN	c1	17	710	8	0x17e8	148	0	MSG+XA	56e362c2de08	8000x1,8001x3,8002x2
M_H26003.BIN	c1	17	710	9	0x1888	84	0	MSG+XA	c7a5841642ed	8000x1,8001x2
M_H26003.BIN	c1	17	710	10	0x18e8	186	2	MSG+XA	7fa10921fb7e	8000x1,8001x4,8002x2
M_H26003.BIN	c1	17	710	11	0x19b0	118	2	MSG+XA	93c30a1ac8cb	8000x1,8001x3,8002x1
M_H26003.BIN	c1	17	710	12	0x1a34	52	0	MSG+XA	2f0974d19897	8000x1,8001x1
M_H26003.BIN	c1	17	710	13	0x1a74	136	0	MSG+XA	b0724c023648	8000x1,8001x3,8002x1
M_H26003.BIN	c1	17	710	14	0x1b08	144	0	MSG+XA	a727843baa5c	8000x1,8001x4,8002x1
M_H26003.BIN	c1	17	710	15	0x1ba4	82	2	MSG+XA	68ed37ae4d7a	8000x1,8001x2
M_H26003.BIN	c1	17	710	16	0x1c04	104	0	MSG+XA	e76853947d71	8000x1,8001x2,8002x1
M_H26003.BIN	c1	17	710	17	0x1c78	100	0	MSG+XA	0f9bb7fd4fc2	8000x1,8001x2,8002x1
M_H26003.BIN	c1	17	710	18	0x1ce8	100	0	MSG+XA	a8b1ccb11808	8000x1,8001x2,8002x1
M_H26003.BIN	c1	17	710	19	0x1d58	100	0	MSG+XA	aafde6dc2afa	8000x1,8001x2,8002x1
M_H26003.BIN	c1	17	710	20	0x1dc8	106	2	MSG+XA	3296bbe33cdf	8000x1,8001x2,8002x1
M_H26003.BIN	c1	17	710	21	0x1e40	104	0	MSG+XA	f9d009c7b932	8000x1,8001x2,8002x1
M_H26003.BIN	c1	17	710	22	0x1eb4	98	2	MSG+XA	8de2d0f485dc	8000x1,8001x2,8002x1
M_H26003.BIN	c1	17	710	23	0x1f24	102	2	MSG+XA	e3afd8bb3b69	8000x1,8001x2,8002x1
M_H26003.BIN	c1	17	710	24	0x1f98	118	2	MSG+XA	93c30a1ac8cb	8000x1,8001x3,8002x1
M_H26003.BIN	c1	17	710	25	0x201c	78	2	MSG+XA	9b7e5a721086	8000x1,8001x1,8002x1
M_H26003.BIN	c1	17	710	26	0x2078	34	2	MSG+XA	a375ebedd4f6	8000x1
M_H26003.BIN	c1	17	710	27	0x20a8	64	0	MSG+XA	9de34e536d04	8000x1,8001x2
M_H26003.BIN	c1	17	710	28	0x20f4	30	2	MSG+XA	cd89306b43aa	8000x1
M_H26003.BIN	c1	17	710	29	0x2120	106	2	MSG+XA	4be3aa5fae87	8000x1,8001x2,8002x1
M_H26003.BIN	c1	17	710	30	0x2198	64	0	MSG+XA	11bea0c70fbd	8000x1,8001x1,8002x1
M_H26003.BIN	c1	17	710	31	0x21d8	22	2	MSG	8669ba26a8b6	8000x1
M_H26003.BIN	c1	17	710	32	0x21f0	24	0	MSG	9e5fb58a68da	8000x1
M_H26003.BIN	c1	17	710	33	0x2208	24	0	MSG	52d97cd8209c	8000x1
M_H26003.BIN	c1	17	710	34	0x2220	24	0	MSG	99bc3c1865a6	8000x1
M_H26003.BIN	c1	17	710	35	0x2238	30	2	MSG	4d4878c9791a	8000x1
M_H26003.BIN	c1	17	710	36	0x2258	28	0	MSG	c5c067b6e0f9	8000x1
M_H26003.BIN	c1	17	710	37	0x2274	22	2	MSG	3a72f32024e8	8000x1
M_H26003.BIN	c1	17	710	38	0x228c	26	2	MSG	d494c0fc2fb1	8000x1
M_H26004.BIN	c1	0	3	0	0x3e8	16	0	MSG	f8aa1e95f0dd	8000x1
M_H26004.BIN	c1	0	3	1	0x404	190	2	MSG+XA	2de4245975d1	8000x1,8001x5,8002x2
M_H26004.BIN	c1	0	3	2	0x4d0	112	0	MSG+XA	a05eb5a67a0f	8000x1,8001x3,8002x1
M_H26004.BIN	c1	1	8020	0	0x5a0	52	0	MSG	095d47311c26	8000x1,8001x1
M_H26005.BIN	c1	0	3	0	0x3e4	16	0	MSG	f8aa1e95f0dd	8000x1
M_H26005.BIN	c1	0	3	1	0x400	190	2	MSG+XA	2de4245975d1	8000x1,8001x5,8002x2
M_H26005.BIN	c1	0	3	2	0x4cc	112	0	MSG+XA	a05eb5a67a0f	8000x1,8001x3,8002x1
M_H26005.BIN	c1	1	8020	0	0x59c	52	0	MSG	095d47311c26	8000x1,8001x1
M_H26006.BIN	c1	0	3	0	0x5c0	16	0	MSG	f8aa1e95f0dd	8000x1
M_H26006.BIN	c1	0	3	1	0x5dc	190	2	MSG+XA	2de4245975d1	8000x1,8001x5,8002x2
M_H26006.BIN	c1	0	3	2	0x6a8	112	0	MSG+XA	a05eb5a67a0f	8000x1,8001x3,8002x1
M_H26006.BIN	c1	1	8020	0	0x778	52	0	MSG	095d47311c26	8000x1,8001x1
M_H26006.BIN	c1	17	710	0	0x15c8	24	0	MSG+XA	dbfd04bbd61c	8000x1
M_H26006.BIN	c1	17	710	1	0x15ec	28	0	MSG+XA	02a50e54326d	8000x1
M_H26006.BIN	c1	17	710	2	0x1614	40	0	MSG+XA	078abcdcd383	8000x1,8001x1
M_H26006.BIN	c1	17	710	3	0x1648	80	0	MSG+XA	79a287fba3ff	8000x1,8001x2
M_H26006.BIN	c1	17	710	4	0x16a4	70	2	MSG+XA	0c79a38e1aa1	8000x1,8001x2
M_H26006.BIN	c1	17	710	5	0x16f8	24	0	MSG+XA	42854cf2ff8d	8000x1
M_H26006.BIN	c1	17	710	6	0x171c	122	2	MSG+XA	904892322419	8000x1,8001x3,8002x1
M_H26006.BIN	c1	17	710	7	0x17a4	54	2	MSG+XA	8441e72bef9d	8000x1,8001x1
M_H26006.BIN	c1	17	710	8	0x17e8	148	0	MSG+XA	56e362c2de08	8000x1,8001x3,8002x2
M_H26006.BIN	c1	17	710	9	0x1888	84	0	MSG+XA	c7a5841642ed	8000x1,8001x2
M_H26006.BIN	c1	17	710	10	0x18e8	186	2	MSG+XA	7fa10921fb7e	8000x1,8001x4,8002x2
M_H26006.BIN	c1	17	710	11	0x19b0	118	2	MSG+XA	93c30a1ac8cb	8000x1,8001x3,8002x1
M_H26006.BIN	c1	17	710	12	0x1a34	52	0	MSG+XA	2f0974d19897	8000x1,8001x1
M_H26006.BIN	c1	17	710	13	0x1a74	136	0	MSG+XA	b0724c023648	8000x1,8001x3,8002x1
M_H26006.BIN	c1	17	710	14	0x1b08	144	0	MSG+XA	a727843baa5c	8000x1,8001x4,8002x1
M_H26006.BIN	c1	17	710	15	0x1ba4	82	2	MSG+XA	68ed37ae4d7a	8000x1,8001x2
M_H26006.BIN	c1	17	710	16	0x1c04	104	0	MSG+XA	e76853947d71	8000x1,8001x2,8002x1
M_H26006.BIN	c1	17	710	17	0x1c78	100	0	MSG+XA	0f9bb7fd4fc2	8000x1,8001x2,8002x1
M_H26006.BIN	c1	17	710	18	0x1ce8	100	0	MSG+XA	a8b1ccb11808	8000x1,8001x2,8002x1
M_H26006.BIN	c1	17	710	19	0x1d58	100	0	MSG+XA	aafde6dc2afa	8000x1,8001x2,8002x1
M_H26006.BIN	c1	17	710	20	0x1dc8	106	2	MSG+XA	3296bbe33cdf	8000x1,8001x2,8002x1
M_H26006.BIN	c1	17	710	21	0x1e40	104	0	MSG+XA	f9d009c7b932	8000x1,8001x2,8002x1
M_H26006.BIN	c1	17	710	22	0x1eb4	98	2	MSG+XA	8de2d0f485dc	8000x1,8001x2,8002x1
M_H26006.BIN	c1	17	710	23	0x1f24	102	2	MSG+XA	e3afd8bb3b69	8000x1,8001x2,8002x1
M_H26006.BIN	c1	17	710	24	0x1f98	118	2	MSG+XA	93c30a1ac8cb	8000x1,8001x3,8002x1
M_H26006.BIN	c1	17	710	25	0x201c	78	2	MSG+XA	9b7e5a721086	8000x1,8001x1,8002x1
M_H26006.BIN	c1	17	710	26	0x2078	34	2	MSG+XA	a375ebedd4f6	8000x1
M_H26006.BIN	c1	17	710	27	0x20a8	64	0	MSG+XA	9de34e536d04	8000x1,8001x2
M_H26006.BIN	c1	17	710	28	0x20f4	30	2	MSG+XA	cd89306b43aa	8000x1
M_H26006.BIN	c1	17	710	29	0x2120	106	2	MSG+XA	4be3aa5fae87	8000x1,8001x2,8002x1
M_H26006.BIN	c1	17	710	30	0x2198	64	0	MSG+XA	11bea0c70fbd	8000x1,8001x1,8002x1
M_H26006.BIN	c1	17	710	31	0x21d8	22	2	MSG	8669ba26a8b6	8000x1
M_H26006.BIN	c1	17	710	32	0x21f0	24	0	MSG	9e5fb58a68da	8000x1
M_H26006.BIN	c1	17	710	33	0x2208	24	0	MSG	52d97cd8209c	8000x1
M_H26006.BIN	c1	17	710	34	0x2220	24	0	MSG	99bc3c1865a6	8000x1
M_H26006.BIN	c1	17	710	35	0x2238	30	2	MSG	4d4878c9791a	8000x1
M_H26006.BIN	c1	17	710	36	0x2258	28	0	MSG	c5c067b6e0f9	8000x1
M_H26006.BIN	c1	17	710	37	0x2274	22	2	MSG	3a72f32024e8	8000x1
M_H26006.BIN	c1	17	710	38	0x228c	26	2	MSG	d494c0fc2fb1	8000x1
M_H26007.BIN	c1	0	3	0	0x5b8	16	0	MSG	f8aa1e95f0dd	8000x1
M_H26007.BIN	c1	0	3	1	0x5d4	190	2	MSG+XA	2de4245975d1	8000x1,8001x5,8002x2
M_H26007.BIN	c1	0	3	2	0x6a0	112	0	MSG+XA	a05eb5a67a0f	8000x1,8001x3,8002x1
M_H26007.BIN	c1	1	8020	0	0x770	52	0	MSG	095d47311c26	8000x1,8001x1
M_H26007.BIN	c1	17	710	0	0x15c0	24	0	MSG+XA	dbfd04bbd61c	8000x1
M_H26007.BIN	c1	17	710	1	0x15e4	28	0	MSG+XA	02a50e54326d	8000x1
M_H26007.BIN	c1	17	710	2	0x160c	40	0	MSG+XA	078abcdcd383	8000x1,8001x1
M_H26007.BIN	c1	17	710	3	0x1640	80	0	MSG+XA	79a287fba3ff	8000x1,8001x2
M_H26007.BIN	c1	17	710	4	0x169c	70	2	MSG+XA	0c79a38e1aa1	8000x1,8001x2
M_H26007.BIN	c1	17	710	5	0x16f0	24	0	MSG+XA	42854cf2ff8d	8000x1
M_H26007.BIN	c1	17	710	6	0x1714	122	2	MSG+XA	904892322419	8000x1,8001x3,8002x1
M_H26007.BIN	c1	17	710	7	0x179c	54	2	MSG+XA	8441e72bef9d	8000x1,8001x1
M_H26007.BIN	c1	17	710	8	0x17e0	148	0	MSG+XA	56e362c2de08	8000x1,8001x3,8002x2
M_H26007.BIN	c1	17	710	9	0x1880	84	0	MSG+XA	c7a5841642ed	8000x1,8001x2
M_H26007.BIN	c1	17	710	10	0x18e0	186	2	MSG+XA	7fa10921fb7e	8000x1,8001x4,8002x2
M_H26007.BIN	c1	17	710	11	0x19a8	118	2	MSG+XA	93c30a1ac8cb	8000x1,8001x3,8002x1
M_H26007.BIN	c1	17	710	12	0x1a2c	52	0	MSG+XA	2f0974d19897	8000x1,8001x1
M_H26007.BIN	c1	17	710	13	0x1a6c	136	0	MSG+XA	b0724c023648	8000x1,8001x3,8002x1
M_H26007.BIN	c1	17	710	14	0x1b00	144	0	MSG+XA	a727843baa5c	8000x1,8001x4,8002x1
M_H26007.BIN	c1	17	710	15	0x1b9c	82	2	MSG+XA	68ed37ae4d7a	8000x1,8001x2
M_H26007.BIN	c1	17	710	16	0x1bfc	104	0	MSG+XA	e76853947d71	8000x1,8001x2,8002x1
M_H26007.BIN	c1	17	710	17	0x1c70	100	0	MSG+XA	0f9bb7fd4fc2	8000x1,8001x2,8002x1
M_H26007.BIN	c1	17	710	18	0x1ce0	100	0	MSG+XA	a8b1ccb11808	8000x1,8001x2,8002x1
M_H26007.BIN	c1	17	710	19	0x1d50	100	0	MSG+XA	aafde6dc2afa	8000x1,8001x2,8002x1
M_H26007.BIN	c1	17	710	20	0x1dc0	106	2	MSG+XA	3296bbe33cdf	8000x1,8001x2,8002x1
M_H26007.BIN	c1	17	710	21	0x1e38	104	0	MSG+XA	f9d009c7b932	8000x1,8001x2,8002x1
M_H26007.BIN	c1	17	710	22	0x1eac	98	2	MSG+XA	8de2d0f485dc	8000x1,8001x2,8002x1
M_H26007.BIN	c1	17	710	23	0x1f1c	102	2	MSG+XA	e3afd8bb3b69	8000x1,8001x2,8002x1
M_H26007.BIN	c1	17	710	24	0x1f90	118	2	MSG+XA	93c30a1ac8cb	8000x1,8001x3,8002x1
M_H26007.BIN	c1	17	710	25	0x2014	78	2	MSG+XA	9b7e5a721086	8000x1,8001x1,8002x1
M_H26007.BIN	c1	17	710	26	0x2070	34	2	MSG+XA	a375ebedd4f6	8000x1
M_H26007.BIN	c1	17	710	27	0x20a0	64	0	MSG+XA	9de34e536d04	8000x1,8001x2
M_H26007.BIN	c1	17	710	28	0x20ec	30	2	MSG+XA	cd89306b43aa	8000x1
M_H26007.BIN	c1	17	710	29	0x2118	106	2	MSG+XA	4be3aa5fae87	8000x1,8001x2,8002x1
M_H26007.BIN	c1	17	710	30	0x2190	64	0	MSG+XA	11bea0c70fbd	8000x1,8001x1,8002x1
M_H26007.BIN	c1	17	710	31	0x21d0	22	2	MSG	8669ba26a8b6	8000x1
M_H26007.BIN	c1	17	710	32	0x21e8	24	0	MSG	9e5fb58a68da	8000x1
M_H26007.BIN	c1	17	710	33	0x2200	24	0	MSG	52d97cd8209c	8000x1
M_H26007.BIN	c1	17	710	34	0x2218	24	0	MSG	99bc3c1865a6	8000x1
M_H26007.BIN	c1	17	710	35	0x2230	30	2	MSG	4d4878c9791a	8000x1
M_H26007.BIN	c1	17	710	36	0x2250	28	0	MSG	c5c067b6e0f9	8000x1
M_H26007.BIN	c1	17	710	37	0x226c	22	2	MSG	3a72f32024e8	8000x1
M_H26007.BIN	c1	17	710	38	0x2284	26	2	MSG	d494c0fc2fb1	8000x1
M_H26008.BIN	c1	0	3	0	0x3e8	16	0	MSG	f8aa1e95f0dd	8000x1
M_H26008.BIN	c1	0	3	1	0x404	190	2	MSG+XA	2de4245975d1	8000x1,8001x5,8002x2
M_H26008.BIN	c1	0	3	2	0x4d0	112	0	MSG+XA	a05eb5a67a0f	8000x1,8001x3,8002x1
M_H26008.BIN	c1	1	8020	0	0x5a0	52	0	MSG	095d47311c26	8000x1,8001x1
M_H26009.BIN	c1	0	3	0	0x3e4	16	0	MSG	f8aa1e95f0dd	8000x1
M_H26009.BIN	c1	0	3	1	0x400	190	2	MSG+XA	2de4245975d1	8000x1,8001x5,8002x2
M_H26009.BIN	c1	0	3	2	0x4cc	112	0	MSG+XA	a05eb5a67a0f	8000x1,8001x3,8002x1
M_H26009.BIN	c1	1	8020	0	0x59c	52	0	MSG	095d47311c26	8000x1,8001x1
M_H26010.BIN	c1	0	3	0	0x5c8	16	0	MSG	f8aa1e95f0dd	8000x1
M_H26010.BIN	c1	0	3	1	0x5e4	190	2	MSG+XA	2de4245975d1	8000x1,8001x5,8002x2
M_H26010.BIN	c1	0	3	2	0x6b0	112	0	MSG+XA	a05eb5a67a0f	8000x1,8001x3,8002x1
M_H26010.BIN	c1	1	8020	0	0x780	52	0	MSG	095d47311c26	8000x1,8001x1
M_H26010.BIN	c1	17	710	0	0x15d0	24	0	MSG+XA	dbfd04bbd61c	8000x1
M_H26010.BIN	c1	17	710	1	0x15f4	28	0	MSG+XA	02a50e54326d	8000x1
M_H26010.BIN	c1	17	710	2	0x161c	40	0	MSG+XA	078abcdcd383	8000x1,8001x1
M_H26010.BIN	c1	17	710	3	0x1650	80	0	MSG+XA	79a287fba3ff	8000x1,8001x2
M_H26010.BIN	c1	17	710	4	0x16ac	70	2	MSG+XA	0c79a38e1aa1	8000x1,8001x2
M_H26010.BIN	c1	17	710	5	0x1700	24	0	MSG+XA	42854cf2ff8d	8000x1
M_H26010.BIN	c1	17	710	6	0x1724	122	2	MSG+XA	904892322419	8000x1,8001x3,8002x1
M_H26010.BIN	c1	17	710	7	0x17ac	54	2	MSG+XA	8441e72bef9d	8000x1,8001x1
M_H26010.BIN	c1	17	710	8	0x17f0	148	0	MSG+XA	56e362c2de08	8000x1,8001x3,8002x2
M_H26010.BIN	c1	17	710	9	0x1890	84	0	MSG+XA	c7a5841642ed	8000x1,8001x2
M_H26010.BIN	c1	17	710	10	0x18f0	186	2	MSG+XA	7fa10921fb7e	8000x1,8001x4,8002x2
M_H26010.BIN	c1	17	710	11	0x19b8	118	2	MSG+XA	93c30a1ac8cb	8000x1,8001x3,8002x1
M_H26010.BIN	c1	17	710	12	0x1a3c	52	0	MSG+XA	2f0974d19897	8000x1,8001x1
M_H26010.BIN	c1	17	710	13	0x1a7c	136	0	MSG+XA	b0724c023648	8000x1,8001x3,8002x1
M_H26010.BIN	c1	17	710	14	0x1b10	144	0	MSG+XA	a727843baa5c	8000x1,8001x4,8002x1
M_H26010.BIN	c1	17	710	15	0x1bac	82	2	MSG+XA	68ed37ae4d7a	8000x1,8001x2
M_H26010.BIN	c1	17	710	16	0x1c0c	104	0	MSG+XA	e76853947d71	8000x1,8001x2,8002x1
M_H26010.BIN	c1	17	710	17	0x1c80	100	0	MSG+XA	0f9bb7fd4fc2	8000x1,8001x2,8002x1
M_H26010.BIN	c1	17	710	18	0x1cf0	100	0	MSG+XA	a8b1ccb11808	8000x1,8001x2,8002x1
M_H26010.BIN	c1	17	710	19	0x1d60	100	0	MSG+XA	aafde6dc2afa	8000x1,8001x2,8002x1
M_H26010.BIN	c1	17	710	20	0x1dd0	106	2	MSG+XA	3296bbe33cdf	8000x1,8001x2,8002x1
M_H26010.BIN	c1	17	710	21	0x1e48	104	0	MSG+XA	f9d009c7b932	8000x1,8001x2,8002x1
M_H26010.BIN	c1	17	710	22	0x1ebc	98	2	MSG+XA	8de2d0f485dc	8000x1,8001x2,8002x1
M_H26010.BIN	c1	17	710	23	0x1f2c	102	2	MSG+XA	e3afd8bb3b69	8000x1,8001x2,8002x1
M_H26010.BIN	c1	17	710	24	0x1fa0	118	2	MSG+XA	93c30a1ac8cb	8000x1,8001x3,8002x1
M_H26010.BIN	c1	17	710	25	0x2024	78	2	MSG+XA	9b7e5a721086	8000x1,8001x1,8002x1
M_H26010.BIN	c1	17	710	26	0x2080	34	2	MSG+XA	a375ebedd4f6	8000x1
M_H26010.BIN	c1	17	710	27	0x20b0	64	0	MSG+XA	9de34e536d04	8000x1,8001x2
M_H26010.BIN	c1	17	710	28	0x20fc	30	2	MSG+XA	cd89306b43aa	8000x1
M_H26010.BIN	c1	17	710	29	0x2128	106	2	MSG+XA	4be3aa5fae87	8000x1,8001x2,8002x1
M_H26010.BIN	c1	17	710	30	0x21a0	64	0	MSG+XA	11bea0c70fbd	8000x1,8001x1,8002x1
M_H26010.BIN	c1	17	710	31	0x21e0	22	2	MSG	8669ba26a8b6	8000x1
M_H26010.BIN	c1	17	710	32	0x21f8	24	0	MSG	9e5fb58a68da	8000x1
M_H26010.BIN	c1	17	710	33	0x2210	24	0	MSG	52d97cd8209c	8000x1
M_H26010.BIN	c1	17	710	34	0x2228	24	0	MSG	99bc3c1865a6	8000x1
M_H26010.BIN	c1	17	710	35	0x2240	30	2	MSG	4d4878c9791a	8000x1
M_H26010.BIN	c1	17	710	36	0x2260	28	0	MSG	c5c067b6e0f9	8000x1
M_H26010.BIN	c1	17	710	37	0x227c	22	2	MSG	3a72f32024e8	8000x1
M_H26010.BIN	c1	17	710	38	0x2294	26	2	MSG	d494c0fc2fb1	8000x1
M_H26011.BIN	c1	0	3	0	0x5c0	16	0	MSG	f8aa1e95f0dd	8000x1
M_H26011.BIN	c1	0	3	1	0x5dc	190	2	MSG+XA	2de4245975d1	8000x1,8001x5,8002x2
M_H26011.BIN	c1	0	3	2	0x6a8	112	0	MSG+XA	a05eb5a67a0f	8000x1,8001x3,8002x1
M_H26011.BIN	c1	1	8020	0	0x778	52	0	MSG	095d47311c26	8000x1,8001x1
M_H26011.BIN	c1	17	710	0	0x15c8	24	0	MSG+XA	dbfd04bbd61c	8000x1
M_H26011.BIN	c1	17	710	1	0x15ec	28	0	MSG+XA	02a50e54326d	8000x1
M_H26011.BIN	c1	17	710	2	0x1614	40	0	MSG+XA	078abcdcd383	8000x1,8001x1
M_H26011.BIN	c1	17	710	3	0x1648	80	0	MSG+XA	79a287fba3ff	8000x1,8001x2
M_H26011.BIN	c1	17	710	4	0x16a4	70	2	MSG+XA	0c79a38e1aa1	8000x1,8001x2
M_H26011.BIN	c1	17	710	5	0x16f8	24	0	MSG+XA	42854cf2ff8d	8000x1
M_H26011.BIN	c1	17	710	6	0x171c	122	2	MSG+XA	904892322419	8000x1,8001x3,8002x1
M_H26011.BIN	c1	17	710	7	0x17a4	54	2	MSG+XA	8441e72bef9d	8000x1,8001x1
M_H26011.BIN	c1	17	710	8	0x17e8	148	0	MSG+XA	56e362c2de08	8000x1,8001x3,8002x2
M_H26011.BIN	c1	17	710	9	0x1888	84	0	MSG+XA	c7a5841642ed	8000x1,8001x2
M_H26011.BIN	c1	17	710	10	0x18e8	186	2	MSG+XA	7fa10921fb7e	8000x1,8001x4,8002x2
M_H26011.BIN	c1	17	710	11	0x19b0	118	2	MSG+XA	93c30a1ac8cb	8000x1,8001x3,8002x1
M_H26011.BIN	c1	17	710	12	0x1a34	52	0	MSG+XA	2f0974d19897	8000x1,8001x1
M_H26011.BIN	c1	17	710	13	0x1a74	136	0	MSG+XA	b0724c023648	8000x1,8001x3,8002x1
M_H26011.BIN	c1	17	710	14	0x1b08	144	0	MSG+XA	a727843baa5c	8000x1,8001x4,8002x1
M_H26011.BIN	c1	17	710	15	0x1ba4	82	2	MSG+XA	68ed37ae4d7a	8000x1,8001x2
M_H26011.BIN	c1	17	710	16	0x1c04	104	0	MSG+XA	e76853947d71	8000x1,8001x2,8002x1
M_H26011.BIN	c1	17	710	17	0x1c78	100	0	MSG+XA	0f9bb7fd4fc2	8000x1,8001x2,8002x1
M_H26011.BIN	c1	17	710	18	0x1ce8	100	0	MSG+XA	a8b1ccb11808	8000x1,8001x2,8002x1
M_H26011.BIN	c1	17	710	19	0x1d58	100	0	MSG+XA	aafde6dc2afa	8000x1,8001x2,8002x1
M_H26011.BIN	c1	17	710	20	0x1dc8	106	2	MSG+XA	3296bbe33cdf	8000x1,8001x2,8002x1
M_H26011.BIN	c1	17	710	21	0x1e40	104	0	MSG+XA	f9d009c7b932	8000x1,8001x2,8002x1
M_H26011.BIN	c1	17	710	22	0x1eb4	98	2	MSG+XA	8de2d0f485dc	8000x1,8001x2,8002x1
M_H26011.BIN	c1	17	710	23	0x1f24	102	2	MSG+XA	e3afd8bb3b69	8000x1,8001x2,8002x1
M_H26011.BIN	c1	17	710	24	0x1f98	118	2	MSG+XA	93c30a1ac8cb	8000x1,8001x3,8002x1
M_H26011.BIN	c1	17	710	25	0x201c	78	2	MSG+XA	9b7e5a721086	8000x1,8001x1,8002x1
M_H26011.BIN	c1	17	710	26	0x2078	34	2	MSG+XA	a375ebedd4f6	8000x1
M_H26011.BIN	c1	17	710	27	0x20a8	64	0	MSG+XA	9de34e536d04	8000x1,8001x2
M_H26011.BIN	c1	17	710	28	0x20f4	30	2	MSG+XA	cd89306b43aa	8000x1
M_H26011.BIN	c1	17	710	29	0x2120	106	2	MSG+XA	4be3aa5fae87	8000x1,8001x2,8002x1
M_H26011.BIN	c1	17	710	30	0x2198	64	0	MSG+XA	11bea0c70fbd	8000x1,8001x1,8002x1
M_H26011.BIN	c1	17	710	31	0x21d8	22	2	MSG	8669ba26a8b6	8000x1
M_H26011.BIN	c1	17	710	32	0x21f0	24	0	MSG	9e5fb58a68da	8000x1
M_H26011.BIN	c1	17	710	33	0x2208	24	0	MSG	52d97cd8209c	8000x1
M_H26011.BIN	c1	17	710	34	0x2220	24	0	MSG	99bc3c1865a6	8000x1
M_H26011.BIN	c1	17	710	35	0x2238	30	2	MSG	4d4878c9791a	8000x1
M_H26011.BIN	c1	17	710	36	0x2258	28	0	MSG	c5c067b6e0f9	8000x1
M_H26011.BIN	c1	17	710	37	0x2274	22	2	MSG	3a72f32024e8	8000x1
M_H26011.BIN	c1	17	710	38	0x228c	26	2	MSG	d494c0fc2fb1	8000x1
M_H26100.BIN	c1	0	3	0	0x3e8	16	0	MSG	f8aa1e95f0dd	8000x1
M_H26100.BIN	c1	0	3	1	0x404	190	2	MSG+XA	2de4245975d1	8000x1,8001x5,8002x2
M_H26100.BIN	c1	0	3	2	0x4d0	112	0	MSG+XA	a05eb5a67a0f	8000x1,8001x3,8002x1
M_H26100.BIN	c1	1	8020	0	0x5a0	52	0	MSG	095d47311c26	8000x1,8001x1
M_H26101.BIN	c1	0	3	0	0x3e4	16	0	MSG	f8aa1e95f0dd	8000x1
M_H26101.BIN	c1	0	3	1	0x400	190	2	MSG+XA	2de4245975d1	8000x1,8001x5,8002x2
M_H26101.BIN	c1	0	3	2	0x4cc	112	0	MSG+XA	a05eb5a67a0f	8000x1,8001x3,8002x1
M_H26101.BIN	c1	1	8020	0	0x59c	52	0	MSG	095d47311c26	8000x1,8001x1
M_H26104.BIN	c1	0	3	0	0x3f0	16	0	MSG	f8aa1e95f0dd	8000x1
M_H26104.BIN	c1	0	3	1	0x40c	190	2	MSG+XA	2de4245975d1	8000x1,8001x5,8002x2
M_H26104.BIN	c1	0	3	2	0x4d8	112	0	MSG+XA	a05eb5a67a0f	8000x1,8001x3,8002x1
M_H26104.BIN	c1	1	8020	0	0x5a8	52	0	MSG	095d47311c26	8000x1,8001x1
M_H26105.BIN	c1	0	3	0	0x3e8	16	0	MSG	f8aa1e95f0dd	8000x1
M_H26105.BIN	c1	0	3	1	0x404	190	2	MSG+XA	2de4245975d1	8000x1,8001x5,8002x2
M_H26105.BIN	c1	0	3	2	0x4d0	112	0	MSG+XA	a05eb5a67a0f	8000x1,8001x3,8002x1
M_H26105.BIN	c1	1	8020	0	0x5a0	52	0	MSG	095d47311c26	8000x1,8001x1
M_H26108.BIN	c1	0	3	0	0x3e8	16	0	MSG	f8aa1e95f0dd	8000x1
M_H26108.BIN	c1	0	3	1	0x404	190	2	MSG+XA	2de4245975d1	8000x1,8001x5,8002x2
M_H26108.BIN	c1	0	3	2	0x4d0	112	0	MSG+XA	a05eb5a67a0f	8000x1,8001x3,8002x1
M_H26108.BIN	c1	1	8020	0	0x5a0	52	0	MSG	095d47311c26	8000x1,8001x1
M_H26109.BIN	c1	0	3	0	0x3e4	16	0	MSG	f8aa1e95f0dd	8000x1
M_H26109.BIN	c1	0	3	1	0x400	190	2	MSG+XA	2de4245975d1	8000x1,8001x5,8002x2
M_H26109.BIN	c1	0	3	2	0x4cc	112	0	MSG+XA	a05eb5a67a0f	8000x1,8001x3,8002x1
M_H26109.BIN	c1	1	8020	0	0x59c	52	0	MSG	095d47311c26	8000x1,8001x1
M_I01000.BIN	c1	0	1005	0	0x31c	54	2	MSG+XA	9573b59f237c	8000x1,8001x1
M_I01000.BIN	c1	0	1005	1	0x360	38	2	MSG+XA	e1c5ee1cef9d	8000x1,8001x1
M_I01000.BIN	c1	0	1005	2	0x394	70	2	MSG+XA	e6752c3ac3e3	8000x1,8001x1,8002x1
M_I01000.BIN	c1	0	1005	3	0x3e8	48	0	MSG+XA	fafc571dbb5f	8000x1,8001x1
M_I03000.BIN	c1	0	1305	0	0x1bc	24	0	MSG+XA	7fda930d548e	8000x1
M_I03000.BIN	c1	1	1805	0	0x388	86	2	MSG+XA	50b249c2a560	8000x1,8001x2,8002x1
M_I03000.BIN	c1	1	1805	1	0x3ec	156	0	MSG+XA	8df91236ebf6	8000x1,8001x3,8002x2
M_I03200.BIN	c1	0	1305	0	0x1bc	24	0	MSG+XA	7fda930d548e	8000x1
M_I03200.BIN	c1	1	1805	0	0x388	86	2	MSG+XA	50b249c2a560	8000x1,8001x2,8002x1
M_I03200.BIN	c1	1	1805	1	0x3ec	156	0	MSG+XA	8df91236ebf6	8000x1,8001x3,8002x2
M_I04000.BIN	c1	0	255	0	0x30c	24	0	MSG+XA	43cc30cfde9d	8000x1
M_I04000.BIN	c1	0	255	1	0x330	64	0	MSG+XA	220b922670cc	8000x1,8001x2
M_I06000.BIN	c1	0	406	0	0x5b4	30	2	MSG+XA	e064223594ac	8000x1
M_I06000.BIN	c1	0	406	1	0x5e0	48	0	MSG+XA	093bee00582f	8000x1,8001x1
M_I06000.BIN	c1	0	406	2	0x61c	270	2	MSG+XA	5c1bccd7ed6d	8000x1,8001x6,8002x4
M_I06000.BIN	c1	0	406	3	0x738	52	0	MSG+XA	4859d278f605	8000x1,8001x1
M_I06000.BIN	c1	0	406	4	0x778	12	0	MSG+XA	1b6df8e2cb28	8000x1
M_I06000.BIN	c1	0	406	5	0x790	218	2	MSG+XA	749e7e9d4162	8000x1,8001x6,8002x2
M_I06000.BIN	c1	0	406	6	0x878	72	0	MSG+XA	82da86e4f369	8000x1,8001x1,8002x1
M_I06000.BIN	c1	0	406	7	0x8cc	38	2	MSG+XA	83379c1b48cf	8000x1,8001x1
M_I06000.BIN	c1	0	406	8	0x900	32	0	MSG+XA	78a38f41f08b	8000x1
M_I06000.BIN	c1	0	406	9	0x92c	44	0	MSG+XA	dc9d9533ec65	8000x1,8001x1
M_I06000.BIN	c1	0	406	10	0x964	72	0	MSG+XA	2e602e4870ef	8000x1,8001x2
M_I06000.BIN	c1	0	406	11	0x9b8	56	0	MSG+XA	55c9ae7b1fc1	8000x1,8001x1
M_I06000.BIN	c1	0	406	12	0x9fc	30	2	MSG+XA	57ca44933fcf	8000x1
M_I06000.BIN	c1	0	406	13	0xa28	12	0	MSG+XA	1b6df8e2cb28	8000x1
M_I06000.BIN	c1	0	406	14	0xa40	44	0	MSG+XA	3d8afaf877d8	8000x1,8001x1
M_I06001.BIN	c1	0	406	0	0x5b4	30	2	MSG+XA	e064223594ac	8000x1
M_I06001.BIN	c1	0	406	1	0x5e0	48	0	MSG+XA	093bee00582f	8000x1,8001x1
M_I06001.BIN	c1	0	406	2	0x61c	270	2	MSG+XA	5c1bccd7ed6d	8000x1,8001x6,8002x4
M_I06001.BIN	c1	0	406	3	0x738	52	0	MSG+XA	4859d278f605	8000x1,8001x1
M_I06001.BIN	c1	0	406	4	0x778	12	0	MSG+XA	1b6df8e2cb28	8000x1
M_I06001.BIN	c1	0	406	5	0x790	218	2	MSG+XA	749e7e9d4162	8000x1,8001x6,8002x2
M_I06001.BIN	c1	0	406	6	0x878	72	0	MSG+XA	82da86e4f369	8000x1,8001x1,8002x1
M_I06001.BIN	c1	0	406	7	0x8cc	38	2	MSG+XA	83379c1b48cf	8000x1,8001x1
M_I06001.BIN	c1	0	406	8	0x900	32	0	MSG+XA	78a38f41f08b	8000x1
M_I06001.BIN	c1	0	406	9	0x92c	44	0	MSG+XA	dc9d9533ec65	8000x1,8001x1
M_I06001.BIN	c1	0	406	10	0x964	72	0	MSG+XA	2e602e4870ef	8000x1,8001x2
M_I06001.BIN	c1	0	406	11	0x9b8	56	0	MSG+XA	55c9ae7b1fc1	8000x1,8001x1
M_I06001.BIN	c1	0	406	12	0x9fc	30	2	MSG+XA	57ca44933fcf	8000x1
M_I06001.BIN	c1	0	406	13	0xa28	12	0	MSG+XA	1b6df8e2cb28	8000x1
M_I06001.BIN	c1	0	406	14	0xa40	44	0	MSG+XA	3d8afaf877d8	8000x1,8001x1
M_I06002.BIN	c1	0	406	0	0x5b4	30	2	MSG+XA	e064223594ac	8000x1
M_I06002.BIN	c1	0	406	1	0x5e0	48	0	MSG+XA	093bee00582f	8000x1,8001x1
M_I06002.BIN	c1	0	406	2	0x61c	270	2	MSG+XA	5c1bccd7ed6d	8000x1,8001x6,8002x4
M_I06002.BIN	c1	0	406	3	0x738	52	0	MSG+XA	4859d278f605	8000x1,8001x1
M_I06002.BIN	c1	0	406	4	0x778	12	0	MSG+XA	1b6df8e2cb28	8000x1
M_I06002.BIN	c1	0	406	5	0x790	218	2	MSG+XA	749e7e9d4162	8000x1,8001x6,8002x2
M_I06002.BIN	c1	0	406	6	0x878	72	0	MSG+XA	82da86e4f369	8000x1,8001x1,8002x1
M_I06002.BIN	c1	0	406	7	0x8cc	38	2	MSG+XA	83379c1b48cf	8000x1,8001x1
M_I06002.BIN	c1	0	406	8	0x900	32	0	MSG+XA	78a38f41f08b	8000x1
M_I06002.BIN	c1	0	406	9	0x92c	44	0	MSG+XA	dc9d9533ec65	8000x1,8001x1
M_I06002.BIN	c1	0	406	10	0x964	72	0	MSG+XA	2e602e4870ef	8000x1,8001x2
M_I06002.BIN	c1	0	406	11	0x9b8	56	0	MSG+XA	55c9ae7b1fc1	8000x1,8001x1
M_I06002.BIN	c1	0	406	12	0x9fc	30	2	MSG+XA	57ca44933fcf	8000x1
M_I06002.BIN	c1	0	406	13	0xa28	12	0	MSG+XA	1b6df8e2cb28	8000x1
M_I06002.BIN	c1	0	406	14	0xa40	44	0	MSG+XA	3d8afaf877d8	8000x1,8001x1
M_I06003.BIN	c1	0	406	0	0x5b4	30	2	MSG+XA	e064223594ac	8000x1
M_I06003.BIN	c1	0	406	1	0x5e0	48	0	MSG+XA	093bee00582f	8000x1,8001x1
M_I06003.BIN	c1	0	406	2	0x61c	270	2	MSG+XA	5c1bccd7ed6d	8000x1,8001x6,8002x4
M_I06003.BIN	c1	0	406	3	0x738	52	0	MSG+XA	4859d278f605	8000x1,8001x1
M_I06003.BIN	c1	0	406	4	0x778	12	0	MSG+XA	1b6df8e2cb28	8000x1
M_I06003.BIN	c1	0	406	5	0x790	218	2	MSG+XA	749e7e9d4162	8000x1,8001x6,8002x2
M_I06003.BIN	c1	0	406	6	0x878	72	0	MSG+XA	82da86e4f369	8000x1,8001x1,8002x1
M_I06003.BIN	c1	0	406	7	0x8cc	38	2	MSG+XA	83379c1b48cf	8000x1,8001x1
M_I06003.BIN	c1	0	406	8	0x900	32	0	MSG+XA	78a38f41f08b	8000x1
M_I06003.BIN	c1	0	406	9	0x92c	44	0	MSG+XA	dc9d9533ec65	8000x1,8001x1
M_I06003.BIN	c1	0	406	10	0x964	72	0	MSG+XA	2e602e4870ef	8000x1,8001x2
M_I06003.BIN	c1	0	406	11	0x9b8	56	0	MSG+XA	55c9ae7b1fc1	8000x1,8001x1
M_I06003.BIN	c1	0	406	12	0x9fc	30	2	MSG+XA	57ca44933fcf	8000x1
M_I06003.BIN	c1	0	406	13	0xa28	12	0	MSG+XA	1b6df8e2cb28	8000x1
M_I06003.BIN	c1	0	406	14	0xa40	44	0	MSG+XA	3d8afaf877d8	8000x1,8001x1
M_I06004.BIN	c1	0	406	0	0x5b4	30	2	MSG+XA	e064223594ac	8000x1
M_I06004.BIN	c1	0	406	1	0x5e0	48	0	MSG+XA	093bee00582f	8000x1,8001x1
M_I06004.BIN	c1	0	406	2	0x61c	270	2	MSG+XA	5c1bccd7ed6d	8000x1,8001x6,8002x4
M_I06004.BIN	c1	0	406	3	0x738	52	0	MSG+XA	4859d278f605	8000x1,8001x1
M_I06004.BIN	c1	0	406	4	0x778	12	0	MSG+XA	1b6df8e2cb28	8000x1
M_I06004.BIN	c1	0	406	5	0x790	218	2	MSG+XA	749e7e9d4162	8000x1,8001x6,8002x2
M_I06004.BIN	c1	0	406	6	0x878	72	0	MSG+XA	82da86e4f369	8000x1,8001x1,8002x1
M_I06004.BIN	c1	0	406	7	0x8cc	38	2	MSG+XA	83379c1b48cf	8000x1,8001x1
M_I06004.BIN	c1	0	406	8	0x900	32	0	MSG+XA	78a38f41f08b	8000x1
M_I06004.BIN	c1	0	406	9	0x92c	44	0	MSG+XA	dc9d9533ec65	8000x1,8001x1
M_I06004.BIN	c1	0	406	10	0x964	72	0	MSG+XA	2e602e4870ef	8000x1,8001x2
M_I06004.BIN	c1	0	406	11	0x9b8	56	0	MSG+XA	55c9ae7b1fc1	8000x1,8001x1
M_I06004.BIN	c1	0	406	12	0x9fc	30	2	MSG+XA	57ca44933fcf	8000x1
M_I06004.BIN	c1	0	406	13	0xa28	12	0	MSG+XA	1b6df8e2cb28	8000x1
M_I06004.BIN	c1	0	406	14	0xa40	44	0	MSG+XA	3d8afaf877d8	8000x1,8001x1
M_I07000.BIN	c1	0	670	0	0x2d0	20	0	MSG	8741d6905dda	8000x1
M_I07000.BIN	c1	0	670	1	0x2e4	24	0	MSG	f7df61a9927b	8000x1
M_I08000.BIN	c1	0	833	0	0x160	44	0	MSG	3f716a7f1ffc	8000x1,8001x1
M_I09000.BIN	c1	0	808	0	0x1b4	20	0	MSG	e514c0dc1243	8000x1
M_I12000.BIN	c1	0	2405	0	0x2ac	76	0	MSG+XA	46c058000d17	8000x1,8001x1,8002x1
M_I13000.BIN	c1	0	2507	0	0x490	58	2	MSG+XA	a0066a711dc8	8000x1,8001x1
M_I13000.BIN	c1	0	2507	1	0x4d8	28	0	MSG+XA	c22ad56b6c77	8000x1
M_I13000.BIN	c1	0	2507	2	0x500	102	2	MSG+XA	38559d45ab8f	8000x1,8001x2,8002x1
M_I13000.BIN	c1	0	2507	3	0x574	16	0	MSG+XA	2781599e86bc	8000x1
M_I13000.BIN	c1	0	2507	4	0x590	156	0	MSG+XA	74079e0b1816	8000x1,8001x3,8002x2
M_I13000.BIN	c1	0	2507	5	0x638	52	0	MSG+XA	a832d343b78f	8000x1,8001x1
M_I13000.BIN	c1	0	2507	6	0x678	20	0	MSG+XA	50cc2ce744db	8000x1
M_I13000.BIN	c1	0	2507	7	0x698	46	2	MSG+XA	35904370df8d	8000x1,8001x1
M_I16000.BIN	c1	0	1	0	0x168	38	2	MSG+XA	a779518b4655	8000x1,8001x1
M_I16100.BIN	c1	0	1	0	0x178	38	2	MSG+XA	a779518b4655	8000x1,8001x1
M_I16200.BIN	c1	0	1	0	0x168	38	2	MSG+XA	a779518b4655	8000x1,8001x1
M_I18000.BIN	c1	0	835	1	0x20c	22	2	MSG	f19f53491a99	8000x1
M_I18001.BIN	c1	0	835	1	0x20c	22	2	MSG	f19f53491a99	8000x1
M_I19000.BIN	c1	0	107	0	0x240	18	2	MSG+XA	6b6ab78b03e0	8000x1
M_I19000.BIN	c1	0	107	1	0x260	104	0	MSG+XA	646fe095b64e	8000x1,8001x2,8002x1
M_I19000.BIN	c1	0	107	2	0x2d4	68	0	MSG+XA	01cf93764342	8000x1,8001x2
M_I20000.BIN	c1	0	1007	0	0x1b4	82	2	MSG+XA	bd0815825ea0	8000x1,8001x2
M_I21000.BIN	c1	0	4029	1	0x2cc	38	2	SEL3.3	eff0e5a9e4ba	8001x3
M_I21010.BIN	c1	0	4029	1	0x2cc	38	2	SEL3.3	eff0e5a9e4ba	8001x3
M_I21020.BIN	c1	0	4029	1	0x2cc	38	2	SEL3.3	eff0e5a9e4ba	8001x3
M_I21030.BIN	c1	0	4029	1	0x2cc	38	2	SEL3.3	eff0e5a9e4ba	8001x3
M_I21040.BIN	c1	0	4029	1	0x2cc	38	2	SEL3.3	eff0e5a9e4ba	8001x3
M_I21200.BIN	c1	0	4029	1	0x2cc	38	2	SEL3.3	eff0e5a9e4ba	8001x3
M_I21210.BIN	c1	0	4029	1	0x2cc	38	2	SEL3.3	eff0e5a9e4ba	8001x3
M_I21220.BIN	c1	0	4029	1	0x2cc	38	2	SEL3.3	eff0e5a9e4ba	8001x3
M_I21230.BIN	c1	0	4029	1	0x2cc	38	2	SEL3.3	eff0e5a9e4ba	8001x3
M_I21240.BIN	c1	0	4029	1	0x2cc	38	2	SEL3.3	eff0e5a9e4ba	8001x3
M_I22000.BIN	c1	0	1205	0	0x218	162	2	MSG+XA	92c883cff622	8000x1,8001x4,8002x2
M_I22000.BIN	c1	0	1205	1	0x2c8	94	2	MSG+XA	297bd2f921e4	8000x1,8001x2,8002x1
M_I22000.BIN	c1	0	1205	2	0x334	42	2	MSG+XA	0ed7f08ef3df	8000x1,8001x1
M_I25000.BIN	c1	0	1961	0	0x1b4	98	2	MSG+XA	9c633640feac	8000x1,8001x2,8002x1
M_I26000.BIN	c1	0	4033	0	0x2fc	26	2	MSG+XA	e1e3bcaebb3d	8000x1
M_I26000.BIN	c1	0	4033	1	0x324	26	2	MSG+XA	9228c190bde9	8000x1
M_I26000.BIN	c1	0	4033	2	0x340	30	2	SEL2.1	594bde067157	8001x2
M_I26000.BIN	c1	0	4033	3	0x36c	20	0	MSG+XA	0f3154afa6cc	8000x1
M_I26100.BIN	c1	0	4033	0	0x2fc	26	2	MSG+XA	e1e3bcaebb3d	8000x1
M_I26100.BIN	c1	0	4033	1	0x324	26	2	MSG+XA	9228c190bde9	8000x1
M_I26100.BIN	c1	0	4033	2	0x340	30	2	SEL2.1	594bde067157	8001x2
M_I26100.BIN	c1	0	4033	3	0x36c	20	0	MSG+XA	0f3154afa6cc	8000x1
M_I27000.BIN	c1	0	4034	0	0x2fc	26	2	MSG+XA	e1e3bcaebb3d	8000x1
M_I27000.BIN	c1	0	4034	1	0x324	26	2	MSG+XA	9228c190bde9	8000x1
M_I27000.BIN	c1	0	4034	2	0x340	30	2	SEL2.1	594bde067157	8001x2
M_I27000.BIN	c1	0	4034	3	0x36c	20	0	MSG+XA	0f3154afa6cc	8000x1
M_I27100.BIN	c1	0	4034	0	0x2fc	26	2	MSG+XA	e1e3bcaebb3d	8000x1
M_I27100.BIN	c1	0	4034	1	0x324	26	2	MSG+XA	9228c190bde9	8000x1
M_I27100.BIN	c1	0	4034	2	0x340	30	2	SEL2.1	594bde067157	8001x2
M_I27100.BIN	c1	0	4034	3	0x36c	20	0	MSG+XA	0f3154afa6cc	8000x1
M_I28000.BIN	c1	0	4035	0	0x2fc	26	2	MSG+XA	e1e3bcaebb3d	8000x1
M_I28000.BIN	c1	0	4035	1	0x324	26	2	MSG+XA	9228c190bde9	8000x1
M_I28000.BIN	c1	0	4035	2	0x340	30	2	SEL2.1	594bde067157	8001x2
M_I28000.BIN	c1	0	4035	3	0x36c	20	0	MSG+XA	0f3154afa6cc	8000x1
M_I28100.BIN	c1	0	4035	0	0x2fc	26	2	MSG+XA	e1e3bcaebb3d	8000x1
M_I28100.BIN	c1	0	4035	1	0x324	26	2	MSG+XA	9228c190bde9	8000x1
M_I28100.BIN	c1	0	4035	2	0x340	30	2	SEL2.1	594bde067157	8001x2
M_I28100.BIN	c1	0	4035	3	0x36c	20	0	MSG+XA	0f3154afa6cc	8000x1
M_I29000.BIN	c1	0	4036	0	0x2fc	26	2	MSG+XA	e1e3bcaebb3d	8000x1
M_I29000.BIN	c1	0	4036	1	0x324	26	2	MSG+XA	9228c190bde9	8000x1
M_I29000.BIN	c1	0	4036	2	0x340	30	2	SEL2.1	594bde067157	8001x2
M_I29000.BIN	c1	0	4036	3	0x36c	20	0	MSG+XA	0f3154afa6cc	8000x1
M_I29100.BIN	c1	0	4036	0	0x2fc	26	2	MSG+XA	e1e3bcaebb3d	8000x1
M_I29100.BIN	c1	0	4036	1	0x324	26	2	MSG+XA	9228c190bde9	8000x1
M_I29100.BIN	c1	0	4036	2	0x340	30	2	SEL2.1	594bde067157	8001x2
M_I29100.BIN	c1	0	4036	3	0x36c	20	0	MSG+XA	0f3154afa6cc	8000x1
M_I30000.BIN	c1	0	2805	0	0x420	62	2	MSG+XA	723f9806428f	8000x1,8001x1
M_I30000.BIN	c1	0	2805	1	0x46c	44	0	MSG+XA	19fb57d5b07b	8000x1,8001x1
M_I30000.BIN	c1	0	2805	2	0x4a4	48	0	MSG+XA	48f58c1596f0	8000x1,8001x1
M_I30000.BIN	c1	0	2805	3	0x4e0	142	2	MSG+XA	57d5befeae7c	8000x1,8001x4,8002x1
M_I30000.BIN	c1	0	2805	4	0x57c	24	0	MSG+XA	141942233e14	8000x1
M_I30000.BIN	c1	0	2805	5	0x5a0	22	2	MSG+XA	cd97176d5332	8000x1
M_I30000.BIN	c1	0	2805	6	0x5c4	80	0	MSG+XA	18b3835835c9	8000x1,8001x2
M_I30000.BIN	c1	0	2805	7	0x620	42	2	MSG+XA	a4ba35fd3ced	8000x1,8001x1
M_I30000.BIN	c1	0	2805	8	0x658	48	0	MSG+XA	933b1f17ba6e	8000x1,8001x1
M_I30000.BIN	c1	0	2805	9	0x694	124	0	MSG+XA	b5d86b267059	8000x1,8001x2,8002x2
M_I30000.BIN	c1	0	2805	10	0x71c	44	0	MSG+XA	7bb047afb5c8	8000x1,8001x1
M_I30000.BIN	c1	0	2805	11	0x754	54	2	MSG+XA	bffd894c6e12	8000x1,8001x1
M_I30000.BIN	c1	0	2805	12	0x798	158	2	MSG+XA	080282218031	8000x1,8001x3,8002x2
M_I30000.BIN	c1	0	2805	13	0x844	20	0	MSG+XA	4a1913dbb105	8000x1
M_I30000.BIN	c1	0	2805	14	0x864	26	2	MSG+XA	2409da36b1d5	8000x1
M_I30000.BIN	c1	0	2805	15	0x88c	26	2	MSG+XA	2e3dbd05f28c	8000x1
M_I30000.BIN	c1	0	2805	16	0x8b4	28	0	MSG+XA	5846f53f67a5	8000x1
M_I30000.BIN	c1	0	2805	17	0x8dc	56	0	MSG+XA	2748a0303fa9	8000x1,8001x1
M_I31000.BIN	c1	0	175	0	0x260	132	0	MSG+XA	2b16c4c0d4ed	8000x1,8001x3,8002x1
M_I31000.BIN	c1	1	177	0	0x4a8	58	2	MSG+XA	611aa87869d2	8000x1,8001x1,8002x1
M_I31000.BIN	c1	1	177	1	0x4f0	48	0	MSG+XA	32198c0937a9	8000x1,8001x1
M_I31000.BIN	c1	1	177	2	0x52c	92	0	MSG+XA	f84ca82681ad	8000x1,8001x2,8002x1
M_I31000.BIN	c1	2	179	0	0x658	48	0	MSG+XA	32198c0937a9	8000x1,8001x1
M_I31000.BIN	c1	2	179	1	0x694	92	0	MSG+XA	f84ca82681ad	8000x1,8001x2,8002x1
M_I31000.BIN	c1	3	182	0	0x7f0	68	0	MSG+XA	4fb8a1fda1f6	8000x1,8001x2
M_I31000.BIN	c1	4	3173	0	0x8f8	86	2	MSG+XA	f7eadbfd01f5	8000x1,8001x2,8002x1
M_I31000.BIN	c1	6	3177	0	0xbdc	46	2	MSG+XA	4c34ff06cc41	8000x1,8001x1
M_I31000.BIN	c1	6	3177	1	0xc18	26	2	MSG+XA	687fbb84f039	8000x1
M_I31000.BIN	c1	6	3177	2	0xc40	108	0	MSG+XA	c85d097bc3b7	8000x1,8001x3,8002x1
M_I31000.BIN	c1	6	3177	3	0xcb8	86	2	MSG+XA	fb3cbe51951a	8000x1,8001x1,8002x1
M_I31000.BIN	c1	6	3177	4	0xd1c	98	2	MSG+XA	01b8b1d6fa32	8000x1,8001x2,8002x1
M_I31000.BIN	c1	6	3177	5	0xd8c	56	0	MSG+XA	8af6835cfcb4	8000x1,8001x1
M_I33000.BIN	c1	0	1172	0	0x150	40	0	MSG+XA	ff7f3f13da2b	8000x1,8001x1
M_I34000.BIN	c1	0	2306	0	0x48c	40	0	MSG+XA	3fe926987e1f	8000x1,8001x1
M_I34000.BIN	c1	0	2306	1	0x4c0	78	2	MSG+XA	9efa99b98ba9	8000x1,8001x1,8002x1
M_I34000.BIN	c1	0	2306	2	0x51c	24	0	MSG+XA	cd2d6d0d237c	8000x1
M_I34000.BIN	c1	0	2306	3	0x540	24	0	MSG+XA	6838a76e5673	8000x1
M_I34000.BIN	c1	0	2306	4	0x564	26	2	MSG+XA	deaff6df2721	8000x1
M_I34000.BIN	c1	0	2306	5	0x58c	32	0	MSG+XA	a1174f410655	8000x1
M_I34000.BIN	c1	0	2306	6	0x5b8	32	0	MSG+XA	2e44b8607ea0	8000x1
M_I34000.BIN	c1	0	2306	7	0x5e4	40	0	MSG+XA	61e7175660c0	8000x1,8001x1
M_I34000.BIN	c1	0	2306	8	0x618	58	2	MSG+XA	f4f8783ad9fb	8000x1,8001x1
M_I34000.BIN	c1	0	2306	9	0x660	50	2	MSG+XA	838aebc6b742	8000x1,8001x1
M_I34000.BIN	c1	0	2306	10	0x6a0	42	2	MSG+XA	96fe0eba4aaf	8000x1,8001x1
M_I35000.BIN	c1	0	607	0	0x28c	20	0	MSG+XA	40af32b2df76	8000x1
M_I35000.BIN	c1	0	607	1	0x2ac	116	0	MSG+XA	a6a58fc7abd0	8000x1,8001x2,8002x1
M_I35000.BIN	c1	0	607	2	0x32c	20	0	MSG+XA	40af32b2df76	8000x1
M_I36000.BIN	c1	0	710	0	0xbd0	24	0	MSG+XA	dbfd04bbd61c	8000x1
M_I36000.BIN	c1	0	710	1	0xbf4	28	0	MSG+XA	02a50e54326d	8000x1
M_I36000.BIN	c1	0	710	2	0xc1c	40	0	MSG+XA	078abcdcd383	8000x1,8001x1
M_I36000.BIN	c1	0	710	3	0xc50	80	0	MSG+XA	79a287fba3ff	8000x1,8001x2
M_I36000.BIN	c1	0	710	4	0xcac	70	2	MSG+XA	0c79a38e1aa1	8000x1,8001x2
M_I36000.BIN	c1	0	710	5	0xd00	24	0	MSG+XA	42854cf2ff8d	8000x1
M_I36000.BIN	c1	0	710	6	0xd24	122	2	MSG+XA	904892322419	8000x1,8001x3,8002x1
M_I36000.BIN	c1	0	710	7	0xdac	54	2	MSG+XA	8441e72bef9d	8000x1,8001x1
M_I36000.BIN	c1	0	710	8	0xdf0	148	0	MSG+XA	56e362c2de08	8000x1,8001x3,8002x2
M_I36000.BIN	c1	0	710	9	0xe90	84	0	MSG+XA	c7a5841642ed	8000x1,8001x2
M_I36000.BIN	c1	0	710	10	0xef0	186	2	MSG+XA	7fa10921fb7e	8000x1,8001x4,8002x2
M_I36000.BIN	c1	0	710	11	0xfb8	118	2	MSG+XA	93c30a1ac8cb	8000x1,8001x3,8002x1
M_I36000.BIN	c1	0	710	12	0x103c	52	0	MSG+XA	2f0974d19897	8000x1,8001x1
M_I36000.BIN	c1	0	710	13	0x107c	136	0	MSG+XA	b0724c023648	8000x1,8001x3,8002x1
M_I36000.BIN	c1	0	710	14	0x1110	144	0	MSG+XA	a727843baa5c	8000x1,8001x4,8002x1
M_I36000.BIN	c1	0	710	15	0x11ac	82	2	MSG+XA	68ed37ae4d7a	8000x1,8001x2
M_I36000.BIN	c1	0	710	16	0x120c	104	0	MSG+XA	e76853947d71	8000x1,8001x2,8002x1
M_I36000.BIN	c1	0	710	17	0x1280	100	0	MSG+XA	0f9bb7fd4fc2	8000x1,8001x2,8002x1
M_I36000.BIN	c1	0	710	18	0x12f0	100	0	MSG+XA	a8b1ccb11808	8000x1,8001x2,8002x1
M_I36000.BIN	c1	0	710	19	0x1360	100	0	MSG+XA	aafde6dc2afa	8000x1,8001x2,8002x1
M_I36000.BIN	c1	0	710	20	0x13d0	106	2	MSG+XA	3296bbe33cdf	8000x1,8001x2,8002x1
M_I36000.BIN	c1	0	710	21	0x1448	104	0	MSG+XA	f9d009c7b932	8000x1,8001x2,8002x1
M_I36000.BIN	c1	0	710	22	0x14bc	98	2	MSG+XA	8de2d0f485dc	8000x1,8001x2,8002x1
M_I36000.BIN	c1	0	710	23	0x152c	102	2	MSG+XA	e3afd8bb3b69	8000x1,8001x2,8002x1
M_I36000.BIN	c1	0	710	24	0x15a0	118	2	MSG+XA	93c30a1ac8cb	8000x1,8001x3,8002x1
M_I36000.BIN	c1	0	710	25	0x1624	78	2	MSG+XA	9b7e5a721086	8000x1,8001x1,8002x1
M_I36000.BIN	c1	0	710	26	0x1680	34	2	MSG+XA	a375ebedd4f6	8000x1
M_I36000.BIN	c1	0	710	27	0x16b0	64	0	MSG+XA	9de34e536d04	8000x1,8001x2
M_I36000.BIN	c1	0	710	28	0x16fc	30	2	MSG+XA	cd89306b43aa	8000x1
M_I36000.BIN	c1	0	710	29	0x1728	106	2	MSG+XA	4be3aa5fae87	8000x1,8001x2,8002x1
M_I36000.BIN	c1	0	710	30	0x17a0	64	0	MSG+XA	11bea0c70fbd	8000x1,8001x1,8002x1
M_I36000.BIN	c1	0	710	31	0x17e0	22	2	MSG	8669ba26a8b6	8000x1
M_I36000.BIN	c1	0	710	32	0x17f8	24	0	MSG	9e5fb58a68da	8000x1
M_I36000.BIN	c1	0	710	33	0x1810	24	0	MSG	52d97cd8209c	8000x1
M_I36000.BIN	c1	0	710	34	0x1828	24	0	MSG	99bc3c1865a6	8000x1
M_I36000.BIN	c1	0	710	35	0x1840	30	2	MSG	4d4878c9791a	8000x1
M_I36000.BIN	c1	0	710	36	0x1860	28	0	MSG	c5c067b6e0f9	8000x1
M_I36000.BIN	c1	0	710	37	0x187c	22	2	MSG	3a72f32024e8	8000x1
M_I36000.BIN	c1	0	710	38	0x1894	26	2	MSG	d494c0fc2fb1	8000x1
M_I37000.BIN	c1	0	710	0	0xbd0	24	0	MSG+XA	dbfd04bbd61c	8000x1
M_I37000.BIN	c1	0	710	1	0xbf4	28	0	MSG+XA	02a50e54326d	8000x1
M_I37000.BIN	c1	0	710	2	0xc1c	40	0	MSG+XA	078abcdcd383	8000x1,8001x1
M_I37000.BIN	c1	0	710	3	0xc50	80	0	MSG+XA	79a287fba3ff	8000x1,8001x2
M_I37000.BIN	c1	0	710	4	0xcac	70	2	MSG+XA	0c79a38e1aa1	8000x1,8001x2
M_I37000.BIN	c1	0	710	5	0xd00	24	0	MSG+XA	42854cf2ff8d	8000x1
M_I37000.BIN	c1	0	710	6	0xd24	122	2	MSG+XA	904892322419	8000x1,8001x3,8002x1
M_I37000.BIN	c1	0	710	7	0xdac	54	2	MSG+XA	8441e72bef9d	8000x1,8001x1
M_I37000.BIN	c1	0	710	8	0xdf0	148	0	MSG+XA	56e362c2de08	8000x1,8001x3,8002x2
M_I37000.BIN	c1	0	710	9	0xe90	84	0	MSG+XA	c7a5841642ed	8000x1,8001x2
M_I37000.BIN	c1	0	710	10	0xef0	186	2	MSG+XA	7fa10921fb7e	8000x1,8001x4,8002x2
M_I37000.BIN	c1	0	710	11	0xfb8	118	2	MSG+XA	93c30a1ac8cb	8000x1,8001x3,8002x1
M_I37000.BIN	c1	0	710	12	0x103c	52	0	MSG+XA	2f0974d19897	8000x1,8001x1
M_I37000.BIN	c1	0	710	13	0x107c	136	0	MSG+XA	b0724c023648	8000x1,8001x3,8002x1
M_I37000.BIN	c1	0	710	14	0x1110	144	0	MSG+XA	a727843baa5c	8000x1,8001x4,8002x1
M_I37000.BIN	c1	0	710	15	0x11ac	82	2	MSG+XA	68ed37ae4d7a	8000x1,8001x2
M_I37000.BIN	c1	0	710	16	0x120c	104	0	MSG+XA	e76853947d71	8000x1,8001x2,8002x1
M_I37000.BIN	c1	0	710	17	0x1280	100	0	MSG+XA	0f9bb7fd4fc2	8000x1,8001x2,8002x1
M_I37000.BIN	c1	0	710	18	0x12f0	100	0	MSG+XA	a8b1ccb11808	8000x1,8001x2,8002x1
M_I37000.BIN	c1	0	710	19	0x1360	100	0	MSG+XA	aafde6dc2afa	8000x1,8001x2,8002x1
M_I37000.BIN	c1	0	710	20	0x13d0	106	2	MSG+XA	3296bbe33cdf	8000x1,8001x2,8002x1
M_I37000.BIN	c1	0	710	21	0x1448	104	0	MSG+XA	f9d009c7b932	8000x1,8001x2,8002x1
M_I37000.BIN	c1	0	710	22	0x14bc	98	2	MSG+XA	8de2d0f485dc	8000x1,8001x2,8002x1
M_I37000.BIN	c1	0	710	23	0x152c	102	2	MSG+XA	e3afd8bb3b69	8000x1,8001x2,8002x1
M_I37000.BIN	c1	0	710	24	0x15a0	118	2	MSG+XA	93c30a1ac8cb	8000x1,8001x3,8002x1
M_I37000.BIN	c1	0	710	25	0x1624	78	2	MSG+XA	9b7e5a721086	8000x1,8001x1,8002x1
M_I37000.BIN	c1	0	710	26	0x1680	34	2	MSG+XA	a375ebedd4f6	8000x1
M_I37000.BIN	c1	0	710	27	0x16b0	64	0	MSG+XA	9de34e536d04	8000x1,8001x2
M_I37000.BIN	c1	0	710	28	0x16fc	30	2	MSG+XA	cd89306b43aa	8000x1
M_I37000.BIN	c1	0	710	29	0x1728	106	2	MSG+XA	4be3aa5fae87	8000x1,8001x2,8002x1
M_I37000.BIN	c1	0	710	30	0x17a0	64	0	MSG+XA	11bea0c70fbd	8000x1,8001x1,8002x1
M_I37000.BIN	c1	0	710	31	0x17e0	22	2	MSG	8669ba26a8b6	8000x1
M_I37000.BIN	c1	0	710	32	0x17f8	24	0	MSG	9e5fb58a68da	8000x1
M_I37000.BIN	c1	0	710	33	0x1810	24	0	MSG	52d97cd8209c	8000x1
M_I37000.BIN	c1	0	710	34	0x1828	24	0	MSG	99bc3c1865a6	8000x1
M_I37000.BIN	c1	0	710	35	0x1840	30	2	MSG	4d4878c9791a	8000x1
M_I37000.BIN	c1	0	710	36	0x1860	28	0	MSG	c5c067b6e0f9	8000x1
M_I37000.BIN	c1	0	710	37	0x187c	22	2	MSG	3a72f32024e8	8000x1
M_I37000.BIN	c1	0	710	38	0x1894	26	2	MSG	d494c0fc2fb1	8000x1
M_I38000.BIN	c1	0	710	0	0xbd0	24	0	MSG+XA	dbfd04bbd61c	8000x1
M_I38000.BIN	c1	0	710	1	0xbf4	28	0	MSG+XA	02a50e54326d	8000x1
M_I38000.BIN	c1	0	710	2	0xc1c	40	0	MSG+XA	078abcdcd383	8000x1,8001x1
M_I38000.BIN	c1	0	710	3	0xc50	80	0	MSG+XA	79a287fba3ff	8000x1,8001x2
M_I38000.BIN	c1	0	710	4	0xcac	70	2	MSG+XA	0c79a38e1aa1	8000x1,8001x2
M_I38000.BIN	c1	0	710	5	0xd00	24	0	MSG+XA	42854cf2ff8d	8000x1
M_I38000.BIN	c1	0	710	6	0xd24	122	2	MSG+XA	904892322419	8000x1,8001x3,8002x1
M_I38000.BIN	c1	0	710	7	0xdac	54	2	MSG+XA	8441e72bef9d	8000x1,8001x1
M_I38000.BIN	c1	0	710	8	0xdf0	148	0	MSG+XA	56e362c2de08	8000x1,8001x3,8002x2
M_I38000.BIN	c1	0	710	9	0xe90	84	0	MSG+XA	c7a5841642ed	8000x1,8001x2
M_I38000.BIN	c1	0	710	10	0xef0	186	2	MSG+XA	7fa10921fb7e	8000x1,8001x4,8002x2
M_I38000.BIN	c1	0	710	11	0xfb8	118	2	MSG+XA	93c30a1ac8cb	8000x1,8001x3,8002x1
M_I38000.BIN	c1	0	710	12	0x103c	52	0	MSG+XA	2f0974d19897	8000x1,8001x1
M_I38000.BIN	c1	0	710	13	0x107c	136	0	MSG+XA	b0724c023648	8000x1,8001x3,8002x1
M_I38000.BIN	c1	0	710	14	0x1110	144	0	MSG+XA	a727843baa5c	8000x1,8001x4,8002x1
M_I38000.BIN	c1	0	710	15	0x11ac	82	2	MSG+XA	68ed37ae4d7a	8000x1,8001x2
M_I38000.BIN	c1	0	710	16	0x120c	104	0	MSG+XA	e76853947d71	8000x1,8001x2,8002x1
M_I38000.BIN	c1	0	710	17	0x1280	100	0	MSG+XA	0f9bb7fd4fc2	8000x1,8001x2,8002x1
M_I38000.BIN	c1	0	710	18	0x12f0	100	0	MSG+XA	a8b1ccb11808	8000x1,8001x2,8002x1
M_I38000.BIN	c1	0	710	19	0x1360	100	0	MSG+XA	aafde6dc2afa	8000x1,8001x2,8002x1
M_I38000.BIN	c1	0	710	20	0x13d0	106	2	MSG+XA	3296bbe33cdf	8000x1,8001x2,8002x1
M_I38000.BIN	c1	0	710	21	0x1448	104	0	MSG+XA	f9d009c7b932	8000x1,8001x2,8002x1
M_I38000.BIN	c1	0	710	22	0x14bc	98	2	MSG+XA	8de2d0f485dc	8000x1,8001x2,8002x1
M_I38000.BIN	c1	0	710	23	0x152c	102	2	MSG+XA	e3afd8bb3b69	8000x1,8001x2,8002x1
M_I38000.BIN	c1	0	710	24	0x15a0	118	2	MSG+XA	93c30a1ac8cb	8000x1,8001x3,8002x1
M_I38000.BIN	c1	0	710	25	0x1624	78	2	MSG+XA	9b7e5a721086	8000x1,8001x1,8002x1
M_I38000.BIN	c1	0	710	26	0x1680	34	2	MSG+XA	a375ebedd4f6	8000x1
M_I38000.BIN	c1	0	710	27	0x16b0	64	0	MSG+XA	9de34e536d04	8000x1,8001x2
M_I38000.BIN	c1	0	710	28	0x16fc	30	2	MSG+XA	cd89306b43aa	8000x1
M_I38000.BIN	c1	0	710	29	0x1728	106	2	MSG+XA	4be3aa5fae87	8000x1,8001x2,8002x1
M_I38000.BIN	c1	0	710	30	0x17a0	64	0	MSG+XA	11bea0c70fbd	8000x1,8001x1,8002x1
M_I38000.BIN	c1	0	710	31	0x17e0	22	2	MSG	8669ba26a8b6	8000x1
M_I38000.BIN	c1	0	710	32	0x17f8	24	0	MSG	9e5fb58a68da	8000x1
M_I38000.BIN	c1	0	710	33	0x1810	24	0	MSG	52d97cd8209c	8000x1
M_I38000.BIN	c1	0	710	34	0x1828	24	0	MSG	99bc3c1865a6	8000x1
M_I38000.BIN	c1	0	710	35	0x1840	30	2	MSG	4d4878c9791a	8000x1
M_I38000.BIN	c1	0	710	36	0x1860	28	0	MSG	c5c067b6e0f9	8000x1
M_I38000.BIN	c1	0	710	37	0x187c	22	2	MSG	3a72f32024e8	8000x1
M_I38000.BIN	c1	0	710	38	0x1894	26	2	MSG	d494c0fc2fb1	8000x1
M_I39000.BIN	c1	0	710	0	0xbd0	24	0	MSG+XA	dbfd04bbd61c	8000x1
M_I39000.BIN	c1	0	710	1	0xbf4	28	0	MSG+XA	02a50e54326d	8000x1
M_I39000.BIN	c1	0	710	2	0xc1c	40	0	MSG+XA	078abcdcd383	8000x1,8001x1
M_I39000.BIN	c1	0	710	3	0xc50	80	0	MSG+XA	79a287fba3ff	8000x1,8001x2
M_I39000.BIN	c1	0	710	4	0xcac	70	2	MSG+XA	0c79a38e1aa1	8000x1,8001x2
M_I39000.BIN	c1	0	710	5	0xd00	24	0	MSG+XA	42854cf2ff8d	8000x1
M_I39000.BIN	c1	0	710	6	0xd24	122	2	MSG+XA	904892322419	8000x1,8001x3,8002x1
M_I39000.BIN	c1	0	710	7	0xdac	54	2	MSG+XA	8441e72bef9d	8000x1,8001x1
M_I39000.BIN	c1	0	710	8	0xdf0	148	0	MSG+XA	56e362c2de08	8000x1,8001x3,8002x2
M_I39000.BIN	c1	0	710	9	0xe90	84	0	MSG+XA	c7a5841642ed	8000x1,8001x2
M_I39000.BIN	c1	0	710	10	0xef0	186	2	MSG+XA	7fa10921fb7e	8000x1,8001x4,8002x2
M_I39000.BIN	c1	0	710	11	0xfb8	118	2	MSG+XA	93c30a1ac8cb	8000x1,8001x3,8002x1
M_I39000.BIN	c1	0	710	12	0x103c	52	0	MSG+XA	2f0974d19897	8000x1,8001x1
M_I39000.BIN	c1	0	710	13	0x107c	136	0	MSG+XA	b0724c023648	8000x1,8001x3,8002x1
M_I39000.BIN	c1	0	710	14	0x1110	144	0	MSG+XA	a727843baa5c	8000x1,8001x4,8002x1
M_I39000.BIN	c1	0	710	15	0x11ac	82	2	MSG+XA	68ed37ae4d7a	8000x1,8001x2
M_I39000.BIN	c1	0	710	16	0x120c	104	0	MSG+XA	e76853947d71	8000x1,8001x2,8002x1
M_I39000.BIN	c1	0	710	17	0x1280	100	0	MSG+XA	0f9bb7fd4fc2	8000x1,8001x2,8002x1
M_I39000.BIN	c1	0	710	18	0x12f0	100	0	MSG+XA	a8b1ccb11808	8000x1,8001x2,8002x1
M_I39000.BIN	c1	0	710	19	0x1360	100	0	MSG+XA	aafde6dc2afa	8000x1,8001x2,8002x1
M_I39000.BIN	c1	0	710	20	0x13d0	106	2	MSG+XA	3296bbe33cdf	8000x1,8001x2,8002x1
M_I39000.BIN	c1	0	710	21	0x1448	104	0	MSG+XA	f9d009c7b932	8000x1,8001x2,8002x1
M_I39000.BIN	c1	0	710	22	0x14bc	98	2	MSG+XA	8de2d0f485dc	8000x1,8001x2,8002x1
M_I39000.BIN	c1	0	710	23	0x152c	102	2	MSG+XA	e3afd8bb3b69	8000x1,8001x2,8002x1
M_I39000.BIN	c1	0	710	24	0x15a0	118	2	MSG+XA	93c30a1ac8cb	8000x1,8001x3,8002x1
M_I39000.BIN	c1	0	710	25	0x1624	78	2	MSG+XA	9b7e5a721086	8000x1,8001x1,8002x1
M_I39000.BIN	c1	0	710	26	0x1680	34	2	MSG+XA	a375ebedd4f6	8000x1
M_I39000.BIN	c1	0	710	27	0x16b0	64	0	MSG+XA	9de34e536d04	8000x1,8001x2
M_I39000.BIN	c1	0	710	28	0x16fc	30	2	MSG+XA	cd89306b43aa	8000x1
M_I39000.BIN	c1	0	710	29	0x1728	106	2	MSG+XA	4be3aa5fae87	8000x1,8001x2,8002x1
M_I39000.BIN	c1	0	710	30	0x17a0	64	0	MSG+XA	11bea0c70fbd	8000x1,8001x1,8002x1
M_I39000.BIN	c1	0	710	31	0x17e0	22	2	MSG	8669ba26a8b6	8000x1
M_I39000.BIN	c1	0	710	32	0x17f8	24	0	MSG	9e5fb58a68da	8000x1
M_I39000.BIN	c1	0	710	33	0x1810	24	0	MSG	52d97cd8209c	8000x1
M_I39000.BIN	c1	0	710	34	0x1828	24	0	MSG	99bc3c1865a6	8000x1
M_I39000.BIN	c1	0	710	35	0x1840	30	2	MSG	4d4878c9791a	8000x1
M_I39000.BIN	c1	0	710	36	0x1860	28	0	MSG	c5c067b6e0f9	8000x1
M_I39000.BIN	c1	0	710	37	0x187c	22	2	MSG	3a72f32024e8	8000x1
M_I39000.BIN	c1	0	710	38	0x1894	26	2	MSG	d494c0fc2fb1	8000x1
M_I40000.BIN	c1	0	710	0	0xbd0	24	0	MSG+XA	dbfd04bbd61c	8000x1
M_I40000.BIN	c1	0	710	1	0xbf4	28	0	MSG+XA	02a50e54326d	8000x1
M_I40000.BIN	c1	0	710	2	0xc1c	40	0	MSG+XA	078abcdcd383	8000x1,8001x1
M_I40000.BIN	c1	0	710	3	0xc50	80	0	MSG+XA	79a287fba3ff	8000x1,8001x2
M_I40000.BIN	c1	0	710	4	0xcac	70	2	MSG+XA	0c79a38e1aa1	8000x1,8001x2
M_I40000.BIN	c1	0	710	5	0xd00	24	0	MSG+XA	42854cf2ff8d	8000x1
M_I40000.BIN	c1	0	710	6	0xd24	122	2	MSG+XA	904892322419	8000x1,8001x3,8002x1
M_I40000.BIN	c1	0	710	7	0xdac	54	2	MSG+XA	8441e72bef9d	8000x1,8001x1
M_I40000.BIN	c1	0	710	8	0xdf0	148	0	MSG+XA	56e362c2de08	8000x1,8001x3,8002x2
M_I40000.BIN	c1	0	710	9	0xe90	84	0	MSG+XA	c7a5841642ed	8000x1,8001x2
M_I40000.BIN	c1	0	710	10	0xef0	186	2	MSG+XA	7fa10921fb7e	8000x1,8001x4,8002x2
M_I40000.BIN	c1	0	710	11	0xfb8	118	2	MSG+XA	93c30a1ac8cb	8000x1,8001x3,8002x1
M_I40000.BIN	c1	0	710	12	0x103c	52	0	MSG+XA	2f0974d19897	8000x1,8001x1
M_I40000.BIN	c1	0	710	13	0x107c	136	0	MSG+XA	b0724c023648	8000x1,8001x3,8002x1
M_I40000.BIN	c1	0	710	14	0x1110	144	0	MSG+XA	a727843baa5c	8000x1,8001x4,8002x1
M_I40000.BIN	c1	0	710	15	0x11ac	82	2	MSG+XA	68ed37ae4d7a	8000x1,8001x2
M_I40000.BIN	c1	0	710	16	0x120c	104	0	MSG+XA	e76853947d71	8000x1,8001x2,8002x1
M_I40000.BIN	c1	0	710	17	0x1280	100	0	MSG+XA	0f9bb7fd4fc2	8000x1,8001x2,8002x1
M_I40000.BIN	c1	0	710	18	0x12f0	100	0	MSG+XA	a8b1ccb11808	8000x1,8001x2,8002x1
M_I40000.BIN	c1	0	710	19	0x1360	100	0	MSG+XA	aafde6dc2afa	8000x1,8001x2,8002x1
M_I40000.BIN	c1	0	710	20	0x13d0	106	2	MSG+XA	3296bbe33cdf	8000x1,8001x2,8002x1
M_I40000.BIN	c1	0	710	21	0x1448	104	0	MSG+XA	f9d009c7b932	8000x1,8001x2,8002x1
M_I40000.BIN	c1	0	710	22	0x14bc	98	2	MSG+XA	8de2d0f485dc	8000x1,8001x2,8002x1
M_I40000.BIN	c1	0	710	23	0x152c	102	2	MSG+XA	e3afd8bb3b69	8000x1,8001x2,8002x1
M_I40000.BIN	c1	0	710	24	0x15a0	118	2	MSG+XA	93c30a1ac8cb	8000x1,8001x3,8002x1
M_I40000.BIN	c1	0	710	25	0x1624	78	2	MSG+XA	9b7e5a721086	8000x1,8001x1,8002x1
M_I40000.BIN	c1	0	710	26	0x1680	34	2	MSG+XA	a375ebedd4f6	8000x1
M_I40000.BIN	c1	0	710	27	0x16b0	64	0	MSG+XA	9de34e536d04	8000x1,8001x2
M_I40000.BIN	c1	0	710	28	0x16fc	30	2	MSG+XA	cd89306b43aa	8000x1
M_I40000.BIN	c1	0	710	29	0x1728	106	2	MSG+XA	4be3aa5fae87	8000x1,8001x2,8002x1
M_I40000.BIN	c1	0	710	30	0x17a0	64	0	MSG+XA	11bea0c70fbd	8000x1,8001x1,8002x1
M_I40000.BIN	c1	0	710	31	0x17e0	22	2	MSG	8669ba26a8b6	8000x1
M_I40000.BIN	c1	0	710	32	0x17f8	24	0	MSG	9e5fb58a68da	8000x1
M_I40000.BIN	c1	0	710	33	0x1810	24	0	MSG	52d97cd8209c	8000x1
M_I40000.BIN	c1	0	710	34	0x1828	24	0	MSG	99bc3c1865a6	8000x1
M_I40000.BIN	c1	0	710	35	0x1840	30	2	MSG	4d4878c9791a	8000x1
M_I40000.BIN	c1	0	710	36	0x1860	28	0	MSG	c5c067b6e0f9	8000x1
M_I40000.BIN	c1	0	710	37	0x187c	22	2	MSG	3a72f32024e8	8000x1
M_I40000.BIN	c1	0	710	38	0x1894	26	2	MSG	d494c0fc2fb1	8000x1
M_I41000.BIN	c1	0	710	0	0xbd0	24	0	MSG+XA	dbfd04bbd61c	8000x1
M_I41000.BIN	c1	0	710	1	0xbf4	28	0	MSG+XA	02a50e54326d	8000x1
M_I41000.BIN	c1	0	710	2	0xc1c	40	0	MSG+XA	078abcdcd383	8000x1,8001x1
M_I41000.BIN	c1	0	710	3	0xc50	80	0	MSG+XA	79a287fba3ff	8000x1,8001x2
M_I41000.BIN	c1	0	710	4	0xcac	70	2	MSG+XA	0c79a38e1aa1	8000x1,8001x2
M_I41000.BIN	c1	0	710	5	0xd00	24	0	MSG+XA	42854cf2ff8d	8000x1
M_I41000.BIN	c1	0	710	6	0xd24	122	2	MSG+XA	904892322419	8000x1,8001x3,8002x1
M_I41000.BIN	c1	0	710	7	0xdac	54	2	MSG+XA	8441e72bef9d	8000x1,8001x1
M_I41000.BIN	c1	0	710	8	0xdf0	148	0	MSG+XA	56e362c2de08	8000x1,8001x3,8002x2
M_I41000.BIN	c1	0	710	9	0xe90	84	0	MSG+XA	c7a5841642ed	8000x1,8001x2
M_I41000.BIN	c1	0	710	10	0xef0	186	2	MSG+XA	7fa10921fb7e	8000x1,8001x4,8002x2
M_I41000.BIN	c1	0	710	11	0xfb8	118	2	MSG+XA	93c30a1ac8cb	8000x1,8001x3,8002x1
M_I41000.BIN	c1	0	710	12	0x103c	52	0	MSG+XA	2f0974d19897	8000x1,8001x1
M_I41000.BIN	c1	0	710	13	0x107c	136	0	MSG+XA	b0724c023648	8000x1,8001x3,8002x1
M_I41000.BIN	c1	0	710	14	0x1110	144	0	MSG+XA	a727843baa5c	8000x1,8001x4,8002x1
M_I41000.BIN	c1	0	710	15	0x11ac	82	2	MSG+XA	68ed37ae4d7a	8000x1,8001x2
M_I41000.BIN	c1	0	710	16	0x120c	104	0	MSG+XA	e76853947d71	8000x1,8001x2,8002x1
M_I41000.BIN	c1	0	710	17	0x1280	100	0	MSG+XA	0f9bb7fd4fc2	8000x1,8001x2,8002x1
M_I41000.BIN	c1	0	710	18	0x12f0	100	0	MSG+XA	a8b1ccb11808	8000x1,8001x2,8002x1
M_I41000.BIN	c1	0	710	19	0x1360	100	0	MSG+XA	aafde6dc2afa	8000x1,8001x2,8002x1
M_I41000.BIN	c1	0	710	20	0x13d0	106	2	MSG+XA	3296bbe33cdf	8000x1,8001x2,8002x1
M_I41000.BIN	c1	0	710	21	0x1448	104	0	MSG+XA	f9d009c7b932	8000x1,8001x2,8002x1
M_I41000.BIN	c1	0	710	22	0x14bc	98	2	MSG+XA	8de2d0f485dc	8000x1,8001x2,8002x1
M_I41000.BIN	c1	0	710	23	0x152c	102	2	MSG+XA	e3afd8bb3b69	8000x1,8001x2,8002x1
M_I41000.BIN	c1	0	710	24	0x15a0	118	2	MSG+XA	93c30a1ac8cb	8000x1,8001x3,8002x1
M_I41000.BIN	c1	0	710	25	0x1624	78	2	MSG+XA	9b7e5a721086	8000x1,8001x1,8002x1
M_I41000.BIN	c1	0	710	26	0x1680	34	2	MSG+XA	a375ebedd4f6	8000x1
M_I41000.BIN	c1	0	710	27	0x16b0	64	0	MSG+XA	9de34e536d04	8000x1,8001x2
M_I41000.BIN	c1	0	710	28	0x16fc	30	2	MSG+XA	cd89306b43aa	8000x1
M_I41000.BIN	c1	0	710	29	0x1728	106	2	MSG+XA	4be3aa5fae87	8000x1,8001x2,8002x1
M_I41000.BIN	c1	0	710	30	0x17a0	64	0	MSG+XA	11bea0c70fbd	8000x1,8001x1,8002x1
M_I41000.BIN	c1	0	710	31	0x17e0	22	2	MSG	8669ba26a8b6	8000x1
M_I41000.BIN	c1	0	710	32	0x17f8	24	0	MSG	9e5fb58a68da	8000x1
M_I41000.BIN	c1	0	710	33	0x1810	24	0	MSG	52d97cd8209c	8000x1
M_I41000.BIN	c1	0	710	34	0x1828	24	0	MSG	99bc3c1865a6	8000x1
M_I41000.BIN	c1	0	710	35	0x1840	30	2	MSG	4d4878c9791a	8000x1
M_I41000.BIN	c1	0	710	36	0x1860	28	0	MSG	c5c067b6e0f9	8000x1
M_I41000.BIN	c1	0	710	37	0x187c	22	2	MSG	3a72f32024e8	8000x1
M_I41000.BIN	c1	0	710	38	0x1894	26	2	MSG	d494c0fc2fb1	8000x1
M_I42000.BIN	c1	0	710	0	0xbd0	24	0	MSG+XA	dbfd04bbd61c	8000x1
M_I42000.BIN	c1	0	710	1	0xbf4	28	0	MSG+XA	02a50e54326d	8000x1
M_I42000.BIN	c1	0	710	2	0xc1c	40	0	MSG+XA	078abcdcd383	8000x1,8001x1
M_I42000.BIN	c1	0	710	3	0xc50	80	0	MSG+XA	79a287fba3ff	8000x1,8001x2
M_I42000.BIN	c1	0	710	4	0xcac	70	2	MSG+XA	0c79a38e1aa1	8000x1,8001x2
M_I42000.BIN	c1	0	710	5	0xd00	24	0	MSG+XA	42854cf2ff8d	8000x1
M_I42000.BIN	c1	0	710	6	0xd24	122	2	MSG+XA	904892322419	8000x1,8001x3,8002x1
M_I42000.BIN	c1	0	710	7	0xdac	54	2	MSG+XA	8441e72bef9d	8000x1,8001x1
M_I42000.BIN	c1	0	710	8	0xdf0	148	0	MSG+XA	56e362c2de08	8000x1,8001x3,8002x2
M_I42000.BIN	c1	0	710	9	0xe90	84	0	MSG+XA	c7a5841642ed	8000x1,8001x2
M_I42000.BIN	c1	0	710	10	0xef0	186	2	MSG+XA	7fa10921fb7e	8000x1,8001x4,8002x2
M_I42000.BIN	c1	0	710	11	0xfb8	118	2	MSG+XA	93c30a1ac8cb	8000x1,8001x3,8002x1
M_I42000.BIN	c1	0	710	12	0x103c	52	0	MSG+XA	2f0974d19897	8000x1,8001x1
M_I42000.BIN	c1	0	710	13	0x107c	136	0	MSG+XA	b0724c023648	8000x1,8001x3,8002x1
M_I42000.BIN	c1	0	710	14	0x1110	144	0	MSG+XA	a727843baa5c	8000x1,8001x4,8002x1
M_I42000.BIN	c1	0	710	15	0x11ac	82	2	MSG+XA	68ed37ae4d7a	8000x1,8001x2
M_I42000.BIN	c1	0	710	16	0x120c	104	0	MSG+XA	e76853947d71	8000x1,8001x2,8002x1
M_I42000.BIN	c1	0	710	17	0x1280	100	0	MSG+XA	0f9bb7fd4fc2	8000x1,8001x2,8002x1
M_I42000.BIN	c1	0	710	18	0x12f0	100	0	MSG+XA	a8b1ccb11808	8000x1,8001x2,8002x1
M_I42000.BIN	c1	0	710	19	0x1360	100	0	MSG+XA	aafde6dc2afa	8000x1,8001x2,8002x1
M_I42000.BIN	c1	0	710	20	0x13d0	106	2	MSG+XA	3296bbe33cdf	8000x1,8001x2,8002x1
M_I42000.BIN	c1	0	710	21	0x1448	104	0	MSG+XA	f9d009c7b932	8000x1,8001x2,8002x1
M_I42000.BIN	c1	0	710	22	0x14bc	98	2	MSG+XA	8de2d0f485dc	8000x1,8001x2,8002x1
M_I42000.BIN	c1	0	710	23	0x152c	102	2	MSG+XA	e3afd8bb3b69	8000x1,8001x2,8002x1
M_I42000.BIN	c1	0	710	24	0x15a0	118	2	MSG+XA	93c30a1ac8cb	8000x1,8001x3,8002x1
M_I42000.BIN	c1	0	710	25	0x1624	78	2	MSG+XA	9b7e5a721086	8000x1,8001x1,8002x1
M_I42000.BIN	c1	0	710	26	0x1680	34	2	MSG+XA	a375ebedd4f6	8000x1
M_I42000.BIN	c1	0	710	27	0x16b0	64	0	MSG+XA	9de34e536d04	8000x1,8001x2
M_I42000.BIN	c1	0	710	28	0x16fc	30	2	MSG+XA	cd89306b43aa	8000x1
M_I42000.BIN	c1	0	710	29	0x1728	106	2	MSG+XA	4be3aa5fae87	8000x1,8001x2,8002x1
M_I42000.BIN	c1	0	710	30	0x17a0	64	0	MSG+XA	11bea0c70fbd	8000x1,8001x1,8002x1
M_I42000.BIN	c1	0	710	31	0x17e0	22	2	MSG	8669ba26a8b6	8000x1
M_I42000.BIN	c1	0	710	32	0x17f8	24	0	MSG	9e5fb58a68da	8000x1
M_I42000.BIN	c1	0	710	33	0x1810	24	0	MSG	52d97cd8209c	8000x1
M_I42000.BIN	c1	0	710	34	0x1828	24	0	MSG	99bc3c1865a6	8000x1
M_I42000.BIN	c1	0	710	35	0x1840	30	2	MSG	4d4878c9791a	8000x1
M_I42000.BIN	c1	0	710	36	0x1860	28	0	MSG	c5c067b6e0f9	8000x1
M_I42000.BIN	c1	0	710	37	0x187c	22	2	MSG	3a72f32024e8	8000x1
M_I42000.BIN	c1	0	710	38	0x1894	26	2	MSG	d494c0fc2fb1	8000x1
M_I43000.BIN	c1	0	710	0	0xbd0	24	0	MSG+XA	dbfd04bbd61c	8000x1
M_I43000.BIN	c1	0	710	1	0xbf4	28	0	MSG+XA	02a50e54326d	8000x1
M_I43000.BIN	c1	0	710	2	0xc1c	40	0	MSG+XA	078abcdcd383	8000x1,8001x1
M_I43000.BIN	c1	0	710	3	0xc50	80	0	MSG+XA	79a287fba3ff	8000x1,8001x2
M_I43000.BIN	c1	0	710	4	0xcac	70	2	MSG+XA	0c79a38e1aa1	8000x1,8001x2
M_I43000.BIN	c1	0	710	5	0xd00	24	0	MSG+XA	42854cf2ff8d	8000x1
M_I43000.BIN	c1	0	710	6	0xd24	122	2	MSG+XA	904892322419	8000x1,8001x3,8002x1
M_I43000.BIN	c1	0	710	7	0xdac	54	2	MSG+XA	8441e72bef9d	8000x1,8001x1
M_I43000.BIN	c1	0	710	8	0xdf0	148	0	MSG+XA	56e362c2de08	8000x1,8001x3,8002x2
M_I43000.BIN	c1	0	710	9	0xe90	84	0	MSG+XA	c7a5841642ed	8000x1,8001x2
M_I43000.BIN	c1	0	710	10	0xef0	186	2	MSG+XA	7fa10921fb7e	8000x1,8001x4,8002x2
M_I43000.BIN	c1	0	710	11	0xfb8	118	2	MSG+XA	93c30a1ac8cb	8000x1,8001x3,8002x1
M_I43000.BIN	c1	0	710	12	0x103c	52	0	MSG+XA	2f0974d19897	8000x1,8001x1
M_I43000.BIN	c1	0	710	13	0x107c	136	0	MSG+XA	b0724c023648	8000x1,8001x3,8002x1
M_I43000.BIN	c1	0	710	14	0x1110	144	0	MSG+XA	a727843baa5c	8000x1,8001x4,8002x1
M_I43000.BIN	c1	0	710	15	0x11ac	82	2	MSG+XA	68ed37ae4d7a	8000x1,8001x2
M_I43000.BIN	c1	0	710	16	0x120c	104	0	MSG+XA	e76853947d71	8000x1,8001x2,8002x1
M_I43000.BIN	c1	0	710	17	0x1280	100	0	MSG+XA	0f9bb7fd4fc2	8000x1,8001x2,8002x1
M_I43000.BIN	c1	0	710	18	0x12f0	100	0	MSG+XA	a8b1ccb11808	8000x1,8001x2,8002x1
M_I43000.BIN	c1	0	710	19	0x1360	100	0	MSG+XA	aafde6dc2afa	8000x1,8001x2,8002x1
M_I43000.BIN	c1	0	710	20	0x13d0	106	2	MSG+XA	3296bbe33cdf	8000x1,8001x2,8002x1
M_I43000.BIN	c1	0	710	21	0x1448	104	0	MSG+XA	f9d009c7b932	8000x1,8001x2,8002x1
M_I43000.BIN	c1	0	710	22	0x14bc	98	2	MSG+XA	8de2d0f485dc	8000x1,8001x2,8002x1
M_I43000.BIN	c1	0	710	23	0x152c	102	2	MSG+XA	e3afd8bb3b69	8000x1,8001x2,8002x1
M_I43000.BIN	c1	0	710	24	0x15a0	118	2	MSG+XA	93c30a1ac8cb	8000x1,8001x3,8002x1
M_I43000.BIN	c1	0	710	25	0x1624	78	2	MSG+XA	9b7e5a721086	8000x1,8001x1,8002x1
M_I43000.BIN	c1	0	710	26	0x1680	34	2	MSG+XA	a375ebedd4f6	8000x1
M_I43000.BIN	c1	0	710	27	0x16b0	64	0	MSG+XA	9de34e536d04	8000x1,8001x2
M_I43000.BIN	c1	0	710	28	0x16fc	30	2	MSG+XA	cd89306b43aa	8000x1
M_I43000.BIN	c1	0	710	29	0x1728	106	2	MSG+XA	4be3aa5fae87	8000x1,8001x2,8002x1
M_I43000.BIN	c1	0	710	30	0x17a0	64	0	MSG+XA	11bea0c70fbd	8000x1,8001x1,8002x1
M_I43000.BIN	c1	0	710	31	0x17e0	22	2	MSG	8669ba26a8b6	8000x1
M_I43000.BIN	c1	0	710	32	0x17f8	24	0	MSG	9e5fb58a68da	8000x1
M_I43000.BIN	c1	0	710	33	0x1810	24	0	MSG	52d97cd8209c	8000x1
M_I43000.BIN	c1	0	710	34	0x1828	24	0	MSG	99bc3c1865a6	8000x1
M_I43000.BIN	c1	0	710	35	0x1840	30	2	MSG	4d4878c9791a	8000x1
M_I43000.BIN	c1	0	710	36	0x1860	28	0	MSG	c5c067b6e0f9	8000x1
M_I43000.BIN	c1	0	710	37	0x187c	22	2	MSG	3a72f32024e8	8000x1
M_I43000.BIN	c1	0	710	38	0x1894	26	2	MSG	d494c0fc2fb1	8000x1
SCPS_100.88	exe-block	0	-1	0	0x1a1ec	82	0	MSG+XA	dabdf5c0e1f8	8000x1,8001x2,8002x1
SCPS_100.88	array@0x1a2fc	0	0	0	0x1a2fc	34	0	ARR-E	9b9775131aef	8000x1,8001x1
SCPS_100.88	array@0x1a320	0	0	0	0x1a320	10	0	ARR-L	9563b9decd88	8001x1
SCPS_100.88	array@0x1a320	0	0	1	0x1a32a	12	0	ARR-L	a43e4bcf271d	8001x1
SCPS_100.88	array@0x1a320	0	0	2	0x1a336	14	0	ARR-L	5c0da49566ac	8001x1
SCPS_100.88	array@0x1a320	0	0	3	0x1a344	12	0	ARR-L	51d3e65601d0	8001x1
SCPS_100.88	array@0x1a320	0	0	4	0x1a350	16	0	ARR-L	ecfd9471645c	8001x1
SCPS_100.88	array@0x1a320	0	0	5	0x1a360	16	0	ARR-L	4617d1371bbe	8001x1
SCPS_100.88	array@0x1a320	0	0	6	0x1a370	16	0	ARR-L	804802761a2f	8001x1
SCPS_100.88	array@0x1a320	0	0	7	0x1a380	8	0	ARR-L	20c63e31acc0	8001x1
SCPS_100.88	array@0x1a320	0	0	8	0x1a388	18	0	ARR-L	ba34b573ddc1	8001x1
SCPS_100.88	array@0x1a320	0	0	9	0x1a39a	4	0	ARR-L	5bbc2713b9c4	8001x1
SCPS_100.88	array@0x1a320	0	0	10	0x1a39e	38	0	ARR-L	fe9f00140fc5	8001x1
SCPS_100.88	array@0x1a320	0	0	11	0x1a3c4	36	0	ARR-L	9bbe6848f958	8001x1
SCPS_100.88	array@0x1a320	0	0	12	0x1a3e8	38	0	ARR-L	cfb6203e6673	8001x1
SCPS_100.88	array@0x1a320	0	0	13	0x1a40e	4	0	ARR-L	70bdddffc83a	8001x1
SCPS_100.88	array@0x1a320	0	0	14	0x1a412	4	0	ARR-L	9143ae466580	8001x1
SCPS_100.88	array@0x1a320	0	0	15	0x1a416	8	0	ARR-L	f2b6cdaec8e0	8001x1
SCPS_100.88	array@0x1a320	0	0	16	0x1a41e	4	0	ARR-L	6366cfffa37e	8001x1
SCPS_100.88	array@0x1a320	0	0	17	0x1a422	4	0	ARR-L	9143ae466580	8001x1
SCPS_100.88	array@0x1a320	0	0	18	0x1a426	8	0	ARR-L	e85725ddc50e	8001x1
SCPS_100.88	array@0x1a320	0	0	19	0x1a42e	6	0	ARR-L	004fb1408923	8001x1
SCPS_100.88	array@0x1a320	0	0	20	0x1a434	6	0	ARR-L	1a96ce1cffa8	8001x1
SCPS_100.88	array@0x1a320	0	0	21	0x1a43a	6	0	ARR-L	72d00c2dcf83	8001x1
SCPS_100.88	array@0x2dae0	0	0	0	0x2dae0	14	0	ARR-L	860c1924eb13	8001x1
SCPS_100.88	array@0x2dae0	0	0	1	0x2daee	10	0	ARR-L	65ade1e1340a	8001x1
SCPS_100.88	array@0x2dae0	0	0	2	0x2daf8	14	0	ARR-L	8032ea46fb39	8001x1
SCPS_100.88	array@0x2dae0	0	0	3	0x2db06	14	0	ARR-L	6977d1e68ca2	8001x1
SCPS_100.88	array@0x2dae0	0	0	4	0x2db14	16	0	ARR-L	48fb73b7d3fa	8001x1
SCPS_100.88	array@0x2dae0	0	0	5	0x2db24	16	0	ARR-L	50f99730a42a	8001x1
SCPS_100.88	array@0x2dae0	0	0	6	0x2db34	14	0	ARR-L	1f28cb3f7a8d	8001x1
SCPS_100.88	array@0x2dae0	0	0	7	0x2db42	16	0	ARR-L	25e71589b566	8001x1
SCPS_100.88	array@0x2dae0	0	0	8	0x2db52	14	0	ARR-L	114a617b8803	8001x1
SCPS_100.88	array@0x2dae0	0	0	9	0x2db60	12	0	ARR-L	afdfe7b8c470	8001x1
SCPS_100.88	array@0x2dae0	0	0	10	0x2db6c	12	0	ARR-L	dfe747e24725	8001x1
SCPS_100.88	array@0x2dae0	0	0	11	0x2db78	12	0	ARR-L	102ba35d7934	8001x1
SCPS_100.88	array@0x2dae0	0	0	12	0x2db84	16	0	ARR-L	99dcaa56a995	8001x1
SCPS_100.88	array@0x2dae0	0	0	13	0x2db94	14	0	ARR-L	2c58f2678d07	8001x1
SCPS_100.88	array@0x2dae0	0	0	14	0x2dba2	16	0	ARR-L	fb1e96fbf3c2	8001x1
SCPS_100.88	array@0x2dae0	0	0	15	0x2dbb2	16	0	ARR-L	6f30af2bf0a0	8001x1
SCPS_100.88	array@0x2dae0	0	0	16	0x2dbc2	14	0	ARR-L	bfcb6fc33c06	8001x1
SCPS_100.88	array@0x2dae0	0	0	17	0x2dbd0	14	0	ARR-L	46e08345b79a	8001x1
SCPS_100.88	array@0x2dae0	0	0	18	0x2dbde	14	0	ARR-L	efc23008c795	8001x1
SCPS_100.88	array@0x2dae0	0	0	19	0x2dbec	14	0	ARR-L	16c4fcaacf92	8001x1
SCPS_100.88	array@0x2dae0	0	0	20	0x2dbfa	14	0	ARR-L	aad41a2b5a69	8001x1
SCPS_100.88	array@0x2dae0	0	0	21	0x2dc08	14	0	ARR-L	a98ef7fc8901	8001x1
SCPS_100.88	array@0x2dae0	0	0	22	0x2dc16	14	0	ARR-L	75d78bd7ed18	8001x1
SCPS_100.88	array@0x2dae0	0	0	23	0x2dc24	16	0	ARR-L	cb4801f7081a	8001x1
SCPS_100.88	array@0x2dae0	0	0	24	0x2dc34	14	0	ARR-L	75e803d424f2	8001x1
SCPS_100.88	array@0x2dae0	0	0	25	0x2dc42	16	0	ARR-L	aa18de24e43d	8001x1
SCPS_100.88	array@0x2dae0	0	0	26	0x2dc52	12	0	ARR-L	4992a252cdeb	8001x1
SCPS_100.88	array@0x2dae0	0	0	27	0x2dc5e	18	0	ARR-L	9c1e56d33c3a	8001x1
SCPS_100.88	array@0x2dae0	0	0	28	0x2dc70	18	0	ARR-L	383389f989e2	8001x1
SCPS_100.88	array@0x2dae0	0	0	29	0x2dc82	14	0	ARR-L	1f52a3fe0fc8	8001x1
SCPS_100.88	array@0x2dae0	0	0	30	0x2dc90	12	0	ARR-L	b863fb026f71	8001x1
SCPS_100.88	array@0x2dae0	0	0	31	0x2dc9c	14	0	ARR-L	2ba921d97a3c	8001x1
SCPS_100.88	array@0x2dae0	0	0	32	0x2dcaa	12	0	ARR-L	d9332269e152	8001x1
SCPS_100.88	array@0x2dae0	0	0	33	0x2dcb6	14	0	ARR-L	d811803733ba	8001x1
SCPS_100.88	array@0x2dae0	0	0	34	0x2dcc4	14	0	ARR-L	f923a8874f35	8001x1
SCPS_100.88	array@0x2dae0	0	0	35	0x2dcd2	12	0	ARR-L	3f8d54506d93	8001x1
SCPS_100.88	array@0x2dae0	0	0	36	0x2dcde	12	0	ARR-L	262c1e63fdc5	8001x1
SCPS_100.88	array@0x2dae0	0	0	37	0x2dcea	16	0	ARR-L	a5a21da3a09a	8001x1
SCPS_100.88	array@0x2dae0	0	0	38	0x2dcfa	12	0	ARR-L	e27e465a9f17	8001x1
SCPS_100.88	array@0x2dae0	0	0	39	0x2dd06	16	0	ARR-L	f64d2194bc95	8001x1
SCPS_100.88	array@0x2dae0	0	0	40	0x2dd16	14	0	ARR-L	3805d6e24680	8001x1
SCPS_100.88	array@0x2dae0	0	0	41	0x2dd24	16	0	ARR-L	b7e71a2afc97	8001x1
SCPS_100.88	array@0x2dae0	0	0	42	0x2dd34	12	0	ARR-L	b015c4b83f18	8001x1
SCPS_100.88	array@0x2dae0	0	0	43	0x2dd40	10	0	ARR-L	6dd509cbd67b	8001x1
SCPS_100.88	array@0x2dae0	0	0	44	0x2dd4a	18	0	ARR-L	1328013df8af	8001x1
SCPS_100.88	array@0x2dae0	0	0	45	0x2dd5c	12	0	ARR-L	c4791635727a	8001x1
SCPS_100.88	array@0x2dae0	0	0	46	0x2dd68	16	0	ARR-L	2eafb5cb2e41	8001x1
SCPS_100.88	array@0x2dae0	0	0	47	0x2dd78	12	0	ARR-L	05ec1f7d1393	8001x1
SCPS_100.88	array@0x2dae0	0	0	48	0x2dd84	10	0	ARR-L	67c135ccabbd	8001x1
SCPS_100.88	array@0x2dae0	0	0	49	0x2dd8e	10	0	ARR-L	41183787237f	8001x1
SCPS_100.88	array@0x2dae0	0	0	50	0x2dd98	14	0	ARR-L	5205539327a5	8001x1
SCPS_100.88	array@0x2dae0	0	0	51	0x2dda6	12	0	ARR-L	cf78cdd3f2e6	8001x1
SCPS_100.88	array@0x2dae0	0	0	52	0x2ddb2	10	0	ARR-L	3eb17da32bf2	8001x1
SCPS_100.88	array@0x2dae0	0	0	53	0x2ddbc	10	0	ARR-L	380af38d8544	8001x1
SCPS_100.88	array@0x2dae0	0	0	54	0x2ddc6	14	0	ARR-L	3a7f758b3f77	8001x1
SCPS_100.88	array@0x2dae0	0	0	55	0x2ddd4	16	0	ARR-L	a2cc0e73f584	8001x1
SCPS_100.88	array@0x2dae0	0	0	56	0x2dde4	10	0	ARR-L	b4e0ba86530b	8001x1
SCPS_100.88	array@0x2dae0	0	0	57	0x2ddee	32	0	ARR-L	c37043e87a2a	8001x1
SCPS_100.88	array@0x2dae0	0	0	58	0x2de0e	34	0	ARR-L	ad894b2d194e	8001x1
SCPS_100.88	array@0x2dae0	0	0	59	0x2de30	40	0	ARR-L	6c3a7e641ffa	8001x1
SCPS_100.88	array@0x2dae0	0	0	60	0x2de58	42	0	ARR-L	de7e36bd5645	8001x1
SCPS_100.88	array@0x2dae0	0	0	61	0x2de82	34	0	ARR-L	e2e1597b4b6b	8001x1
SCPS_100.88	array@0x2dae0	0	0	62	0x2dea4	42	0	ARR-L	395657c275d7	8001x1
SCPS_100.88	array@0x2dae0	0	0	63	0x2dece	32	0	ARR-L	458d072ef963	8001x1
SCPS_100.88	array@0x2dae0	0	0	64	0x2deee	32	0	ARR-L	0484261c8489	8001x1
SCPS_100.88	array@0x2dae0	0	0	65	0x2df0e	44	0	ARR-L	bcf7e83566c3	8001x1
SCPS_100.88	array@0x2dae0	0	0	66	0x2df3a	32	0	ARR-L	6a355c79de6b	8001x1
SCPS_100.88	array@0x2dae0	0	0	67	0x2df5a	30	0	ARR-L	d5a6086ccf43	8001x1
SCPS_100.88	array@0x2dae0	0	0	68	0x2df78	22	0	ARR-L	8b27e8b311eb	8001x1
SCPS_100.88	array@0x2dae0	0	0	69	0x2df8e	26	0	ARR-L	37d747cfbacd	8001x1
SCPS_100.88	array@0x2dae0	0	0	70	0x2dfa8	38	0	ARR-L	758a98557149	8001x1
SCPS_100.88	array@0x2dae0	0	0	71	0x2dfce	32	0	ARR-L	a376f8867a84	8001x1
SCPS_100.88	array@0x2dae0	0	0	72	0x2dfee	32	0	ARR-L	b7e4bf0aa438	8001x1
SCPS_100.88	array@0x2dae0	0	0	73	0x2e00e	28	0	ARR-L	2dbb9bc7fded	8001x1
SCPS_100.88	array@0x2dae0	0	0	74	0x2e02a	30	0	ARR-L	0d76055422e8	8001x1
SCPS_100.88	array@0x2dae0	0	0	75	0x2e048	22	0	ARR-L	ce17a952695c	8001x1
SCPS_100.88	array@0x2dae0	0	0	76	0x2e05e	22	0	ARR-L	e65b7c81cc56	8001x1
SCPS_100.88	array@0x2dae0	0	0	77	0x2e074	28	0	ARR-L	8b91d2671c0a	8001x1
SCPS_100.88	array@0x2dae0	0	0	78	0x2e090	20	0	ARR-L	3b8ee6e5f7b0	8001x1
SCPS_100.88	array@0x2dae0	0	0	79	0x2e0a4	32	0	ARR-L	58988e0881ab	8001x1
SCPS_100.88	array@0x2dae0	0	0	80	0x2e0c4	22	0	ARR-L	2ef9fcb08b72	8001x1
SCPS_100.88	array@0x2dae0	0	0	81	0x2e0da	44	0	ARR-L	7ea843aabf5c	8001x1
SCPS_100.88	array@0x2dae0	0	0	82	0x2e106	30	0	ARR-L	128989dfee77	8001x1
SCPS_100.88	array@0x2dae0	0	0	83	0x2e124	24	0	ARR-L	891c54556316	8001x1
SCPS_100.88	array@0x2dae0	0	0	84	0x2e13c	24	0	ARR-L	668600b20de4	8001x1
SCPS_100.88	array@0x2dae0	0	0	85	0x2e154	42	0	ARR-L	68a040ae24ce	8001x1
SCPS_100.88	array@0x2dae0	0	0	86	0x2e17e	16	0	ARR-L	d9944d25656d	8001x1
SCPS_100.88	array@0x2dae0	0	0	87	0x2e18e	24	0	ARR-L	62fcb9f53b00	8001x1
SCPS_100.88	array@0x2dae0	0	0	88	0x2e1a6	22	0	ARR-L	f29a578de266	8001x1
SCPS_100.88	array@0x2dae0	0	0	89	0x2e1bc	16	0	ARR-L	646c9da575c7	8001x1
SCPS_100.88	array@0x2dae0	0	0	90	0x2e1cc	10	0	ARR-L	704288ee750d	8001x1
SCPS_100.88	array@0x2dae0	0	0	91	0x2e1d6	14	0	ARR-L	aec93841e6bb	8001x1
SCPS_100.88	array@0x2dae0	0	0	92	0x2e1e4	18	0	ARR-L	35ddf1482f26	8001x1
SCPS_100.88	array@0x2dae0	0	0	93	0x2e1f6	10	0	ARR-L	008b31613b25	8001x1
SCPS_100.88	array@0x2dae0	0	0	94	0x2e200	8	0	ARR-L	e7df8e4b3092	8001x1
SCPS_100.88	array@0x2dae0	0	0	95	0x2e208	18	0	ARR-L	37fd4c0e69a9	8001x1
SCPS_100.88	array@0x2dae0	0	0	96	0x2e21a	4	0	ARR-L	4fc1b3441d70	8001x1
SCPS_100.88	array@0x2dae0	0	0	97	0x2e21e	10	0	ARR-L	b6a4eb58f98a	8001x1
SCPS_100.88	array@0x2dae0	0	0	98	0x2e228	14	0	ARR-L	38ebd5a56c72	8001x1
SCPS_100.88	array@0x2dae0	0	0	99	0x2e236	20	0	ARR-L	a1d210fd681e	8001x1
SCPS_100.88	array@0x2dae0	0	0	100	0x2e24a	10	0	ARR-L	35e5a2c95c6a	8001x1
SCPS_100.88	array@0x2dae0	0	0	101	0x2e254	10	0	ARR-L	c4762c27ee82	8001x1
SCPS_100.88	array@0x2dae0	0	0	102	0x2e25e	8	0	ARR-L	cd4346877cde	8001x1
SCPS_100.88	array@0x36958	0	0	0	0x36958	30	0	ARR-S	d32c80314b59	8001x3
SCPS_100.88	array@0x36978	0	0	0	0x36978	66	0	ARR-S	efe13aaebc5d	8001x3
SCPS_100.88	array@0x369bc	0	0	0	0x369bc	14	0	ARR-S	259c2c60a256	8001x2
SCPS_100.88	array@0x369cc	0	0	0	0x369cc	6	0	ARR-E	09e1167fb5ea	8000x1
SCPS_100.88	array@0x369cc	0	0	1	0x369d2	8	0	ARR-E	0a12cd8516b8	8000x1
SCPS_100.88	array@0x369cc	0	0	2	0x369da	8	0	ARR-E	b35770125839	8000x1
SCPS_100.88	array@0x369cc	0	0	3	0x369e2	8	0	ARR-E	d5fc38515c5a	8000x1
SCPS_100.88	array@0x369cc	0	0	4	0x369ea	14	0	ARR-E	ff20cc244337	8000x1
SCPS_100.88	array@0x369cc	0	0	5	0x369f8	12	0	ARR-E	cb526995c887	8000x1
SCPS_100.88	array@0x369cc	0	0	6	0x36a04	6	0	ARR-E	ecf95b566c7d	8000x1
SCPS_100.88	array@0x369cc	0	0	7	0x36a0a	10	0	ARR-E	e3c2d24724ff	8000x1
SCPS_100.88	array@0x36a14	0	0	0	0x36a14	18	0	ARR-E	b72eb58690d0	8000x1
SCPS_100.88	array@0x36a14	0	0	1	0x36a26	18	0	ARR-E	4292f964a9e5	8000x1
SCPS_100.88	array@0x36a14	0	0	2	0x36a38	4	0	ARR-E	4ce0e34661bb	8000x1
SCPS_100.88	array@0x36a14	0	0	3	0x36a3c	10	0	ARR-E	7fe4b0ac8580	8000x1
SCPS_100.88	array@0x36a14	0	0	4	0x36a46	8	0	ARR-E	269c3ddb35ba	8000x1
SCPS_100.88	array@0x36a14	0	0	5	0x36a4e	10	0	ARR-E	a4a0b9f2b39c	8000x1
SCPS_100.88	array@0x36a14	0	0	6	0x36a58	16	0	ARR-E	abf13dfd36c6	8000x1
SCPS_100.88	array@0x36a14	0	0	7	0x36a68	12	0	ARR-E	4bf31ee5dfb4	8000x1
SCPS_100.88	array@0x36a14	0	0	8	0x36a74	16	0	ARR-E	653410b2cb34	8000x1
SCPS_100.88	array@0x36a14	0	0	9	0x36a84	12	0	ARR-E	9e5db286f2f2	8000x1
SCPS_100.88	array@0x36a14	0	0	10	0x36a90	14	0	ARR-E	fadea2244612	8000x1
SCPS_100.88	array@0x36a14	0	0	11	0x36a9e	10	0	ARR-E	5a60c4950608	8000x1
SCPS_100.88	array@0x36a14	0	0	12	0x36aa8	14	0	ARR-E	bb1550e819cb	8000x1
SCPS_100.88	array@0x36a14	0	0	13	0x36ab6	6	0	ARR-E	815cb8d96aa0	8000x1
SCPS_100.88	array@0x36a14	0	0	14	0x36abc	10	0	ARR-E	adcd8a2fd5bc	8000x1
SCPS_100.88	array@0x36ac8	0	0	0	0x36ac8	28	0	ARR-E	fc8e3c22a2a0	8000x1,8001x1
SCPS_100.88	array@0x36ae4	0	0	0	0x36ae4	46	0	ARR-E	f0c65988645c	8000x1,8001x2
SCPS_100.88	array@0x36b14	0	0	0	0x36b14	30	0	ARR-E	13c36cffd576	8000x1,8001x1
SCPS_100.88	array@0x36b34	0	0	0	0x36b34	46	0	ARR-E	1c0211daa0ff	8000x1,8001x2
SCPS_100.88	array@0x36b64	0	0	0	0x36b64	8	0	ARR-S	df74ec16c185	8001x1
SCPS_100.88	array@0x36b6c	0	0	0	0x36b6c	14	0	ARR-S	2ffa2852f4cf	8001x1
SCPS_100.88	array@0x36b7c	0	0	0	0x36b7c	8	0	ARR-E	b0c8df60b01f	8000x1
SCPS_100.88	array@0x36b84	0	0	0	0x36b84	10	0	ARR-E	2cc1d9ab0fbc	8000x1
SCPS_100.88	array@0x36b90	0	0	0	0x36b90	8	0	ARR-E	fe1fc64b5676	8000x1
SCPS_100.88	array@0x36b98	0	0	0	0x36b98	52	0	ARR-E	3e83bae9b20a	8000x1,8001x2
SCPS_100.88	array@0x36b98	0	0	1	0x36bcc	48	0	ARR-E	e79c93853100	8000x1,8001x2
SCPS_100.88	array@0x36b98	0	0	2	0x36bfc	52	0	ARR-E	ef54cdebdfd1	8000x1,8001x2
SCPS_100.88	array@0x36b98	0	0	3	0x36c30	50	0	ARR-E	05faf6017dd1	8000x1,8001x2
SCPS_100.88	array@0x36b98	0	0	4	0x36c62	44	0	ARR-E	cb77aea13d11	8000x1,8001x2
SCPS_100.88	array@0x36b98	0	0	5	0x36c8e	52	0	ARR-E	19f0373f36a9	8000x1,8001x2
SCPS_100.88	array@0x36b98	0	0	6	0x36cc2	44	0	ARR-E	b1ecd872e65a	8000x1,8001x2
SCPS_100.88	array@0x36b98	0	0	7	0x36cee	48	0	ARR-E	df3d2dcccdbb	8000x1,8001x2
SCPS_100.88	array@0x36b98	0	0	8	0x36d1e	48	0	ARR-E	c54eaeeb99d7	8000x1,8001x2
SCPS_100.88	array@0x36b98	0	0	9	0x36d4e	46	0	ARR-E	cfc42024f807	8000x1,8001x2
SCPS_100.88	array@0x36b98	0	0	10	0x36d7c	50	0	ARR-E	3a6702533727	8000x1,8001x2
SCPS_100.88	array@0x36b98	0	0	11	0x36dae	50	0	ARR-E	79e12cb9ba27	8000x1,8001x2
SCPS_100.88	array@0x36b98	0	0	12	0x36de0	50	0	ARR-E	4e5b1d3f9777	8000x1,8001x2
SCPS_100.88	array@0x36e14	0	0	0	0x36e14	50	0	ARR-E	9fcfd9dd8305	8000x1,8001x2
SCPS_100.88	array@0x36e14	0	0	1	0x36e46	52	0	ARR-E	427fa6c9530e	8000x1,8001x2
SCPS_100.88	array@0x36e14	0	0	2	0x36e7a	52	0	ARR-E	da027f789732	8000x1,8001x2
SCPS_100.88	array@0x36e14	0	0	3	0x36eae	14	0	ARR-E	e280cd995c0a	8000x1
SCPS_100.88	array@0x36e14	0	0	4	0x36ebc	46	0	ARR-E	f45747ddbcb4	8000x1,8001x2
SCPS_100.88	array@0x36e14	0	0	5	0x36eea	44	0	ARR-E	94cd804c0391	8000x1,8001x2
SCPS_100.88	array@0x36e14	0	0	6	0x36f16	48	0	ARR-E	d0a1344ab220	8000x1,8001x2
SCPS_100.88	array@0x36e14	0	0	7	0x36f46	34	0	ARR-E	39ce237a6910	8000x1,8001x2
SCPS_100.88	array@0x36e14	0	0	8	0x36f68	42	0	ARR-E	4e8f6d0571c5	8000x1,8001x2
SCPS_100.88	array@0x36e14	0	0	9	0x36f92	42	0	ARR-E	9ff5f669c605	8000x1,8001x2
SCPS_100.88	array@0x36e14	0	0	10	0x36fbc	44	0	ARR-E	6f5a64990072	8000x1,8001x2
SCPS_100.88	array@0x36e14	0	0	11	0x36fe8	50	0	ARR-E	8336d439d761	8000x1,8001x2
SCPS_100.88	array@0x36e14	0	0	12	0x3701a	48	0	ARR-E	a33892e6ca15	8000x1,8001x2
SCPS_100.88	array@0x36e14	0	0	13	0x3704a	48	0	ARR-E	d55ba3ea6518	8000x1,8001x2
SCPS_100.88	array@0x36e14	0	0	14	0x3707a	48	0	ARR-E	e3f8dd8d9142	8000x1,8001x2
SCPS_100.88	array@0x36e14	0	0	15	0x370aa	46	0	ARR-E	8ef15be09d4a	8000x1,8001x2
SCPS_100.88	array@0x36e14	0	0	16	0x370d8	52	0	ARR-E	e908128ace0a	8000x1,8001x2
SCPS_100.88	array@0x36e14	0	0	17	0x3710c	48	0	ARR-E	a2bef8839dcf	8000x1,8001x2
SCPS_100.88	array@0x36e14	0	0	18	0x3713c	54	0	ARR-E	0a9860b91041	8000x1,8001x2
HHON.OVL	array@0x5328	0	0	0	0x5328	90	0	ARR-E	e0dc6e835d1c	8000x1,8001x5
HHON.OVL	array@0x5328	0	0	1	0x5382	90	0	ARR-E	746238f4e5a2	8000x1,8001x5
HHON.OVL	array@0x5328	0	0	2	0x53dc	90	0	ARR-E	05369f366144	8000x1,8001x5
HHON.OVL	array@0x5328	0	0	3	0x5436	100	0	ARR-E	1459593cd0a8	8000x1,8001x5
HHON.OVL	array@0x5328	0	0	4	0x549a	92	0	ARR-E	e4a3220e5a2b	8000x1,8001x4
HHON.OVL	array@0x5328	0	0	5	0x54f6	100	0	ARR-E	ae5db7586f40	8000x1,8001x5
HHON.OVL	array@0x5328	0	0	6	0x555a	82	0	ARR-E	83d7356338a5	8000x1,8001x5
HHON.OVL	array@0x5328	0	0	7	0x55ac	96	0	ARR-E	f7eadd6bbbc1	8000x1,8001x5
HHON.OVL	array@0x5328	0	0	8	0x560c	80	0	ARR-E	bec72d16bc59	8000x1,8001x4
HHON.OVL	array@0x5328	0	0	9	0x565c	84	0	ARR-E	cf11c74d4453	8000x1,8001x5
HHON.OVL	array@0x5328	0	0	10	0x56b0	80	0	ARR-E	650e0653ccf4	8000x1,8001x4
HHON.OVL	array@0x5328	0	0	11	0x5700	70	0	ARR-E	3547f686d312	8000x1,8001x4
HHON.OVL	array@0x5328	0	0	12	0x5746	94	0	ARR-E	80e1f664b94d	8000x1,8001x5
HHON.OVL	array@0x5328	0	0	13	0x57a4	70	0	ARR-E	03f995ce86fd	8000x1,8001x4
HHON.OVL	array@0x5328	0	0	14	0x57ea	92	0	ARR-E	d3e830944293	8000x1,8001x5
HHON.OVL	array@0x5328	0	0	15	0x5846	108	0	ARR-E	2bdfb1453666	8000x1,8001x5
HHON.OVL	array@0x5328	0	0	16	0x58b2	90	0	ARR-E	7bd995a4cdaf	8000x1,8001x5
HHON.OVL	array@0x5328	0	0	17	0x590c	110	0	ARR-E	94422dd8f06b	8000x1,8001x5
HHON.OVL	array@0x5328	0	0	18	0x597a	80	0	ARR-E	b80b1426dabb	8000x1,8001x5
HHON.OVL	array@0x5328	0	0	19	0x59ca	82	0	ARR-E	b659e4044e0a	8000x1,8001x5
HHON.OVL	array@0x5328	0	0	20	0x5a1c	106	0	ARR-E	5aa86a997579	8000x1,8001x5
HHON.OVL	array@0x5328	0	0	21	0x5a86	102	0	ARR-E	2d00b62f9a05	8000x1,8001x5
HHON.OVL	array@0x5328	0	0	22	0x5aec	88	0	ARR-E	9899a657d6ba	8000x1,8001x5
HHON.OVL	array@0x5328	0	0	23	0x5b44	96	0	ARR-E	3fbdb2c78ef9	8000x1,8001x5
HHON.OVL	array@0x5328	0	0	24	0x5ba4	102	0	ARR-E	9501137a3815	8000x1,8001x5
HHON.OVL	array@0x5328	0	0	25	0x5c0a	94	0	ARR-E	f4961349dcc4	8000x1,8001x5
HHON.OVL	array@0x5328	0	0	26	0x5c68	76	0	ARR-E	9963d6aff79c	8000x1,8001x4
HHON.OVL	array@0x5328	0	0	27	0x5cb4	82	0	ARR-E	5fe8c09cd71d	8000x1,8001x4
HHON.OVL	array@0x5328	0	0	28	0x5d06	100	0	ARR-E	07ce2a63b87f	8000x1,8001x5
HHON.OVL	array@0x5328	0	0	29	0x5d6a	98	0	ARR-E	c07d4367c8f1	8000x1,8001x5
HHON.OVL	array@0x5328	0	0	30	0x5dcc	88	0	ARR-E	586b3ffd062d	8000x1,8001x4
HHON.OVL	array@0x5328	0	0	31	0x5e24	88	0	ARR-E	16b7870fabff	8000x1,8001x4
HHON.OVL	array@0x5328	0	0	32	0x5e7c	82	0	ARR-E	b48111357286	8000x1,8001x4
HHON.OVL	array@0x5328	0	0	33	0x5ece	76	0	ARR-E	127b58ffddce	8000x1,8001x4
HHON.OVL	array@0x5328	0	0	34	0x5f1a	104	0	ARR-E	8db9d6c0fb04	8000x1,8001x5
HHON.OVL	array@0x5328	0	0	35	0x5f82	94	0	ARR-E	a7e15cc13b27	8000x1,8001x5
HHON.OVL	array@0x5328	0	0	36	0x5fe0	70	0	ARR-E	6ca3c6399fc9	8000x1,8001x4
HHON.OVL	array@0x5328	0	0	37	0x6026	106	0	ARR-E	21590d25d1b8	8000x1,8001x5
HHON.OVL	array@0x5328	0	0	38	0x6090	86	0	ARR-E	43f45ec1cf12	8000x1,8001x4
HHON.OVL	array@0x5328	0	0	39	0x60e6	92	0	ARR-E	562c19d4cfa1	8000x1,8001x5
HHON.OVL	array@0x5328	0	0	40	0x6142	82	0	ARR-E	bb6b4e7208ac	8000x1,8001x5
HHON.OVL	array@0x5328	0	0	41	0x6194	104	0	ARR-E	bf249dbd9c83	8000x1,8001x5
HHON.OVL	array@0x5328	0	0	42	0x61fc	66	0	ARR-E	afa1bd94909e	8000x1,8001x3
HHON.OVL	array@0x5328	0	0	43	0x623e	84	0	ARR-E	8e61a0f13c85	8000x1,8001x5
HHON.OVL	array@0x5328	0	0	44	0x6292	118	0	ARR-E	37b2987368f5	8000x1,8001x5
HHON.OVL	array@0x5328	0	0	45	0x6308	94	0	ARR-E	3d9402be0eff	8000x1,8001x5
HHON.OVL	array@0x5328	0	0	46	0x6366	92	0	ARR-E	777d509b2973	8000x1,8001x4
HHON.OVL	array@0x5328	0	0	47	0x63c2	68	0	ARR-E	ef57816dffa9	8000x1,8001x4
HHON.OVL	array@0x5328	0	0	48	0x6406	90	0	ARR-E	f0646774715f	8000x1,8001x5
HHON.OVL	array@0x5328	0	0	49	0x6460	78	0	ARR-E	1e94f9553380	8000x1,8001x4
HHON.OVL	array@0x5328	0	0	50	0x64ae	94	0	ARR-E	ef67ed2268ff	8000x1,8001x5
HHON.OVL	array@0x5328	0	0	51	0x650c	100	0	ARR-E	04a9505818f1	8000x1,8001x5
HHON.OVL	array@0x5328	0	0	52	0x6570	90	0	ARR-E	61c4a2e1cd5f	8000x1,8001x5
HHON.OVL	array@0x5328	0	0	53	0x65ca	92	0	ARR-E	0c8925c3b860	8000x1,8001x5
HHON.OVL	array@0x5328	0	0	54	0x6626	98	0	ARR-E	ac8bb0a1dcac	8000x1,8001x5
HHON.OVL	array@0x5328	0	0	55	0x6688	92	0	ARR-E	4bfe45641ef1	8000x1,8001x4
HHON.OVL	array@0x5328	0	0	56	0x66e4	106	0	ARR-E	b32340aa4722	8000x1,8001x5
HHON.OVL	array@0x5328	0	0	57	0x674e	86	0	ARR-E	5921e3505192	8000x1,8001x5
HHON.OVL	array@0x5328	0	0	58	0x67a4	106	0	ARR-E	ff750d1a5c82	8000x1,8001x5
HHON.OVL	array@0x5328	0	0	59	0x680e	88	0	ARR-E	542e10ca02fc	8000x1,8001x5
HHON.OVL	array@0x5328	0	0	60	0x6866	14	0	ARR-E	f7a07930a9d3	8000x1
HHON.OVL	array@0x6874	0	0	0	0x6874	30	0	ARR-S	241159bdad96	8001x3
MUSI.OVL	array@0x4	0	0	0	0x4	38	0	ARR-S	164a43cfa41e	8001x3
MUSI.OVL	array@0x2c	0	0	0	0x2c	6	0	ARR-L	89ed1dbd08d2	8001x1
MUSI.OVL	array@0x2c	0	0	1	0x32	6	0	ARR-L	24bed0274420	8001x1
MUSI.OVL	array@0x2c	0	0	2	0x38	6	0	ARR-L	35cd6d4bbe99	8001x1
MUSI.OVL	array@0x2c	0	0	3	0x3e	6	0	ARR-L	8c84c636c3e3	8001x1
MUSI.OVL	array@0x2c	0	0	4	0x44	10	0	ARR-L	a4d22f3f2bcc	8001x1
MUSI.OVL	array@0x2c	0	0	5	0x4e	10	0	ARR-L	da4dd7883fbf	8001x1
MUSI.OVL	array@0x2c	0	0	6	0x58	10	0	ARR-L	4ff3579e608a	8001x1
MUSI.OVL	array@0x2c	0	0	7	0x62	10	0	ARR-L	26826b124316	8001x1
MUSI.OVL	array@0x2c	0	0	8	0x6c	12	0	ARR-L	c1d3cd9f0a68	8001x1
MUSI.OVL	array@0x2c	0	0	9	0x78	8	0	ARR-L	5187be070b62	8001x1
MUSI.OVL	array@0x2c	0	0	10	0x80	4	0	ARR-L	85536ca0ca62	8001x1
MUSI.OVL	array@0x2c	0	0	11	0x84	14	0	ARR-L	f811fb806415	8001x1
MUSI.OVL	array@0x2c	0	0	12	0x92	14	0	ARR-L	ae59b0237ba8	8001x1
MUSI.OVL	array@0x2c	0	0	13	0xa0	12	0	ARR-L	a85df6df0904	8001x1
MUSI.OVL	array@0x2c	0	0	14	0xac	10	0	ARR-L	e5b0046eef41	8001x1
MUSI.OVL	array@0x2c	0	0	15	0xb6	12	0	ARR-L	af1184b0e229	8001x1
MUSI.OVL	array@0x2c	0	0	16	0xc2	12	0	ARR-L	b17d5aa584db	8001x1
MUSI.OVL	array@0x2c	0	0	17	0xce	6	0	ARR-L	fc9460f4c8b8	8001x1
MUSI.OVL	array@0x2c	0	0	18	0xd4	10	0	ARR-L	1b73f4894bf2	8001x1
MUSI.OVL	array@0x2c	0	0	19	0xde	16	0	ARR-L	35d5c0b0c168	8001x1
MUSI.OVL	array@0x2c	0	0	20	0xee	12	0	ARR-L	7f0662771ba9	8001x1
MUSI.OVL	array@0x2c	0	0	21	0xfa	12	0	ARR-L	4f4675103d83	8001x1
MUSI.OVL	array@0x2c	0	0	22	0x106	12	0	ARR-L	46739c7543d7	8001x1
MUSI.OVL	array@0x2c	0	0	23	0x112	10	0	ARR-L	3c8c1b25507c	8001x1
MUSI.OVL	array@0x2c	0	0	24	0x11c	8	0	ARR-L	23c507f13abb	8001x1
MUSI.OVL	array@0x2c	0	0	25	0x124	14	0	ARR-L	b528dc850b6f	8001x1
MUSI.OVL	array@0x2c	0	0	26	0x132	14	0	ARR-L	4c7b5e3047a2	8001x1
MUSI.OVL	array@0x2c	0	0	27	0x140	10	0	ARR-L	f6b1455f2c54	8001x1
MUSI.OVL	array@0x2c	0	0	28	0x14a	10	0	ARR-L	087b4cf8a412	8001x1
MUSI.OVL	array@0x2c	0	0	29	0x154	8	0	ARR-L	c01110a61973	8001x1
MUSI.OVL	array@0x2c	0	0	30	0x15c	12	0	ARR-L	f7f050205d32	8001x1
MUSI.OVL	array@0x2c	0	0	31	0x168	14	0	ARR-L	530f05f40cdd	8001x1
TAKO.OVL	array@0x4	0	0	0	0x4	32	0	ARR-S	35eb2ace0ef7	8001x2
ZUKAN.OVL	array@0x32e8	0	0	0	0x32e8	40	0	ARR-S	a03dd5c4949e	8001x3
